Video ID,Video Title,View Count,Like Count,Comment Count,YouTube Channel,Commenter Name,Comment,Comment Like Count
hlMTe1ggD5I,Who wins FC BAYERN'S EPIC FOOTBALL TENNIS Tournament? 🔴⚪️,2881,336,11,FC Bayern München,@josefperinger3696,Neuerso gut in dem game,3
hlMTe1ggD5I,Who wins FC BAYERN'S EPIC FOOTBALL TENNIS Tournament? 🔴⚪️,2881,336,11,FC Bayern München,@soa4982,4:11 João😂,1
hlMTe1ggD5I,Who wins FC BAYERN'S EPIC FOOTBALL TENNIS Tournament? 🔴⚪️,2881,336,11,FC Bayern München,@TDWOLF1980,FC. BAYERN MUNCHEN WIN CLUBS WORLD CUP🇩🇪🟦🟥🟥⬜ MIA SAN MIA,1
hlMTe1ggD5I,Who wins FC BAYERN'S EPIC FOOTBALL TENNIS Tournament? 🔴⚪️,2881,336,11,FC Bayern München,@martink.1471,Palhinha 😂,0
hlMTe1ggD5I,Who wins FC BAYERN'S EPIC FOOTBALL TENNIS Tournament? 🔴⚪️,2881,336,11,FC Bayern München,@soa4982,썸네일이 자극적이야 😂,1
hlMTe1ggD5I,Who wins FC BAYERN'S EPIC FOOTBALL TENNIS Tournament? 🔴⚪️,2881,336,11,FC Bayern München,@esmukhtert2005,Bayern München sind immer so gut drauf für die Klub Weltmeisterschaft und nächste Saison Bundesliga!!❤️❤️🤍🤍👏🏿👏🏿💪🏿💪🏿💯💯🔥🔥,1
hlMTe1ggD5I,Who wins FC BAYERN'S EPIC FOOTBALL TENNIS Tournament? 🔴⚪️,2881,336,11,FC Bayern München,@Risikesitall,"Glad to see Müller ain’t all gone yet, I’ll miss him though when he’s gone for real 🥹",9
hlMTe1ggD5I,Who wins FC BAYERN'S EPIC FOOTBALL TENNIS Tournament? 🔴⚪️,2881,336,11,FC Bayern München,@m10n31T5yKeKe-n,"Mein Freund dachte, es wäre sexy, mich mit einem Schaumbad zu überraschen. Es war romantisch, bis ich merkte, dass die Blasen weniger ein ""sinnliches Spa"" als vielmehr eine ""schiefgegangene Schaumparty"" waren. Rutschig, wenn sie nass sind, in der Tat✨",0
hlMTe1ggD5I,Who wins FC BAYERN'S EPIC FOOTBALL TENNIS Tournament? 🔴⚪️,2881,336,11,FC Bayern München,@JM42_ae,Ich liebe München,6
hlMTe1ggD5I,Who wins FC BAYERN'S EPIC FOOTBALL TENNIS Tournament? 🔴⚪️,2881,336,11,FC Bayern München,@m10n31T5yGonon,Ihre Videos bringen Abwechslung in mein Online-Erlebnis. Machen Sie weiter so!⚓️👆🧪,0
z2LKhAwNB98,"""Manu, we need to know that!"" 🤦🏻‍♂️ | Neuer & Gnabry take on the FIFA Club World Cup Quiz 💡",31623,1806,101,FC Bayern München,@rafsanimam91311,"Manuwall Neuer
❤from from Bangladesh 🇧🇩🇩🇪",1
z2LKhAwNB98,"""Manu, we need to know that!"" 🤦🏻‍♂️ | Neuer & Gnabry take on the FIFA Club World Cup Quiz 💡",31623,1806,101,FC Bayern München,@soa4982,노이어귀여워,0
z2LKhAwNB98,"""Manu, we need to know that!"" 🤦🏻‍♂️ | Neuer & Gnabry take on the FIFA Club World Cup Quiz 💡",31623,1806,101,FC Bayern München,@eugenscherle544,"Cooles Video, hätte aber noch gerne die Reaktionen auf die Lösungen gesehen.",0
z2LKhAwNB98,"""Manu, we need to know that!"" 🤦🏻‍♂️ | Neuer & Gnabry take on the FIFA Club World Cup Quiz 💡",31623,1806,101,FC Bayern München,@ClaraElsässer,Tolles Video ❤,0
z2LKhAwNB98,"""Manu, we need to know that!"" 🤦🏻‍♂️ | Neuer & Gnabry take on the FIFA Club World Cup Quiz 💡",31623,1806,101,FC Bayern München,@HollyRobertsCortez-l5h,"nih saya kasih ilmu , main di 🚩𝐒𝐆𝐈𝟖𝟖 !!🚩 gak usah pusing pola dll gas main dapat hasil wd dah gampang",0
z2LKhAwNB98,"""Manu, we need to know that!"" 🤦🏻‍♂️ | Neuer & Gnabry take on the FIFA Club World Cup Quiz 💡",31623,1806,101,FC Bayern München,@LaurynDurhamCortez-o2c,Seperti biasa sehat selalu kang semngat ngonten dan dilancarkan segala urusannya Salam dari 🚩𝐒𝐆𝐈𝟖𝟖 ❤,0
z2LKhAwNB98,"""Manu, we need to know that!"" 🤦🏻‍♂️ | Neuer & Gnabry take on the FIFA Club World Cup Quiz 💡",31623,1806,101,FC Bayern München,@YeseniaWestCortez-h6n,"gacir banget, main di 𝐒𝐆𝐈𝟖𝟖",0
z2LKhAwNB98,"""Manu, we need to know that!"" 🤦🏻‍♂️ | Neuer & Gnabry take on the FIFA Club World Cup Quiz 💡",31623,1806,101,FC Bayern München,@ChaceByrdCortez-m7m,"Kerennn contentnya bang ,cari situs yang benar itu 𝐒𝐆𝐈𝟖𝟖",0
z2LKhAwNB98,"""Manu, we need to know that!"" 🤦🏻‍♂️ | Neuer & Gnabry take on the FIFA Club World Cup Quiz 💡",31623,1806,101,FC Bayern München,@TristenAnthonyCortez-o7z,"nih saya kasih ilmu , main di 🚩𝐒𝐆𝐈𝟖𝟖 !!🚩 gak usah pusing pola dll gas main dapat hasil wd dah gampang",0
z2LKhAwNB98,"""Manu, we need to know that!"" 🤦🏻‍♂️ | Neuer & Gnabry take on the FIFA Club World Cup Quiz 💡",31623,1806,101,FC Bayern München,@LaceyMullinsCortez-n8j,𝐒𝐆𝐈𝟖𝟖 keren banget 😊,0
z2LKhAwNB98,"""Manu, we need to know that!"" 🤦🏻‍♂️ | Neuer & Gnabry take on the FIFA Club World Cup Quiz 💡",31623,1806,101,FC Bayern München,@HadleyGuerreroCortez-t2p,Akhirnya yg di tunggu2😁 𝐒𝐆𝐈𝟖𝟖,0
z2LKhAwNB98,"""Manu, we need to know that!"" 🤦🏻‍♂️ | Neuer & Gnabry take on the FIFA Club World Cup Quiz 💡",31623,1806,101,FC Bayern München,@DominickRaymondCortez-n2f,Sehat selalu semuanya salam dari 𝐒𝐆𝐈𝟖𝟖 gampang jepe,0
z2LKhAwNB98,"""Manu, we need to know that!"" 🤦🏻‍♂️ | Neuer & Gnabry take on the FIFA Club World Cup Quiz 💡",31623,1806,101,FC Bayern München,@DarnellAndersonCortez-p3g,"Terbaik ❤ memang kak , salam 𝐒𝐆𝐈𝟖𝟖",0
z2LKhAwNB98,"""Manu, we need to know that!"" 🤦🏻‍♂️ | Neuer & Gnabry take on the FIFA Club World Cup Quiz 💡",31623,1806,101,FC Bayern München,@JocelynSchultzCortez-o3y,𝐒𝐆𝐈𝟖𝟖 is the best ❤❤❤,0
z2LKhAwNB98,"""Manu, we need to know that!"" 🤦🏻‍♂️ | Neuer & Gnabry take on the FIFA Club World Cup Quiz 💡",31623,1806,101,FC Bayern München,@AnsleyLinCortez-t6g,Akhirnya yg di tunggu2😁 𝐒𝐆𝐈𝟖𝟖,0
z2LKhAwNB98,"""Manu, we need to know that!"" 🤦🏻‍♂️ | Neuer & Gnabry take on the FIFA Club World Cup Quiz 💡",31623,1806,101,FC Bayern München,@ToddPrinceCortez-o2c,"Terbaik ❤ memang kak , salam 𝐒𝐆𝐈𝟖𝟖",0
z2LKhAwNB98,"""Manu, we need to know that!"" 🤦🏻‍♂️ | Neuer & Gnabry take on the FIFA Club World Cup Quiz 💡",31623,1806,101,FC Bayern München,@AylinRichardCortez-c2b,Ada notif langsung nonton 😂😂 soalnya habis jepe di 𝐒𝐆𝐈𝟖𝟖,0
z2LKhAwNB98,"""Manu, we need to know that!"" 🤦🏻‍♂️ | Neuer & Gnabry take on the FIFA Club World Cup Quiz 💡",31623,1806,101,FC Bayern München,@NathanialKaneCortez-w7n,⭐𝐒𝐆𝐈𝟖𝟖 emang top markotop! JP terus!,0
z2LKhAwNB98,"""Manu, we need to know that!"" 🤦🏻‍♂️ | Neuer & Gnabry take on the FIFA Club World Cup Quiz 💡",31623,1806,101,FC Bayern München,@MaiaHobbsCortez-y5d,gatot barusan coba langsung jatuh perkalian 1000 langsung aja cari situsnya 🚩𝐒𝐆𝐈𝟖𝟖🚩,0
z2LKhAwNB98,"""Manu, we need to know that!"" 🤦🏻‍♂️ | Neuer & Gnabry take on the FIFA Club World Cup Quiz 💡",31623,1806,101,FC Bayern München,@LucyMoraCortez-h2o,0:01 YOo coba di 𝐒𝐆𝐈𝟖𝟖 modal 5k aja bisa jepee ⭐,0
z2LKhAwNB98,"""Manu, we need to know that!"" 🤦🏻‍♂️ | Neuer & Gnabry take on the FIFA Club World Cup Quiz 💡",31623,1806,101,FC Bayern München,@CristalMeyersCortez-b4e,Konten yang luar biasa! Keren banget cara kamu menjelaskannya! Main yang bagus di sini bang ⭐𝐒𝐆𝐈𝟖𝟖,0
z2LKhAwNB98,"""Manu, we need to know that!"" 🤦🏻‍♂️ | Neuer & Gnabry take on the FIFA Club World Cup Quiz 💡",31623,1806,101,FC Bayern München,@GaigeDunnCortez-w5m,Akhirnya yg di tunggu2😁 𝐒𝐆𝐈𝟖𝟖,0
z2LKhAwNB98,"""Manu, we need to know that!"" 🤦🏻‍♂️ | Neuer & Gnabry take on the FIFA Club World Cup Quiz 💡",31623,1806,101,FC Bayern München,@IsiahLivingstonCortez-m7u,05:35 ⚡️𝐒𝐆𝐈𝟖𝟖⚡️ tempat ngadu nasib wkwkw,0
z2LKhAwNB98,"""Manu, we need to know that!"" 🤦🏻‍♂️ | Neuer & Gnabry take on the FIFA Club World Cup Quiz 💡",31623,1806,101,FC Bayern München,@KodyJarvisCortez-t7e,"Sempet coba yang lain tapi gak semanis di 🚩𝐒𝐆𝐈𝟖𝟖🚩 ,sering ngasih wede bang coba deh cari aja di google",0
z2LKhAwNB98,"""Manu, we need to know that!"" 🤦🏻‍♂️ | Neuer & Gnabry take on the FIFA Club World Cup Quiz 💡",31623,1806,101,FC Bayern München,@JaxHouseCortez-n2p,Class bos🚩 𝐒𝐆𝐈𝟖𝟖🚩 gak ribet depo cepat dan wd lancar,0
z2LKhAwNB98,"""Manu, we need to know that!"" 🤦🏻‍♂️ | Neuer & Gnabry take on the FIFA Club World Cup Quiz 💡",31623,1806,101,FC Bayern München,@ConnorHardyCortez-d5y,0:02 Wah keren 𝐒𝐆𝐈𝟖𝟖 terbaik menang mudah,0
z2LKhAwNB98,"""Manu, we need to know that!"" 🤦🏻‍♂️ | Neuer & Gnabry take on the FIFA Club World Cup Quiz 💡",31623,1806,101,FC Bayern München,@BradenMorseCortez-v8y,"Sempet coba yang lain tapi gak semanis di 🚩𝐒𝐆𝐈𝟖𝟖🚩 ,sering ngasih wede bang coba deh cari aja di google",0
z2LKhAwNB98,"""Manu, we need to know that!"" 🤦🏻‍♂️ | Neuer & Gnabry take on the FIFA Club World Cup Quiz 💡",31623,1806,101,FC Bayern München,@AllanDelgadoCortez-e3h,"Nyimak abang , 𝐒𝐆𝐈𝟖𝟖 Cair mulu 😁",0
z2LKhAwNB98,"""Manu, we need to know that!"" 🤦🏻‍♂️ | Neuer & Gnabry take on the FIFA Club World Cup Quiz 💡",31623,1806,101,FC Bayern München,@MarkusJonesCortez-i2q,"Bermain bersama teman-teman di 𝐒𝐆𝐈𝟖𝟖 semakin seru dan asyik, semakin banyak pula rezekinya!",0
z2LKhAwNB98,"""Manu, we need to know that!"" 🤦🏻‍♂️ | Neuer & Gnabry take on the FIFA Club World Cup Quiz 💡",31623,1806,101,FC Bayern München,@ZionRamseyCortez-w6s,Seperti biasa sehat selalu kang semngat ngonten dan dilancarkan segala urusannya Salam dari 🚩𝐒𝐆𝐈𝟖𝟖 ❤,0
z2LKhAwNB98,"""Manu, we need to know that!"" 🤦🏻‍♂️ | Neuer & Gnabry take on the FIFA Club World Cup Quiz 💡",31623,1806,101,FC Bayern München,@TroyKruegerCortez-r9o,menurut gw sih situs adil yah di 🚩𝐒𝐆𝐈𝟖𝟖🚩 soalnya menang w di bayar cash gak pakek lama,0
z2LKhAwNB98,"""Manu, we need to know that!"" 🤦🏻‍♂️ | Neuer & Gnabry take on the FIFA Club World Cup Quiz 💡",31623,1806,101,FC Bayern München,@AudreyPeckCortez-w4u,Busett cerahh banget 🚩𝐒𝐆𝐈𝟖𝟖🚩 encess sama koinya lagi ngasih mulu,0
z2LKhAwNB98,"""Manu, we need to know that!"" 🤦🏻‍♂️ | Neuer & Gnabry take on the FIFA Club World Cup Quiz 💡",31623,1806,101,FC Bayern München,@AzulWellsCortez-f5w,𝐒𝐆𝐈𝟖𝟖 keren banget 😊,0
z2LKhAwNB98,"""Manu, we need to know that!"" 🤦🏻‍♂️ | Neuer & Gnabry take on the FIFA Club World Cup Quiz 💡",31623,1806,101,FC Bayern München,@JaquelineSampsonCortez-p9u,"Sempet coba yang lain tapi gak semanis di 🚩𝐒𝐆𝐈𝟖𝟖🚩 ,sering ngasih wede bang coba deh cari aja di google",0
z2LKhAwNB98,"""Manu, we need to know that!"" 🤦🏻‍♂️ | Neuer & Gnabry take on the FIFA Club World Cup Quiz 💡",31623,1806,101,FC Bayern München,@AniyahZavalaCortez-n2s,jepey gmpng banget di 𝐒𝐆𝐈𝟖𝟖 ⭐,0
z2LKhAwNB98,"""Manu, we need to know that!"" 🤦🏻‍♂️ | Neuer & Gnabry take on the FIFA Club World Cup Quiz 💡",31623,1806,101,FC Bayern München,@MyahKramerCortez-q1g,"Min video lu baguss , tetap pilih 𝐒𝐆𝐈𝟖𝟖 😢",0
z2LKhAwNB98,"""Manu, we need to know that!"" 🤦🏻‍♂️ | Neuer & Gnabry take on the FIFA Club World Cup Quiz 💡",31623,1806,101,FC Bayern München,@HunterArroyoCortez-r8t,⭐𝐒𝐆𝐈𝟖𝟖 bikin ketagihan!,0
z2LKhAwNB98,"""Manu, we need to know that!"" 🤦🏻‍♂️ | Neuer & Gnabry take on the FIFA Club World Cup Quiz 💡",31623,1806,101,FC Bayern München,@JuniorRobersonCortez-e9i,✨ 𝐒𝐆𝐈𝟖𝟖 ✨,0
z2LKhAwNB98,"""Manu, we need to know that!"" 🤦🏻‍♂️ | Neuer & Gnabry take on the FIFA Club World Cup Quiz 💡",31623,1806,101,FC Bayern München,@AbdullahAnthonyCortez-e4t,menurut gw sih situs adil yah di 🚩𝐒𝐆𝐈𝟖𝟖🚩 soalnya menang w di bayar cash gak pakek lama,0
z2LKhAwNB98,"""Manu, we need to know that!"" 🤦🏻‍♂️ | Neuer & Gnabry take on the FIFA Club World Cup Quiz 💡",31623,1806,101,FC Bayern München,@AlexisZhangCortez-d5m,Keren 🇮🇩👍🏼. gas di mari kak 𝐒𝐆𝐈𝟖𝟖,0
z2LKhAwNB98,"""Manu, we need to know that!"" 🤦🏻‍♂️ | Neuer & Gnabry take on the FIFA Club World Cup Quiz 💡",31623,1806,101,FC Bayern München,@M1KKS,"ich mag diese art von Videos, wenn Spieler was gegenander/miteinander spielen/quizen etc
nur Schade das man keine Reaktion der Spieler auf das abschneiden der einzelnen Runden sieht...",0
z2LKhAwNB98,"""Manu, we need to know that!"" 🤦🏻‍♂️ | Neuer & Gnabry take on the FIFA Club World Cup Quiz 💡",31623,1806,101,FC Bayern München,@EddieArafa,"Mashallah, Manu has a very beautiful handwriting!",0
z2LKhAwNB98,"""Manu, we need to know that!"" 🤦🏻‍♂️ | Neuer & Gnabry take on the FIFA Club World Cup Quiz 💡",31623,1806,101,FC Bayern München,@bhhh143,Rodrigo Mora ❤,0
z2LKhAwNB98,"""Manu, we need to know that!"" 🤦🏻‍♂️ | Neuer & Gnabry take on the FIFA Club World Cup Quiz 💡",31623,1806,101,FC Bayern München,@PaulMuller-nq7od,Manuel neuer ich liebe dich bitte kannst du mich grüßen bitte bitte bitte bitte bitte bitte bitte bitte bitte bitte bitte,0
z2LKhAwNB98,"""Manu, we need to know that!"" 🤦🏻‍♂️ | Neuer & Gnabry take on the FIFA Club World Cup Quiz 💡",31623,1806,101,FC Bayern München,@MusaHasnain04,Manuel Neuer the human wall!,0
z2LKhAwNB98,"""Manu, we need to know that!"" 🤦🏻‍♂️ | Neuer & Gnabry take on the FIFA Club World Cup Quiz 💡",31623,1806,101,FC Bayern München,@kimigulidow9230,Thanks Guys,0
z2LKhAwNB98,"""Manu, we need to know that!"" 🤦🏻‍♂️ | Neuer & Gnabry take on the FIFA Club World Cup Quiz 💡",31623,1806,101,FC Bayern München,@hanslandau3091,"Da haben sich die zwei richtigen Überbezahlten getroffen.
Beide werden keine Rolle für die CL spielen und kosten den Verein nur eine Menge Geld.",0
z2LKhAwNB98,"""Manu, we need to know that!"" 🤦🏻‍♂️ | Neuer & Gnabry take on the FIFA Club World Cup Quiz 💡",31623,1806,101,FC Bayern München,@pedrobatista5913,FC Bayern München World Champions 2025.,1
z2LKhAwNB98,"""Manu, we need to know that!"" 🤦🏻‍♂️ | Neuer & Gnabry take on the FIFA Club World Cup Quiz 💡",31623,1806,101,FC Bayern München,@rszanger,"Neuer has a calm personality, a good demeanor,  and the best goalkeeper in modern football,  in my opinion.",6
z2LKhAwNB98,"""Manu, we need to know that!"" 🤦🏻‍♂️ | Neuer & Gnabry take on the FIFA Club World Cup Quiz 💡",31623,1806,101,FC Bayern München,@valdanohutapea,Sign me For FC Bayern President 😂,0
z2LKhAwNB98,"""Manu, we need to know that!"" 🤦🏻‍♂️ | Neuer & Gnabry take on the FIFA Club World Cup Quiz 💡",31623,1806,101,FC Bayern München,@AsdAsd-ru7ko,even them they trying to forget sane,0
z2LKhAwNB98,"""Manu, we need to know that!"" 🤦🏻‍♂️ | Neuer & Gnabry take on the FIFA Club World Cup Quiz 💡",31623,1806,101,FC Bayern München,@TraeYoungAintGotShitOnMe,Wäre schön gewesen die reaktionen zur auflösung noch gesehen zu haben,0
z2LKhAwNB98,"""Manu, we need to know that!"" 🤦🏻‍♂️ | Neuer & Gnabry take on the FIFA Club World Cup Quiz 💡",31623,1806,101,FC Bayern München,@Musiatel49,Endlich mal wieder mit Manu😎,5
z2LKhAwNB98,"""Manu, we need to know that!"" 🤦🏻‍♂️ | Neuer & Gnabry take on the FIFA Club World Cup Quiz 💡",31623,1806,101,FC Bayern München,@Mara-Lyna,"I Love you Manuel Neuer😍❤️
Du bist mein GOAT🐐❤️",9
z2LKhAwNB98,"""Manu, we need to know that!"" 🤦🏻‍♂️ | Neuer & Gnabry take on the FIFA Club World Cup Quiz 💡",31623,1806,101,FC Bayern München,@Mancityandpsgfan,I love fc Bayern muchen man city,0
z2LKhAwNB98,"""Manu, we need to know that!"" 🤦🏻‍♂️ | Neuer & Gnabry take on the FIFA Club World Cup Quiz 💡",31623,1806,101,FC Bayern München,@Messi-i8y1b,"Neuer is goatkeeper 
Messi is goat of players 
Bayern is goat of clubs",1
z2LKhAwNB98,"""Manu, we need to know that!"" 🤦🏻‍♂️ | Neuer & Gnabry take on the FIFA Club World Cup Quiz 💡",31623,1806,101,FC Bayern München,@elaplepi7854,Bayern Munich is the best club in the world I love Bayern Munich,1
z2LKhAwNB98,"""Manu, we need to know that!"" 🤦🏻‍♂️ | Neuer & Gnabry take on the FIFA Club World Cup Quiz 💡",31623,1806,101,FC Bayern München,@leticiaa.29,Super Video. 🫶🏼 hat Spaß gemacht es anzuschauen ❤️🤍,1
z2LKhAwNB98,"""Manu, we need to know that!"" 🤦🏻‍♂️ | Neuer & Gnabry take on the FIFA Club World Cup Quiz 💡",31623,1806,101,FC Bayern München,@pepemolina,Mía San mía,0
z2LKhAwNB98,"""Manu, we need to know that!"" 🤦🏻‍♂️ | Neuer & Gnabry take on the FIFA Club World Cup Quiz 💡",31623,1806,101,FC Bayern München,@kingedin4628,Ich liebe Gnabry,9
z2LKhAwNB98,"""Manu, we need to know that!"" 🤦🏻‍♂️ | Neuer & Gnabry take on the FIFA Club World Cup Quiz 💡",31623,1806,101,FC Bayern München,@gabrielvp3365,"Es scheint, dass Rafael Leão im Moment keine Option ist, da Mailand ihn nicht verkaufen möchte und die Vertragsauflösungsvereinbarung in seinem Vertrag mit dem AC Mailand einen sehr hohen Preis hat, den der FC Bayern nicht zahlen will und ich stimme zu, aber es gibt immer noch viele Weltklasse-Optionen, die auf dem Markt verfügbar sind. Warum versucht ihr nicht, die Vertragsauflösungsgebühr von Nico Williams in Höhe von 60 Millionen Euro zu aktivieren? Dieser Preis wäre im Vergleich zu anderen Optionen nicht so hoch. Und er ist ein sehr guter Spieler, er hat 2024 eine unglaubliche Europameisterschaft gespielt. Wenn es nicht er ist, in Ordnung, aber verpflichtet jemand anderen, um Coman/Sané zu ersetzen, aber von Weltklasse.",1
z2LKhAwNB98,"""Manu, we need to know that!"" 🤦🏻‍♂️ | Neuer & Gnabry take on the FIFA Club World Cup Quiz 💡",31623,1806,101,FC Bayern München,@gabrielvp3365,"Der spezielle Transfermarkt für Verpflichtungen zur Teilnahme an der Klub-Weltmeisterschaft wurde heute, am 01.06.2025, offiziell eröffnet. Ich hoffe, ihr erinnert euch an den Druck der Fans und tätigt Verpflichtungen für das Turnier, andernfalls werden wir, wenn wir mit demselben Team wie in der letzten Saison antreten, verlieren. Höchstens erreichen wir das Viertelfinale, so wie es in der UCL war. Der FC Bayern, der einer der größten Vereine der Welt ist, muss maximale Ambitionen haben, um alle wichtigen Trophäen zu gewinnen, sei es die UCL oder die Klub-Weltmeisterschaft. Enttäuscht die Fans nicht! Wir vertrauen euch! Seid nicht nachlässig!",0
z2LKhAwNB98,"""Manu, we need to know that!"" 🤦🏻‍♂️ | Neuer & Gnabry take on the FIFA Club World Cup Quiz 💡",31623,1806,101,FC Bayern München,@amani-tv-n1t,"May the peace, mercy, and blessings of God be upon you. Your sister from Gaza lives in a tent and the situation is tragic because of the war against us. I need your donation to provide food.




TBoSppbqqEWusR13uJiAGx7fG7NTw56qtm
الشبكة Trc20",0
z2LKhAwNB98,"""Manu, we need to know that!"" 🤦🏻‍♂️ | Neuer & Gnabry take on the FIFA Club World Cup Quiz 💡",31623,1806,101,FC Bayern München,@goldengun9763,Überbezahlt hoch ski,0
z2LKhAwNB98,"""Manu, we need to know that!"" 🤦🏻‍♂️ | Neuer & Gnabry take on the FIFA Club World Cup Quiz 💡",31623,1806,101,FC Bayern München,@dramatish,"Leroy hat soooo gut gespielt, dass er r komplett vergessen wurde.",13
z2LKhAwNB98,"""Manu, we need to know that!"" 🤦🏻‍♂️ | Neuer & Gnabry take on the FIFA Club World Cup Quiz 💡",31623,1806,101,FC Bayern München,@dorastips19,"Watching neur makes happy 
Cool guy😘❤️
My goat❤️",8
z2LKhAwNB98,"""Manu, we need to know that!"" 🤦🏻‍♂️ | Neuer & Gnabry take on the FIFA Club World Cup Quiz 💡",31623,1806,101,FC Bayern München,@abdullahriyadh6121,Manu ❤️,4
z2LKhAwNB98,"""Manu, we need to know that!"" 🤦🏻‍♂️ | Neuer & Gnabry take on the FIFA Club World Cup Quiz 💡",31623,1806,101,FC Bayern München,@abdullahriyadh6121,3:06 they also don't rate him,5
z2LKhAwNB98,"""Manu, we need to know that!"" 🤦🏻‍♂️ | Neuer & Gnabry take on the FIFA Club World Cup Quiz 💡",31623,1806,101,FC Bayern München,@mehdi-w3s8tcanada,Neuerrrrrrr❤❤❤❤,5
z2LKhAwNB98,"""Manu, we need to know that!"" 🤦🏻‍♂️ | Neuer & Gnabry take on the FIFA Club World Cup Quiz 💡",31623,1806,101,FC Bayern München,@deanjackson2125,Better be 3 wins in Club World Cup Group C,2
z2LKhAwNB98,"""Manu, we need to know that!"" 🤦🏻‍♂️ | Neuer & Gnabry take on the FIFA Club World Cup Quiz 💡",31623,1806,101,FC Bayern München,@kingsleykamasutra8575,"Neuer ist der König der Könige!!
Einfach ein Traum das er für Bayern spielt😎",32
z2LKhAwNB98,"""Manu, we need to know that!"" 🤦🏻‍♂️ | Neuer & Gnabry take on the FIFA Club World Cup Quiz 💡",31623,1806,101,FC Bayern München,@martink.1471,Super Video mit den zwei Manu Serge♥️🤍,4
z2LKhAwNB98,"""Manu, we need to know that!"" 🤦🏻‍♂️ | Neuer & Gnabry take on the FIFA Club World Cup Quiz 💡",31623,1806,101,FC Bayern München,@dominickonrad6920,Bei sovielen Spielern könnte das mit sane passieren..,0
z2LKhAwNB98,"""Manu, we need to know that!"" 🤦🏻‍♂️ | Neuer & Gnabry take on the FIFA Club World Cup Quiz 💡",31623,1806,101,FC Bayern München,@itslemonx847,"“Chelsea hat ein Kader, sind ja 100 Leute da” 🤣🤣🤣",46
z2LKhAwNB98,"""Manu, we need to know that!"" 🤦🏻‍♂️ | Neuer & Gnabry take on the FIFA Club World Cup Quiz 💡",31623,1806,101,FC Bayern München,@deserve__748,Almost 40mio in wages 😂,1
z2LKhAwNB98,"""Manu, we need to know that!"" 🤦🏻‍♂️ | Neuer & Gnabry take on the FIFA Club World Cup Quiz 💡",31623,1806,101,FC Bayern München,@txni_sndri,"7:57 ""Serge hat mir geholfen""
 Manu macht ihn einfach kurz zum Sidekick 😭",55
z2LKhAwNB98,"""Manu, we need to know that!"" 🤦🏻‍♂️ | Neuer & Gnabry take on the FIFA Club World Cup Quiz 💡",31623,1806,101,FC Bayern München,@asllahuarachajesusmanuel8926,Gnabri   atento,2
z2LKhAwNB98,"""Manu, we need to know that!"" 🤦🏻‍♂️ | Neuer & Gnabry take on the FIFA Club World Cup Quiz 💡",31623,1806,101,FC Bayern München,@wokeaf1337,Den Sane haben sie mental schon abgeschrieben 🤣🤣🤣,24
z2LKhAwNB98,"""Manu, we need to know that!"" 🤦🏻‍♂️ | Neuer & Gnabry take on the FIFA Club World Cup Quiz 💡",31623,1806,101,FC Bayern München,@Capibara_insano523,The goats I love Manuel Neuer,43
z2LKhAwNB98,"""Manu, we need to know that!"" 🤦🏻‍♂️ | Neuer & Gnabry take on the FIFA Club World Cup Quiz 💡",31623,1806,101,FC Bayern München,@benedikttushaus8183,Both goats…,9
z2LKhAwNB98,"""Manu, we need to know that!"" 🤦🏻‍♂️ | Neuer & Gnabry take on the FIFA Club World Cup Quiz 💡",31623,1806,101,FC Bayern München,@shqiptarkosoves8437,Lfff nur einen richtig,1
z2LKhAwNB98,"""Manu, we need to know that!"" 🤦🏻‍♂️ | Neuer & Gnabry take on the FIFA Club World Cup Quiz 💡",31623,1806,101,FC Bayern München,@Spooderman0908,Nice vid bud,4
z2LKhAwNB98,"""Manu, we need to know that!"" 🤦🏻‍♂️ | Neuer & Gnabry take on the FIFA Club World Cup Quiz 💡",31623,1806,101,FC Bayern München,@wasweissdennichschon,"oje,  Sané noch nicht mal weg und schon vergessen.",1
z2LKhAwNB98,"""Manu, we need to know that!"" 🤦🏻‍♂️ | Neuer & Gnabry take on the FIFA Club World Cup Quiz 💡",31623,1806,101,FC Bayern München,@VanessaMedina-c2x,Cómo estás cómo están mis muchachos estaba portando bien soy Vanessa 😊,1
z2LKhAwNB98,"""Manu, we need to know that!"" 🤦🏻‍♂️ | Neuer & Gnabry take on the FIFA Club World Cup Quiz 💡",31623,1806,101,FC Bayern München,@idkjustsam06,i love neuer so much,90
z2LKhAwNB98,"""Manu, we need to know that!"" 🤦🏻‍♂️ | Neuer & Gnabry take on the FIFA Club World Cup Quiz 💡",31623,1806,101,FC Bayern München,@VanessaMedina-c2x,Ola fc Bayern buenas días 🤗❤️🤍❤️🥰👍😊,2
z2LKhAwNB98,"""Manu, we need to know that!"" 🤦🏻‍♂️ | Neuer & Gnabry take on the FIFA Club World Cup Quiz 💡",31623,1806,101,FC Bayern München,@VanessaMedina-c2x,❤❤❤❤❤❤😊,1
z2LKhAwNB98,"""Manu, we need to know that!"" 🤦🏻‍♂️ | Neuer & Gnabry take on the FIFA Club World Cup Quiz 💡",31623,1806,101,FC Bayern München,@wolfgangberger7890,Geiles Video,13
z2LKhAwNB98,"""Manu, we need to know that!"" 🤦🏻‍♂️ | Neuer & Gnabry take on the FIFA Club World Cup Quiz 💡",31623,1806,101,FC Bayern München,@esmukhtert2005,Neuer und Gnabry besten immer die Bayern Spieler und sind bereit für diesen Monat Klub-Weltmeisterschaft mit alle anderen!!!❤️❤️🤍🤍💯💯👏🏿👏🏿💪🏿💪🏿🥰🇩🇪🇩🇪,4
z2LKhAwNB98,"""Manu, we need to know that!"" 🤦🏻‍♂️ | Neuer & Gnabry take on the FIFA Club World Cup Quiz 💡",31623,1806,101,FC Bayern München,@JM42_ae,W❤,3
z2LKhAwNB98,"""Manu, we need to know that!"" 🤦🏻‍♂️ | Neuer & Gnabry take on the FIFA Club World Cup Quiz 💡",31623,1806,101,FC Bayern München,@FootballFans621,1st comment,2
z2LKhAwNB98,"""Manu, we need to know that!"" 🤦🏻‍♂️ | Neuer & Gnabry take on the FIFA Club World Cup Quiz 💡",31623,1806,101,FC Bayern München,@BithionMilad,❤😂,3
slKhtX3PjeU,Too easy? 😂,85542,3947,65,FC Bayern München,@eduardocastroestudillo3665,I got the feeling that Urbig will be a legendary Bayern player,0
slKhtX3PjeU,Too easy? 😂,85542,3947,65,FC Bayern München,@mototallerh,"😂😂😂 la cara de Alfonso 😂😂 al ver lo fácil que era, el pensó que era súper rápido.",0
slKhtX3PjeU,Too easy? 😂,85542,3947,65,FC Bayern München,@ze-problem,An F1 driver would have caught all before they even fell,0
slKhtX3PjeU,Too easy? 😂,85542,3947,65,FC Bayern München,@soa4982,"Urbihi, look in his eyes. He's smart",0
slKhtX3PjeU,Too easy? 😂,85542,3947,65,FC Bayern München,@Cr7-h2t2t,Urbig nimmt es zu ernst,0
slKhtX3PjeU,Too easy? 😂,85542,3947,65,FC Bayern München,@sebastianresch,You play the game wrong. You have to be way closer. Stupid FCB Social media staff,0
slKhtX3PjeU,Too easy? 😂,85542,3947,65,FC Bayern München,@ujangbhhga-b4x,Urbig did that like his life depends on it 😂😂😂😂,0
slKhtX3PjeU,Too easy? 😂,85542,3947,65,FC Bayern München,@LeoHöglauer,"Phonzie cheatet because he looks up...😂😂😂 
Urbig 🔝✅️",0
slKhtX3PjeU,Too easy? 😂,85542,3947,65,FC Bayern München,@SPARSHSHELKE,Let him try a round one.,0
slKhtX3PjeU,Too easy? 😂,85542,3947,65,FC Bayern München,@miro9945,"Davies"" 🤨🤷🏻
Urbig"" 🧐🥵",0
slKhtX3PjeU,Too easy? 😂,85542,3947,65,FC Bayern München,@miro9945,Urbig sein Blick 😂 😳😳,0
slKhtX3PjeU,Too easy? 😂,85542,3947,65,FC Bayern München,@EddieArafa,Haha Urbig is not messing around! you just have to love this guy!,2
slKhtX3PjeU,Too easy? 😂,85542,3947,65,FC Bayern München,@RedArmyFX,Urbig locked in 💀🙏,0
slKhtX3PjeU,Too easy? 😂,85542,3947,65,FC Bayern München,@florianrenner8573,Einer locker mit Style und der andere voll verkrampft,0
slKhtX3PjeU,Too easy? 😂,85542,3947,65,FC Bayern München,@Marquinhoslemarocain,Davies 🔥🔥🔥❤️❤️❤️,4
slKhtX3PjeU,Too easy? 😂,85542,3947,65,FC Bayern München,@KarlSkorger,My grandma with arthritis can do this with her eyes closed 😂😂❤,9
slKhtX3PjeU,Too easy? 😂,85542,3947,65,FC Bayern München,@Random-fm1ep,DAVIES be like I'm too fast for this sh*t 😂😂,0
slKhtX3PjeU,Too easy? 😂,85542,3947,65,FC Bayern München,@lllIlllII,trash content at its finest,0
slKhtX3PjeU,Too easy? 😂,85542,3947,65,FC Bayern München,@t.j_Frost,U don't look up Mr.Eazy,0
slKhtX3PjeU,Too easy? 😂,85542,3947,65,FC Bayern München,@k.b.r.tvr4611,keren,0
slKhtX3PjeU,Too easy? 😂,85542,3947,65,FC Bayern München,@wojtek-x2k,Urbig  locked in,2
slKhtX3PjeU,Too easy? 😂,85542,3947,65,FC Bayern München,@tobiistegal3762,Vielleicht bin ich ja gar nicht Phonzie sondern Manuel Neuer,0
slKhtX3PjeU,Too easy? 😂,85542,3947,65,FC Bayern München,@mariaisabellira3737,Urbig is more expresive ❤,4
slKhtX3PjeU,Too easy? 😂,85542,3947,65,FC Bayern München,@Gulijewss_YT,Davies: 🥶🥶🥶🥶,11
slKhtX3PjeU,Too easy? 😂,85542,3947,65,FC Bayern München,@Dima_Vovk,"Bro, offcourse you had to stand😭",5
slKhtX3PjeU,Too easy? 😂,85542,3947,65,FC Bayern München,@bastianmatton6057,Try to have the hands behind the back,0
slKhtX3PjeU,Too easy? 😂,85542,3947,65,FC Bayern München,@Santino-r2y,Davis=🤷‍♂️Urbig=🥶🥶🥶,37
slKhtX3PjeU,Too easy? 😂,85542,3947,65,FC Bayern München,@kaschmirhooligan,"Wow, die können richtig was.....",0
slKhtX3PjeU,Too easy? 😂,85542,3947,65,FC Bayern München,@M.R.Everyday_Random-Content,Urbig not enough sleeping,3
slKhtX3PjeU,Too easy? 😂,85542,3947,65,FC Bayern München,@MusialaIstheGoatt,Tf Urbig staring into my soul. 😭🙏,84
slKhtX3PjeU,Too easy? 😂,85542,3947,65,FC Bayern München,@vinniesaccount,"Offensichtlich ist das Teil viel zu hoch gehalten. Die Schwierigkeit hängt maßgebend von der Distanz des Geräts und der Hände ab. 
Hab das Teil schon bei anderen Mannschaften gesehen, wenn es einer von zehn schafft stimmt die Schwierigkeit",0
slKhtX3PjeU,Too easy? 😂,85542,3947,65,FC Bayern München,@DarkwearGT,You have to be standing,3
slKhtX3PjeU,Too easy? 😂,85542,3947,65,FC Bayern München,@CosHeld,So Davies could have been a goalkeeper,2
slKhtX3PjeU,Too easy? 😂,85542,3947,65,FC Bayern München,@arctic7251,😂Maybe get your hands a bit closer,0
slKhtX3PjeU,Too easy? 😂,85542,3947,65,FC Bayern München,@seb_yt6695,I think to be a challenge it needs to be at eye level.,33
slKhtX3PjeU,Too easy? 😂,85542,3947,65,FC Bayern München,@martinusmaximus1638,he is doing it wrong...,11
slKhtX3PjeU,Too easy? 😂,85542,3947,65,FC Bayern München,@WTBayernfan,"Mia San Mia! Urbig, the next Neuer!",118
slKhtX3PjeU,Too easy? 😂,85542,3947,65,FC Bayern München,@alirezapizi,Urbig take it serously😂,182
slKhtX3PjeU,Too easy? 😂,85542,3947,65,FC Bayern München,@Mustapha-j6n,The white guy was doing too much😂😂,2
slKhtX3PjeU,Too easy? 😂,85542,3947,65,FC Bayern München,@asilphone1199,Bayern cool❤😂😮,0
slKhtX3PjeU,Too easy? 😂,85542,3947,65,FC Bayern München,@TheSportFusionEdits,Amazing reaction from all of the players! Mia San Mia ❤🤍❤,8
slKhtX3PjeU,Too easy? 😂,85542,3947,65,FC Bayern München,@m10n31T5yLiengng,Ihre Videos sind immer so klar und verständlich! Danke für die hilfreichen Lektionen! 🧡💖,0
slKhtX3PjeU,Too easy? 😂,85542,3947,65,FC Bayern München,@m10n30T5yRongng,Vielen Dank für die Vielfalt der Inhalte. Ihre Videos verbinden immer gekonnt Unterhaltung und Bildung.🎾🏋️🌲,0
slKhtX3PjeU,Too easy? 😂,85542,3947,65,FC Bayern München,@m10n31T5yTemem,Vielen Dank für Ihre harte Arbeit und Ihr Engagement. Deine Videos sind immer auf höchstem Niveau.🦆🐕🤓,2
slKhtX3PjeU,Too easy? 😂,85542,3947,65,FC Bayern München,@m10n31T5yDueue,Ich schaue mir Ihre Videos mit Vergnügen an. Sie sind immer voll von interessanten Inhalten.🎄🏺🥂,0
slKhtX3PjeU,Too easy? 😂,85542,3947,65,FC Bayern München,@m10n30T5yDacac-b,Mach weiter so mit tollen Inhalten. Ihre Videos sind immer gut und informativ.⚡️⛰🏈,0
slKhtX3PjeU,Too easy? 😂,85542,3947,65,FC Bayern München,@WilliFischer-bf9yd,I LOVE BAYERN MÜNCHEN❤❤,6
slKhtX3PjeU,Too easy? 😂,85542,3947,65,FC Bayern München,@m10n31T5yNgamam,Sehr informativ! Ich freue mich auf weitere Ideen von Ihnen! 💋🔥,0
slKhtX3PjeU,Too easy? 😂,85542,3947,65,FC Bayern München,@m10n31T5yLemem-z,Ihre Videos sind immer so klar und verständlich! Danke für die hilfreichen Lektionen! 💝🐱,1
slKhtX3PjeU,Too easy? 😂,85542,3947,65,FC Bayern München,@OthiliaMonte,"Ich will nicht sagen, dass ich unentschlossen bin, aber mein Beziehungsstatus bietet mehr Möglichkeiten als eine Starbucks-Speisekarte💖",0
slKhtX3PjeU,Too easy? 😂,85542,3947,65,FC Bayern München,@SukeyPerkinin,"Mein Freund wollte mich mit einem Abendessen bei Kerzenlicht überraschen. Es war wunderschön, bis die Katze beschloss, es zu erforschen und sich fast den Schwanz an den Flammen versengte. Romantisch, mit einer Prise nach Fell duftendem Ambiente💝",0
slKhtX3PjeU,Too easy? 😂,85542,3947,65,FC Bayern München,@MamieWingfield,"Mein Freund sagte, er wolle im Bett neue Territorien erkunden. Ich habe ihm eine Karte und eine Taschenlampe gegeben. Er versucht immer noch herauszufinden, warum ich ihm stattdessen einen Kompass gegeben habe💕",0
bAiSFYfvc-Q,✈️ Travel Tips from the boys before the #FIFACWC! #ASKFCBAYERN,32717,2297,58,FC Bayern München,@patrickhinger3100,"Sane wechselt ja anscheinend zu Tottenham. 
Geldgeiler Sack!!!",0
bAiSFYfvc-Q,✈️ Travel Tips from the boys before the #FIFACWC! #ASKFCBAYERN,32717,2297,58,FC Bayern München,@Levian-x4g,Jamal bitte Antworte auf diesem Kommentar. Du bist mein aller liebster Spieler❤❤❤❤❤❤❤❤❤❤,1
bAiSFYfvc-Q,✈️ Travel Tips from the boys before the #FIFACWC! #ASKFCBAYERN,32717,2297,58,FC Bayern München,@D_ostallgäuer,Palinha pleas dont leave bayern,0
bAiSFYfvc-Q,✈️ Travel Tips from the boys before the #FIFACWC! #ASKFCBAYERN,32717,2297,58,FC Bayern München,@NiebezpiecznaD,"I love FC Bayern Munich! ❤️❤️❤️❤️❤️🇩🇪⚽
I love this series. ❤️💪🏻",0
bAiSFYfvc-Q,✈️ Travel Tips from the boys before the #FIFACWC! #ASKFCBAYERN,32717,2297,58,FC Bayern München,@davidtee6008,Looking forward to seeing FCB play in Cincinnati!!!,0
bAiSFYfvc-Q,✈️ Travel Tips from the boys before the #FIFACWC! #ASKFCBAYERN,32717,2297,58,FC Bayern München,@StrongKickMan,"Fans from Germany should not travel to the U.S
You might be detained at the border.",0
bAiSFYfvc-Q,✈️ Travel Tips from the boys before the #FIFACWC! #ASKFCBAYERN,32717,2297,58,FC Bayern München,@presidentcovfefe,I’ll be at the game against Benfica,0
bAiSFYfvc-Q,✈️ Travel Tips from the boys before the #FIFACWC! #ASKFCBAYERN,32717,2297,58,FC Bayern München,@MatthiasWerkmann,nice :D,0
bAiSFYfvc-Q,✈️ Travel Tips from the boys before the #FIFACWC! #ASKFCBAYERN,32717,2297,58,FC Bayern München,@Xv1Galaxy,I’m coming to see you guys in Cincinnati!!! Mia San Mia!!! ❤️⚪️🔴,2
bAiSFYfvc-Q,✈️ Travel Tips from the boys before the #FIFACWC! #ASKFCBAYERN,32717,2297,58,FC Bayern München,@ErwinEmeraldo,where is Jona?,0
bAiSFYfvc-Q,✈️ Travel Tips from the boys before the #FIFACWC! #ASKFCBAYERN,32717,2297,58,FC Bayern München,@jeancarlosdealmeidaesilva2718,Warum heibt das vídeo  1juni 2026,0
bAiSFYfvc-Q,✈️ Travel Tips from the boys before the #FIFACWC! #ASKFCBAYERN,32717,2297,58,FC Bayern München,@FamiliOfficeDotCom,"How to win Nations League ?

Germany 🇩🇪 VS Portugal

✅ Winning 11
✅ Formation 442

Alexander Nuebel (GK 🙌)
Kimmich - Anton - Andrich - Gosens
Wirtz - Gross ©🇩🇪 - Goretzka - Adeyemi
Nick Woltemade - Deniz Undav",3
bAiSFYfvc-Q,✈️ Travel Tips from the boys before the #FIFACWC! #ASKFCBAYERN,32717,2297,58,FC Bayern München,@ohadoestreicer7676,Now i just want to know who are the best at mario cart,0
bAiSFYfvc-Q,✈️ Travel Tips from the boys before the #FIFACWC! #ASKFCBAYERN,32717,2297,58,FC Bayern München,@mimiTshimanga,Ey yo jeder hört diese Musik Ohrwurm alter,0
bAiSFYfvc-Q,✈️ Travel Tips from the boys before the #FIFACWC! #ASKFCBAYERN,32717,2297,58,FC Bayern München,@SidikiCOULIBALY-f9b,Bayern Munich à vis,0
bAiSFYfvc-Q,✈️ Travel Tips from the boys before the #FIFACWC! #ASKFCBAYERN,32717,2297,58,FC Bayern München,@matefrekk3163,Pavlovic with the German underground rap😂,0
bAiSFYfvc-Q,✈️ Travel Tips from the boys before the #FIFACWC! #ASKFCBAYERN,32717,2297,58,FC Bayern München,@VanessaMedina-c2x,😊😊😊😊😊😊,0
bAiSFYfvc-Q,✈️ Travel Tips from the boys before the #FIFACWC! #ASKFCBAYERN,32717,2297,58,FC Bayern München,@VanessaMedina-c2x,😊😊😊😊😊😊😊😊😊😊,0
bAiSFYfvc-Q,✈️ Travel Tips from the boys before the #FIFACWC! #ASKFCBAYERN,32717,2297,58,FC Bayern München,@VanessaMedina-c2x,Si quiero fc Bayern 😊😊😊😊😊😊😊,1
bAiSFYfvc-Q,✈️ Travel Tips from the boys before the #FIFACWC! #ASKFCBAYERN,32717,2297,58,FC Bayern München,@VanessaMedina-c2x,Siiiiiiiiiii😊😊😊😊😊😊😊😊,0
bAiSFYfvc-Q,✈️ Travel Tips from the boys before the #FIFACWC! #ASKFCBAYERN,32717,2297,58,FC Bayern München,@VanessaMedina-c2x,😊😊😊,0
bAiSFYfvc-Q,✈️ Travel Tips from the boys before the #FIFACWC! #ASKFCBAYERN,32717,2297,58,FC Bayern München,@TDWOLF1980,FC. BAYERN MUNCHEN WIN CLUBS WORLD CUP! MIA SAN MIA🟦🟥🟥🟥⬜🇩🇪🏆,0
bAiSFYfvc-Q,✈️ Travel Tips from the boys before the #FIFACWC! #ASKFCBAYERN,32717,2297,58,FC Bayern München,@bhhh143,Louis Henrique after kompany❤,0
bAiSFYfvc-Q,✈️ Travel Tips from the boys before the #FIFACWC! #ASKFCBAYERN,32717,2297,58,FC Bayern München,@4TechNeTium3,Last mario kart on flight with Thommy...,8
bAiSFYfvc-Q,✈️ Travel Tips from the boys before the #FIFACWC! #ASKFCBAYERN,32717,2297,58,FC Bayern München,@عبداللهالشمري-ج1ه3ذ,GOOD luck,0
bAiSFYfvc-Q,✈️ Travel Tips from the boys before the #FIFACWC! #ASKFCBAYERN,32717,2297,58,FC Bayern München,@عبداللهالشمري-ج1ه3ذ,HLOO,0
bAiSFYfvc-Q,✈️ Travel Tips from the boys before the #FIFACWC! #ASKFCBAYERN,32717,2297,58,FC Bayern München,@valdanohutapea,Lets go!!!!!,0
bAiSFYfvc-Q,✈️ Travel Tips from the boys before the #FIFACWC! #ASKFCBAYERN,32717,2297,58,FC Bayern München,@RahimBabayev-nl7er,❤️🤍❤️🤍🔴⚪️🔴,0
bAiSFYfvc-Q,✈️ Travel Tips from the boys before the #FIFACWC! #ASKFCBAYERN,32717,2297,58,FC Bayern München,@1F030,"junge der eine sieht so dicht aus, augen wie chamäleon blya",0
bAiSFYfvc-Q,✈️ Travel Tips from the boys before the #FIFACWC! #ASKFCBAYERN,32717,2297,58,FC Bayern München,@CristianoMeister,"Sané dabei
Auch die kommenden Jahre?",2
bAiSFYfvc-Q,✈️ Travel Tips from the boys before the #FIFACWC! #ASKFCBAYERN,32717,2297,58,FC Bayern München,@KHID-JR,THIS CLUB IS AMAZING.🔥.,18
bAiSFYfvc-Q,✈️ Travel Tips from the boys before the #FIFACWC! #ASKFCBAYERN,32717,2297,58,FC Bayern München,@EssZehHaar,Holstein Kiel better 😂💙🤍❤️,0
bAiSFYfvc-Q,✈️ Travel Tips from the boys before the #FIFACWC! #ASKFCBAYERN,32717,2297,58,FC Bayern München,@abdullahriyadh6121,Hope 2nd player won't be on that plane,0
bAiSFYfvc-Q,✈️ Travel Tips from the boys before the #FIFACWC! #ASKFCBAYERN,32717,2297,58,FC Bayern München,@CanYouHandleTheTruth_,Kick Sane asap,2
bAiSFYfvc-Q,✈️ Travel Tips from the boys before the #FIFACWC! #ASKFCBAYERN,32717,2297,58,FC Bayern München,@RAKSHIT__FC__MOBILE,Mia San Mia❤🤍🛑⚪️,2
bAiSFYfvc-Q,✈️ Travel Tips from the boys before the #FIFACWC! #ASKFCBAYERN,32717,2297,58,FC Bayern München,@Zid9845,Algum br curti aí pra nois saber,0
bAiSFYfvc-Q,✈️ Travel Tips from the boys before the #FIFACWC! #ASKFCBAYERN,32717,2297,58,FC Bayern München,@henriKöller,Erster 🥇,1
bAiSFYfvc-Q,✈️ Travel Tips from the boys before the #FIFACWC! #ASKFCBAYERN,32717,2297,58,FC Bayern München,@ShreyashJhaa18,Sign some players please on the left wing position 😭😭,1
bAiSFYfvc-Q,✈️ Travel Tips from the boys before the #FIFACWC! #ASKFCBAYERN,32717,2297,58,FC Bayern München,@Martin12363,Warum heißt das Video 1.juni 2026 😂,9
bAiSFYfvc-Q,✈️ Travel Tips from the boys before the #FIFACWC! #ASKFCBAYERN,32717,2297,58,FC Bayern München,@OATxULXc,🍾,0
bAiSFYfvc-Q,✈️ Travel Tips from the boys before the #FIFACWC! #ASKFCBAYERN,32717,2297,58,FC Bayern München,@jaydenhnr5812,HI FAM,0
bAiSFYfvc-Q,✈️ Travel Tips from the boys before the #FIFACWC! #ASKFCBAYERN,32717,2297,58,FC Bayern München,@FCITY939,❤️🤍,1
bAiSFYfvc-Q,✈️ Travel Tips from the boys before the #FIFACWC! #ASKFCBAYERN,32717,2297,58,FC Bayern München,@JM42_ae,Hallo,0
bAiSFYfvc-Q,✈️ Travel Tips from the boys before the #FIFACWC! #ASKFCBAYERN,32717,2297,58,FC Bayern München,@OATxULXc,Türkler beğensin🇹🇷🇹🇷🇹🇷🇹🇷🇹🇷,1
bAiSFYfvc-Q,✈️ Travel Tips from the boys before the #FIFACWC! #ASKFCBAYERN,32717,2297,58,FC Bayern München,@m10n31T5yDueue,Ich schaue mir Ihre Inhalte schon seit langem an und jedes Mal überraschen Sie mich mit Ihrem Talent. Vielen Dank für deine farbenfrohen Kreationen!🕊🍗🟨,0
bAiSFYfvc-Q,✈️ Travel Tips from the boys before the #FIFACWC! #ASKFCBAYERN,32717,2297,58,FC Bayern München,@m10n30T5yHatat,"Jedes Mal, wenn ich deinen Kanal besuche, weiß ich, dass etwas Erstaunliches auf mich wartet. Vielen Dank für Ihre lebendige Kreativität und Ihren Einsatz!🌞🎽🌉",0
bAiSFYfvc-Q,✈️ Travel Tips from the boys before the #FIFACWC! #ASKFCBAYERN,32717,2297,58,FC Bayern München,@RafaPappasas,"Ich würde dafür bezahlen, dass ich jeden Tag solche Videos sehen kann. Oh, warte, es ist ja kostenlos💚",1
bAiSFYfvc-Q,✈️ Travel Tips from the boys before the #FIFACWC! #ASKFCBAYERN,32717,2297,58,FC Bayern München,@LeanorWest,"Ich würde dafür bezahlen, dass ich jeden Tag solche Videos sehen kann. Oh, warte, es ist ja kostenlos🌺",0
bAiSFYfvc-Q,✈️ Travel Tips from the boys before the #FIFACWC! #ASKFCBAYERN,32717,2297,58,FC Bayern München,@EleenWilkin,Ich habe dieses Video mit Vorfreude begonnen und mit Bauchschmerzen vor Lachen beendet💕,3
bAiSFYfvc-Q,✈️ Travel Tips from the boys before the #FIFACWC! #ASKFCBAYERN,32717,2297,58,FC Bayern München,@m10n31T5yThuanan,Machen Sie weiter so und inspirieren Sie Ihre Zuschauer! Ihr Talent macht die Inhalte stets interessant.🙁⛰🚲,0
bAiSFYfvc-Q,✈️ Travel Tips from the boys before the #FIFACWC! #ASKFCBAYERN,32717,2297,58,FC Bayern München,@m10n30T5yLuanan,"Ihre Videos sind ein echter Trost für alle, die hochwertige Inhalte zu schätzen wissen. Machen Sie Ihren Zuschauern weiterhin eine Freude!🎬🌃🐸",0
bAiSFYfvc-Q,✈️ Travel Tips from the boys before the #FIFACWC! #ASKFCBAYERN,32717,2297,58,FC Bayern München,@m10n31T5ySoaiai,Inspirieren und überraschen Sie Ihre Zuschauer weiterhin! Dein Talent und deine harte Arbeit bleiben nicht unbemerkt.🎂✈️🎀,2
bAiSFYfvc-Q,✈️ Travel Tips from the boys before the #FIFACWC! #ASKFCBAYERN,32717,2297,58,FC Bayern München,@m10n30T5yCongng,"Ich beobachte Sie nun schon seit langem, und Ihre Inhalte überraschen immer wieder durch ihre Vielfalt. Ich danke Ihnen für Ihre Professionalität.🎱🖐🦞",3
bAiSFYfvc-Q,✈️ Travel Tips from the boys before the #FIFACWC! #ASKFCBAYERN,32717,2297,58,FC Bayern München,@NeddaMack,Ich habe dieses Video mit Vorfreude begonnen und mit Bauchschmerzen vor Lachen beendet🐱,2
uQ7AdIKutrM,Hold on … WHAT is going on here? 😂😂,42023,1773,18,FC Bayern München,@tedlasso4life,Kane be like “IVE PLAYED THESE GAMES BEFORE🗣️‼️”,0
uQ7AdIKutrM,Hold on … WHAT is going on here? 😂😂,42023,1773,18,FC Bayern München,@BoutafogoPrince,سي لمين هذا هو سي لمين🤷🏼‍♂️🤷🏼‍♂️خلوه خلووووه كيما كتبتها💎💎👑🙋🏼‍♂️🙆🏼‍♂️🎩اتركه يمرح اتركه يفرح اتركه ياااافعل مااايووووريد,1
uQ7AdIKutrM,Hold on … WHAT is going on here? 😂😂,42023,1773,18,FC Bayern München,@x-tinctne2536,"That's it i'm joing bayern , so sign me up",1
uQ7AdIKutrM,Hold on … WHAT is going on here? 😂😂,42023,1773,18,FC Bayern München,@Pieceofchickennn,That one gk in school football:,2
uQ7AdIKutrM,Hold on … WHAT is going on here? 😂😂,42023,1773,18,FC Bayern München,@bennicholson9817,So we playing kane in net now did you see how he played last time he was in net 😂,0
uQ7AdIKutrM,Hold on … WHAT is going on here? 😂😂,42023,1773,18,FC Bayern München,@ImAima21755,Uli Hoeneß verwandelt Bayern in einen Zirkus,0
uQ7AdIKutrM,Hold on … WHAT is going on here? 😂😂,42023,1773,18,FC Bayern München,@gabrielvp3365,Uli Hoeness und Karl-Heinz Rummenigge zerstören den FC Bayern.,0
uQ7AdIKutrM,Hold on … WHAT is going on here? 😂😂,42023,1773,18,FC Bayern München,@gabrielvp3365,Uli Hoeness und Karl-Heinz Rummenigge zerstören den FC Bayern.,0
uQ7AdIKutrM,Hold on … WHAT is going on here? 😂😂,42023,1773,18,FC Bayern München,@gabrielvp3365,"Präsident Herbert Hainer hatte neue Verpflichtungen für die Klub-Weltmeisterschaft versprochen und garantiert, und jetzt sagt Rummenigge, dass keine Verpflichtungen erfolgen werden. Wer hat also Recht? Wer hat das Sagen im Klub, der Präsident oder ein Berater? Wenn sie keinen Spitzenlinksaußen verpflichten, wird es für Präsident Herbert Hainer peinlich, der etwas versprochen hat, und laut Rummenigge wird nicht erfüllt. Das Interview war für die Zeitung BILD.",0
uQ7AdIKutrM,Hold on … WHAT is going on here? 😂😂,42023,1773,18,FC Bayern München,@gabrielvp3365,"Was ist los, habt ihr es genossen, den PSG zu sehen, der Inter Mailand zerstört und zerquetscht, die ihr nicht besiegen konntet? Sie haben gewonnen, weil sie Spitzenkräfte in der Mannschaft haben, etwas, das wir in unserem Team brauchen, und ihr tut nichts. Okay, auf der rechten Seite haben wir Olise, aber was ist mit der linken Seite? Und ihr werdet sicher auch niemanden verpflichten, oder? Ich habe das Interview von Rummenigge gesehen, in dem er sagte, dass sie keinen weiteren Spieler für den Club-Weltmeisterschaft verpflichten werden, was absurd ist. Geld für Wirtz hatte Bayern, oder? Und jetzt gibt es kein Geld, um die linke Flanke und die Abwehr zu verbessern? Was soll das? Ihr wollt die Fans mal wieder täuschen und werdet es nicht schaffen! Wir sind keine Trottel!!!",0
uQ7AdIKutrM,Hold on … WHAT is going on here? 😂😂,42023,1773,18,FC Bayern München,@nimramusic,Cucurella type training,53
uQ7AdIKutrM,Hold on … WHAT is going on here? 😂😂,42023,1773,18,FC Bayern München,@Ramos93-4-b3st,Fc Barcelona is watching😂,1
uQ7AdIKutrM,Hold on … WHAT is going on here? 😂😂,42023,1773,18,FC Bayern München,@Nice_edits_409,haha,0
uQ7AdIKutrM,Hold on … WHAT is going on here? 😂😂,42023,1773,18,FC Bayern München,@TDWOLF1980,"FC
 BAYERN MUNCHEN🇩🇪🏆⭐ DEUTSCHER MEISTER",0
uQ7AdIKutrM,Hold on … WHAT is going on here? 😂😂,42023,1773,18,FC Bayern München,@lazarmichailidis525,🧤😂,1
uQ7AdIKutrM,Hold on … WHAT is going on here? 😂😂,42023,1773,18,FC Bayern München,@TheSportFusionEdits,Joshua made a Neuer level save,22
uQ7AdIKutrM,Hold on … WHAT is going on here? 😂😂,42023,1773,18,FC Bayern München,@TheSportFusionEdits,Never knew Harry could save after that Tottenham performance 😂,9
APK0F6Xjub8,A snap from the past 📸 Did you like Manu's style back then? 😁 #FCBayern #MiaSanMia,65409,2369,28,FC Bayern München,@wishfulthinking5431,The most elegant goalkeeper,0
APK0F6Xjub8,A snap from the past 📸 Did you like Manu's style back then? 😁 #FCBayern #MiaSanMia,65409,2369,28,FC Bayern München,@wishfulthinking5431,The best Neuer,0
APK0F6Xjub8,A snap from the past 📸 Did you like Manu's style back then? 😁 #FCBayern #MiaSanMia,65409,2369,28,FC Bayern München,@goagebhardt,der typ ist so ein spackn,0
APK0F6Xjub8,A snap from the past 📸 Did you like Manu's style back then? 😁 #FCBayern #MiaSanMia,65409,2369,28,FC Bayern München,@Fussballclips-f1l,Ich bin auch im Tor und mein Ziel ist es an die Spitze des Welt Torwart spiel zu kommen,0
APK0F6Xjub8,A snap from the past 📸 Did you like Manu's style back then? 😁 #FCBayern #MiaSanMia,65409,2369,28,FC Bayern München,@Fussballclips-f1l,Manuel neuer der goat❤,0
APK0F6Xjub8,A snap from the past 📸 Did you like Manu's style back then? 😁 #FCBayern #MiaSanMia,65409,2369,28,FC Bayern München,@benjamintscherbatko2349,My lovely best player of time and müller❤🤍mia san mia,0
APK0F6Xjub8,A snap from the past 📸 Did you like Manu's style back then? 😁 #FCBayern #MiaSanMia,65409,2369,28,FC Bayern München,@PEYGAN_UZ,MANUEL NEUER BEST GOALKEEPER 👌,1
APK0F6Xjub8,A snap from the past 📸 Did you like Manu's style back then? 😁 #FCBayern #MiaSanMia,65409,2369,28,FC Bayern München,@RefAdalaideByrd,He charged her 5€ after cameras went off,0
APK0F6Xjub8,A snap from the past 📸 Did you like Manu's style back then? 😁 #FCBayern #MiaSanMia,65409,2369,28,FC Bayern München,@tarczaeduard,Der Goat,0
APK0F6Xjub8,A snap from the past 📸 Did you like Manu's style back then? 😁 #FCBayern #MiaSanMia,65409,2369,28,FC Bayern München,@gabrielvp3365,"O Mundial de Clubes está chegando e apenas dois compromissos foram assumidos. Lembre-se de que precisamos fortalecer o lado esquerdo e melhorar nossa defesa. Precisamos de um jogador de classe mundial no flanco esquerdo para formar um ataque muito forte com Olise, Jamal Musiala e Harry Kane. Era para ser Florian Wirtz, mas infelizmente a transferência falhou e ele jogará pelo Liverpool FC na Inglaterra. Você tem que compensar esse erro de alguma forma e contratar um ala de elite com o dinheiro que deve ser gasto em Florian Wirtz.",0
APK0F6Xjub8,A snap from the past 📸 Did you like Manu's style back then? 😁 #FCBayern #MiaSanMia,65409,2369,28,FC Bayern München,@gabrielvp3365,"Eu te amo Neuer, o melhor goleiro de todos os tempos e joga no meu clube FC Bayern!",0
APK0F6Xjub8,A snap from the past 📸 Did you like Manu's style back then? 😁 #FCBayern #MiaSanMia,65409,2369,28,FC Bayern München,@gabrielvp3365,"Ich werde nicht ruhen und meine Rolle als Fan übernehmen, um den Klub zu drängen, ein besseres Team für die Weltmeisterschaft und die nächste Saison zu haben. Bitte investiert in die Mannschaft, insbesondere in die Abwehr und den linken Flügel, denn wir benötigen das dringend. Es ist dringend! Ich hoffe, ihr wisst, dass wir Fans auf eine Weltklasse-Verpflichtung für die linke Seite hoffen, da der Transfer von Florian Wirtz leider gescheitert ist. Liste akzeptabler Spieler: Rodrygo, Barcola, Nico Williams, Cherki und Rafael Leão. Wir wollen Mitoma, Gakpo und andere schlechte Spieler nicht.",0
APK0F6Xjub8,A snap from the past 📸 Did you like Manu's style back then? 😁 #FCBayern #MiaSanMia,65409,2369,28,FC Bayern München,@jasminnagel395,Der goat❤❤❤,1
APK0F6Xjub8,A snap from the past 📸 Did you like Manu's style back then? 😁 #FCBayern #MiaSanMia,65409,2369,28,FC Bayern München,@bertrandboutin9699,Un vrai grandisse gardien notre manuel Neuer !!!,1
APK0F6Xjub8,A snap from the past 📸 Did you like Manu's style back then? 😁 #FCBayern #MiaSanMia,65409,2369,28,FC Bayern München,@Dren-t5b,Manuel neuer ist der goat😊,1
APK0F6Xjub8,A snap from the past 📸 Did you like Manu's style back then? 😁 #FCBayern #MiaSanMia,65409,2369,28,FC Bayern München,@MatthiasWerkmann,cool :D,1
APK0F6Xjub8,A snap from the past 📸 Did you like Manu's style back then? 😁 #FCBayern #MiaSanMia,65409,2369,28,FC Bayern München,@stefankolbl217,Er soll sein Platz räumen für urbig,0
APK0F6Xjub8,A snap from the past 📸 Did you like Manu's style back then? 😁 #FCBayern #MiaSanMia,65409,2369,28,FC Bayern München,@PaulMuller-nq7od,Manuel neuer bitte bitte bitte bitte bitte bitte bitte bitte bitte bitte bitte bitte grüß mich ❤❤bitte bitte bitte bitte bitte bitte bitte bitte bitte bitte bitte❤❤❤❤❤❤❤❤❤❤❤❤❤❤❤❤,1
APK0F6Xjub8,A snap from the past 📸 Did you like Manu's style back then? 😁 #FCBayern #MiaSanMia,65409,2369,28,FC Bayern München,@rafsanimam91311,"Manuwall Neuer
❤from bangladesh 🇩🇪🇧🇩",3
APK0F6Xjub8,A snap from the past 📸 Did you like Manu's style back then? 😁 #FCBayern #MiaSanMia,65409,2369,28,FC Bayern München,@jeancarlosdealmeidaesilva2718,Wie sub er há halt,0
APK0F6Xjub8,A snap from the past 📸 Did you like Manu's style back then? 😁 #FCBayern #MiaSanMia,65409,2369,28,FC Bayern München,@Luukinator1910,The Goat im Tor❤,4
APK0F6Xjub8,A snap from the past 📸 Did you like Manu's style back then? 😁 #FCBayern #MiaSanMia,65409,2369,28,FC Bayern München,@IglazeManuelneuer,Meine Idol 😍😍😍,3
APK0F6Xjub8,A snap from the past 📸 Did you like Manu's style back then? 😁 #FCBayern #MiaSanMia,65409,2369,28,FC Bayern München,@valdanohutapea,"He's not Manuel Neuer, he's Peter Parker from spiderman 😅",3
APK0F6Xjub8,A snap from the past 📸 Did you like Manu's style back then? 😁 #FCBayern #MiaSanMia,65409,2369,28,FC Bayern München,@abdullahriyadh6121,My lovely best player of all time ❤ mia san mia,7
APK0F6Xjub8,A snap from the past 📸 Did you like Manu's style back then? 😁 #FCBayern #MiaSanMia,65409,2369,28,FC Bayern München,@leticiaa.29,"wie süß 😂🤍 Er hat halt 
schon immer style. 🤭",26
APK0F6Xjub8,A snap from the past 📸 Did you like Manu's style back then? 😁 #FCBayern #MiaSanMia,65409,2369,28,FC Bayern München,@mygoatisthomasmuller,Der schönste Torwart der Welt!!,3
0Sk9-5jR5lo,For the history books: Thomas Müller's final Bundesliga moments for FC Bayern! 🥹🥹,48552,2607,25,FC Bayern München,@TheSecretAgent-z6n,Even the opponent fans respect him,0
0Sk9-5jR5lo,For the history books: Thomas Müller's final Bundesliga moments for FC Bayern! 🥹🥹,48552,2607,25,FC Bayern München,@SilvinoMocho-ld8yg,"Thomas Miller jerarquía ,empuje bujía del Bayern y de la mejor selección de fútbol del mundo ALEMANIA.  Te EXTRAÑAREMOS EN LA CANCHA. UN HOMBRE IRREMPLAZABLE.",1
0Sk9-5jR5lo,For the history books: Thomas Müller's final Bundesliga moments for FC Bayern! 🥹🥹,48552,2607,25,FC Bayern München,@Zeingamer98629,Fifa club world cup?,0
0Sk9-5jR5lo,For the history books: Thomas Müller's final Bundesliga moments for FC Bayern! 🥹🥹,48552,2607,25,FC Bayern München,@benjamintscherbatko2349,Ich werde ihn so vermissen😢😢😢 Thomas Müller Legende ❤ mia san mia,0
0Sk9-5jR5lo,For the history books: Thomas Müller's final Bundesliga moments for FC Bayern! 🥹🥹,48552,2607,25,FC Bayern München,@JMC8415,What a legend,0
0Sk9-5jR5lo,For the history books: Thomas Müller's final Bundesliga moments for FC Bayern! 🥹🥹,48552,2607,25,FC Bayern München,@stefan1469,Alle klatschten,2
0Sk9-5jR5lo,For the history books: Thomas Müller's final Bundesliga moments for FC Bayern! 🥹🥹,48552,2607,25,FC Bayern München,@potzschmarkus9582,Ein großer Fußballer da klatscht das ganze Stadion 🎉,7
0Sk9-5jR5lo,For the history books: Thomas Müller's final Bundesliga moments for FC Bayern! 🥹🥹,48552,2607,25,FC Bayern München,@dietmarraffke7326,Ein ganz großer verlässt die Bundesliga Bühne. Radio Müller wird fehlen,4
0Sk9-5jR5lo,For the history books: Thomas Müller's final Bundesliga moments for FC Bayern! 🥹🥹,48552,2607,25,FC Bayern München,@amirrezadolatabadi2253,Love you thomas❤❤❤❤❤,2
0Sk9-5jR5lo,For the history books: Thomas Müller's final Bundesliga moments for FC Bayern! 🥹🥹,48552,2607,25,FC Bayern München,@LucaTutino-o4i,Thomas bester Mann 😊,2
0Sk9-5jR5lo,For the history books: Thomas Müller's final Bundesliga moments for FC Bayern! 🥹🥹,48552,2607,25,FC Bayern München,@AlphonsoDavies19,DAANKE FÜR ALLES LEGENDE!❤🤍,1
0Sk9-5jR5lo,For the history books: Thomas Müller's final Bundesliga moments for FC Bayern! 🥹🥹,48552,2607,25,FC Bayern München,@AlphonsoDavies19,"Absouloute legend, thank you for everything
 ❤🤍",1
0Sk9-5jR5lo,For the history books: Thomas Müller's final Bundesliga moments for FC Bayern! 🥹🥹,48552,2607,25,FC Bayern München,@AndréFroese-k8z,Wir werden dich vermissen😢😢. Danke Thomas,1
0Sk9-5jR5lo,For the history books: Thomas Müller's final Bundesliga moments for FC Bayern! 🥹🥹,48552,2607,25,FC Bayern München,@bharatishetty7072,Thomas Müller is a legend we will never forget you😢 MIA SAN MIA ❤🤍,6
0Sk9-5jR5lo,For the history books: Thomas Müller's final Bundesliga moments for FC Bayern! 🥹🥹,48552,2607,25,FC Bayern München,@rafsanimam91311,"Thomas muller legend 
❤from bangladesh 🇩🇪🇧🇩",3
0Sk9-5jR5lo,For the history books: Thomas Müller's final Bundesliga moments for FC Bayern! 🥹🥹,48552,2607,25,FC Bayern München,@jeancarlosdealmeidaesilva2718,Thomas Muller  ist eine legende chapeu,1
0Sk9-5jR5lo,For the history books: Thomas Müller's final Bundesliga moments for FC Bayern! 🥹🥹,48552,2607,25,FC Bayern München,@qammerraheel9164,The club will never be the same again,1
0Sk9-5jR5lo,For the history books: Thomas Müller's final Bundesliga moments for FC Bayern! 🥹🥹,48552,2607,25,FC Bayern München,@PetraDusche,Thomas Müller ist eine Legende. Chapeau 👍👍👍👍👍,23
0Sk9-5jR5lo,For the history books: Thomas Müller's final Bundesliga moments for FC Bayern! 🥹🥹,48552,2607,25,FC Bayern München,@valdanohutapea,The FC Bayern soul,10
0Sk9-5jR5lo,For the history books: Thomas Müller's final Bundesliga moments for FC Bayern! 🥹🥹,48552,2607,25,FC Bayern München,@kaychaos6079,Warum net noch 1jahr...werden dich so vermissen 😮😢😢,2
0Sk9-5jR5lo,For the history books: Thomas Müller's final Bundesliga moments for FC Bayern! 🥹🥹,48552,2607,25,FC Bayern München,@seekeroftruth9200,Getting a standing ovation away from home says it all… absolute Bundesliga Legend,16
0Sk9-5jR5lo,For the history books: Thomas Müller's final Bundesliga moments for FC Bayern! 🥹🥹,48552,2607,25,FC Bayern München,@Cold_9898,😔💔,3
GvnqYr3EUeg,2 years ago 🥹 our last minute championship ❤️,105147,5578,67,FC Bayern München,@voidjunky,Musiala masterclass,0
GvnqYr3EUeg,2 years ago 🥹 our last minute championship ❤️,105147,5578,67,FC Bayern München,@marcgrundmann4090,Doofmund und Kölle,1
GvnqYr3EUeg,2 years ago 🥹 our last minute championship ❤️,105147,5578,67,FC Bayern München,@hanslandau3091,"""Und in zwei Jahren fliegen wir mit dem Privatjet nach Ibiza und zeigen was für Männer wir sind. Wir werden innerhalb von 30 Stunden auf drei Tanzflächen herumhüpfen. Wie es richtige Männer eben so tun.""",0
GvnqYr3EUeg,2 years ago 🥹 our last minute championship ❤️,105147,5578,67,FC Bayern München,@abomarsyr103,❤❤❤❤,0
GvnqYr3EUeg,2 years ago 🥹 our last minute championship ❤️,105147,5578,67,FC Bayern München,@Sigma_Edit9090,The best team at two years ago ❤ but this year thay are better ❤ I love kimmich for ever,1
GvnqYr3EUeg,2 years ago 🥹 our last minute championship ❤️,105147,5578,67,FC Bayern München,@BastiBB,Der Unterschied zu den anderen.,0
GvnqYr3EUeg,2 years ago 🥹 our last minute championship ❤️,105147,5578,67,FC Bayern München,@tomymcmb7303,"Ich kann mich noch dran erinnern, das Spiel war noch garnicht vorbei die haben zu früh gejubelt. Zum Glück ging alles gut 😂",0
GvnqYr3EUeg,2 years ago 🥹 our last minute championship ❤️,105147,5578,67,FC Bayern München,@michaelh.5687,Danke Mainz 🤣👍👍,1
GvnqYr3EUeg,2 years ago 🥹 our last minute championship ❤️,105147,5578,67,FC Bayern München,@MPSchmidt,"Statistically superior, but dortmund almost had us if it weren't for their 1 more win. Bayern had them in draws, goals, and goals against. We had a 20 some goal difference to Dortmund.",0
GvnqYr3EUeg,2 years ago 🥹 our last minute championship ❤️,105147,5578,67,FC Bayern München,@sascharoner8832,Zu diesem Zeitpunkt war das Spiel in Dortmund noch nicht aus .  Die waren falsch informiert.   Hätte auch zum Schalke Moment von 2001 werden können. Ging aber noch mal gut😀,0
GvnqYr3EUeg,2 years ago 🥹 our last minute championship ❤️,105147,5578,67,FC Bayern München,@rafsanimam91311,"Mia san mia fc bayern🔴⚪
❤from Bangladesh 🇧🇩🇩🇪",0
GvnqYr3EUeg,2 years ago 🥹 our last minute championship ❤️,105147,5578,67,FC Bayern München,@Mamedovbayern4eva,Jaaa! I remember i watched this with dad,0
GvnqYr3EUeg,2 years ago 🥹 our last minute championship ❤️,105147,5578,67,FC Bayern München,@Isaak_DJ,"Das war so schön eure ganzen Mütter zu beleidigen 🥰
Fühlt sich an wie gestern ❤️🤍🐐",0
GvnqYr3EUeg,2 years ago 🥹 our last minute championship ❤️,105147,5578,67,FC Bayern München,@nicolaszunigaortiz9382,❤❤❤❤❤❤❤❤,1
GvnqYr3EUeg,2 years ago 🥹 our last minute championship ❤️,105147,5578,67,FC Bayern München,@Wuerzburger-z3q,"Auf Euch alle, Prost!!",1
GvnqYr3EUeg,2 years ago 🥹 our last minute championship ❤️,105147,5578,67,FC Bayern München,@ooy1212,"choupo, cancelo, de ligt 😊",5
GvnqYr3EUeg,2 years ago 🥹 our last minute championship ❤️,105147,5578,67,FC Bayern München,@lucanikolaus4222,"So ein Gänsehaut Moment 
MIA SAN MIA ❤️ 🤍 ❤️",2
GvnqYr3EUeg,2 years ago 🥹 our last minute championship ❤️,105147,5578,67,FC Bayern München,@Maurer92,Concelo 😢,1
GvnqYr3EUeg,2 years ago 🥹 our last minute championship ❤️,105147,5578,67,FC Bayern München,@axelhercher1396,"Die Bayern haben in 
Köln gejubelt bevor das
Spiel Dortmund-Mainz
vorbei war.
Wie Schalke 2001.
2023 gab es schon Mobiltelefone und Internet ? 
Die Bayern Spieler hätten
das wissen müssen.
Lernen aus 2001.",0
GvnqYr3EUeg,2 years ago 🥹 our last minute championship ❤️,105147,5578,67,FC Bayern München,@LegoStarWarsGuyinVA,Danke Mainz05! 😊,2
GvnqYr3EUeg,2 years ago 🥹 our last minute championship ❤️,105147,5578,67,FC Bayern München,@wesly.gibson,That's football we love ❤,1
GvnqYr3EUeg,2 years ago 🥹 our last minute championship ❤️,105147,5578,67,FC Bayern München,@Jonas-bb1x08,Gänsehaut ❤️🤍,1
GvnqYr3EUeg,2 years ago 🥹 our last minute championship ❤️,105147,5578,67,FC Bayern München,@MatthiasWerkmann,"sauber, Glückwunsch :D",1
GvnqYr3EUeg,2 years ago 🥹 our last minute championship ❤️,105147,5578,67,FC Bayern München,@AndréFroese-k8z,Das war krass😊❤❤,1
GvnqYr3EUeg,2 years ago 🥹 our last minute championship ❤️,105147,5578,67,FC Bayern München,@SalamatdinSha,Musiaaaalaaaa,1
GvnqYr3EUeg,2 years ago 🥹 our last minute championship ❤️,105147,5578,67,FC Bayern München,@hasan6711,"War das schön, die Dortmunder noch angefangen zu haben. Zuerst verballert Sane die Riesenchance zum 2:1 und unmittelbar danach bekommt Musiala den Ball und hämmert ihn ins rechte untere Eck. Welch eine Explosion der Freude",5
GvnqYr3EUeg,2 years ago 🥹 our last minute championship ❤️,105147,5578,67,FC Bayern München,@Raylowoff,Magic Choupo,1
GvnqYr3EUeg,2 years ago 🥹 our last minute championship ❤️,105147,5578,67,FC Bayern München,@matthiaskonig5076,Wunderschönen Moment 🎉❤,1
GvnqYr3EUeg,2 years ago 🥹 our last minute championship ❤️,105147,5578,67,FC Bayern München,@airvengers.co.6370,Please sign cancelo ❤please Bayern,0
GvnqYr3EUeg,2 years ago 🥹 our last minute championship ❤️,105147,5578,67,FC Bayern München,@motteogkush9821,Unglaublicher Moment mit viel Gänsehaut :) Nur der FCB !!!!,1
GvnqYr3EUeg,2 years ago 🥹 our last minute championship ❤️,105147,5578,67,FC Bayern München,@Random-fm1ep,I still remembered This Jamal Musiala Clutch Goal from Outside the Box in Last Match of the season,21
GvnqYr3EUeg,2 years ago 🥹 our last minute championship ❤️,105147,5578,67,FC Bayern München,@birgitgrzesik8881,Gänsehaut pur. Wir haben im Garten gesessen und Geburtstag gefeiert. Erst war die Luft weg und dann haben wir gebrüllt  jaaaaaa❤Da hat das Feiern doppelt Spaß gemacht.,16
GvnqYr3EUeg,2 years ago 🥹 our last minute championship ❤️,105147,5578,67,FC Bayern München,@S6G-VB,Das war so nice,1
GvnqYr3EUeg,2 years ago 🥹 our last minute championship ❤️,105147,5578,67,FC Bayern München,@AliasAliasAliasAlias2705,Haha! Diese elenden Kölner hatten genau das verdient 😂❤,3
GvnqYr3EUeg,2 years ago 🥹 our last minute championship ❤️,105147,5578,67,FC Bayern München,@Yessin-h6h,"Ich war sogar im Stadion, bester Moment Bayern beste Mannschaft",7
GvnqYr3EUeg,2 years ago 🥹 our last minute championship ❤️,105147,5578,67,FC Bayern München,@SS_Edits88,Mia San Meister 😮‍💨,0
GvnqYr3EUeg,2 years ago 🥹 our last minute championship ❤️,105147,5578,67,FC Bayern München,@KM-wh4zj,Miss Choupo-Moting,1
GvnqYr3EUeg,2 years ago 🥹 our last minute championship ❤️,105147,5578,67,FC Bayern München,@Stern_des_Sudens6,Choumo Poting,1
GvnqYr3EUeg,2 years ago 🥹 our last minute championship ❤️,105147,5578,67,FC Bayern München,@BakerOmeirat-i9f,Ich vermisse Choupo❤,5
GvnqYr3EUeg,2 years ago 🥹 our last minute championship ❤️,105147,5578,67,FC Bayern München,@bharatishetty7072,MIA SAN MIA ❤🤍,5
GvnqYr3EUeg,2 years ago 🥹 our last minute championship ❤️,105147,5578,67,FC Bayern München,@BastienFlückiger,Bester Moment,1
GvnqYr3EUeg,2 years ago 🥹 our last minute championship ❤️,105147,5578,67,FC Bayern München,@HyeonsikLi,De Ligt ❤❤❤,6
GvnqYr3EUeg,2 years ago 🥹 our last minute championship ❤️,105147,5578,67,FC Bayern München,@mileyslegomovies107,Ich erinnere mich an alles an dem Tag. Unfassbar dass wir das noch geholt haben. Hätte ich nicht gedacht. 2 Jahre waren's schon❤🎉,1
GvnqYr3EUeg,2 years ago 🥹 our last minute championship ❤️,105147,5578,67,FC Bayern München,@CristianoMeister,Wer war der der gefilmt hat?,3
GvnqYr3EUeg,2 years ago 🥹 our last minute championship ❤️,105147,5578,67,FC Bayern München,@AbonniertSchlonstii,So cool das das aufgenommen wurde!🎉🎉🎉❤❤❤❤❤❤❤❤❤ Danke FC Bayern! VIELE GRÜßE AN TAH❤❤❤❤,3
GvnqYr3EUeg,2 years ago 🥹 our last minute championship ❤️,105147,5578,67,FC Bayern München,@valdanohutapea,Yaaaaaaaa 😂,0
GvnqYr3EUeg,2 years ago 🥹 our last minute championship ❤️,105147,5578,67,FC Bayern München,@Nopeeeeeeeee0,Miss you choupo,30
GvnqYr3EUeg,2 years ago 🥹 our last minute championship ❤️,105147,5578,67,FC Bayern München,@PaulSchmidt-m8s,"War im Stadion, einer der schönsten Tage meines Lebens❤🤍",3
GvnqYr3EUeg,2 years ago 🥹 our last minute championship ❤️,105147,5578,67,FC Bayern München,@user-eh7wm9li6e,❤❤❤,1
GvnqYr3EUeg,2 years ago 🥹 our last minute championship ❤️,105147,5578,67,FC Bayern München,@mariellaknorr7552,"Gänsehaut pur das war so ein tolles Erlebnis 
Mia San Mia ❤🤍",3
GvnqYr3EUeg,2 years ago 🥹 our last minute championship ❤️,105147,5578,67,FC Bayern München,@Milena_Milka9,Das war geil ❤❤❤,1
GvnqYr3EUeg,2 years ago 🥹 our last minute championship ❤️,105147,5578,67,FC Bayern München,@m10hn26T5yTruatat-w,Erfreuen Sie uns weiterhin mit Ihrer einzigartigen Perspektive auf die Dinge. Ihre Videos bringen Abwechslung in die Welt der Online-Unterhaltung.💫⚽️🎃,0
GvnqYr3EUeg,2 years ago 🥹 our last minute championship ❤️,105147,5578,67,FC Bayern München,@m10n30T5yCococ,Vielen Dank für Ihre harte Arbeit und Ihre Kreativität bei der Erstellung von Inhalten. Ihre Videos sind immer interessant.🗽🥿🥞,0
GvnqYr3EUeg,2 years ago 🥹 our last minute championship ❤️,105147,5578,67,FC Bayern München,@MateoMK11,So ein wundervoller Moment❤️,17
GvnqYr3EUeg,2 years ago 🥹 our last minute championship ❤️,105147,5578,67,FC Bayern München,@LLCoolJ7,😂🎉,1
GvnqYr3EUeg,2 years ago 🥹 our last minute championship ❤️,105147,5578,67,FC Bayern München,@Crusader-q2w,Super FCB ❤👍🙏,18
GvnqYr3EUeg,2 years ago 🥹 our last minute championship ❤️,105147,5578,67,FC Bayern München,@DerKaiserBeckenbauer,Thanks to Müller’s phone 😂😍,47
GvnqYr3EUeg,2 years ago 🥹 our last minute championship ❤️,105147,5578,67,FC Bayern München,@Apfeld-x8q,Das ist mein Verein ❤,17
GvnqYr3EUeg,2 years ago 🥹 our last minute championship ❤️,105147,5578,67,FC Bayern München,@Risikesitall,What a way to become champions of Germany 🍽️🏴󠁧󠁢󠁥󠁮󠁧󠁿🧔‍♂️,13
GvnqYr3EUeg,2 years ago 🥹 our last minute championship ❤️,105147,5578,67,FC Bayern München,@devinschreiner5000,So ein schöner Moment gewesen❤️🤍MiasanMia,96
NMqA258z4rY,Jonathan Tah's first day at FC Bayern | Behind the Scenes,461876,18184,894,FC Bayern München,@peini9381,Schön dat HSV Trikot rausgeholt! :D,0
NMqA258z4rY,Jonathan Tah's first day at FC Bayern | Behind the Scenes,461876,18184,894,FC Bayern München,@emkay1182,Servus!,0
NMqA258z4rY,Jonathan Tah's first day at FC Bayern | Behind the Scenes,461876,18184,894,FC Bayern München,@andreasbrutschek595,Ehrlos und Geldgierig...🤑,0
NMqA258z4rY,Jonathan Tah's first day at FC Bayern | Behind the Scenes,461876,18184,894,FC Bayern München,@jesusanibalespindola,"Willkommen Jonathan, 🎉",0
NMqA258z4rY,Jonathan Tah's first day at FC Bayern | Behind the Scenes,461876,18184,894,FC Bayern München,@lpdemodimi,Bin echt gespannt wie er unter Kompany und seiner hohen Verteidigungslinie performen wird. Er ist bekanntlich nicht der Schnellste.,0
NMqA258z4rY,Jonathan Tah's first day at FC Bayern | Behind the Scenes,461876,18184,894,FC Bayern München,@mov.7523,BOCK!!,0
NMqA258z4rY,Jonathan Tah's first day at FC Bayern | Behind the Scenes,461876,18184,894,FC Bayern München,@MarcRothmund,"Ein wahnsinnig symphatischer und bodenständiger Typ mit einer Mega-Ausstrahlung. Für mich ein Toptransfer, passt deutlich besser in die Kabine als Wirtz",0
NMqA258z4rY,Jonathan Tah's first day at FC Bayern | Behind the Scenes,461876,18184,894,FC Bayern München,@Marvin-h8k4b,Wird auch Zeit!!!!!,0
NMqA258z4rY,Jonathan Tah's first day at FC Bayern | Behind the Scenes,461876,18184,894,FC Bayern München,@kieffer4615,"Wow Jonathan Tah, but we sold dier not kim minjae. No improvement here bad club",0
NMqA258z4rY,Jonathan Tah's first day at FC Bayern | Behind the Scenes,461876,18184,894,FC Bayern München,@oluwademiladesamuel165,Good signing but the nonchalance towards the massive hole on the LW is hilarious then who's the back up for Jamal.,0
NMqA258z4rY,Jonathan Tah's first day at FC Bayern | Behind the Scenes,461876,18184,894,FC Bayern München,@murtlobein130,Da habt mal wieder einen Verteidiger der richtig was drauf hat,0
NMqA258z4rY,Jonathan Tah's first day at FC Bayern | Behind the Scenes,461876,18184,894,FC Bayern München,@bionasys2967,🛡UPA - TAH 🛡,0
NMqA258z4rY,Jonathan Tah's first day at FC Bayern | Behind the Scenes,461876,18184,894,FC Bayern München,@ForzaSpain2024,Der Typ arbeitet mit der wettmafia. Schaut mal wie er gegen Stuttgart nur den Ball hinterlief und absichtlich Tore zu ließ !!!!!,0
NMqA258z4rY,Jonathan Tah's first day at FC Bayern | Behind the Scenes,461876,18184,894,FC Bayern München,@ForzaSpain2024,Ab nach Afrika,0
NMqA258z4rY,Jonathan Tah's first day at FC Bayern | Behind the Scenes,461876,18184,894,FC Bayern München,@burakozyilmaz8512,geil,0
NMqA258z4rY,Jonathan Tah's first day at FC Bayern | Behind the Scenes,461876,18184,894,FC Bayern München,@danielseiffert8705,Na wie immer den größten Konkurrenten mal wider kaputt kaufen. Erinnert ganz stark an BALACK UND ZE ROBERTO ihr RATTEN. Sich über city und psg beschweren aber selber der größte Pezevenk Verein der Welt. Ihr seid die ratten des Sports mit eurem handgeld gelocke. Zum kotzen. Und immer und immer wieder.,0
NMqA258z4rY,Jonathan Tah's first day at FC Bayern | Behind the Scenes,461876,18184,894,FC Bayern München,@MD-cq3wz,Sinnvoller Einkauf.  Wirtz hätte nie gepasst!,0
NMqA258z4rY,Jonathan Tah's first day at FC Bayern | Behind the Scenes,461876,18184,894,FC Bayern München,@armandoryan,Was fuer eine gute neue!,0
NMqA258z4rY,Jonathan Tah's first day at FC Bayern | Behind the Scenes,461876,18184,894,FC Bayern München,@Kazuya720,Hat sich der Oreos auf die Brust gebranded??,0
NMqA258z4rY,Jonathan Tah's first day at FC Bayern | Behind the Scenes,461876,18184,894,FC Bayern München,@Kazuya720,1:39 wow ein Hamburger der glei wos ˋeana“ hoaßt,0
NMqA258z4rY,Jonathan Tah's first day at FC Bayern | Behind the Scenes,461876,18184,894,FC Bayern München,@jonas4real982,Jonathans erster ta(h)g,0
NMqA258z4rY,Jonathan Tah's first day at FC Bayern | Behind the Scenes,461876,18184,894,FC Bayern München,@chorathmy,Most of the players who are going through this detailed medical examination are getting injured more frequently  after joining Bayern 😅,0
NMqA258z4rY,Jonathan Tah's first day at FC Bayern | Behind the Scenes,461876,18184,894,FC Bayern München,@marcusfalkiewicz,DER&Fit? Sollte erst mal einen LAAANGEN Belastungs Check hinter sich bringen diesa Kaschbar 😄🪅🥳,0
NMqA258z4rY,Jonathan Tah's first day at FC Bayern | Behind the Scenes,461876,18184,894,FC Bayern München,@DirkHasslocher,Jonathan tah und herry kane muss zusammen spielen und die club wm holen 2026 2027 die deutsche mannschaft holen damit die fcbayern münchen familie glücklich ist und die fcbayern münchen fans glücklich gemacht werden und die ishr 🎉😮❤set 90er fcbayern münchen fan,1
NMqA258z4rY,Jonathan Tah's first day at FC Bayern | Behind the Scenes,461876,18184,894,FC Bayern München,@24KG24,"PSG junge , hungrige Spieler - Bayern verlängert mit Sane ;)",0
NMqA258z4rY,Jonathan Tah's first day at FC Bayern | Behind the Scenes,461876,18184,894,FC Bayern München,@powerx5446,Da Homie schaugt brutal fit aus oida! Herzlich Wilkommen und Servus Jona! =),0
NMqA258z4rY,Jonathan Tah's first day at FC Bayern | Behind the Scenes,461876,18184,894,FC Bayern München,@sk73gert,Top Einkauf  .. vor allem denke ich von der menschlichen Seite her! Macht einen total bodenständigen Eindruck .. solche Typen mag ich!,0
NMqA258z4rY,Jonathan Tah's first day at FC Bayern | Behind the Scenes,461876,18184,894,FC Bayern München,@NurderFCBayern8,"Ich verstehe meinen Verein nicht mehr.

Gestern hat Desiree Doue die Championsleague gewonnen.
Warum hat der FC Bayern es nicht geschafft ihn zu verpflichten ?

Für die Championsleague brauchen wir neue gute Spieler und wir bekommen sie zu oft nicht.

Seit Jahren sehen wir so viele Managementfehler.",0
NMqA258z4rY,Jonathan Tah's first day at FC Bayern | Behind the Scenes,461876,18184,894,FC Bayern München,@sunonyee7327,❤ Willkommen Jonathan!,0
NMqA258z4rY,Jonathan Tah's first day at FC Bayern | Behind the Scenes,461876,18184,894,FC Bayern München,@christiankeller2655,Du bist nicht der Jona sondern man nennt dich den Tah Tü Tah Ta,0
NMqA258z4rY,Jonathan Tah's first day at FC Bayern | Behind the Scenes,461876,18184,894,FC Bayern München,@Danny07112,"Zu Bayern zu wechseln ist keine Weiterentwicklung mehr. Das wird Tah jetzt beweisen. 
10 Jahre in lev sind seine Entwicklung in der BL. 
Wenn er eine Weiterentwicklung hätte haben wollen wäre er nach England oder Spanien gegangen. 
Geld ist nicht alles Jona. 🤷‍♂️",0
NMqA258z4rY,Jonathan Tah's first day at FC Bayern | Behind the Scenes,461876,18184,894,FC Bayern München,@chrn9688,Vielleicht die beste Verpflichtung der letzten 5 Jahre. Noch vor Kane.,0
NMqA258z4rY,Jonathan Tah's first day at FC Bayern | Behind the Scenes,461876,18184,894,FC Bayern München,@hanslandau3091,"Ist das derselbe Tah, von dem der Aufsichtsrat letztes Jahr doch nicht so überzeugt war ?
🤣",0
NMqA258z4rY,Jonathan Tah's first day at FC Bayern | Behind the Scenes,461876,18184,894,FC Bayern München,@KaleaEberhardt,"Willkommen beim FC Bayern, Tah 🎉❤",0
NMqA258z4rY,Jonathan Tah's first day at FC Bayern | Behind the Scenes,461876,18184,894,FC Bayern München,@Machina71,Wo ist deLigt?,0
NMqA258z4rY,Jonathan Tah's first day at FC Bayern | Behind the Scenes,461876,18184,894,FC Bayern München,@lfcb407,Abwehrboss.,0
NMqA258z4rY,Jonathan Tah's first day at FC Bayern | Behind the Scenes,461876,18184,894,FC Bayern München,@Fussballplanet,Sehr guter Transfer!!!!!,0
NMqA258z4rY,Jonathan Tah's first day at FC Bayern | Behind the Scenes,461876,18184,894,FC Bayern München,@JanozMaliskjevic,"Hamburger Jung 💪🏻 
NUR DER HSV !!!
wir sehen uns in der 1 Liga 
🖤🤍💙",0
NMqA258z4rY,Jonathan Tah's first day at FC Bayern | Behind the Scenes,461876,18184,894,FC Bayern München,@Demokratiefreund909,"Wenn die Bayern Cherki von Lyon nicht holen, dann sind sie blöd!",0
NMqA258z4rY,Jonathan Tah's first day at FC Bayern | Behind the Scenes,461876,18184,894,FC Bayern München,@HeinzFuchs-o3q,Tah super typ  nur beim falschen Verein  drecksbayern  wie kann man nur😮,1
NMqA258z4rY,Jonathan Tah's first day at FC Bayern | Behind the Scenes,461876,18184,894,FC Bayern München,@ekoadie,Wirtz gimana?,0
NMqA258z4rY,Jonathan Tah's first day at FC Bayern | Behind the Scenes,461876,18184,894,FC Bayern München,@CRYST4LH4RRY,Bester Mann,0
NMqA258z4rY,Jonathan Tah's first day at FC Bayern | Behind the Scenes,461876,18184,894,FC Bayern München,@minirick9991,falscher hund erbel oder wie der heißt weg mit den sofort,0
NMqA258z4rY,Jonathan Tah's first day at FC Bayern | Behind the Scenes,461876,18184,894,FC Bayern München,@johnwein9125,"Das ist genau der Verteidiger den wir gebraucht haben ! Schade dass der Eric Dier gegangen ist, ich glaube das wäre ein Ideales Innenverteidigerteam gewesen !!!",1
NMqA258z4rY,Jonathan Tah's first day at FC Bayern | Behind the Scenes,461876,18184,894,FC Bayern München,@Jochen.Lutz-Germany,Mit ihm bekommt die Wackelabwehr hoffentlich die so dringend benötigte Stabilität. Nebenbei sehr sympathisch.,0
NMqA258z4rY,Jonathan Tah's first day at FC Bayern | Behind the Scenes,461876,18184,894,FC Bayern München,@Sonnen_Hammer,"Servus Jona !
Mit dir kommt hoffentlich endlich wieder Stabilität in die Abwehr ❤",0
NMqA258z4rY,Jonathan Tah's first day at FC Bayern | Behind the Scenes,461876,18184,894,FC Bayern München,@barbadosz,nur noch Mittelmaß in der Defensive,0
NMqA258z4rY,Jonathan Tah's first day at FC Bayern | Behind the Scenes,461876,18184,894,FC Bayern München,@JoelCHRISSI,"Genial !!!!🎉 der top Transfer leider 1 Jahr zu spät ,aber jetzt ...auf geht's Jona 🎉",0
NMqA258z4rY,Jonathan Tah's first day at FC Bayern | Behind the Scenes,461876,18184,894,FC Bayern München,@jorg5933,Toller Spieler!,0
NMqA258z4rY,Jonathan Tah's first day at FC Bayern | Behind the Scenes,461876,18184,894,FC Bayern München,@samsfuballchannel1754,Super Sympathischer Typ. Willkommen in München.,0
NMqA258z4rY,Jonathan Tah's first day at FC Bayern | Behind the Scenes,461876,18184,894,FC Bayern München,@OktayAvsar-,Tah ist der beste und sympathisch,0
NMqA258z4rY,Jonathan Tah's first day at FC Bayern | Behind the Scenes,461876,18184,894,FC Bayern München,@remokelm1838,"Wirkt sehr sympathisch und hilft dem Verein derzeit mehr als Wirtz. Nichts gegen Wirtz. Seine Qualitäten sind unbestritten, aber in der Offensive gibts doch eigentlich keinen wirklichen Handlungsbedarf. In der Defensive dagegen schon. Insofern...alles richtig gemacht mit Tah.",0
NMqA258z4rY,Jonathan Tah's first day at FC Bayern | Behind the Scenes,461876,18184,894,FC Bayern München,@sascharossin5727,"Ach, was für ein lieber und sympathischer Mensch! 
Gegen ihn spielen möchte ich aber nicht! 😁👍
Obwohl, das ist ein fairer Abwehrspieler!
Spricht für seine Klasse! 😊",0
NMqA258z4rY,Jonathan Tah's first day at FC Bayern | Behind the Scenes,461876,18184,894,FC Bayern München,@youtubeonly520,nächster mittelklassiger spieler bei bayern. Wirklich gut gemacht.,1
NMqA258z4rY,Jonathan Tah's first day at FC Bayern | Behind the Scenes,461876,18184,894,FC Bayern München,@thomasvierke8501,am 4.Spieltag sein erstes Kopfballtor....🧭,0
NMqA258z4rY,Jonathan Tah's first day at FC Bayern | Behind the Scenes,461876,18184,894,FC Bayern München,@afribanjo5407,Herzlich willkommen Jona 🎉🎉🎉😊,0
NMqA258z4rY,Jonathan Tah's first day at FC Bayern | Behind the Scenes,461876,18184,894,FC Bayern München,@afribanjo5407,Herzlich willkommen Jona 🎉🎉🎉😊,0
NMqA258z4rY,Jonathan Tah's first day at FC Bayern | Behind the Scenes,461876,18184,894,FC Bayern München,@GOLF_GTI_CLUBSPORT,❤️🤍,0
NMqA258z4rY,Jonathan Tah's first day at FC Bayern | Behind the Scenes,461876,18184,894,FC Bayern München,@Datenschutz_Datenschutz,"Sehr guter Typ, sehr guter Verteidiger.",0
NMqA258z4rY,Jonathan Tah's first day at FC Bayern | Behind the Scenes,461876,18184,894,FC Bayern München,@OluwadurotimiOlatokunbo,Welcome to Bayern Munich 🔥🔥🔥Jonathan TAH🔥🔥🔥❤❤❤,0
NMqA258z4rY,Jonathan Tah's first day at FC Bayern | Behind the Scenes,461876,18184,894,FC Bayern München,@balu3848,Wird bei Bayern nix taugen!,0
NMqA258z4rY,Jonathan Tah's first day at FC Bayern | Behind the Scenes,461876,18184,894,FC Bayern München,@bhhh143,Tah und Kim werden Beine gebrochen ❤,0
NMqA258z4rY,Jonathan Tah's first day at FC Bayern | Behind the Scenes,461876,18184,894,FC Bayern München,@nicostiel2469,"Hoffe mit ihm kommen wir in der cl weiter , aber top linksaußen plus Kane Backup wäre noch wichtig.",0
NMqA258z4rY,Jonathan Tah's first day at FC Bayern | Behind the Scenes,461876,18184,894,FC Bayern München,@schmelelid8059,"Besser isses Jona, besser.. isses!
🔴⚪",0
NMqA258z4rY,Jonathan Tah's first day at FC Bayern | Behind the Scenes,461876,18184,894,FC Bayern München,@thomaskalbermatter1533,🤢,0
NMqA258z4rY,Jonathan Tah's first day at FC Bayern | Behind the Scenes,461876,18184,894,FC Bayern München,@hermannr80,Nun ja....ihm wäre der spanische FCB sicher liebr gewesen.,0
NMqA258z4rY,Jonathan Tah's first day at FC Bayern | Behind the Scenes,461876,18184,894,FC Bayern München,@hermannr80,Nun ja er wäre wohl lieber zum spanischen FCB gegangenen.  Bayern ist eben nicht mehr erste Wahl.,0
NMqA258z4rY,Jonathan Tah's first day at FC Bayern | Behind the Scenes,461876,18184,894,FC Bayern München,@colin7304,Beim HSV groß geworden,0
NMqA258z4rY,Jonathan Tah's first day at FC Bayern | Behind the Scenes,461876,18184,894,FC Bayern München,@Gon1512calo,"Aus Frust jetzt Jonathan holen

FC Bayern, Stern des Südens. Du wirst in der Champions League immer untergehen sowie in schlechten und auch guten Zeiten. Ihr werdet nur Bundesliga gewinnen.",0
NMqA258z4rY,Jonathan Tah's first day at FC Bayern | Behind the Scenes,461876,18184,894,FC Bayern München,@anecdote7400,jona wird diese saison nochmal einen sprung machen und der mit abstand beste IV in der liga sein!,0
NMqA258z4rY,Jonathan Tah's first day at FC Bayern | Behind the Scenes,461876,18184,894,FC Bayern München,@DirkHasslocher,jonathan tha und herry kane muss nest ja 2026 die fans glücklich machen mit der fcbayern deutsche mannschaft holen der fcbayern welt ist in ordnung jetzt der fcbayern ist jetzt besser geworden die fans sind auch glücklich machen und die ishr,1
NMqA258z4rY,Jonathan Tah's first day at FC Bayern | Behind the Scenes,461876,18184,894,FC Bayern München,@bh4130,"Sympathische Krankenschwester, aber auch sympathischer, erster Auftritt von unserem neuen IV. Herzlich willkommen beim FCB, Jona",0
NMqA258z4rY,Jonathan Tah's first day at FC Bayern | Behind the Scenes,461876,18184,894,FC Bayern München,@proudlycanadian3023,"Lasst uns aggressiv, rücksichtslos, grausam, skrupellos und gnadenlos sein und FC BAYERN über 100 Millionen Abonnenten verschaffen!",0
NMqA258z4rY,Jonathan Tah's first day at FC Bayern | Behind the Scenes,461876,18184,894,FC Bayern München,@dOMINIClord-by3se,"Willkommen beim fc bayern munchen jonathan tah bayer leverkusan legende und fc bayern legend mia  san mia , great player good luck if you need it, deutsche from munchen deutschland",1
NMqA258z4rY,Jonathan Tah's first day at FC Bayern | Behind the Scenes,461876,18184,894,FC Bayern München,@outlaw2846,Thada! Willkommen beim FCB,0
NMqA258z4rY,Jonathan Tah's first day at FC Bayern | Behind the Scenes,461876,18184,894,FC Bayern München,@OMalley2310,Na endlich is Jona da hat ja lange auf sich warten lassen,0
NMqA258z4rY,Jonathan Tah's first day at FC Bayern | Behind the Scenes,461876,18184,894,FC Bayern München,@creamacgameplaysandmore,gott sei dank ist er nicht zu uns nach barca gekommen,0
NMqA258z4rY,Jonathan Tah's first day at FC Bayern | Behind the Scenes,461876,18184,894,FC Bayern München,@rafsanimam91311,"Welcome Jonathan tah in fc bayern🔴⚪
❤from bangladesh 🇩🇪🇧🇩",4
NMqA258z4rY,Jonathan Tah's first day at FC Bayern | Behind the Scenes,461876,18184,894,FC Bayern München,@Huiwaeller82,Die Watschn von Wirtz hallen immer noch nach…,3
NMqA258z4rY,Jonathan Tah's first day at FC Bayern | Behind the Scenes,461876,18184,894,FC Bayern München,@Footballwithmike,"Top Verpflichtung und meiner Meinung momentan auch wichtiger als Wirtz. Die letzten Jahre sind wir in der CL immer dank unserer schwachen Abwehr ausgeschieden. Wenn du bei fast jedem Angriff anfällig bist, ist es eigentlich unmöglich große internationale Titel zu holen.",0
NMqA258z4rY,Jonathan Tah's first day at FC Bayern | Behind the Scenes,461876,18184,894,FC Bayern München,@stephanhopfner3351,"sein ganzes Erscheinungsbild sagt aus,ich will eigentlich nicht nach München....ich bin ein Verräter",2
NMqA258z4rY,Jonathan Tah's first day at FC Bayern | Behind the Scenes,461876,18184,894,FC Bayern München,@sigmaboy_08gr,Jonathan Ta welcome to the FC Bayern Munich 🎉,0
NMqA258z4rY,Jonathan Tah's first day at FC Bayern | Behind the Scenes,461876,18184,894,FC Bayern München,@njkn3257,Bester Mann 💪🏻,0
NMqA258z4rY,Jonathan Tah's first day at FC Bayern | Behind the Scenes,461876,18184,894,FC Bayern München,@pashkinsin,Was ist das für ein Trikot?!🫠,0
NMqA258z4rY,Jonathan Tah's first day at FC Bayern | Behind the Scenes,461876,18184,894,FC Bayern München,@spectrereurte2221,❤❤❤,1
NMqA258z4rY,Jonathan Tah's first day at FC Bayern | Behind the Scenes,461876,18184,894,FC Bayern München,@TiTi-hw2qz,Nächstes mal nicht hellblau anziehen wenn man zum FCB kommt😂,0
NMqA258z4rY,Jonathan Tah's first day at FC Bayern | Behind the Scenes,461876,18184,894,FC Bayern München,@birgitgrzesik8881,"Herzlich Willkommen Jona  Du bist im besten Verein,im besten Staff und bei den besten Jungs angekommen. Die Perfektion,die du ausstrahlst wird uns helfen Titel zu gewinnen. Ich freue mich,dich mit dem FCB Team auflaufen zu sehen.❤❤❤❤❤❤❤",3
NMqA258z4rY,Jonathan Tah's first day at FC Bayern | Behind the Scenes,461876,18184,894,FC Bayern München,@abdullahriyadh6121,Now my lovely Upa can step back from defense leadership and unleash his power ❤❤ Mia San Mia,0
NMqA258z4rY,Jonathan Tah's first day at FC Bayern | Behind the Scenes,461876,18184,894,FC Bayern München,@Adri2209-y8g,Herzliche willkommen Dicka.,0
NMqA258z4rY,Jonathan Tah's first day at FC Bayern | Behind the Scenes,461876,18184,894,FC Bayern München,@Michael.Roemer,Hoffentlich verkauft ihr dann den kim des war der größte Transfer flop !!!!!!,0
NMqA258z4rY,Jonathan Tah's first day at FC Bayern | Behind the Scenes,461876,18184,894,FC Bayern München,@fabioGasser-j7b,Sehr sympathitschen eindruck.   Jonahtan tah,0
NMqA258z4rY,Jonathan Tah's first day at FC Bayern | Behind the Scenes,461876,18184,894,FC Bayern München,@FokYoMontagne,"Tah bodenständig, Respektvoll, und dann noch seine ruhige Art, wirklich Top.",2
NMqA258z4rY,Jonathan Tah's first day at FC Bayern | Behind the Scenes,461876,18184,894,FC Bayern München,@sorenfootball5184,Direkt Kulturschock bekommen beim Eichhörnchen hahahahaha,0
NMqA258z4rY,Jonathan Tah's first day at FC Bayern | Behind the Scenes,461876,18184,894,FC Bayern München,@Msact,Hoffentlich endlich DER Abwehrchef,0
NMqA258z4rY,Jonathan Tah's first day at FC Bayern | Behind the Scenes,461876,18184,894,FC Bayern München,@불파스-c4d,"Munchen is truly the worst team. Are you releasing a player who endured an injury for about 3 months and sacrificed himself for the team because he is no longer needed? What have you guys done for Kim? If we lost or drew a game, we would just pass all the blame onto Kim. I will never support a team like this again. Munchen, perish forever.",0
NMqA258z4rY,Jonathan Tah's first day at FC Bayern | Behind the Scenes,461876,18184,894,FC Bayern München,@logan5207,Grüß Gott,0
NMqA258z4rY,Jonathan Tah's first day at FC Bayern | Behind the Scenes,461876,18184,894,FC Bayern München,@seppee72,Ein sehr sympathischer und wie es scheint auch sehr schlauer Mensch. Erkennt man an der Art wie er spricht. Ich glaube er wird gut in die Kabine passen!,0
NMqA258z4rY,Jonathan Tah's first day at FC Bayern | Behind the Scenes,461876,18184,894,FC Bayern München,@Dontiknowit,"Go to the home KIM MIN JA 
We are so happy 
TAH~~~~~~~~~~~`",0
NMqA258z4rY,Jonathan Tah's first day at FC Bayern | Behind the Scenes,461876,18184,894,FC Bayern München,@smilingt8761,Herzlich Wilkommen Jonathan! Bester Transfer seit Harry Kane 😎,1
NMqA258z4rY,Jonathan Tah's first day at FC Bayern | Behind the Scenes,461876,18184,894,FC Bayern München,@MichaelKlauer,"""Mia san mia""",1
NMqA258z4rY,Jonathan Tah's first day at FC Bayern | Behind the Scenes,461876,18184,894,FC Bayern München,@othnielAyumu,The signing I wanted😍🥳,0
NMqA258z4rY,Jonathan Tah's first day at FC Bayern | Behind the Scenes,461876,18184,894,FC Bayern München,@Hank.Landsberg,"Tah x Upa könnte crazy werden
2 absolute Tiere dahinten💪🏽",0
NMqA258z4rY,Jonathan Tah's first day at FC Bayern | Behind the Scenes,461876,18184,894,FC Bayern München,@danielhirschmann6447,Boahr freu mich für ihn. Guter Typ!,0
NMqA258z4rY,Jonathan Tah's first day at FC Bayern | Behind the Scenes,461876,18184,894,FC Bayern München,@Hank.Landsberg,Tah ist so ein brutales Upgrade für unsere Defensive!🔥 Ich denke er wird bei uns sehr viel erreichen. Seinen Stammplatz sollte er ohnehin haben.,0
NMqA258z4rY,Jonathan Tah's first day at FC Bayern | Behind the Scenes,461876,18184,894,FC Bayern München,@supersonic030,"Ein Weltklasse Verteidiger, nur so kannst du Titel gewinnen.🎉",1
NMqA258z4rY,Jonathan Tah's first day at FC Bayern | Behind the Scenes,461876,18184,894,FC Bayern München,@tobiasgro9417,"Unpopuläre Meinung, aber: Tah wahrscheinlich wichtiger als Wirtz momentan für Bayern.",1
NMqA258z4rY,Jonathan Tah's first day at FC Bayern | Behind the Scenes,461876,18184,894,FC Bayern München,@klamin_original,Hat man die 3 Aufkleber für den FC Bayern in der Stadt gefunden? Ist halt eigentlich ne Löwenstadt ;),0
NMqA258z4rY,Jonathan Tah's first day at FC Bayern | Behind the Scenes,461876,18184,894,FC Bayern München,@Martin-my8fk,"Naja, war die letzte Saison auch nicht wirklich Sattelfest.",1
NMqA258z4rY,Jonathan Tah's first day at FC Bayern | Behind the Scenes,461876,18184,894,FC Bayern München,@jandne1,Damals gab es deine Doku über die Wunderkinder im deutschen Fußball. Jona ist der einzige der es bis an die Spitze geschafft hat aus diesem Durchgang! 🙏🏼,0
NMqA258z4rY,Jonathan Tah's first day at FC Bayern | Behind the Scenes,461876,18184,894,FC Bayern München,@FinLandia27,eine der wenigen vernünftigen Neuzugänge,0
NMqA258z4rY,Jonathan Tah's first day at FC Bayern | Behind the Scenes,461876,18184,894,FC Bayern München,@jeffereyobrien2275,All the best warrior 👍,0
NMqA258z4rY,Jonathan Tah's first day at FC Bayern | Behind the Scenes,461876,18184,894,FC Bayern München,@thefoxplay1088,Abwarten!,0
NMqA258z4rY,Jonathan Tah's first day at FC Bayern | Behind the Scenes,461876,18184,894,FC Bayern München,@Querkel,Guter Typ. Schade dass Bayern keinen neuen richtigen Star bekommt diesen Sommer.,0
NMqA258z4rY,Jonathan Tah's first day at FC Bayern | Behind the Scenes,461876,18184,894,FC Bayern München,@Rsk030,Sehr geil willkommen !,0
NMqA258z4rY,Jonathan Tah's first day at FC Bayern | Behind the Scenes,461876,18184,894,FC Bayern München,@fuckedup-k6r,what a freaking racist football  club against asian people,1
NMqA258z4rY,Jonathan Tah's first day at FC Bayern | Behind the Scenes,461876,18184,894,FC Bayern München,@capricorn-not-sheep,Ob Tag eine Verstärkung wird steht noch in den Sternen. Ich glaube nicht.,0
NMqA258z4rY,Jonathan Tah's first day at FC Bayern | Behind the Scenes,461876,18184,894,FC Bayern München,@DM-qp5ux,Sehr geil! Willkommen in der Fam.,0
NMqA258z4rY,Jonathan Tah's first day at FC Bayern | Behind the Scenes,461876,18184,894,FC Bayern München,@มยุราลิวนารี,Coach arsenal 🙅🙅🙅🙅  no m.nodol man city coach arsenal 🙅🙅 🙅,1
NMqA258z4rY,Jonathan Tah's first day at FC Bayern | Behind the Scenes,461876,18184,894,FC Bayern München,@มยุราลิวนารี,Coach arsenal m.nodol 🙅🙅🙅🙅no-roma-llverpool-man.city-bayern munchen,1
NMqA258z4rY,Jonathan Tah's first day at FC Bayern | Behind the Scenes,461876,18184,894,FC Bayern München,@sventabsn2523,Willkommen Jona,0
NMqA258z4rY,Jonathan Tah's first day at FC Bayern | Behind the Scenes,461876,18184,894,FC Bayern München,@MyEmpire91,Jetzt noch Wirtz,1
NMqA258z4rY,Jonathan Tah's first day at FC Bayern | Behind the Scenes,461876,18184,894,FC Bayern München,@robocopter2534,"Was für eine Maschine, Tah + Upa sind solche Verteidigungsmonster. 🤩",0
NMqA258z4rY,Jonathan Tah's first day at FC Bayern | Behind the Scenes,461876,18184,894,FC Bayern München,@Soooeren,"Uff als Bayer-Fan natürlich hart, aber irgendwie auch spannend, jetzt Jonahs Reise weiterzuverfolgen. Ich drücke ihm die Daumen, dass er performt :)",0
NMqA258z4rY,Jonathan Tah's first day at FC Bayern | Behind the Scenes,461876,18184,894,FC Bayern München,@andredombrowski2864,Bin zwar Leverkusen Fan aber ich wünsche Jona alles gute dieser Welt und das er seinen Weg geht. Einfach eine Legende unterm Kreuz und ich bin mir sicher das er egal wo er spielt die Mannschaft noch besser machen wird.,0
NMqA258z4rY,Jonathan Tah's first day at FC Bayern | Behind the Scenes,461876,18184,894,FC Bayern München,@hodenbacke55555,Ganz schlimme Musik,1
NMqA258z4rY,Jonathan Tah's first day at FC Bayern | Behind the Scenes,461876,18184,894,FC Bayern München,@BennyR92,"Freue mich wirklich sehr, super Typ, super Spieler.",0
NMqA258z4rY,Jonathan Tah's first day at FC Bayern | Behind the Scenes,461876,18184,894,FC Bayern München,@cheech8257,Und der x-te Abwehrspieler: vllt solltet ihr mal an welchen festhalten und was aufbauen!,0
NMqA258z4rY,Jonathan Tah's first day at FC Bayern | Behind the Scenes,461876,18184,894,FC Bayern München,@shifty2094,Es war schon immer so das die besten Nationalspieler bei den Top Bundesliga Clubs waren. So sollte es sein und erschafft ein gutes Bild egal was für ein Fan man ist. Jeder Club der CL spielt vertritt somit auch die anderen Vereine weil es nun mal die deutsche Bundesliga ist die dort dann vertreten ist.,1
NMqA258z4rY,Jonathan Tah's first day at FC Bayern | Behind the Scenes,461876,18184,894,FC Bayern München,@erikx365,Was ein geiler Typ,0
NMqA258z4rY,Jonathan Tah's first day at FC Bayern | Behind the Scenes,461876,18184,894,FC Bayern München,@johnnyr.5092,Fresher dude,0
NMqA258z4rY,Jonathan Tah's first day at FC Bayern | Behind the Scenes,461876,18184,894,FC Bayern München,@renatehoefer283,Servus beim besten Verein der Welt Jona  🤍❤️🙌🥨,0
NMqA258z4rY,Jonathan Tah's first day at FC Bayern | Behind the Scenes,461876,18184,894,FC Bayern München,@lokend88,Zu Alt zu spät,0
NMqA258z4rY,Jonathan Tah's first day at FC Bayern | Behind the Scenes,461876,18184,894,FC Bayern München,@stefank4959,"Des mim Boarisch pack ma scho no, Jona! Schee, dassd do bist! ❤",0
NMqA258z4rY,Jonathan Tah's first day at FC Bayern | Behind the Scenes,461876,18184,894,FC Bayern München,@storm81la,Wichtige Verpflichtung. Alles Gute 🍀👍,0
NMqA258z4rY,Jonathan Tah's first day at FC Bayern | Behind the Scenes,461876,18184,894,FC Bayern München,@stefank4959,Vielleicht völlig random von einem 35jährigen Hetero ^^ Aber so ein trainierter untätowierter Teint von Tah hat schon Sex-Appeal 😊,2
NMqA258z4rY,Jonathan Tah's first day at FC Bayern | Behind the Scenes,461876,18184,894,FC Bayern München,@Charliesheen-q8v,Willkommen beim besten Verein der Welt ❤🎉,0
NMqA258z4rY,Jonathan Tah's first day at FC Bayern | Behind the Scenes,461876,18184,894,FC Bayern München,@christoph4412,"Was ist mit Wirtz, Max?",0
NMqA258z4rY,Jonathan Tah's first day at FC Bayern | Behind the Scenes,461876,18184,894,FC Bayern München,@syartigga9240,Malu uii tah,0
NMqA258z4rY,Jonathan Tah's first day at FC Bayern | Behind the Scenes,461876,18184,894,FC Bayern München,@hchnkjhf4660,Niko williMs . Leao,0
NMqA258z4rY,Jonathan Tah's first day at FC Bayern | Behind the Scenes,461876,18184,894,FC Bayern München,@siphelosiyaka8521,Great signing ✅,0
NMqA258z4rY,Jonathan Tah's first day at FC Bayern | Behind the Scenes,461876,18184,894,FC Bayern München,@HopsGnommen,Hab richtig bock auf Jonah ! sehr geiler Typ & top Transfer !,0
NMqA258z4rY,Jonathan Tah's first day at FC Bayern | Behind the Scenes,461876,18184,894,FC Bayern München,@AskCoco-z3e,백인이 아니네...,0
NMqA258z4rY,Jonathan Tah's first day at FC Bayern | Behind the Scenes,461876,18184,894,FC Bayern München,@김서빈-p2h,인종차별 구단에 오신걸 환영합니다🙌,0
NMqA258z4rY,Jonathan Tah's first day at FC Bayern | Behind the Scenes,461876,18184,894,FC Bayern München,@futsanX36,"he is so much happy , welcome tah",1
NMqA258z4rY,Jonathan Tah's first day at FC Bayern | Behind the Scenes,461876,18184,894,FC Bayern München,@jyapu8192,Welcome Tah,0
NMqA258z4rY,Jonathan Tah's first day at FC Bayern | Behind the Scenes,461876,18184,894,FC Bayern München,@RLlu3569,"Tah sieht sehr schlank aus, hat auf jeden Fall einige Kilos abgenommen in den letzten paar Jahren.",1
NMqA258z4rY,Jonathan Tah's first day at FC Bayern | Behind the Scenes,461876,18184,894,FC Bayern München,@Jonesman55,Schöne Geste mit dem HSV Trikot am Anfang ✌🏼,0
NMqA258z4rY,Jonathan Tah's first day at FC Bayern | Behind the Scenes,461876,18184,894,FC Bayern München,@tariqsamadi588,"4:23

Als hätte er sehnsüchtig seine Escort Dame erwartet.",0
NMqA258z4rY,Jonathan Tah's first day at FC Bayern | Behind the Scenes,461876,18184,894,FC Bayern München,@crlshn99,schön zu sehen wie höflich er ist,0
NMqA258z4rY,Jonathan Tah's first day at FC Bayern | Behind the Scenes,461876,18184,894,FC Bayern München,@hanniballecterbelvedere6749,Neuer süle. Wäre er kein deutscher Nationalspieler hätte ihn Bayern nicht geholt,0
NMqA258z4rY,Jonathan Tah's first day at FC Bayern | Behind the Scenes,461876,18184,894,FC Bayern München,@xaverzefix9566,"Tah werd koa De Light, scho glei garned wia da Alaba, der war ja domois aus da Jugend!
I denk der Tah muss no bissl Lerna, wobei er eh scho guad is!!",0
NMqA258z4rY,Jonathan Tah's first day at FC Bayern | Behind the Scenes,461876,18184,894,FC Bayern München,@عليمحمدعليالظافري-ق8ل,انا لعب محترف انضم إلا نديكم,1
NMqA258z4rY,Jonathan Tah's first day at FC Bayern | Behind the Scenes,461876,18184,894,FC Bayern München,@ReneG-o3d,"willkommen jonathan❤ freut mich das du nach münchen gekommen bist, hab jeden tag geschaut wann du kommst. alles gute und pack mas🎉",0
NMqA258z4rY,Jonathan Tah's first day at FC Bayern | Behind the Scenes,461876,18184,894,FC Bayern München,@Yuki.Setsuna7,짜이단 사망ㅋㅋㅋㅋㅋㅋ,0
NMqA258z4rY,Jonathan Tah's first day at FC Bayern | Behind the Scenes,461876,18184,894,FC Bayern München,@Christian-o3q,Sehr guter Transfer!,0
NMqA258z4rY,Jonathan Tah's first day at FC Bayern | Behind the Scenes,461876,18184,894,FC Bayern München,@i.c.wiener2750,"Werde niemals verstehen können, warum man zum FC Bayern geht als Spieler.",3
NMqA258z4rY,Jonathan Tah's first day at FC Bayern | Behind the Scenes,461876,18184,894,FC Bayern München,@marceldamiankraft6684,"Stabiler Typ viel Erfolg bei den RotHosen, als Leverkusener wünsche ich dir persönlich eine erfolgreiche Zeit bei Bayern und danke für die tolle Leistung und Zeit bei uns, Glückwunsch an Bayern für den Transfer",0
NMqA258z4rY,Jonathan Tah's first day at FC Bayern | Behind the Scenes,461876,18184,894,FC Bayern München,@Murdock232,Dieser transfer war wichtiger als wirtz zu holen,0
NMqA258z4rY,Jonathan Tah's first day at FC Bayern | Behind the Scenes,461876,18184,894,FC Bayern München,@robpre693,Wir werden noch viel Freude an ihm haben. 😉,3
NMqA258z4rY,Jonathan Tah's first day at FC Bayern | Behind the Scenes,461876,18184,894,FC Bayern München,@theharrisnow,"Perfect, jetzt noch einen fuers Tor und die naechste Saison kann kommen.",0
NMqA258z4rY,Jonathan Tah's first day at FC Bayern | Behind the Scenes,461876,18184,894,FC Bayern München,@rolotomassi6613,Neuer Boateng,0
NMqA258z4rY,Jonathan Tah's first day at FC Bayern | Behind the Scenes,461876,18184,894,FC Bayern München,@rolotomassi6613,Wo Wirtz?,0
NMqA258z4rY,Jonathan Tah's first day at FC Bayern | Behind the Scenes,461876,18184,894,FC Bayern München,@YoungMacPro,7:16 da sieht man den schlimmsten Berater Teufel!,2
NMqA258z4rY,Jonathan Tah's first day at FC Bayern | Behind the Scenes,461876,18184,894,FC Bayern München,@Odagiri-w1h,"Yes, now it's time to sell Kim to EPL. Let him go!",0
NMqA258z4rY,Jonathan Tah's first day at FC Bayern | Behind the Scenes,461876,18184,894,FC Bayern München,@sone77,🤢,0
NMqA258z4rY,Jonathan Tah's first day at FC Bayern | Behind the Scenes,461876,18184,894,FC Bayern München,@Zakarinoo,where is the red car !!,0
NMqA258z4rY,Jonathan Tah's first day at FC Bayern | Behind the Scenes,461876,18184,894,FC Bayern München,@jannowak5111,Hope be good conected with Upa. Mia San Mia,0
NMqA258z4rY,Jonathan Tah's first day at FC Bayern | Behind the Scenes,461876,18184,894,FC Bayern München,@chrisbruckner1949,Mega geil,0
NMqA258z4rY,Jonathan Tah's first day at FC Bayern | Behind the Scenes,461876,18184,894,FC Bayern München,@kakarott4741,Danke an alle die uns das ermöglicht haben ❤,0
NMqA258z4rY,Jonathan Tah's first day at FC Bayern | Behind the Scenes,461876,18184,894,FC Bayern München,@MD-cq3wz,"Wird ne Verstärkung für die Abwehr sein. Kim hat nichts mehr verloren beim FC Bayern, sofort verkaufen.  Auch Upamecano kann weg!",0
NMqA258z4rY,Jonathan Tah's first day at FC Bayern | Behind the Scenes,461876,18184,894,FC Bayern München,@denjo1009,Sympathisch,0
NMqA258z4rY,Jonathan Tah's first day at FC Bayern | Behind the Scenes,461876,18184,894,FC Bayern München,@christiannanan7769,Nous sommes fiers de toi 🇨🇮🇨🇮🇨🇮,2
NMqA258z4rY,Jonathan Tah's first day at FC Bayern | Behind the Scenes,461876,18184,894,FC Bayern München,@sechserimlotto1371,"Nicht nur aufm video, sondern auch in real life absoluter top mensch, teilten uns den selben Friseur. Immer jeden im Raum gegrüßt und sehr freundlich gewesen. Nur das beste für dich Jona, hoffentlich sich man sich demnächst wd!!",0
NMqA258z4rY,Jonathan Tah's first day at FC Bayern | Behind the Scenes,461876,18184,894,FC Bayern München,@AristoteLuwau,Sehr geil,0
NMqA258z4rY,Jonathan Tah's first day at FC Bayern | Behind the Scenes,461876,18184,894,FC Bayern München,@FmmBlal,Kak Spieler zu langsam past zu uns nicht !!!!,1
NMqA258z4rY,Jonathan Tah's first day at FC Bayern | Behind the Scenes,461876,18184,894,FC Bayern München,@FlorianWüllscheidt,🤑,0
NMqA258z4rY,Jonathan Tah's first day at FC Bayern | Behind the Scenes,461876,18184,894,FC Bayern München,@larsrieg3521,Bleib so wie du bist ❤und viel Spaß und Erfolg,0
NMqA258z4rY,Jonathan Tah's first day at FC Bayern | Behind the Scenes,461876,18184,894,FC Bayern München,@StephanSchmidt-gs4tt,Er sieht so fröhlich aus 😀,1
NMqA258z4rY,Jonathan Tah's first day at FC Bayern | Behind the Scenes,461876,18184,894,FC Bayern München,@thomasalbrecht5904,"Boateng 2.0

Viel Spaß 🤣",0
NMqA258z4rY,Jonathan Tah's first day at FC Bayern | Behind the Scenes,461876,18184,894,FC Bayern München,@John_FCB.,Tah und Bayern passt wie Faust aufs Auge,0
NMqA258z4rY,Jonathan Tah's first day at FC Bayern | Behind the Scenes,461876,18184,894,FC Bayern München,@Xuligun86,Wünsch dir eine verletzungsfreie Zeit mein Bruder!,0
NMqA258z4rY,Jonathan Tah's first day at FC Bayern | Behind the Scenes,461876,18184,894,FC Bayern München,@Einfachmo,Sympathische Maschine!,0
NMqA258z4rY,Jonathan Tah's first day at FC Bayern | Behind the Scenes,461876,18184,894,FC Bayern München,@Nahualli08,Traitor,0
NMqA258z4rY,Jonathan Tah's first day at FC Bayern | Behind the Scenes,461876,18184,894,FC Bayern München,@FanaticVirus,"Freue mich auf einen Top Abwehrspieler .Willkommen beim FC Bayern ,Jonathan Tah",0
NMqA258z4rY,Jonathan Tah's first day at FC Bayern | Behind the Scenes,461876,18184,894,FC Bayern München,@clkokn9913,Ja klar 😂,0
NMqA258z4rY,Jonathan Tah's first day at FC Bayern | Behind the Scenes,461876,18184,894,FC Bayern München,@robertp7289,Bayern braucht bessere Spieler und nicht so mittelklassige,0
NMqA258z4rY,Jonathan Tah's first day at FC Bayern | Behind the Scenes,461876,18184,894,FC Bayern München,@lee.daniel,"7:14 Max Bielefeld, die Sky Transfer Update Legende auch dabei 😎💪",0
NMqA258z4rY,Jonathan Tah's first day at FC Bayern | Behind the Scenes,461876,18184,894,FC Bayern München,@danieladegel-seidenberg6210,Jona ❤️🤍🥳,1
NMqA258z4rY,Jonathan Tah's first day at FC Bayern | Behind the Scenes,461876,18184,894,FC Bayern München,@G-DON69,Wo sind die roten Trikots?,0
NMqA258z4rY,Jonathan Tah's first day at FC Bayern | Behind the Scenes,461876,18184,894,FC Bayern München,@lee.daniel,Warum immer dieses Beispiel mit dem „Oachkatzlschwoaf“?🤦‍♂️ Kein Mensch sagt das im täglichen Wortgebrauch…,0
NMqA258z4rY,Jonathan Tah's first day at FC Bayern | Behind the Scenes,461876,18184,894,FC Bayern München,@lee.daniel,Wer kennt ihn auch noch von der Sky Doku „Projekt Profi“ damals ? Mit Sinan Kurt und so…,0
NMqA258z4rY,Jonathan Tah's first day at FC Bayern | Behind the Scenes,461876,18184,894,FC Bayern München,@karstenmeyer1597,Verderben,0
NMqA258z4rY,Jonathan Tah's first day at FC Bayern | Behind the Scenes,461876,18184,894,FC Bayern München,@Lucifer_410,"Der alt bekannte ""Oachkatzl-Schwoaf"" 😂",0
NMqA258z4rY,Jonathan Tah's first day at FC Bayern | Behind the Scenes,461876,18184,894,FC Bayern München,@PerchbrothersLeverkusen,Es tut weh 😢 trotzdem viel Erfolg Jona,0
NMqA258z4rY,Jonathan Tah's first day at FC Bayern | Behind the Scenes,461876,18184,894,FC Bayern München,@iohanb211,Wellcome Jona!!! This will be a great addition to the team! Hope you will enjoy your stay!,2
NMqA258z4rY,Jonathan Tah's first day at FC Bayern | Behind the Scenes,461876,18184,894,FC Bayern München,@JonaStahl,geiler type,1
NMqA258z4rY,Jonathan Tah's first day at FC Bayern | Behind the Scenes,461876,18184,894,FC Bayern München,@PaulWendel,"04:24 der Handschlag tut beim zuschauen weh ... :/
Aber mega geiler Transfer und wird uns mega weiterbringen!",0
NMqA258z4rY,Jonathan Tah's first day at FC Bayern | Behind the Scenes,461876,18184,894,FC Bayern München,@ruhigdurchdiehoseatmen,"Finde auch, dass Jonathan Tah sich 10 Jahre weiterentwickelt hat und auch vorher Potenzial hatte. Zwischendurch war er nach einem Spiel in Rom mal niedergeschlagen. Außerdem hat er sich athletisch entwickelt, er war früher wuchtiger, aber jetzt ist er drahtig und fit, auch im Gesicht entspannt und macht einen cleveren Eindruck. Hätte Süle so abgenommen und sich so entwickelt wären wir vielleicht Weltmeister geworden und hätten 2 x die CL geholt. 

Tah bei Bayern zum Ablöse-Nulltarif, da kannst du nichts falsch machen, als Spieler nicht, als Verein nicht. Er kann die Abwehr ordnen, ist aber auch clever genug die Fresse mal zu halten um andere ruhen zu lassen. Auf dem Platz körperlich ein Fortschritt, Bayern hatte immer einen langen Kerl hintendrin, van Buyten, Süle, Hummels, Boateng usw. 

Ein zweiter Innenverteidiger müsste aber noch geholt werden, damit Upa gehen kann und Kim auch. Beide sind eine Enttäuschung, auch wenn sie durchaus ihre Qualitäten haben. Als Fußballfan will man so unsichere Spieler nicht sehen, das wird man ganz fickrig in der CL wenn die am Ball rumprobieren wie 2 Amateure.",0
NMqA258z4rY,Jonathan Tah's first day at FC Bayern | Behind the Scenes,461876,18184,894,FC Bayern München,@MrGenkone,G-TAH 6,0
NMqA258z4rY,Jonathan Tah's first day at FC Bayern | Behind the Scenes,461876,18184,894,FC Bayern München,@krpdramore,"Jawohl, nur der HSV. Überall!",0
NMqA258z4rY,Jonathan Tah's first day at FC Bayern | Behind the Scenes,461876,18184,894,FC Bayern München,@marselmercan386,Cooler typ freu mich schon bei Bayern zu sehen,0
NMqA258z4rY,Jonathan Tah's first day at FC Bayern | Behind the Scenes,461876,18184,894,FC Bayern München,@jasperschwarz677,Wirtz!,0
NMqA258z4rY,Jonathan Tah's first day at FC Bayern | Behind the Scenes,461876,18184,894,FC Bayern München,@PhilFenger,Oft ein netter Kerl,0
NMqA258z4rY,Jonathan Tah's first day at FC Bayern | Behind the Scenes,461876,18184,894,FC Bayern München,@Riegam,Juhu ich freue mich!,0
NMqA258z4rY,Jonathan Tah's first day at FC Bayern | Behind the Scenes,461876,18184,894,FC Bayern München,@decorationfoupalafoud,FC Bayern seul 👍👍😎😍🇸🇳🇩🇪,0
NMqA258z4rY,Jonathan Tah's first day at FC Bayern | Behind the Scenes,461876,18184,894,FC Bayern München,@michaellehner4421,"Willkommen beim FC Bayern München! Ich freu mich so , auf dich lieber Kerl! Ich bin der Meinung,  du bist die abwehrbombe🎉🎉🎉🎉",0
NMqA258z4rY,Jonathan Tah's first day at FC Bayern | Behind the Scenes,461876,18184,894,FC Bayern München,@xairgamingelite471,Ich hoffe Tah und Upo gemeinsam wird ein gutes duo,0
NMqA258z4rY,Jonathan Tah's first day at FC Bayern | Behind the Scenes,461876,18184,894,FC Bayern München,@zockeMon77,"Sehr aufgeräumter, angenehmer Kerl! Definitiv eine  Bereicherung!",0
NMqA258z4rY,Jonathan Tah's first day at FC Bayern | Behind the Scenes,461876,18184,894,FC Bayern München,@SIDOFAN1988,"Wundert mich das so ein guter Spieler so lange gebraucht hat bis er irgendwo unterschrieben hat. 

Top Transfer!

Ich denke er wird der Innenverteidiger sein der kommuniziert auf dem Platz!",0
NMqA258z4rY,Jonathan Tah's first day at FC Bayern | Behind the Scenes,461876,18184,894,FC Bayern München,@häberlehans5167,"Sehr sympathisch von der Medienabteilung, auf der Fahrt am Anfang auch ein paar Aufkleber aus der Stadt als Eyecatcher mit einzubauen... ;-)",0
NMqA258z4rY,Jonathan Tah's first day at FC Bayern | Behind the Scenes,461876,18184,894,FC Bayern München,@CosHeld,Hope our defense will cook all other teams❤,0
NMqA258z4rY,Jonathan Tah's first day at FC Bayern | Behind the Scenes,461876,18184,894,FC Bayern München,@KevinMayer-d4z,Herzlichen Glückwunsch zum Fc bayern Jonathan tah,0
NMqA258z4rY,Jonathan Tah's first day at FC Bayern | Behind the Scenes,461876,18184,894,FC Bayern München,@FranzBeck-s5n,"Auf jeden Fall eine super Verstärkung, eine sehr gute Entscheidung.",0
NMqA258z4rY,Jonathan Tah's first day at FC Bayern | Behind the Scenes,461876,18184,894,FC Bayern München,@AlexanderRies-j8k,Och Nö …….😂,0
NMqA258z4rY,Jonathan Tah's first day at FC Bayern | Behind the Scenes,461876,18184,894,FC Bayern München,@soa4982,Er sieht aus wie Lego Block. Er ist süß und sanft.😊,0
NMqA258z4rY,Jonathan Tah's first day at FC Bayern | Behind the Scenes,461876,18184,894,FC Bayern München,@soa4982,"Jonathan, lass uns lange bleiben.",0
NMqA258z4rY,Jonathan Tah's first day at FC Bayern | Behind the Scenes,461876,18184,894,FC Bayern München,@xPremium31er,Da haben wir mal jemanden geholt der ein absoluter Lieblingsspieler werden kann 🎉  freu mich auf mehr von ihm...Weltklasse ersteindruck,14
NMqA258z4rY,Jonathan Tah's first day at FC Bayern | Behind the Scenes,461876,18184,894,FC Bayern München,@donelukas7514,"Ich war am letzten Spieltag zufällig an dem Hotel, von dem Leverkusen zum letzten Spiel zum Mainzer Stadion fuhr. Als die Spieler das Hotel verließen, standen gerade mal 20 Fans vor dem Hotel, um sich ein Autogramm zu erhaschen. Ausnahmlos alle Leverkusener Spieler  ignorierten die Fans in einer unglaublichen Arroganz und huschten in den Bus, der bis vor den Hoteleingang manövriert wurde. Nur Tah kam auf die Fans zu und gab Autogramme. Das zeigt, wie bodenständig udn wirklich fannah er ist - im Gegensatz zu seinen Ex-Leverkusen-Kollegen, die außer Wirtz für die Fans noch nicht mal ein Winkzeichen über hatten. Igitt Igitt. Denkt immer  daran: ""Wer für das ""Kleine zu groß ist, ist irgendwann für das Große zu klein"".",0
NMqA258z4rY,Jonathan Tah's first day at FC Bayern | Behind the Scenes,461876,18184,894,FC Bayern München,@soa4982,Get in. Welcome,0
NMqA258z4rY,Jonathan Tah's first day at FC Bayern | Behind the Scenes,461876,18184,894,FC Bayern München,@DynastyFBN,boateng 2.0 hoffentlich außer privat da sicher besserer mensch,0
NMqA258z4rY,Jonathan Tah's first day at FC Bayern | Behind the Scenes,461876,18184,894,FC Bayern München,@to0892,"Könnte unser Virgil-van-Dijk-Transfer werden: im besten Alter, Führungsqualitäten und noch nicht satt.",0
NMqA258z4rY,Jonathan Tah's first day at FC Bayern | Behind the Scenes,461876,18184,894,FC Bayern München,@pferde0123,Kann zu jedem Top Verein der Welt wechseln und wechselt nach München. Richtiger Fail.,1
NMqA258z4rY,Jonathan Tah's first day at FC Bayern | Behind the Scenes,461876,18184,894,FC Bayern München,@dreeeybeatz,ist er jetzt bei der Club-WM dabei oder nicht?,0
NMqA258z4rY,Jonathan Tah's first day at FC Bayern | Behind the Scenes,461876,18184,894,FC Bayern München,@arishokqunari1290,"ich wundere mich, dass Leverkusen den Vetrag mit so einem guten Spieler nicht verlängert hat",0
NMqA258z4rY,Jonathan Tah's first day at FC Bayern | Behind the Scenes,461876,18184,894,FC Bayern München,@ToniKolb,"In Leverkusen bei den Schiris einen Bonus gehabt, in München wird er der Mannschaft nur schaden wegen seinem  Foulspiel.",0
NMqA258z4rY,Jonathan Tah's first day at FC Bayern | Behind the Scenes,461876,18184,894,FC Bayern München,@FatlumRamadanii,Ausgenutzte transfer hahaha,0
NMqA258z4rY,Jonathan Tah's first day at FC Bayern | Behind the Scenes,461876,18184,894,FC Bayern München,@gabrielvp3365,"Ich möchte über ein weiteres Thema sprechen, das ebenfalls von großer Wichtigkeit für den Verein ist: das Aussehen des Heimtrikots für die nächste Saison. Wie ich in anderen Kommentaren bereits erwähnt habe, haben wir Fans des FC Bayern über das Internet Zugang zu dem Leck des Designs des Heimtrikots erhalten. Wer war dafür verantwortlich, dieses Trikot zu entwickeln? Wer war dafür verantwortlich, das Design dieses Trikots zu genehmigen? Habt ihr wirklich geglaubt, dass die Fans mit dem Aussehen dieses Trikots, das so schrecklich aussieht, zufrieden sein würden? Das ist ein Skandal! Ich hoffe, ihr haltet ein Meeting ab, um über die Arbeit zu sprechen, die Adidas in letzter Zeit für den FC Bayern geleistet hat. Ich weiß, dass sie Minderheitsaktionäre im Verein sind, da sie 8,33% der Anteile des Vereins besitzen, aber da der Verein selbst 75% der Anteile hält und somit der Mehrheitsaktionär ist, redet und überdenkt, ob Adidas weiterhin die Trikots des FC Bayern in den nächsten Jahren herstellen sollte. Falls sie sich nicht verbessern und weiterhin Shirts machen, die den Fans nicht gefallen, wechselt die Marke. Ihr könnt auf Nike zurückgreifen, die eine Konkurrenzmarke von Adidas ist und ebenfalls Produkte von extrem hoher Qualität liefert.",0
NMqA258z4rY,Jonathan Tah's first day at FC Bayern | Behind the Scenes,461876,18184,894,FC Bayern München,@Jonas-cf4hn,6:17 Wieso will der Mann mit dem Auswärtstrikot in der Allianz Arena auflaufen 😂,0
NMqA258z4rY,Jonathan Tah's first day at FC Bayern | Behind the Scenes,461876,18184,894,FC Bayern München,@Redbully66,Der hohle Org…,1
NMqA258z4rY,Jonathan Tah's first day at FC Bayern | Behind the Scenes,461876,18184,894,FC Bayern München,@q8540-u3v,"Welcome boi, we want to win champions league, ❤",0
NMqA258z4rY,Jonathan Tah's first day at FC Bayern | Behind the Scenes,461876,18184,894,FC Bayern München,@R94M,Tah > Wirtz (on the long way) 🫶🏻❤️🤍,0
NMqA258z4rY,Jonathan Tah's first day at FC Bayern | Behind the Scenes,461876,18184,894,FC Bayern München,@flopase9644,Bayrischer Dialekt ist halt ne Sache für sich genauso wie schwäbisch. Versuchen wir beim hochdeutsch zu bleiben 😉,0
NMqA258z4rY,Jonathan Tah's first day at FC Bayern | Behind the Scenes,461876,18184,894,FC Bayern München,@gabrielvp3365,"Unter den Optionen, die von den deutschen Medien verbreitet werden, denke ich, dass die beste Option die Verpflichtung von Rafael Leão wäre, sofern er nicht mehr als 100 Millionen Euro kostet. Wenn er unter diesem Preisrahmen liegt, können sie ihn verpflichten! Sollten sie Rodrygo oder Barcola bekommen, wäre das noch besser, aber ich halte es ehrlich gesagt für unwahrscheinlich, da sie sehr teuer sind. Wenn ihr Cody Gakpo, Mitoma verpflichtet oder mit Leroy Sané verlängert, werden wir extrem verärgert über die Planung der Flügelspieler der Mannschaft sein. Wir wollen signifikante Verbesserungen und keine durchschnittlichen Spieler. Vergesst nie, dass wir der FC Bayern sind und wir, als der zweitgrößte Verein Europas und der Welt, ein besseres und qualifizierteres Team als die Rivalen haben müssen.",0
NMqA258z4rY,Jonathan Tah's first day at FC Bayern | Behind the Scenes,461876,18184,894,FC Bayern München,@flopase9644,Willkommen Herr Tah !,0
NMqA258z4rY,Jonathan Tah's first day at FC Bayern | Behind the Scenes,461876,18184,894,FC Bayern München,@gabrielvp3365,"Nun, ich muss dieses Engagement loben und es ist sehr gut, weil der Tah sehr gut spielt, er ist Deutscher und wird sich sehr gut an den Spielstil von Kompany anpassen. Aber ich möchte nicht, dass man all das Versagen bei der Verpflichtung von Florian Wirtz vergisst. Leider haben wir die Verpflichtung dieses großartigen deutschen Spielers verloren und das wäre sowohl für den Club als auch für das Zusammenspiel der deutschen Spieler mit ihm sehr gut gewesen und das wäre gut für die Nationalmannschaft gewesen. Um den Fehler bei der Verpflichtung von Florian Wirtz zu kompensieren, der bei uns allen großen emotionalen Stress verursacht hat, hoffe ich, dass ihr einen Spieler verpflichten könnt, der auf der linken Außenbahn spielt und weltklasse ist. Wir wollen Investitionen in die Mannschaft, damit wir Weltmeister, die nächste Bundesliga, den Pokal und vielleicht auch die nächste UCL gewinnen können. Vergesst nicht die Ambitionen von uns allen, den Fans des FC Bayern.",0
NMqA258z4rY,Jonathan Tah's first day at FC Bayern | Behind the Scenes,461876,18184,894,FC Bayern München,@sheeschkebap7147,5:03 HSV Talent halt... freue mich auch wieder drauf 0:8 in der Allianz Arena gegen ihn baden zu gehen :D,1
NMqA258z4rY,Jonathan Tah's first day at FC Bayern | Behind the Scenes,461876,18184,894,FC Bayern München,@aidygooner,This signing was so predictable yet SO BORING!! Wants to win easy league titles instead of fighting for them at a tougher league or weaker team 🙄,1
NMqA258z4rY,Jonathan Tah's first day at FC Bayern | Behind the Scenes,461876,18184,894,FC Bayern München,@maikkoch1489,Da sieht man die Gier des Spielers 😡,0
NMqA258z4rY,Jonathan Tah's first day at FC Bayern | Behind the Scenes,461876,18184,894,FC Bayern München,@kingprod6707,"Irgendwie traurig wenn man nun weiss, dass da kein Thomas auf einen wartet und direkt scherze mit einem macht",0
NMqA258z4rY,Jonathan Tah's first day at FC Bayern | Behind the Scenes,461876,18184,894,FC Bayern München,@michaelh.5687,Top Transfer Willkommen und Bravo Max und Christoph👍👍,1
NMqA258z4rY,Jonathan Tah's first day at FC Bayern | Behind the Scenes,461876,18184,894,FC Bayern München,@danielpreuninger5265,Ein guter Fc Bayern Transfer Ich finde Jonathan Tah ist ein guter/top Innenverteidiger Ich denke Jonathan Tah wird Fc Bayerns neuer Abwehrchef ❤️🇩🇪⚽👀👍🏻✌🏻😍😊,0
NMqA258z4rY,Jonathan Tah's first day at FC Bayern | Behind the Scenes,461876,18184,894,FC Bayern München,@Manuel_23,Der neue Abwehrboss ist da,0
NMqA258z4rY,Jonathan Tah's first day at FC Bayern | Behind the Scenes,461876,18184,894,FC Bayern München,@elenaspiricheva8938,"Say that this is definitely an excellent reinforcement, now it remains to prove that he is a really good central defender - Bayern have a big problem in defense and I hope that Tah will partially solve it, otherwise everyone is either crippled or disabled in the game",0
NMqA258z4rY,Jonathan Tah's first day at FC Bayern | Behind the Scenes,461876,18184,894,FC Bayern München,@danielpreuninger5265,Ich finde Jonathan Tah sehr sympathisch ❤️🇩🇪⚽👀👍🏻✌🏻😍😊,0
NMqA258z4rY,Jonathan Tah's first day at FC Bayern | Behind the Scenes,461876,18184,894,FC Bayern München,@anjafiederer3163,Herzlich Willkommen und auf eine gute sportliche Zukunft mit dem FCBayern München ⚽️🐞🍀,0
NMqA258z4rY,Jonathan Tah's first day at FC Bayern | Behind the Scenes,461876,18184,894,FC Bayern München,@mrmarvin7589,extrem intelligent der Tah,0
NMqA258z4rY,Jonathan Tah's first day at FC Bayern | Behind the Scenes,461876,18184,894,FC Bayern München,@thomasf.4687,Bin genauso: nur 20 Kilo schwerer und etwas kleiner... Auf geht's Nr 4 ❤❤,0
NMqA258z4rY,Jonathan Tah's first day at FC Bayern | Behind the Scenes,461876,18184,894,FC Bayern München,@Steffen31181,Bitte bitte bitte verletzungsfrei bleiben...,0
NMqA258z4rY,Jonathan Tah's first day at FC Bayern | Behind the Scenes,461876,18184,894,FC Bayern München,@AS-ec6fe,"Er wollte doch ins Ausland, ist aber in München gelandet.😅",0
NMqA258z4rY,Jonathan Tah's first day at FC Bayern | Behind the Scenes,461876,18184,894,FC Bayern München,@MrEdwardbeargrylls,Der werd scho no 😅,0
NMqA258z4rY,Jonathan Tah's first day at FC Bayern | Behind the Scenes,461876,18184,894,FC Bayern München,@matthiasgiesche,Gute Verstärkung,0
NMqA258z4rY,Jonathan Tah's first day at FC Bayern | Behind the Scenes,461876,18184,894,FC Bayern München,@cleansing_again,"Oh, Gott, oh, Gott. Noch so ein Fallobst. Jetzt hast du es endlich nach Bayern geschafft. Dann wird es schon wieder nichts mit dem CL-Titel. Der falsche aus Leverkusen kam. Hoeneß wollte doch nur Wirtz!",0
NMqA258z4rY,Jonathan Tah's first day at FC Bayern | Behind the Scenes,461876,18184,894,FC Bayern München,@LCSL90,"sympathisch, man kann sich unterhalten.",1
NMqA258z4rY,Jonathan Tah's first day at FC Bayern | Behind the Scenes,461876,18184,894,FC Bayern München,@taebear5401,servusss jonaaa!!!,0
NMqA258z4rY,Jonathan Tah's first day at FC Bayern | Behind the Scenes,461876,18184,894,FC Bayern München,@thephantom_musik285,"Willkommen Mr. Tah
Auf eine erfolgreiche Saison 25/26🎉",0
NMqA258z4rY,Jonathan Tah's first day at FC Bayern | Behind the Scenes,461876,18184,894,FC Bayern München,@thomasschaller8486,Endlich mal ein stabiler Transfer. Die Zweikampfquoten von Tah in den letzten 2 Jahren war überragend.,0
NMqA258z4rY,Jonathan Tah's first day at FC Bayern | Behind the Scenes,461876,18184,894,FC Bayern München,@Marcelll1904,Du kriegst Tah aus Leverkusen aber Leverkusen nicht aus Tah 🖤❤️ viel Erfolg bei deinem nächsten großen Schritt 👏🏻👏🏻,1
NMqA258z4rY,Jonathan Tah's first day at FC Bayern | Behind the Scenes,461876,18184,894,FC Bayern München,@noahst5895,man merkt schnell: des passt,0
NMqA258z4rY,Jonathan Tah's first day at FC Bayern | Behind the Scenes,461876,18184,894,FC Bayern München,@1x.Cedrik,Nur der HSV,0
NMqA258z4rY,Jonathan Tah's first day at FC Bayern | Behind the Scenes,461876,18184,894,FC Bayern München,@morlindfischer7340,Willkommen beim besten Club Jonathan,0
NMqA258z4rY,Jonathan Tah's first day at FC Bayern | Behind the Scenes,461876,18184,894,FC Bayern München,@Janwzk,kommt endlich mal weg von den E-Autos,0
NMqA258z4rY,Jonathan Tah's first day at FC Bayern | Behind the Scenes,461876,18184,894,FC Bayern München,@Fr0ZeNHaND_v2,"Herzlich willkommen bei uns im schönen Bayern.
Auf eine erfolgreiche Zeit.
🎉",3
NMqA258z4rY,Jonathan Tah's first day at FC Bayern | Behind the Scenes,461876,18184,894,FC Bayern München,@buffalosoldier1986,mia san ABWEHRCHEF. lets gooooo,0
NMqA258z4rY,Jonathan Tah's first day at FC Bayern | Behind the Scenes,461876,18184,894,FC Bayern München,@kev2829,"Herzlich willkommen in München 

Im besten Verein Deutschland 🎉🎉😊😊

Für die defensive sehr guter Transfer 
Von Bayern München 😊",0
NMqA258z4rY,Jonathan Tah's first day at FC Bayern | Behind the Scenes,461876,18184,894,FC Bayern München,@markusneubauer3162,Wird in München scheitern,1
NMqA258z4rY,Jonathan Tah's first day at FC Bayern | Behind the Scenes,461876,18184,894,FC Bayern München,@wwemasterchief,"Kein echter Bayer mehr im Team, dafür alles bunt, super. 👍",0
NMqA258z4rY,Jonathan Tah's first day at FC Bayern | Behind the Scenes,461876,18184,894,FC Bayern München,@paultsv95,"Und wieder holen wir einen mittelmäßigen IV, so gewinnst du halt auch keine CL.",1
NMqA258z4rY,Jonathan Tah's first day at FC Bayern | Behind the Scenes,461876,18184,894,FC Bayern München,@Beastik-t7j,Welcom 🎉🎉,0
NMqA258z4rY,Jonathan Tah's first day at FC Bayern | Behind the Scenes,461876,18184,894,FC Bayern München,@sion0895,FCB ❤️🤍,0
NMqA258z4rY,Jonathan Tah's first day at FC Bayern | Behind the Scenes,461876,18184,894,FC Bayern München,@Audiolot27,Jona war früher mal bei der Fortuna aus Düsseldorf und damals schon sehr beliebt! Toller Spieler und sehr sympathisch! ,4
NMqA258z4rY,Jonathan Tah's first day at FC Bayern | Behind the Scenes,461876,18184,894,FC Bayern München,@HaVo-yb1dv,"Bezahlt bloß nicht die 2,5 Millionen für ein paar Spiele",0
NMqA258z4rY,Jonathan Tah's first day at FC Bayern | Behind the Scenes,461876,18184,894,FC Bayern München,@ps5_michi7282,Einfach mega sympathisch. Das ist ja ein ganz anderes Wort 😂 Geiler Typ. Herzlich willkommen in München 🔴⚪❤️,0
NMqA258z4rY,Jonathan Tah's first day at FC Bayern | Behind the Scenes,461876,18184,894,FC Bayern München,@limorino5890,jonah welcome to the PARTEEEY,0
NMqA258z4rY,Jonathan Tah's first day at FC Bayern | Behind the Scenes,461876,18184,894,FC Bayern München,@quantumX55,Boateng 1zu1 Nachfolger,0
NMqA258z4rY,Jonathan Tah's first day at FC Bayern | Behind the Scenes,461876,18184,894,FC Bayern München,@christanzmann6661,Tah & Upa wird 🔥🔥🔥,0
NMqA258z4rY,Jonathan Tah's first day at FC Bayern | Behind the Scenes,461876,18184,894,FC Bayern München,@hyniii,It's good to see that he is learning some Bavarian phrases 😂,0
NMqA258z4rY,Jonathan Tah's first day at FC Bayern | Behind the Scenes,461876,18184,894,FC Bayern München,@teddyteddy5972,Gesund bleiben !,0
NMqA258z4rY,Jonathan Tah's first day at FC Bayern | Behind the Scenes,461876,18184,894,FC Bayern München,@cucknorrisroundhousekick8105,"Ich checke es nicht, dass er zu den Bayern wechselt. Erzählt er irgendwas von ""einen Schritt weiter gehen"" und wechselt vom 2. Zum 1. Der Bundesliga. Außer der Schale und dem DFB Pokal wird er mit den Bayern auch nicht holen. Und das hat er schon mit den Leverkusener erreicht",0
NMqA258z4rY,Jonathan Tah's first day at FC Bayern | Behind the Scenes,461876,18184,894,FC Bayern München,@simondiehl5782,Tha ist er endlich 🎉,0
NMqA258z4rY,Jonathan Tah's first day at FC Bayern | Behind the Scenes,461876,18184,894,FC Bayern München,@Andi-yr3dn,"Guter Mann, mehr braucht  man nicht sagen 👊 und gesund bleiben.",0
NMqA258z4rY,Jonathan Tah's first day at FC Bayern | Behind the Scenes,461876,18184,894,FC Bayern München,@haraldfisch7389,Tolle Ausstrahlung - sehr saymu,0
NMqA258z4rY,Jonathan Tah's first day at FC Bayern | Behind the Scenes,461876,18184,894,FC Bayern München,@oldschoollove4204,stabile mauer ❤❤❤ oder der Fels in der Brandung ❤❤ danke 🙏🏼 freu mi,0
NMqA258z4rY,Jonathan Tah's first day at FC Bayern | Behind the Scenes,461876,18184,894,FC Bayern München,@iRayzen,Als ich das HSV Trikot gesehen habe kamen kurz Boateng Vibes,0
NMqA258z4rY,Jonathan Tah's first day at FC Bayern | Behind the Scenes,461876,18184,894,FC Bayern München,@MohamedBara-h7b,Tah und upa beste Kombi 👏👏👊,0
NMqA258z4rY,Jonathan Tah's first day at FC Bayern | Behind the Scenes,461876,18184,894,FC Bayern München,@glatzo1975,Endlich wieder ein Leader 💪🏻👏🏼🤩,0
NMqA258z4rY,Jonathan Tah's first day at FC Bayern | Behind the Scenes,461876,18184,894,FC Bayern München,@HimmiYT,Ganz wichtiger Schritt gerade auch für den Fc Bayern mit Jonathan Tah einen echten Brocken für die Abwehr geholt. Willkommen beim geilsten Verein der Welt Jonathan Tah🎉🎉🎉und Mia San Mia auf dich🎉🎉🎉,0
NMqA258z4rY,Jonathan Tah's first day at FC Bayern | Behind the Scenes,461876,18184,894,FC Bayern München,@saciniho2295,War der wichtigste Transfer für die kommende Saison!  Endlich Stabilität in der Defensive!  ZM mit Upa könnte das die beste IV Europas werden ! Jetzt muss ein zweiter Stürmer her und 1-2 Flügel und ein RV,0
NMqA258z4rY,Jonathan Tah's first day at FC Bayern | Behind the Scenes,461876,18184,894,FC Bayern München,@Gitl000d,Tut schon echt weh das Tah zur Konkurrenz gewechselt ist 😢 Aber viel Glück dir Jona ❤,0
NMqA258z4rY,Jonathan Tah's first day at FC Bayern | Behind the Scenes,461876,18184,894,FC Bayern München,@ace_STAR91,Wünsche dir persönlich nur das beste !!! Danke für die geile Zeit in Lev :),0
NMqA258z4rY,Jonathan Tah's first day at FC Bayern | Behind the Scenes,461876,18184,894,FC Bayern München,@ollohdf,"Hoffentlich ist er der Leader, der seit Jahren für die Abwehr gesucht wird. Herzlich willkommen!",0
NMqA258z4rY,Jonathan Tah's first day at FC Bayern | Behind the Scenes,461876,18184,894,FC Bayern München,@Goendalf,"Servus Jonathan, willkommen bei Bayern 🎉",0
NMqA258z4rY,Jonathan Tah's first day at FC Bayern | Behind the Scenes,461876,18184,894,FC Bayern München,@MyChannel15,3:24 mit Thomas?😂 schade werde den Jung vermissen 😭,0
NMqA258z4rY,Jonathan Tah's first day at FC Bayern | Behind the Scenes,461876,18184,894,FC Bayern München,@heartbreaker5709,🙂😁,0
NMqA258z4rY,Jonathan Tah's first day at FC Bayern | Behind the Scenes,461876,18184,894,FC Bayern München,@Eazy64,Uachkatzlschwuaf❤,0
NMqA258z4rY,Jonathan Tah's first day at FC Bayern | Behind the Scenes,461876,18184,894,FC Bayern München,@pfpro1,Welcome to the party Jona!,0
NMqA258z4rY,Jonathan Tah's first day at FC Bayern | Behind the Scenes,461876,18184,894,FC Bayern München,@fcbfan8934,"Guten Abend,👍💪♥️😃",0
NMqA258z4rY,Jonathan Tah's first day at FC Bayern | Behind the Scenes,461876,18184,894,FC Bayern München,@verena21.7,Herzlich Willkommen Jona 💯⚽️🔴⚪️,0
NMqA258z4rY,Jonathan Tah's first day at FC Bayern | Behind the Scenes,461876,18184,894,FC Bayern München,@andykim1605,gonna be the best duo with minjae or upa,0
NMqA258z4rY,Jonathan Tah's first day at FC Bayern | Behind the Scenes,461876,18184,894,FC Bayern München,@Doqura,Willkomen Jonathan. Freue mich das du zu uns gewechselt bist.🎉,0
NMqA258z4rY,Jonathan Tah's first day at FC Bayern | Behind the Scenes,461876,18184,894,FC Bayern München,@haraldepunkt2185,"Wenigstens weiß er schon, was der Oachkatzlschwoaf ist..., dann kanns in Minga nur gut werden!",0
NMqA258z4rY,Jonathan Tah's first day at FC Bayern | Behind the Scenes,461876,18184,894,FC Bayern München,@Nasengold,Er hat in vielerlei Hinsicht etwas maschinenartiges an sich.,0
NMqA258z4rY,Jonathan Tah's first day at FC Bayern | Behind the Scenes,461876,18184,894,FC Bayern München,@isaosman2083,Jawohl Super Transfer,0
NMqA258z4rY,Jonathan Tah's first day at FC Bayern | Behind the Scenes,461876,18184,894,FC Bayern München,@RStylesRacing046,Welcome Jona! Mia San Mia,1
NMqA258z4rY,Jonathan Tah's first day at FC Bayern | Behind the Scenes,461876,18184,894,FC Bayern München,@westwoodmen,Die Musik ist viel zu leise😵‍💫😵‍💫,0
NMqA258z4rY,Jonathan Tah's first day at FC Bayern | Behind the Scenes,461876,18184,894,FC Bayern München,@joaopedrolarocamuller7043,Welcome Jonathan to Bayern and we really need you. We hope our defense will improve with you strengthening us and it will be great to have you with us.,1
NMqA258z4rY,Jonathan Tah's first day at FC Bayern | Behind the Scenes,461876,18184,894,FC Bayern München,@jul14n20,"Ab jetzt wird RS gefahren, mein Freund",0
NMqA258z4rY,Jonathan Tah's first day at FC Bayern | Behind the Scenes,461876,18184,894,FC Bayern München,@stoone1909,Stell dir vor du willst wirtz und bekommst Jonathan Tah als Entschädigung 😂😂😂😂,0
NMqA258z4rY,Jonathan Tah's first day at FC Bayern | Behind the Scenes,461876,18184,894,FC Bayern München,@DavidHeimann-v8d,Das wahr die beste Entscheidung die Jonathan Tah treffen konnte der Wechsel zu Fc Bayern,2
NMqA258z4rY,Jonathan Tah's first day at FC Bayern | Behind the Scenes,461876,18184,894,FC Bayern München,@DoDi-u8f,"This guy is very bad at marking people and turns slowly. See how Brian Brobbey made this guy suffer in the match against the Netherlands. Meanwhile, Nico Schlotterbeck marked this striker well.",0
NMqA258z4rY,Jonathan Tah's first day at FC Bayern | Behind the Scenes,461876,18184,894,FC Bayern München,@Hulklebt,"Servus, Jonathan! Du bist ein super Typ und ein geisteskranker Fußballer. Du machst die Bayern leider besser. Hätte dich lieber 1860 gesehen. Haha! Alles Gute und viel Spaß.",0
NMqA258z4rY,Jonathan Tah's first day at FC Bayern | Behind the Scenes,461876,18184,894,FC Bayern München,@Tom-hd4cq,Geiler Beat btw,0
NMqA258z4rY,Jonathan Tah's first day at FC Bayern | Behind the Scenes,461876,18184,894,FC Bayern München,@HabibiGermany,"Wieder mal ein Durchschnitts Transfer, das ziel ist wieder maximal die Meisterschaft und nicht mehr, klasse. Große Clubs machen momentan große transfers",0
NMqA258z4rY,Jonathan Tah's first day at FC Bayern | Behind the Scenes,461876,18184,894,FC Bayern München,@jeweleryfnatic2905,Willkommen big Man ! 🤝♥️🤍,0
NMqA258z4rY,Jonathan Tah's first day at FC Bayern | Behind the Scenes,461876,18184,894,FC Bayern München,@Tom-hd4cq,Der Brecher in der Abwehr der Natio11 endlich bei uns. 🔴⚪,0
NMqA258z4rY,Jonathan Tah's first day at FC Bayern | Behind the Scenes,461876,18184,894,FC Bayern München,@franklow1916,"Willkommen in München Jona 
Viel Glück! 🎉🎉",1
NMqA258z4rY,Jonathan Tah's first day at FC Bayern | Behind the Scenes,461876,18184,894,FC Bayern München,@Nicks-mp4cq,Das neue auswärtstrikot sieht echt Hammer aus,0
NMqA258z4rY,Jonathan Tah's first day at FC Bayern | Behind the Scenes,461876,18184,894,FC Bayern München,@MaxMustermann-tb5xs,Ich glaube nicht das er gut reinkommen wird. Er hätte bei Leverkusen bleiben sollen.,1
NMqA258z4rY,Jonathan Tah's first day at FC Bayern | Behind the Scenes,461876,18184,894,FC Bayern München,@patrickk7676,"Willkommen in München. Der Transfer ist echt spannend mal sehen wie er einschlagen wird. Selbst wenn wir die 2,5 Mio die im Raum stehen für das spielen bei der Club WM zahlen wird es sehr schwer für Leverkusen ihn zu ersetzen.",0
NMqA258z4rY,Jonathan Tah's first day at FC Bayern | Behind the Scenes,461876,18184,894,FC Bayern München,@rethabilemokoena_7,Servus,0
NMqA258z4rY,Jonathan Tah's first day at FC Bayern | Behind the Scenes,461876,18184,894,FC Bayern München,@Fussballanalyse,great Jonathan Tah,3
NMqA258z4rY,Jonathan Tah's first day at FC Bayern | Behind the Scenes,461876,18184,894,FC Bayern München,@alexanderpreu1258,"Jungs wartet ab, 

Die Ansage von wirtz ist das beste was uns passieren konnte. So viel Geld für einen Spieler der bisher nicht im System vorgesehen war, wäre nicht klug. Viel besser das Geld für 3 neue Spieler ausgeben, die der Kader wirklich braucht und uns in der Breite verbessert. 

Mit Jonathan ist der erste Baustein gesetzt. Lieber Ben neunen AV und Flügelspieler wie Leao und dann wird das wieder !",0
NMqA258z4rY,Jonathan Tah's first day at FC Bayern | Behind the Scenes,461876,18184,894,FC Bayern München,@qakashiibau4540,"Geiler Transfer. Abwehrchef gefunden. Lasst Eberl kochen!!
Mia San Mia",0
NMqA258z4rY,Jonathan Tah's first day at FC Bayern | Behind the Scenes,461876,18184,894,FC Bayern München,@asch6819,❤❤❤❤lich Willkommen Jonathan. Ein sehr bodenständiger Mensch der sich auch richtig Zeit für Fans nimmt. Top Mann für die Abwehr!!!,7
NMqA258z4rY,Jonathan Tah's first day at FC Bayern | Behind the Scenes,461876,18184,894,FC Bayern München,@andirocco2131,Trotz allem das eine erfolgreiche Mannschaft wie Leverkusen nach so kurzer Zeit so auseinandergerissen wird ist auch wenn alles rechtens ist schwer zu verstehen.,0
NMqA258z4rY,Jonathan Tah's first day at FC Bayern | Behind the Scenes,461876,18184,894,FC Bayern München,@leon.valentin,Was macht Pini Zahavi da schon wieder 😂,0
NMqA258z4rY,Jonathan Tah's first day at FC Bayern | Behind the Scenes,461876,18184,894,FC Bayern München,@TheIDENT,2:20 gleich mal ein Meme zum Start,0
NMqA258z4rY,Jonathan Tah's first day at FC Bayern | Behind the Scenes,461876,18184,894,FC Bayern München,@hotstepper9734,"...aufjeden eine Macht als IV !! Top , phys. , intelligent, und die Nerven immer stabil !! TOP",3
NMqA258z4rY,Jonathan Tah's first day at FC Bayern | Behind the Scenes,461876,18184,894,FC Bayern München,@MatthiasWerkmann,Servus Jonathan. Die Abwehrkante :),0
NMqA258z4rY,Jonathan Tah's first day at FC Bayern | Behind the Scenes,461876,18184,894,FC Bayern München,@FcryCola,Hoffentlich die Lösung unserer größten Baustelle der letzten 10 Jahre,0
NMqA258z4rY,Jonathan Tah's first day at FC Bayern | Behind the Scenes,461876,18184,894,FC Bayern München,@keksdose4455,Willkommen bei einem der noch wenigen traditionellen Fußball Club auf der Welt die meisten sind es leider nicht mehr zu viele würden verkauft.  👏👏👏👏,0
NMqA258z4rY,Jonathan Tah's first day at FC Bayern | Behind the Scenes,461876,18184,894,FC Bayern München,@Joe-961,"Sehr angenehmer und lockerer Typ, Wünsche ihm alles Gute und viel Erfolg 🏆",1
NMqA258z4rY,Jonathan Tah's first day at FC Bayern | Behind the Scenes,461876,18184,894,FC Bayern München,@NoraMisov,"😅Schön das du da bist, viel Erfolg",0
NMqA258z4rY,Jonathan Tah's first day at FC Bayern | Behind the Scenes,461876,18184,894,FC Bayern München,@VickiJimenez-x4g,"Servus Jonathan, super, dass du jetzt bei uns spielst!",15
NMqA258z4rY,Jonathan Tah's first day at FC Bayern | Behind the Scenes,461876,18184,894,FC Bayern München,@kilian5680,2:20 „was bruda“😐,4
NMqA258z4rY,Jonathan Tah's first day at FC Bayern | Behind the Scenes,461876,18184,894,FC Bayern München,@hotstepper9734,"musst erstmal richtig bayrisch lernen, hehe !! dass wird scho",0
NMqA258z4rY,Jonathan Tah's first day at FC Bayern | Behind the Scenes,461876,18184,894,FC Bayern München,@christianbrodt9009,"Clever von Tah.

Er nutzt Bayern als Sprungbrett. In 2 Jahren ist er weg. Solange hält er das Kaschperltheater  des FCHollywood aus….😂😂😂😂",0
NMqA258z4rY,Jonathan Tah's first day at FC Bayern | Behind the Scenes,461876,18184,894,FC Bayern München,@killamodus2101,Geil❤😊,0
NMqA258z4rY,Jonathan Tah's first day at FC Bayern | Behind the Scenes,461876,18184,894,FC Bayern München,@pldemia6952,Sorry aber da hat sich der FCB total verschätzt bei Tah.....ihr werdet es sehen,1
NMqA258z4rY,Jonathan Tah's first day at FC Bayern | Behind the Scenes,461876,18184,894,FC Bayern München,@ElkeLujber,Johann Tah schön das da bist beim Fc Bayern München echt super,4
NMqA258z4rY,Jonathan Tah's first day at FC Bayern | Behind the Scenes,461876,18184,894,FC Bayern München,@didi-uf3hv,Geldgeier.....🤮🤮🤮,0
NMqA258z4rY,Jonathan Tah's first day at FC Bayern | Behind the Scenes,461876,18184,894,FC Bayern München,@muhammadrandy5978,Mia san mia,0
NMqA258z4rY,Jonathan Tah's first day at FC Bayern | Behind the Scenes,461876,18184,894,FC Bayern München,@martink.1471,Willkommen beim Weltbesten Verein Deutschlands und der Welt ♥️🤍 schön das Jona sich für den FC Bayern entschieden hat,2
NMqA258z4rY,Jonathan Tah's first day at FC Bayern | Behind the Scenes,461876,18184,894,FC Bayern München,@gabrielferreiraYT22,Seja bem vindo ao melhor da alemanha 🇩🇪😍👏🤝💪,0
NMqA258z4rY,Jonathan Tah's first day at FC Bayern | Behind the Scenes,461876,18184,894,FC Bayern München,@DarkShadow-wp3hm,"Willkommen beim besten Klub der Welt, Jona! Du strahlst so eine Ruhe aus, mega. Hoffentlich kannst du mit deiner Größe für Gefahr nach Eckbällen sorgen. :D",0
NMqA258z4rY,Jonathan Tah's first day at FC Bayern | Behind the Scenes,461876,18184,894,FC Bayern München,@DevetDeset,Er wird auf der Bank verroten. Der FCB ist bekannt Talente zu zerstören😢,0
NMqA258z4rY,Jonathan Tah's first day at FC Bayern | Behind the Scenes,461876,18184,894,FC Bayern München,@sirtakimann7704,"Eine Maschine ist er jetzt nicht, ich wünsche dir alles gute",0
NMqA258z4rY,Jonathan Tah's first day at FC Bayern | Behind the Scenes,461876,18184,894,FC Bayern München,@hoegneric,Willkommen beim besten Verein der Welt Jona! ❤🤍,0
NMqA258z4rY,Jonathan Tah's first day at FC Bayern | Behind the Scenes,461876,18184,894,FC Bayern München,@AFGhaneAFGhane-k5m,Upa und Jona ... offensive gewinnen spiele ... defensive gewinnen meisterschaften und mehr !!! ich habe so ein gutes gefühl für die nächsten saisonen!!!,0
NMqA258z4rY,Jonathan Tah's first day at FC Bayern | Behind the Scenes,461876,18184,894,FC Bayern München,@wolfgangberger7890,Hoffe du bist gut angekommen,1
NMqA258z4rY,Jonathan Tah's first day at FC Bayern | Behind the Scenes,461876,18184,894,FC Bayern München,@Schorsch_Nguyen,"Willkommen in München Jona Dada, wie Lothar Matthäus sagen würde. 😂",0
NMqA258z4rY,Jonathan Tah's first day at FC Bayern | Behind the Scenes,461876,18184,894,FC Bayern München,@wolfgangberger7890,Servus Johna Wir freuen uns auf dich! Auf eine gute Saison ❤❤❤❤,5
NMqA258z4rY,Jonathan Tah's first day at FC Bayern | Behind the Scenes,461876,18184,894,FC Bayern München,@simivenier3766,bitte nicht,0
NMqA258z4rY,Jonathan Tah's first day at FC Bayern | Behind the Scenes,461876,18184,894,FC Bayern München,@Arndti,Willkommen ❤️🤍,0
NMqA258z4rY,Jonathan Tah's first day at FC Bayern | Behind the Scenes,461876,18184,894,FC Bayern München,@icet7092,Stabiler Kerl. Tah+Upa das neue Hummels+Boateng? Ich glaube daran.,0
NMqA258z4rY,Jonathan Tah's first day at FC Bayern | Behind the Scenes,461876,18184,894,FC Bayern München,@Musiatel49,Herzlich willkommen Jona 🔴⚪✌️,0
NMqA258z4rY,Jonathan Tah's first day at FC Bayern | Behind the Scenes,461876,18184,894,FC Bayern München,@MiaMiaSanMia,"OLE TÚ.
Y LOS TUYOS.
SALUDOS DESDE MALAGA.
MiaSanMia",0
NMqA258z4rY,Jonathan Tah's first day at FC Bayern | Behind the Scenes,461876,18184,894,FC Bayern München,@lozahner9957,Willkommen ❤,0
NMqA258z4rY,Jonathan Tah's first day at FC Bayern | Behind the Scenes,461876,18184,894,FC Bayern München,@MH-rc7om,"Yes, Willkommen. Viel Erfolg, hoffentlich verletzungsfrei",0
NMqA258z4rY,Jonathan Tah's first day at FC Bayern | Behind the Scenes,461876,18184,894,FC Bayern München,@sud87koln96,"Lebe in leverkusen, und bin köln Fan aber mein Sohn leverkusen fan Tah ist ein super lieber Mensch sehr Fan Freundlich nimmt sich zeit und absolut Bodenständig Glückwunsch zu diesem tollen Menschen",27
NMqA258z4rY,Jonathan Tah's first day at FC Bayern | Behind the Scenes,461876,18184,894,FC Bayern München,@andrejann4874,Schrecklich wenn man als Spieler introvertiert ist. All die aufgesetzten freundlichen Gesichter und jeder möchte sich mit dir unterhalten.,0
NMqA258z4rY,Jonathan Tah's first day at FC Bayern | Behind the Scenes,461876,18184,894,FC Bayern München,@Mat-mp6wb,"Junge, red noch leiser",0
NMqA258z4rY,Jonathan Tah's first day at FC Bayern | Behind the Scenes,461876,18184,894,FC Bayern München,@c.b9218,"unfassbar toller und symphatischer spieler, hatte gänsehaut als das hsv trikot ihm gezeigt gewurde weil ich auch aus hamburg komme. mia san mia",10
NMqA258z4rY,Jonathan Tah's first day at FC Bayern | Behind the Scenes,461876,18184,894,FC Bayern München,@JS_309,Servus Jonathan. Herzlich willkommen beim besten Verein der Welt❤️🤍 Mia san mia,0
NMqA258z4rY,Jonathan Tah's first day at FC Bayern | Behind the Scenes,461876,18184,894,FC Bayern München,@MehmetIman-s8r,"Ich fand ihn nie sonderlich gut, ich weiss gar nicht warum Bayern den geholt hat",0
NMqA258z4rY,Jonathan Tah's first day at FC Bayern | Behind the Scenes,461876,18184,894,FC Bayern München,@brokencardealer1,"Servus Jonathan, klasse das du jetzt bei uns kickst!",9
NMqA258z4rY,Jonathan Tah's first day at FC Bayern | Behind the Scenes,461876,18184,894,FC Bayern München,@excalibur0753,"Herzlich Willkommen in München, Jona! 😃👍",1
NMqA258z4rY,Jonathan Tah's first day at FC Bayern | Behind the Scenes,461876,18184,894,FC Bayern München,@evokick9926,AfD,0
NMqA258z4rY,Jonathan Tah's first day at FC Bayern | Behind the Scenes,461876,18184,894,FC Bayern München,@anandhu9398,"What kind of a league is this 
Bayernsliga",0
NMqA258z4rY,Jonathan Tah's first day at FC Bayern | Behind the Scenes,461876,18184,894,FC Bayern München,@TheActor2025,"Herzlich Willkommen,auf eine gute Zeit",0
NMqA258z4rY,Jonathan Tah's first day at FC Bayern | Behind the Scenes,461876,18184,894,FC Bayern München,@muskelkater7331,Willkommen beim FC Bayern Jonathan Tah.  Super,6
NMqA258z4rY,Jonathan Tah's first day at FC Bayern | Behind the Scenes,461876,18184,894,FC Bayern München,@BoipuSharma,Welcome to the most prestigious football club ❤ Jonathan Tah,0
NMqA258z4rY,Jonathan Tah's first day at FC Bayern | Behind the Scenes,461876,18184,894,FC Bayern München,@khhy9982,Welcome to Bayern Jonathan 🔴⚪️,0
NMqA258z4rY,Jonathan Tah's first day at FC Bayern | Behind the Scenes,461876,18184,894,FC Bayern München,@Meister-sw3ub,Eberls Fake Lächeln ist auf Dauer echt immer sehr anstrengend,1
NMqA258z4rY,Jonathan Tah's first day at FC Bayern | Behind the Scenes,461876,18184,894,FC Bayern München,@stephanb3472,Guter Typ.....falscher Verein,3
NMqA258z4rY,Jonathan Tah's first day at FC Bayern | Behind the Scenes,461876,18184,894,FC Bayern München,@hgzhhghj1275,Is schon ne Kante!,0
NMqA258z4rY,Jonathan Tah's first day at FC Bayern | Behind the Scenes,461876,18184,894,FC Bayern München,@hemands4690,All the best ✌🏼 Jonathan Tah 🎉,6
NMqA258z4rY,Jonathan Tah's first day at FC Bayern | Behind the Scenes,461876,18184,894,FC Bayern München,@andreaslabahn121,Bleibe dir selber treu 😊.,0
NMqA258z4rY,Jonathan Tah's first day at FC Bayern | Behind the Scenes,461876,18184,894,FC Bayern München,@beppoharamach6578,Tag mit de ligt  das wäre mal was 😢❤,0
NMqA258z4rY,Jonathan Tah's first day at FC Bayern | Behind the Scenes,461876,18184,894,FC Bayern München,@merkur69,Werd ich nie verstehen wie man zu einem direkten Konkurenten gehen kann.,2
NMqA258z4rY,Jonathan Tah's first day at FC Bayern | Behind the Scenes,461876,18184,894,FC Bayern München,@macmanny7354,Herzlich willkommen Jonathan,0
NMqA258z4rY,Jonathan Tah's first day at FC Bayern | Behind the Scenes,461876,18184,894,FC Bayern München,@xDerHefe,Tah > Wirtz,0
NMqA258z4rY,Jonathan Tah's first day at FC Bayern | Behind the Scenes,461876,18184,894,FC Bayern München,@opon.t4038,Echt geil das er zu uns ist 🔥🔥,4
NMqA258z4rY,Jonathan Tah's first day at FC Bayern | Behind the Scenes,461876,18184,894,FC Bayern München,@seeforest75,"Super Transfer, jetzt noch Nico Williams holen und wir hätten eine Mega Mannschaft auf zum Triple

                                                  KANE

WILLIAMS                       MUSIALA                    OLISE

                     PAVLOVIC                       KIMMICH

DAVIES         TAH             UPAMECANO    STANISIC

                              NEUER",0
NMqA258z4rY,Jonathan Tah's first day at FC Bayern | Behind the Scenes,461876,18184,894,FC Bayern München,@kingsleykamasutra8575,"Yeah cool welcome to munich😎
We got a really really good new Player",0
NMqA258z4rY,Jonathan Tah's first day at FC Bayern | Behind the Scenes,461876,18184,894,FC Bayern München,@elcapitano7294,Endlich ein IV der was checkt. TAH UND UPA ❤,0
NMqA258z4rY,Jonathan Tah's first day at FC Bayern | Behind the Scenes,461876,18184,894,FC Bayern München,@maxschmxz3528,"Starker Transfer, richtig sympathischer Typ",1
NMqA258z4rY,Jonathan Tah's first day at FC Bayern | Behind the Scenes,461876,18184,894,FC Bayern München,@deanwinchester6279,"Obwohl ich es auch ein bisschen cool gefunden hätte, beide IVs der deutschen Nationalmannschaft bei Real Madrid zu sehen, freu ich mich extrem, dass es Bayern geworden ist! Hoffentlich der erste von noch ein paar weiteren Transfers!",2
NMqA258z4rY,Jonathan Tah's first day at FC Bayern | Behind the Scenes,461876,18184,894,FC Bayern München,@banjalukanr1,"Schon krass. Damals die Doku mit dir gesehen, wo du verliehen wurdest und du dir extra einen Privattrainer genommen hast und nun bist du bei Bayer. 🎉",0
NMqA258z4rY,Jonathan Tah's first day at FC Bayern | Behind the Scenes,461876,18184,894,FC Bayern München,@FtoK13,Absoluter top Transfer!!!! Passt brutal gut zum FCB. Hat sich als Spieler ständig und stetig verbessert. Top Profi im besten Alter. Wird sich sofort als Stamm. IV etablieren.,12
NMqA258z4rY,Jonathan Tah's first day at FC Bayern | Behind the Scenes,461876,18184,894,FC Bayern München,@TheGauravkumarrathore,Welcome to the Bayern Family ❤ Wishing you a successful time ahead ♥︎♥︎,0
NMqA258z4rY,Jonathan Tah's first day at FC Bayern | Behind the Scenes,461876,18184,894,FC Bayern München,@franzmustermann760,warum holt man sich nen Rentner ins Team?,0
NMqA258z4rY,Jonathan Tah's first day at FC Bayern | Behind the Scenes,461876,18184,894,FC Bayern München,@frankp.9621,"Alles Gute für die Zukunft, und viele gemeinsame Titel !!!!",0
NMqA258z4rY,Jonathan Tah's first day at FC Bayern | Behind the Scenes,461876,18184,894,FC Bayern München,@turtleflip5631,"Jona kommt mir sehr sympathisch und ruhig/erfahren rüber, das gefällt mir sehr. Sehr wichtig für unsere Defensive, ich glaube das ist wirklich ein guter Deal für alle Beteiligten!",1
NMqA258z4rY,Jonathan Tah's first day at FC Bayern | Behind the Scenes,461876,18184,894,FC Bayern München,@FamiliOfficeDotCom,"Hello FC Bayern please FIRE VK, ME, CF asap 🙏🙂👍

Please buy Nick Woltemade🇩🇪 asap‼️",0
NMqA258z4rY,Jonathan Tah's first day at FC Bayern | Behind the Scenes,461876,18184,894,FC Bayern München,@M1337T,Super Deal und ich denke ein guter Kerl. Top Verstärkung für unsere Abwehr. Herzlich willkommen in München 🤗,1
NMqA258z4rY,Jonathan Tah's first day at FC Bayern | Behind the Scenes,461876,18184,894,FC Bayern München,@RalphBreuer-ku2im,"Servus und Herzlich Willkommen ,,JONA""...! Endlich bist da,supiiiii!  Beim 2 Anlauf hat es endlich geklappt! Du wirst aber sowas die Abwehr verstärken,und der Chef hinten sein, GLÜCKWUNSCH auch an MAX und Co.!",0
NMqA258z4rY,Jonathan Tah's first day at FC Bayern | Behind the Scenes,461876,18184,894,FC Bayern München,@derfleischmann9856,Medienabteilung wieder geliefert...gute Arbeit von allen! 💪🏻,0
NMqA258z4rY,Jonathan Tah's first day at FC Bayern | Behind the Scenes,461876,18184,894,FC Bayern München,@allvater7453,Sehr Geil!!!,0
NMqA258z4rY,Jonathan Tah's first day at FC Bayern | Behind the Scenes,461876,18184,894,FC Bayern München,@hansmeyer8926,Er wird die Abwehr des FC Bayern stark verbessern,0
NMqA258z4rY,Jonathan Tah's first day at FC Bayern | Behind the Scenes,461876,18184,894,FC Bayern München,@frank1245-e8h,Vor seiner Zeit in Leverkusen 2015  sagte ich schon der muss nach München...Nun ja 10 Jahre mussten nun vergehen 👌,0
NMqA258z4rY,Jonathan Tah's first day at FC Bayern | Behind the Scenes,461876,18184,894,FC Bayern München,@Jochen-sm2qh,Top Verpflichtung. Glückwunsch FCB und Jonathan Tah,4
NMqA258z4rY,Jonathan Tah's first day at FC Bayern | Behind the Scenes,461876,18184,894,FC Bayern München,@No-of9cv,Endlich ein Top Innenverteidiger,0
NMqA258z4rY,Jonathan Tah's first day at FC Bayern | Behind the Scenes,461876,18184,894,FC Bayern München,@2slow2survive,wer bekommt bei der musik auch irgendwie gta4 vibes? xD,0
NMqA258z4rY,Jonathan Tah's first day at FC Bayern | Behind the Scenes,461876,18184,894,FC Bayern München,@taulantfetahu9387,Hat Herr Hainer gesagt hallo Jona oder hallo Jonas ??,0
NMqA258z4rY,Jonathan Tah's first day at FC Bayern | Behind the Scenes,461876,18184,894,FC Bayern München,@SachlicherAustausch,"Danke Jona. Schade das du weg wolltest. Aber offeb kommuniziert, zur Meinung gestanden, kein böses Blut. Danke für die Meisterschaft und viel Erfolg bei Bayern. Wir sehen uns ja bald wieder ❤",0
NMqA258z4rY,Jonathan Tah's first day at FC Bayern | Behind the Scenes,461876,18184,894,FC Bayern München,@jurgenreimann1493,Fast wie Spanisch eine neue Sprache 😉 aber herzlich willkommen,0
NMqA258z4rY,Jonathan Tah's first day at FC Bayern | Behind the Scenes,461876,18184,894,FC Bayern München,@ivazzn7247,"Die ""Erster Tag/Stunden"" -Videos könnte ich mir stundenlang anschauen. mega toll und spannend was so behind the scenes passiert. danke FCB und gerne mehr davon. Mia san Mia",2
NMqA258z4rY,Jonathan Tah's first day at FC Bayern | Behind the Scenes,461876,18184,894,FC Bayern München,@PolochSchnueffler,Ganz wichtiger Transfer.,3
NMqA258z4rY,Jonathan Tah's first day at FC Bayern | Behind the Scenes,461876,18184,894,FC Bayern München,@Frauenfußball_support,Servus! Jonathan Tah! ❤️🤍😍,0
NMqA258z4rY,Jonathan Tah's first day at FC Bayern | Behind the Scenes,461876,18184,894,FC Bayern München,@jurgengerneth3022,Servus  Jona schön das du dich für die Bayern Familie entschieden hast,1
NMqA258z4rY,Jonathan Tah's first day at FC Bayern | Behind the Scenes,461876,18184,894,FC Bayern München,@GaryCalcott,Netter Zeitgenosse aber zu langsam für CL.,0
NMqA258z4rY,Jonathan Tah's first day at FC Bayern | Behind the Scenes,461876,18184,894,FC Bayern München,@Martin-tg7hj,"schade, dass es nicht für Spanien oder England gereicht hat. Vielleicht packst du es ja noch und hier blicken mehr Augen auf dich.",0
NMqA258z4rY,Jonathan Tah's first day at FC Bayern | Behind the Scenes,461876,18184,894,FC Bayern München,@butterzucker-333,Sehr sympathisch!,0
NMqA258z4rY,Jonathan Tah's first day at FC Bayern | Behind the Scenes,461876,18184,894,FC Bayern München,@lamirip7684,privatjet wichtig.,0
NMqA258z4rY,Jonathan Tah's first day at FC Bayern | Behind the Scenes,461876,18184,894,FC Bayern München,@Rollin60shoota,Komplett überbewertet der Junge,0
NMqA258z4rY,Jonathan Tah's first day at FC Bayern | Behind the Scenes,461876,18184,894,FC Bayern München,@RDP54,"Willkommen bei Bayern! 😊
Und dann die Nummer 4, Katsche Schwarzenbeck! Stark 😊",0
NMqA258z4rY,Jonathan Tah's first day at FC Bayern | Behind the Scenes,461876,18184,894,FC Bayern München,@geromeromisch4487,Ich bin so glücklich ❤️😍😍😍,0
NMqA258z4rY,Jonathan Tah's first day at FC Bayern | Behind the Scenes,461876,18184,894,FC Bayern München,@davidmo7515,Sein größter Fehler in seiner Karriere,2
NMqA258z4rY,Jonathan Tah's first day at FC Bayern | Behind the Scenes,461876,18184,894,FC Bayern München,@markuszihang1698,"Ich hoffe sehr , das Tah dem FC Bayern  den notwendigen  Rückhalt und die Stabilität in der Abwehr gibt 💯👍.
Meiner Meinung nach hat dieser Wechsel  mehr Bedeutung , als der geplatzte Deal von Wirtz .",0
NMqA258z4rY,Jonathan Tah's first day at FC Bayern | Behind the Scenes,461876,18184,894,FC Bayern München,@365Number,He looks happy.. we need Rayan Cherki 💫 🙏,0
NMqA258z4rY,Jonathan Tah's first day at FC Bayern | Behind the Scenes,461876,18184,894,FC Bayern München,@Wasgehtbeidir,Ich hoffe das du endlich die nötige Stabilität in die Abwehr bringst,0
NMqA258z4rY,Jonathan Tah's first day at FC Bayern | Behind the Scenes,461876,18184,894,FC Bayern München,@Meister_76,"Super Typ, wird bestimmt gut passen !",1
NMqA258z4rY,Jonathan Tah's first day at FC Bayern | Behind the Scenes,461876,18184,894,FC Bayern München,@SallySonny,Hoffentlich kann er die abwehr endlcih stabilisieren! Ich bin zuversichtlich,0
NMqA258z4rY,Jonathan Tah's first day at FC Bayern | Behind the Scenes,461876,18184,894,FC Bayern München,@alfscharfenberg9393,"Bayern wird auf Jahre nichts mehr in der Champions League holen..
Bayern ist in Europa nur noch Mittelmaß.
Hat diese Saison eindrucksvoll gezeigt..
Das ist so geil...",2
NMqA258z4rY,Jonathan Tah's first day at FC Bayern | Behind the Scenes,461876,18184,894,FC Bayern München,@nayajjoon,"요나탄 타 의 입성을 환영합니다....

많은 이들이 김민재를 대신하는 선수라고 말을 하고 있고 우파메카노와 타 의 조합을 얘기
하고 있으며 김민재의 이적을 얘기하는 미디어들이 계속 늘어나고 있다...
만에하나 김민재가 다른 클럽으로 이적한다면 그것은 콤파니 감독의 전술에 있어 크나큰
실수가 될 것이라 생각한다...
물론 김민재가 중요한 순간에서의 실수가 너무 뼈아펐던건 사실이나 그 부분 하나만 놓고 결정하기
보다 센터백 조합을 감독은 자신의 전술에 맞게 다시 조율할 필요가 있다고 생각한다...

1. 콤파니 감독의 전술에서 센터백의 가장 큰 역할을 높은 라인으로 올려 사전에 미리 차단하는
   것이다...이 역할을 그동안 김민재가 계속 해왔다... 김민재가 가능했던 이유중 하나가 바로
   스피드일 것이다...물론 요나탄 타 역시 스피드가 좋은 선수이긴하나 그 스피드를 유지하는 
   시간이 길지 않다는 것이다....윗 선에서 골키퍼 라인까지 상대 선수를 따라 붙기 어려운 경우가 많다...
   반면 김민재의 경우 윗선까지 올라와 골키퍼라인까지 순간 스피드를 계속 유지하여 상대
   공격수를 따라 붙을 수 있다는 것이다..
2. 김민재의 경우 우파메카노가 올라 갔을때 항상 그 뒷공간을 커버해 주었다....
   즉 활동 반경이 대단히 넓다는 것을 알 수 있다...자신의 위치는 물론 우파메카노의 위치까지 커버해주는
   경우가 대단히 많았다....또한 왼쪽 윙백이 올라갔을경우 에도 그 뒤를 항상 커버해주고 있었다....
   반면 우파메카노의 경우 김민재가 올라가면 그 뒤를 커버하는 판단이 늦거나 아예 움직이 않고
   자신의 위치를 지켜 수비하는 경우가 더 많다..즉 자신의 위치에서의 수비하는 경우가 많다는 것이다.
3. 김민재의 패스 정확도가 높다는 것이다....후방 빌드업이나 후방에서 턴 오버를 만들어 냈을때
   전방으로의 패스가 정말 좋다는 것이다..물론 시야도 넗다고 생각한다...
   그럼에도 많은 이들이 우파메카노의 수비능력이 좋다고만 평가를 해오는 경우가 많다....
   물론 수비능력이 좋지 않다고 말하는 것이 아니다....커버능력이나 순간판단 그리고 넓은시야와 활동반경을
   고려하여 판단해야하지 않을까 생각한다....

김민재는 센터백 이라고 보기 어려울 정도로 필드 여기저기를 정말 많이 뛰어 다니고 있다.....
우파메카노와는 확연히 다른 움직임과 플레이를 보여주고 있다...
좋은 움직임을 보여주었음에도 항상 많은 이들에게 비난을 받아왔기에 더욱 힘들었을 것이라 생각한다...
그럼에도 꿋꿋하게 자신의 자리를 잘 지켜주어 난 오히려 더 대단하다고 얘기해주고 싶다....

과연 김민재가 없는 상황에서 감독의 전술에 맞게 커버플레이가 제때 잘 이뤄질지 알수 없을것이다.
요나탄 타 의 경우에도 2021-22 시즌, 2022-23 시즌을 보면 실점이 47점 49점이 된 것을 볼 수있다..
허나 2023-24시즌 최소의 실점을 보여주었으며 우승컵을 들어올렸고 이때 알론소 감독의 전술이 
쓰리백이었다 그 이전은 모두 포백의 전술이었다는 것이다..즉, 감독의 전술과 성향에 따라 변한다는 것이다.
지금의 콤파니 감독 역시 포백을 유지하고 있기에 어떤 조합을 찾을지는 누구도 알 수 없다고 생각한다..
개인적인 생각으로는 우파메카노 와 타 의 조합보다 김민재와 타 의 조합이 좋은 시너지 효과를 가져
올 수 있다고 생각한다....요나탄 타의 커버능력을 다시한번 볼 수 있는 기회라고 생각한다....
이번 다가오는 클럽월드컵에서 그 조합을 찾을 수 있지 않을까 생각한다...

만에 하나라도 클럽을 떠나야되는 상황이온다면 마음 고생하지 말고 과감하게 떠날 필요가 있다고 생각한다.
벤치에 너무 오랫동안 앉아 있다보면 자신의 장점들이 하나둘씩 퇴보하는 것을 느낄 수 있을 것이다...
물론 부상이나 체력적으로도 관리는 잘 될 수 있을 것이나....그것만 보고 남아있기에는..아쉬움이 남을 것이다
떠나야 한다면 epl 의 첼시나 토트넘을 추천해주고 싶다....특히 토트넘의 경우 높은 수비라인을 보여주고
있기에 김민재의 장점들과 잘 맞아 떨어질 것이라 생각한다...물론 지금의 감독이 계속 유지된다면 말이다...",1
NMqA258z4rY,Jonathan Tah's first day at FC Bayern | Behind the Scenes,461876,18184,894,FC Bayern München,@whyyoumadehehe,"Was ein Charakterloser Durchschnittsspieler, viel Spaß mit mit dem.
Und dann hat er noch seinen alten Verein als Kapitän ablösefrei hochgenommen, passt zum FC Hollywood. 

Ciao Wirtz hahahah",1
NMqA258z4rY,Jonathan Tah's first day at FC Bayern | Behind the Scenes,461876,18184,894,FC Bayern München,@Frimping,Wenn er fehler macht wehe jemand beleidigt ihn behandelt ihn mit respekt.,0
NMqA258z4rY,Jonathan Tah's first day at FC Bayern | Behind the Scenes,461876,18184,894,FC Bayern München,@niclas4003,jonadan da wie Lothar Matthäus sagen würde,2
NMqA258z4rY,Jonathan Tah's first day at FC Bayern | Behind the Scenes,461876,18184,894,FC Bayern München,@TomMaier-lb4jn,Super das er da ist,0
NMqA258z4rY,Jonathan Tah's first day at FC Bayern | Behind the Scenes,461876,18184,894,FC Bayern München,@EinfachTorsten,willkommen beim fc bayern. der mann schien mir sehr humorlos und unsympatisch . aber er kann natürlich lachen und wohl vernündtig reden . er beherscht deutsch und wir werden sehen . ein gestandener defender haben wir nun,0
NMqA258z4rY,Jonathan Tah's first day at FC Bayern | Behind the Scenes,461876,18184,894,FC Bayern München,@lolabaumhaus3248,"Yeah! ich freue mich, Herzlich Willkommen!",0
NMqA258z4rY,Jonathan Tah's first day at FC Bayern | Behind the Scenes,461876,18184,894,FC Bayern München,@TanjaAxmann,Jonathan Tah ist ein Riesengewinn für den FC Bayern! Vergiss Wirtz! 👍👍👍,2
NMqA258z4rY,Jonathan Tah's first day at FC Bayern | Behind the Scenes,461876,18184,894,FC Bayern München,@mariongrewig5903,"Herzlich willkommen und alles,alles Gute und bitte viele Tore verhindern 🍀🍀🍀",0
NMqA258z4rY,Jonathan Tah's first day at FC Bayern | Behind the Scenes,461876,18184,894,FC Bayern München,@bc4life862,Servus & Willkommen 🔴⚪️❤️,0
NMqA258z4rY,Jonathan Tah's first day at FC Bayern | Behind the Scenes,461876,18184,894,FC Bayern München,@maXXmAAn,Ihr habt es hier zuerst gelesen: das war der Transfer den wir gebraucht haben. Mit ihm kommen die großen Titel nach München!,0
NMqA258z4rY,Jonathan Tah's first day at FC Bayern | Behind the Scenes,461876,18184,894,FC Bayern München,@24KG24,"Grundsätzlich ein guter Transfer, wenn das Theater letztes Jahr nicht gewesen wäre. Solltet ihr mit Sane zu seinen Bedingungen verlängern, dann bin ich die längste Zeit Bayern Fan gewesen. Wer sich so auf der Nase rumtanzen lässt, verdient die passenden Spieler dazu ;)",0
NMqA258z4rY,Jonathan Tah's first day at FC Bayern | Behind the Scenes,461876,18184,894,FC Bayern München,@Nek977,Damals die Sky Doku gesehen und heute einfach deutscher Nationalspieler und beim besten Verein der Welt.,9
NMqA258z4rY,Jonathan Tah's first day at FC Bayern | Behind the Scenes,461876,18184,894,FC Bayern München,@HartmuthSteenken-ic2jh,"Ein sehr sympathischer Jonata Tah, super Spieler und passt zum FC Bayern München",1
NMqA258z4rY,Jonathan Tah's first day at FC Bayern | Behind the Scenes,461876,18184,894,FC Bayern München,@SolveigGigla,Willkommen Jonathan Tah. Sehr gute Entscheidung ❤😊,0
NMqA258z4rY,Jonathan Tah's first day at FC Bayern | Behind the Scenes,461876,18184,894,FC Bayern München,@Alex0971.,"Vom Typ her ähnlich wie Kompany, sehr sympathisch.",1
NMqA258z4rY,Jonathan Tah's first day at FC Bayern | Behind the Scenes,461876,18184,894,FC Bayern München,@henrykaspar3634,"Was mich nervt ist dieses Fake Bayerisch- Getue. Jeder weiß, dass der FC Bayern der Verein zur Zuagroasten ist. Bayrisch wird in München nur beim TSV 1860 gesprochen.",1
NMqA258z4rY,Jonathan Tah's first day at FC Bayern | Behind the Scenes,461876,18184,894,FC Bayern München,@MrJessi4,Willkommen! 💪🏻💥,0
NMqA258z4rY,Jonathan Tah's first day at FC Bayern | Behind the Scenes,461876,18184,894,FC Bayern München,@saquonbarkley7227,Oktoberfest nicht so traditionell gemacht - also nicht auf dem Biertisch gekokst und sich auf der Kotzwiese eingeschissen oder wie ??,0
NMqA258z4rY,Jonathan Tah's first day at FC Bayern | Behind the Scenes,461876,18184,894,FC Bayern München,@JenSch87,"Sehr schön ihn in München zu sehen, habe ihn schon beim Projekt Profi als sehr stark empfunden. Viel Erfolg und willkommen bei uns :)",0
NMqA258z4rY,Jonathan Tah's first day at FC Bayern | Behind the Scenes,461876,18184,894,FC Bayern München,@TheWeepingPen,Let’s hope to run it back next season and push for the champions league,0
NMqA258z4rY,Jonathan Tah's first day at FC Bayern | Behind the Scenes,461876,18184,894,FC Bayern München,@Leo_83-12,Endlich mal ein Abwehrboss und jemand der führen kann ♥️,0
NMqA258z4rY,Jonathan Tah's first day at FC Bayern | Behind the Scenes,461876,18184,894,FC Bayern München,@b.j.pierce9452,Herzlich Willkommen Jonatan…,0
NMqA258z4rY,Jonathan Tah's first day at FC Bayern | Behind the Scenes,461876,18184,894,FC Bayern München,@MrYadiy,"Vaas from Far Cry 3 join the club, without his mohawk.😂",0
NMqA258z4rY,Jonathan Tah's first day at FC Bayern | Behind the Scenes,461876,18184,894,FC Bayern München,@M___1999,"Ich habe ihn damals bei der Sky Sport Doku (Projekt Profi) gesehen und jetzt ist er beim FC Bayern, glückwunsch.",0
NMqA258z4rY,Jonathan Tah's first day at FC Bayern | Behind the Scenes,461876,18184,894,FC Bayern München,@nastaly97,Servus geiler Typ 💪,0
NMqA258z4rY,Jonathan Tah's first day at FC Bayern | Behind the Scenes,461876,18184,894,FC Bayern München,@kenan5797,Servus Jona,0
NMqA258z4rY,Jonathan Tah's first day at FC Bayern | Behind the Scenes,461876,18184,894,FC Bayern München,@Anti-StressRausZeit,"Super geerdeter Typ, spitzen Verteidiger, passt zu uns. Herzlich willkommen, Jonathan.",14
NMqA258z4rY,Jonathan Tah's first day at FC Bayern | Behind the Scenes,461876,18184,894,FC Bayern München,@90AlexF,Willkommen neuer Abwehrchef 🙌,0
NMqA258z4rY,Jonathan Tah's first day at FC Bayern | Behind the Scenes,461876,18184,894,FC Bayern München,@bekirmiller9346,Willkommen und viel Erfolg mit dem FC Bayern jetzt noch Eze aus England holen und die Mannschafft kann viel Erreichen.,1
NMqA258z4rY,Jonathan Tah's first day at FC Bayern | Behind the Scenes,461876,18184,894,FC Bayern München,@can1262,Endlich ist der Abwehrchef da !!!!,0
NMqA258z4rY,Jonathan Tah's first day at FC Bayern | Behind the Scenes,461876,18184,894,FC Bayern München,@LLCoolJ7,Starke Verpflichtung Freunde! Vamos 🎉,5
NMqA258z4rY,Jonathan Tah's first day at FC Bayern | Behind the Scenes,461876,18184,894,FC Bayern München,@LLCoolJ7,🎉❤,0
NMqA258z4rY,Jonathan Tah's first day at FC Bayern | Behind the Scenes,461876,18184,894,FC Bayern München,@MrKem0sh,Bester Mann,0
NMqA258z4rY,Jonathan Tah's first day at FC Bayern | Behind the Scenes,461876,18184,894,FC Bayern München,@svengeisler9447,"Bestimmt guter Verteidiger aber eben schon 29 .
Weiß nicht ob die Taktik so gut ist Spieler im höheren Alter zu holen.",0
NMqA258z4rY,Jonathan Tah's first day at FC Bayern | Behind the Scenes,461876,18184,894,FC Bayern München,@profahrer5160,"Real defender,Top Player🤙🏆",0
NMqA258z4rY,Jonathan Tah's first day at FC Bayern | Behind the Scenes,461876,18184,894,FC Bayern München,@Freshdaks7,"Du wirst unser Leader für die nächsten Jahr. Bitte bring Upa noch mentale Stärke bei, dann seid ihr eines der besten IV Duos in Europa.

PS: Eberl hol auch noch Rodrygo bitte.",1
NMqA258z4rY,Jonathan Tah's first day at FC Bayern | Behind the Scenes,461876,18184,894,FC Bayern München,@jarnomp,"Ich freu mich auf die Jahre mit ihm Mia san Mia ❤️🤍

Bearbeitet —> geiles Video",0
NMqA258z4rY,Jonathan Tah's first day at FC Bayern | Behind the Scenes,461876,18184,894,FC Bayern München,@Tetzlaff1960,Ich mag den jetzt schon.,1
NMqA258z4rY,Jonathan Tah's first day at FC Bayern | Behind the Scenes,461876,18184,894,FC Bayern München,@Kubibrain,Ohne großes Drama  ob er kommt oder nicht usw🤌Stabiler Typ 🙋‍♂️Herzlich willkommen 🙏,8
NMqA258z4rY,Jonathan Tah's first day at FC Bayern | Behind the Scenes,461876,18184,894,FC Bayern München,@MaiVietAnhTong,Tah + Upamecano = 😉,2
NMqA258z4rY,Jonathan Tah's first day at FC Bayern | Behind the Scenes,461876,18184,894,FC Bayern München,@Luissxxxx,So sympathisch ❤,0
NMqA258z4rY,Jonathan Tah's first day at FC Bayern | Behind the Scenes,461876,18184,894,FC Bayern München,@necromancer234,Nur der HSV,0
NMqA258z4rY,Jonathan Tah's first day at FC Bayern | Behind the Scenes,461876,18184,894,FC Bayern München,@teves_9,Damals noch in der Sky Doku das erste Mal gesehen im Fernsehen und jetzt ist er einfach beim besten Club der Welt. Ich freu mich mega drauf und wünsche ihm einen perfekten Start beim FCB!,37
NMqA258z4rY,Jonathan Tah's first day at FC Bayern | Behind the Scenes,461876,18184,894,FC Bayern München,@dominik4081,"Egal was in der Offensive (Leao, Gakpo, Rodrygo, etc.) noch so passieren könnte, TAH ist der beste und wichtigste Transfer!🙏🏼🔥",2
NMqA258z4rY,Jonathan Tah's first day at FC Bayern | Behind the Scenes,461876,18184,894,FC Bayern München,@Delboy0,"It is not good for the German National team that German players with potential move to Bayern and stagnant in Bundesliga because it is too easy for them. Tah will be another Sule, 

German players need to be less insular and join Premier League teams and reach their full potential playing in the best league. There is a correlation between national teams with high numbers of Premier League players and getting far in tournaments, because playing in the Premier League is like playing in a World Cup every week so prepares players for playing against high quality. The Bundesliga does not do this.",0
NMqA258z4rY,Jonathan Tah's first day at FC Bayern | Behind the Scenes,461876,18184,894,FC Bayern München,@blznazn,Jetzt noch Leão oder Williams bitte!,7
NMqA258z4rY,Jonathan Tah's first day at FC Bayern | Behind the Scenes,461876,18184,894,FC Bayern München,@kingsofa8941,wann ist die Pressekonferenz ? lg .,0
NMqA258z4rY,Jonathan Tah's first day at FC Bayern | Behind the Scenes,461876,18184,894,FC Bayern München,@Floriano-Finance,wollte ihn schon letztes Jahr als Spieler sehen,0
NMqA258z4rY,Jonathan Tah's first day at FC Bayern | Behind the Scenes,461876,18184,894,FC Bayern München,@charliengreven152,Sehr sympathisch und wirkt mir auch so als würde er sich wirklich freuen 🎉,2
NMqA258z4rY,Jonathan Tah's first day at FC Bayern | Behind the Scenes,461876,18184,894,FC Bayern München,@simpics-simonschneider,Cooler Typ! Das wird super 👍,0
NMqA258z4rY,Jonathan Tah's first day at FC Bayern | Behind the Scenes,461876,18184,894,FC Bayern München,@4d4m_w31sh4upt,"Servus Tah, willkommen in München !!!",0
NMqA258z4rY,Jonathan Tah's first day at FC Bayern | Behind the Scenes,461876,18184,894,FC Bayern München,@hansimgluck164,Was macht Pina Zahavi in dem Clip ?,0
NMqA258z4rY,Jonathan Tah's first day at FC Bayern | Behind the Scenes,461876,18184,894,FC Bayern München,@Pofamous,Tah Tah - Tah Tah - Tah Tah!!,1
NMqA258z4rY,Jonathan Tah's first day at FC Bayern | Behind the Scenes,461876,18184,894,FC Bayern München,@oliverlenk372,Einer der geilsten Spielervorstellungen ... Wilkommen Jonah 💪,2
NMqA258z4rY,Jonathan Tah's first day at FC Bayern | Behind the Scenes,461876,18184,894,FC Bayern München,@Oliscaniaking,Endlich ist er da. Willkommen beim besten Verein der Welt. Das wir viel freude mit dir haben werden. Und vor allem das du endlich der Abwehrboss würst den wir unbedingt brauchen.,0
NMqA258z4rY,Jonathan Tah's first day at FC Bayern | Behind the Scenes,461876,18184,894,FC Bayern München,@xxdon_robxx7722,Wirkt wirklich sehr sympathisch. Ich wünsche Jonathan alles Gute beim FC Bayern. So eine Verstärkung hat die Defensive gebraucht.,1
NMqA258z4rY,Jonathan Tah's first day at FC Bayern | Behind the Scenes,461876,18184,894,FC Bayern München,@mr.zarratox322,"Jetzt hoffen wir sehr, wenn wir auch mal in die neue Saison das Doppel oder Triple holen mit unser Tah (nach 5 Jahren ist mal zeit das wir mal ins Finale kommen bei DFB-Pokal)",1
NMqA258z4rY,Jonathan Tah's first day at FC Bayern | Behind the Scenes,461876,18184,894,FC Bayern München,@Football_is_life503,Welcome Tah 🎉,0
NMqA258z4rY,Jonathan Tah's first day at FC Bayern | Behind the Scenes,461876,18184,894,FC Bayern München,@ricle1095,Sympathisch aber nicht gut genug für Bayern . Leider in meinen Augen ein Flop  Transfer 😔,0
NMqA258z4rY,Jonathan Tah's first day at FC Bayern | Behind the Scenes,461876,18184,894,FC Bayern München,@Mimi-ed8er,"Herzlich Willkommen, miasanmia 😃",0
NMqA258z4rY,Jonathan Tah's first day at FC Bayern | Behind the Scenes,461876,18184,894,FC Bayern München,@TomazzPhil1988,Ich sag's auch jetzt... Der Transfer ist weit wichtiger als ein Wirtz Transfer hätte sein können. Prima freu mich dass er nun ein Münchener ist :),1
NMqA258z4rY,Jonathan Tah's first day at FC Bayern | Behind the Scenes,461876,18184,894,FC Bayern München,@ILoveMyBeard001,"Viel Freude in München, Jonathan Tah.
Richtig guter Transfer, mal wieder :D",5
NMqA258z4rY,Jonathan Tah's first day at FC Bayern | Behind the Scenes,461876,18184,894,FC Bayern München,@Powerarmed,Oje...,0
NMqA258z4rY,Jonathan Tah's first day at FC Bayern | Behind the Scenes,461876,18184,894,FC Bayern München,@Django-Freemann,"Bei dem video merkt man, wie wichtig der stuff ist damit alle sich wohlfühlen. Jetzt noch einen für la und nen backup für kane",1
NMqA258z4rY,Jonathan Tah's first day at FC Bayern | Behind the Scenes,461876,18184,894,FC Bayern München,@thomask4449,Angelo Dawkins came from wwe to fc bayern 🔥🔥🔥,0
NMqA258z4rY,Jonathan Tah's first day at FC Bayern | Behind the Scenes,461876,18184,894,FC Bayern München,@TRICS11,❤ 2 c u in FCBM 😊,1
NMqA258z4rY,Jonathan Tah's first day at FC Bayern | Behind the Scenes,461876,18184,894,FC Bayern München,@CollinPötzl,Servus 👋,0
NMqA258z4rY,Jonathan Tah's first day at FC Bayern | Behind the Scenes,461876,18184,894,FC Bayern München,@AndreasDonig,Endlich ein echter Abwehrchef 👍,0
NMqA258z4rY,Jonathan Tah's first day at FC Bayern | Behind the Scenes,461876,18184,894,FC Bayern München,@rabakadabra,"Griaß di bua
Ey und sorry das du in der ersten Saison so n dreckstrikot tragen musst - wird nächstes Jahr hoffentlich besser",0
NMqA258z4rY,Jonathan Tah's first day at FC Bayern | Behind the Scenes,461876,18184,894,FC Bayern München,@mundolunatico528,Ya solo falta. Rodrigo goes para estar al 💯 por favor 🙏🏻 no tener un brasilero es como estar cojo directiva despierten🗣️,0
NMqA258z4rY,Jonathan Tah's first day at FC Bayern | Behind the Scenes,461876,18184,894,FC Bayern München,@SweeDieWee,Brauchen wir nicht... Glückwunsch an Uli Hoeneß den Wirtz Transfers zu vergeigen... Diese Ignoranz vom Typen... der soll einfach mal in Rente gehen und seine Steuern zahlen,1
NMqA258z4rY,Jonathan Tah's first day at FC Bayern | Behind the Scenes,461876,18184,894,FC Bayern München,@motteogkush9821,"Willkommen beim geilsten Club der Welt, Jonathan Tah. Jetzt heißt es für dich MIA SAN MIA ❤🤍",1
NMqA258z4rY,Jonathan Tah's first day at FC Bayern | Behind the Scenes,461876,18184,894,FC Bayern München,@G4L4XY_44,"Seit Jerome endlich mal wieder ein guter, solider, Deutscher IV",1
NMqA258z4rY,Jonathan Tah's first day at FC Bayern | Behind the Scenes,461876,18184,894,FC Bayern München,@2wr741,Du siehst so komisch leider aus dem Bayern Trikot,0
NMqA258z4rY,Jonathan Tah's first day at FC Bayern | Behind the Scenes,461876,18184,894,FC Bayern München,@Chillwishiie,Und servus ?,0
NMqA258z4rY,Jonathan Tah's first day at FC Bayern | Behind the Scenes,461876,18184,894,FC Bayern München,@heikeates8655,Willkommen bei Bayern 🍀🫶🍀♥️🤍,0
NMqA258z4rY,Jonathan Tah's first day at FC Bayern | Behind the Scenes,461876,18184,894,FC Bayern München,@W7SQ87,We want Florian wirtz BAYERN MUNCHEN,1
NMqA258z4rY,Jonathan Tah's first day at FC Bayern | Behind the Scenes,461876,18184,894,FC Bayern München,@celinefe6420,"Er strahlt so eine Ruhe aus, was eine Aura. Freu mich schon ihn spielen zu sehen 😊",462
NMqA258z4rY,Jonathan Tah's first day at FC Bayern | Behind the Scenes,461876,18184,894,FC Bayern München,@edin22,Willkommen Jona ❤🤍,0
NMqA258z4rY,Jonathan Tah's first day at FC Bayern | Behind the Scenes,461876,18184,894,FC Bayern München,@derschwarzegeneral4491,Oachkatzlschwoaf,0
NMqA258z4rY,Jonathan Tah's first day at FC Bayern | Behind the Scenes,461876,18184,894,FC Bayern München,@danielfranke2795,Toller Typ der tah,0
NMqA258z4rY,Jonathan Tah's first day at FC Bayern | Behind the Scenes,461876,18184,894,FC Bayern München,@Meduseka,"Er wirkt wie die Definition von unauthentisch. immer wenner redet klingt alles so gestellt... naja, bayern kakke leverkusen kakke tah kakke, passt.",0
NMqA258z4rY,Jonathan Tah's first day at FC Bayern | Behind the Scenes,461876,18184,894,FC Bayern München,@billybatson1316,Geil!!,0
NMqA258z4rY,Jonathan Tah's first day at FC Bayern | Behind the Scenes,461876,18184,894,FC Bayern München,@bene4265,JonaTAHn👏🏼❤️‍🔥,0
NMqA258z4rY,Jonathan Tah's first day at FC Bayern | Behind the Scenes,461876,18184,894,FC Bayern München,@ItsMeCasper310,Verkäufer 😂,1
NMqA258z4rY,Jonathan Tah's first day at FC Bayern | Behind the Scenes,461876,18184,894,FC Bayern München,@WasnClown,Endlich!! Der wird dahinten wieder Stabilität rein bringen 🙂,0
NMqA258z4rY,Jonathan Tah's first day at FC Bayern | Behind the Scenes,461876,18184,894,FC Bayern München,@ricotain,"Herzlich Willkommen, Maschine ! The Terminator arrived",0
NMqA258z4rY,Jonathan Tah's first day at FC Bayern | Behind the Scenes,461876,18184,894,FC Bayern München,@Roylphoenix-uo2lu,de ligt war besser viel spaß bald auf der bank,0
NMqA258z4rY,Jonathan Tah's first day at FC Bayern | Behind the Scenes,461876,18184,894,FC Bayern München,@openmind3231,Bester Verteidiger der Welt. Sehr unterschätzt,1
NMqA258z4rY,Jonathan Tah's first day at FC Bayern | Behind the Scenes,461876,18184,894,FC Bayern München,@iurahn,"Hoffe, er bleibt langfristig als Leader unserer Abwehr",0
NMqA258z4rY,Jonathan Tah's first day at FC Bayern | Behind the Scenes,461876,18184,894,FC Bayern München,@melavchichi4,welcome to munich jonathen,0
NMqA258z4rY,Jonathan Tah's first day at FC Bayern | Behind the Scenes,461876,18184,894,FC Bayern München,@Robberybobessidog_edit,Willkommen tah❤,0
NMqA258z4rY,Jonathan Tah's first day at FC Bayern | Behind the Scenes,461876,18184,894,FC Bayern München,@r.b8354,Servus Jona ....herzlichen Willkommen,0
NMqA258z4rY,Jonathan Tah's first day at FC Bayern | Behind the Scenes,461876,18184,894,FC Bayern München,@rooibosvanille862,"Willkommen! Unfassbar guter Transfer von uns, vorallem für das Geld. Wahnsinn",0
NMqA258z4rY,Jonathan Tah's first day at FC Bayern | Behind the Scenes,461876,18184,894,FC Bayern München,@19Bernie92,Alles gute für deine Zeit hier bei Bayern 🍀👍 hoffe du kannst hier deine Qualität voll und ganz ausschöpfen Nummer 4 😃👍,0
NMqA258z4rY,Jonathan Tah's first day at FC Bayern | Behind the Scenes,461876,18184,894,FC Bayern München,@Spin-2709,Jetzt noch einen krassen linken LF und ST backup und wir sind gut gerüstet.,1
NMqA258z4rY,Jonathan Tah's first day at FC Bayern | Behind the Scenes,461876,18184,894,FC Bayern München,@Splanchnologist,"Find ich cool 💪
Er soll Wirtz mal in den Schwitzkasten nehmen, vielleicht überlegt er es sich nochmal,",0
NMqA258z4rY,Jonathan Tah's first day at FC Bayern | Behind the Scenes,461876,18184,894,FC Bayern München,@bnjmnmrn,Wie er komplett verzweifelt am Bayrisch 😂😂😂😂,0
NMqA258z4rY,Jonathan Tah's first day at FC Bayern | Behind the Scenes,461876,18184,894,FC Bayern München,@Pleen1000,Super Typ! Servus Jonathan!,0
NMqA258z4rY,Jonathan Tah's first day at FC Bayern | Behind the Scenes,461876,18184,894,FC Bayern München,@openmind3231,*Jonathan Tah* du warst auf meiner Schule in Hamburg. Damals schon Zielgerichtet und hungrig!🦾🦾 gönne es dir du hast das geschafft was kein andere  verdient hat 🦾🔥🔥🔥,3
NMqA258z4rY,Jonathan Tah's first day at FC Bayern | Behind the Scenes,461876,18184,894,FC Bayern München,@real_Gi,"Willkommen in München, Jona!
Our need for him undoubtedly outweighs our need for Wirtz.
(ist übrigens feiertag liebes fcb social team)",0
NMqA258z4rY,Jonathan Tah's first day at FC Bayern | Behind the Scenes,461876,18184,894,FC Bayern München,@Dominik-ls9nw,"So eine Bereicherung der Typ, einfach Mega",2
NMqA258z4rY,Jonathan Tah's first day at FC Bayern | Behind the Scenes,461876,18184,894,FC Bayern München,@Terri4hell,Der war viel viel wichtiger als Wirtz. Endlich ein stabiler center back. Welcome! 😁,0
NMqA258z4rY,Jonathan Tah's first day at FC Bayern | Behind the Scenes,461876,18184,894,FC Bayern München,@Dima_Vovk,Sign Leao and we're ready for next big season,0
NMqA258z4rY,Jonathan Tah's first day at FC Bayern | Behind the Scenes,461876,18184,894,FC Bayern München,@goschmax,"Schön, dass es nun endlich geklappt hat. Ich hätte ihn gern früher in München und dann gemeinsam mit MdL gesehen.",14
NMqA258z4rY,Jonathan Tah's first day at FC Bayern | Behind the Scenes,461876,18184,894,FC Bayern München,@Rurpotter,"Deutscher Junge , deutsche Mannschaft , Punkt ! Das sage ich als Kurde welcher hier geboren ist . Ich hätte mich auch für die deutsche Mannschaft entscheiden",0
NMqA258z4rY,Jonathan Tah's first day at FC Bayern | Behind the Scenes,461876,18184,894,FC Bayern München,@dffgh,Bro is CB Mbappe,0
NMqA258z4rY,Jonathan Tah's first day at FC Bayern | Behind the Scenes,461876,18184,894,FC Bayern München,@baphomet00,Welcome Tah,0
NMqA258z4rY,Jonathan Tah's first day at FC Bayern | Behind the Scenes,461876,18184,894,FC Bayern München,@TheFlightstick,"Ich habe damals die Sky Doku über den Jugendspieler des HSV, der das Potenzial zum Profi hat, angeschaut. Ich dachte damals, wie wundervoll aufgeräumt im Kopf dieser Junge ist und ihm nur das Beste gewünscht. Von dort an habe ihn intensiver auf seiner Laufbahn verfolgt und siehe da, aus dem jugendlichen Jonathan Tah ist der Nationalspieler und Leader Jona geworden. Mach weiter so, denn besser kann man es kaum machen!",46
NMqA258z4rY,Jonathan Tah's first day at FC Bayern | Behind the Scenes,461876,18184,894,FC Bayern München,@Haubi1708,"Servus ✌️
❤️🤍",1
NMqA258z4rY,Jonathan Tah's first day at FC Bayern | Behind the Scenes,461876,18184,894,FC Bayern München,@MsRaklo,"In der Allianz Arena wird es wohl das hässliche neue sein, mit dem er auflaufen wird.",0
NMqA258z4rY,Jonathan Tah's first day at FC Bayern | Behind the Scenes,461876,18184,894,FC Bayern München,@MiaSanMia91,Servus ❤🤍💯🇩🇪🤝👍💪,0
NMqA258z4rY,Jonathan Tah's first day at FC Bayern | Behind the Scenes,461876,18184,894,FC Bayern München,@BenjaminSchulz-x8d,Einfach überbewertet...,0
NMqA258z4rY,Jonathan Tah's first day at FC Bayern | Behind the Scenes,461876,18184,894,FC Bayern München,@bengla6760,Sympathischer Dude,2
NMqA258z4rY,Jonathan Tah's first day at FC Bayern | Behind the Scenes,461876,18184,894,FC Bayern München,@LukasBarinec,freund and dressen working on that Leao transfer. thats why they’re missing,0
NMqA258z4rY,Jonathan Tah's first day at FC Bayern | Behind the Scenes,461876,18184,894,FC Bayern München,@wokeaf1337,Habemus papam Jona,0
NMqA258z4rY,Jonathan Tah's first day at FC Bayern | Behind the Scenes,461876,18184,894,FC Bayern München,@patrikpervorfi,"Bei allem Respekt.. aber wir brauchen eine komplette Umstrukturierung.. Ich denke die Führung des FC Bayern München rechnet noch in Mark um bei Transfer, weil sie sagen kein Spieler ist 100 Millionen wert.. Das ist aber die Realität wenn du einer der Top 10 Clubs sein willst.. Bisher hat es immer geklappt die Bundesliga aufzukaufen, sodass du locker die BL gewonnen hast und gute Chancen auf die Championsleague hattest.. Dadurch dass man aber nicht mehr jede Summe zahlt, sind auch die anderen Clubs gewachsen, da andere ausländische Vereine bereit sind diese Summen zu bezahlen.. Deshalb gibt es für den FCB nur 2 Möglichkeiten.. entweder man nimmt viel Geld in die Hand oder man verjüngt den Club und lässt Talenten die Möglichkeit zu spielen.. Und einen 29 Jährigen Jonathan Tah, der ein guter Spieler ist hat man jetzt zwar ablösefrei holen können.. aber er ist nicht die Zukunft des FCB.. Wir brauchen junge Spieler die anfangen den Verein zu lieben, sodass sie an das Projekt glauben und ihre Karriere nach 10 Jahren beim FCB beenden wollen.. Man muss dem Trainer mehr Entscheidungen überlassen und wir müssen einem Trainer den Wandel des Teams erlauben, der vielleicht ohne Titel die nächsten Jahre durchkommt ohne dass man ihn kündigt.. Wir reagieren viel zu schnell wenn Spieler im Verein nicht abliefern, aber reagieren im Transferfenster zu langsam.. Wenn ich höre dass Mbappe, Wirtz,.. bereits vor Jahren hätten kommen können dann sollte dass Konsequenzen in der Leitung des FCB haben.. Wenn man sieht wie Sommer mit der Schweiz abgeliefert hat.. dann zu uns gewechselt ist.. aber wir ihn dann losgeworden sind und er jetzt im Finale der Championsleague steht, dann sind das genau die Fehler die ich meine..",0
NMqA258z4rY,Jonathan Tah's first day at FC Bayern | Behind the Scenes,461876,18184,894,FC Bayern München,@Slayem02,"Fire, Bayern!",0
NMqA258z4rY,Jonathan Tah's first day at FC Bayern | Behind the Scenes,461876,18184,894,FC Bayern München,@samu7308,jetzt noch leao,1
NMqA258z4rY,Jonathan Tah's first day at FC Bayern | Behind the Scenes,461876,18184,894,FC Bayern München,@FrugalRanger,Sehr sympathisch. Jetzt bitte auch sehr gut verteidigen. Viel Erfolg!,0
NMqA258z4rY,Jonathan Tah's first day at FC Bayern | Behind the Scenes,461876,18184,894,FC Bayern München,@llltersi,Ich habe damals seine Sky Doku gesehen wo er noch in der Jugend war. Jetzt ist er an der Spitze was für eine Entwicklung WoW,0
NMqA258z4rY,Jonathan Tah's first day at FC Bayern | Behind the Scenes,461876,18184,894,FC Bayern München,@GetNoHighscores,Der Chef!!❤,1
NMqA258z4rY,Jonathan Tah's first day at FC Bayern | Behind the Scenes,461876,18184,894,FC Bayern München,@Keelah94,"Ich kann mich noch an die Doku erinnern von Damals, als ich Tah das erste mal wahrgenommen habe... wie schnell die Zeit vergeht!
Ich wünsche Joh alles gute und ganz viel Gesundheit, das er noch lange auf dem Level agieren kann wo er gerade ist.
Danke für alles was du in Leverkusen erreicht hast und wir sehen uns dann wieder auf dem Platz!",3
NMqA258z4rY,Jonathan Tah's first day at FC Bayern | Behind the Scenes,461876,18184,894,FC Bayern München,@phrufus,Super Transfer,0
NMqA258z4rY,Jonathan Tah's first day at FC Bayern | Behind the Scenes,461876,18184,894,FC Bayern München,@jonsteeva9444,No tattoos! Very cool!,1
NMqA258z4rY,Jonathan Tah's first day at FC Bayern | Behind the Scenes,461876,18184,894,FC Bayern München,@ThomasKissel-w1p,"Servus Jonathan Tah. Herzlich Willkommen, beim FC Bayern.",0
NMqA258z4rY,Jonathan Tah's first day at FC Bayern | Behind the Scenes,461876,18184,894,FC Bayern München,@monikafisches2145,Jonathan TAHS IST WÜNSCHE DIR HERZLICHEN WILLKOMMEN BEI DER MANNSCHAFT Bayern München und viel Glück dabei,2
NMqA258z4rY,Jonathan Tah's first day at FC Bayern | Behind the Scenes,461876,18184,894,FC Bayern München,@darkstar8098,neues Land neue Sprache 😂,0
NMqA258z4rY,Jonathan Tah's first day at FC Bayern | Behind the Scenes,461876,18184,894,FC Bayern München,@PEASEANDMUSIC,"Sehr, sehr geil 💪",0
NMqA258z4rY,Jonathan Tah's first day at FC Bayern | Behind the Scenes,461876,18184,894,FC Bayern München,@harinyubjcharih3203,So ein netter Kerl 😂,2
NMqA258z4rY,Jonathan Tah's first day at FC Bayern | Behind the Scenes,461876,18184,894,FC Bayern München,@kaychaos6079,Willkommen 😊,0
NMqA258z4rY,Jonathan Tah's first day at FC Bayern | Behind the Scenes,461876,18184,894,FC Bayern München,@TassiloChigurh,Die Abwehr wird endlich stabil.,0
NMqA258z4rY,Jonathan Tah's first day at FC Bayern | Behind the Scenes,461876,18184,894,FC Bayern München,@hoseintabaei4735,Welcome Jonathan❤,3
NMqA258z4rY,Jonathan Tah's first day at FC Bayern | Behind the Scenes,461876,18184,894,FC Bayern München,@pixillaTV,"Endlich kommt zusammen was zusammen gehört. Jonathan ist ein Spieler, der die Defensive noch einmal besser machen wird. Menschlich und sportlich eine großartige Verstärkung. Zusammen mit Upamecano könnte das die beste Innenverteidigung werden, die aktuell bei einem europäischen Klub auf dem Platz steht. Rechts Stanisic, links Davies, dass klingt einfach richtig gut. Abgesehen davon, passt Jonathan perfekt in das Spielsystem, vor allem auch aufgrund seiner Geschwindigkeit. Der FC Bayern steht meistens in der Verteidigung sehr hoch und somit ist der Raum nach hinten recht groß, den ein Abwehrspieler unter seiner Kontrolle haben muss. Ideal auch sein gutes Positionsspiel, dass ihm noch einmal zusätzlich hilft. Was dem FC Bayern zuletzt aber vor allem fehlte, war ein Verteidiger, der sehr gut in der Spielereröffnung ist. Das kann Jonathan einfach perfekt.",165
NMqA258z4rY,Jonathan Tah's first day at FC Bayern | Behind the Scenes,461876,18184,894,FC Bayern München,@Cool.Daddy.1973,Macht einen sehr bodenständigen und extrem sympatischen Eindruck. Herzlich Willkommen beim FC Bayern Jona. Für mich persönlich schon jetzt der Königstransfer dieser Saison!,1076
NMqA258z4rY,Jonathan Tah's first day at FC Bayern | Behind the Scenes,461876,18184,894,FC Bayern München,@sinner2460,"Vor 2 Jahren hätte ich mich über den Transfer geärgert, aber nach seiner top Entwicklung ein Nobrainer. Das könnte super funktionieren.",0
NMqA258z4rY,Jonathan Tah's first day at FC Bayern | Behind the Scenes,461876,18184,894,FC Bayern München,@its3amagain.animations,TAH TÜ TAH DA,1
NMqA258z4rY,Jonathan Tah's first day at FC Bayern | Behind the Scenes,461876,18184,894,FC Bayern München,@spatschicht9939,Top,0
NMqA258z4rY,Jonathan Tah's first day at FC Bayern | Behind the Scenes,461876,18184,894,FC Bayern München,@DangermouseBananaaa,Schön dass der Fcb weiter die Bundesliga (Konkurrenz) schwächt. Noch schöner dass Wirtz sich gegen die Langeweile entscheidet. Champions League wird auf Jahre nicht mehr erreichbar sein 🎉,0
NMqA258z4rY,Jonathan Tah's first day at FC Bayern | Behind the Scenes,461876,18184,894,FC Bayern München,@joh.lifting,"Willkommen Jona! Das kann ein richtig interessanter Spieler werden, bin schon gespannt 😊✌️",0
NMqA258z4rY,Jonathan Tah's first day at FC Bayern | Behind the Scenes,461876,18184,894,FC Bayern München,@BJKG5b,"Alles Gute, Jonathan. Schade, dass es kein Klub geworden ist, bei dem ein CL-Sieg winkt. Deutscher Meister und Pokal-Sieger bist du ja schon.",1
NMqA258z4rY,Jonathan Tah's first day at FC Bayern | Behind the Scenes,461876,18184,894,FC Bayern München,@Kellerwohnung,Schön das du da bist. Auf geht`s.,1
NMqA258z4rY,Jonathan Tah's first day at FC Bayern | Behind the Scenes,461876,18184,894,FC Bayern München,@Lucario_FAN,"Willkommen beim FC Bayern, Jonathan Tah. Jetzt werden wir Klub-Weltmeister. 💪😎",0
NMqA258z4rY,Jonathan Tah's first day at FC Bayern | Behind the Scenes,461876,18184,894,FC Bayern München,@ruffytheluffy,Klub-WM Ja?,0
NMqA258z4rY,Jonathan Tah's first day at FC Bayern | Behind the Scenes,461876,18184,894,FC Bayern München,@Scorpion145678,"Willkommen steht Dir echt gut das neue Trikot viel Erfolg,",0
NMqA258z4rY,Jonathan Tah's first day at FC Bayern | Behind the Scenes,461876,18184,894,FC Bayern München,@t.k.5399,"Absolute Maschine, gut dass du da bist! Ein top Verteidiger war dringend notwendig ❤",0
NMqA258z4rY,Jonathan Tah's first day at FC Bayern | Behind the Scenes,461876,18184,894,FC Bayern München,@new173flo8,Willkommen Bro Mia San Mia ❤💯,0
NMqA258z4rY,Jonathan Tah's first day at FC Bayern | Behind the Scenes,461876,18184,894,FC Bayern München,@smokalot6663,Abwehrchef!!! Endlich! Freu mich.,0
NMqA258z4rY,Jonathan Tah's first day at FC Bayern | Behind the Scenes,461876,18184,894,FC Bayern München,@dadmckracken,sehr guter Transfer! Top!,0
NMqA258z4rY,Jonathan Tah's first day at FC Bayern | Behind the Scenes,461876,18184,894,FC Bayern München,@AndreasKastner-m9e,Hoffentlich bekommen wir endlich Stabilität in die Abwehr ?😊,0
NMqA258z4rY,Jonathan Tah's first day at FC Bayern | Behind the Scenes,461876,18184,894,FC Bayern München,@stahlbursch,"an oachkatzlschwoaf , wer kennts nicht xD",0
NMqA258z4rY,Jonathan Tah's first day at FC Bayern | Behind the Scenes,461876,18184,894,FC Bayern München,@Marc82Harley,"Davies, Tah, Upamecano, Boey
Coman, Musiala, Sane, Olise, Gnabry
Glückwunsch Fc Bayern Senegal.",1
NMqA258z4rY,Jonathan Tah's first day at FC Bayern | Behind the Scenes,461876,18184,894,FC Bayern München,@ikhlaskhairi5271,❤❤❤,0
NMqA258z4rY,Jonathan Tah's first day at FC Bayern | Behind the Scenes,461876,18184,894,FC Bayern München,@anonymous_kappa8172,Bitte Leao holen,2
NMqA258z4rY,Jonathan Tah's first day at FC Bayern | Behind the Scenes,461876,18184,894,FC Bayern München,@gruschti,"Als neutraler Beobachter, irgendwie einer der langweiligsten Vereine den man sich für ihn hätte wünschen können. Für den FC Bayern macht der Transfair total sinn. Man fragt sich, was reizt ihn am FC Bayern? Warum? Er hat die Schale und den DFB Pokal schon geholt. Irgendwie hat man das Gefühl er hat kein Bock auf das Ausland und will im deutschsprachigen Raum finanziell und sportlich das maximale rausholen. Anders kann ich mir es nicht erklären. Glückwunsch Bayern, schade Jonathan Tah",0
NMqA258z4rY,Jonathan Tah's first day at FC Bayern | Behind the Scenes,461876,18184,894,FC Bayern München,@Vik1st,"Mich persönlich konnte Tah nie ganz mit seinen Leistungen überzeugen. Ich hoffe, dass er dem FCB gewachsen ist und gut zurecht kommt. Sympathisch ist er  auf jeden Fall.",0
NMqA258z4rY,Jonathan Tah's first day at FC Bayern | Behind the Scenes,461876,18184,894,FC Bayern München,@German_Hulk,TAH + KIM,0
NMqA258z4rY,Jonathan Tah's first day at FC Bayern | Behind the Scenes,461876,18184,894,FC Bayern München,@MarcoIsing,Haben den richtigen Leverkusener geholt !,0
NMqA258z4rY,Jonathan Tah's first day at FC Bayern | Behind the Scenes,461876,18184,894,FC Bayern München,@Tanialassie,"Mehr Qualität in der Abwehr 😎 kann bei uns nie schaden 👍
Willkommen Jonathan Tah 💎

Grüße Tanialassie",4
NMqA258z4rY,Jonathan Tah's first day at FC Bayern | Behind the Scenes,461876,18184,894,FC Bayern München,@MrPackoTV,"Schön dich zu sehen bei uns in Bayern, Jonathan. Endlich bist du da. Super! Die gegnerischen Stürmerreihen werden verzweifeln an Tah und gefrustet nach Spielende sofort das Feld verlassen. Ha Ha Ha.",2
NMqA258z4rY,Jonathan Tah's first day at FC Bayern | Behind the Scenes,461876,18184,894,FC Bayern München,@julienvampouche1145,Welcome Jonathan tah in the best team of the World !!!,2
NMqA258z4rY,Jonathan Tah's first day at FC Bayern | Behind the Scenes,461876,18184,894,FC Bayern München,@valdanohutapea,Welcome to FC Bayern Family 🥳,4
NMqA258z4rY,Jonathan Tah's first day at FC Bayern | Behind the Scenes,461876,18184,894,FC Bayern München,@hakiknight6486,Man sieht in den letzten jahren das immer weniger zum Fc Bayern wollen,1
NMqA258z4rY,Jonathan Tah's first day at FC Bayern | Behind the Scenes,461876,18184,894,FC Bayern München,@LeVerZockt,Jona hat die perfekte größe für einen IV er passt wie gemalt zu uns,1
NMqA258z4rY,Jonathan Tah's first day at FC Bayern | Behind the Scenes,461876,18184,894,FC Bayern München,@chickensoup5400,요나탄 어서오고❤🤍,1
NMqA258z4rY,Jonathan Tah's first day at FC Bayern | Behind the Scenes,461876,18184,894,FC Bayern München,@MrFistxx,Leverkusen wird immer weniger 😂,1
NMqA258z4rY,Jonathan Tah's first day at FC Bayern | Behind the Scenes,461876,18184,894,FC Bayern München,@thereds08,"Good luck, God bless you and family 🙏",3
NMqA258z4rY,Jonathan Tah's first day at FC Bayern | Behind the Scenes,461876,18184,894,FC Bayern München,@user-we4du6et2w,Zu alt!,0
NMqA258z4rY,Jonathan Tah's first day at FC Bayern | Behind the Scenes,461876,18184,894,FC Bayern München,@DanielsDimension,Wie die ganze Zeit das Auswärtstrikot zur Vorstellung genutzt wird. In allen Clips! Wo bleibt das neue Heimtrikot...,1
NMqA258z4rY,Jonathan Tah's first day at FC Bayern | Behind the Scenes,461876,18184,894,FC Bayern München,@razzTOXIC,Herzlichen Willkommen beim besten Verein der Welt!,1
NMqA258z4rY,Jonathan Tah's first day at FC Bayern | Behind the Scenes,461876,18184,894,FC Bayern München,@MathiasRegauer,@alle Bayernfans: Wann kommt Florian Wirtz?,0
NMqA258z4rY,Jonathan Tah's first day at FC Bayern | Behind the Scenes,461876,18184,894,FC Bayern München,@MrEiswerk,"Willkommen bei uns Jona! 🙏 Ich habe mal eine Doku über Nachwuchstalente gesehen, weiß leider nicht mehr auf welchem Sender, aber da merkte man schon, dass er ein ganz besonderer Typ ist!",2
NMqA258z4rY,Jonathan Tah's first day at FC Bayern | Behind the Scenes,461876,18184,894,FC Bayern München,@Henrik-jq4cn,Hallo neuer Abwerboss,2
NMqA258z4rY,Jonathan Tah's first day at FC Bayern | Behind the Scenes,461876,18184,894,FC Bayern München,@MegumiCore,Gz Bayern das ist ein top Verteidiger habt alles richtig gemacht.,1
NMqA258z4rY,Jonathan Tah's first day at FC Bayern | Behind the Scenes,461876,18184,894,FC Bayern München,@SD93613,Jonathan Tah der größte Heuchler !!!!,0
NMqA258z4rY,Jonathan Tah's first day at FC Bayern | Behind the Scenes,461876,18184,894,FC Bayern München,@fuldi76,servus Herr Tah..Ich freue mich das Sie endlich bei uns sind und bin mir sicher das Sie uns sofort weiter helfen werden....Ich wünsche Ihnen viele Titel mit uns...Grüsse aus Bangkok.,23
NMqA258z4rY,Jonathan Tah's first day at FC Bayern | Behind the Scenes,461876,18184,894,FC Bayern München,@M1KKS,"Herzlich Willkommen <3
und verdammt sieht der in dem weissen Trikot gut aus :D

Jona und Upa könnten echt nen verdammt starkes Duo werden.",2
NMqA258z4rY,Jonathan Tah's first day at FC Bayern | Behind the Scenes,461876,18184,894,FC Bayern München,@thomasx4377,Der braucht aber noch ein bisschen mehr Muskelmasse😀…Herzlich willkommen 🤗!,0
NMqA258z4rY,Jonathan Tah's first day at FC Bayern | Behind the Scenes,461876,18184,894,FC Bayern München,@LeckerMettwurst,Endlich!! 🎉🎉,2
NMqA258z4rY,Jonathan Tah's first day at FC Bayern | Behind the Scenes,461876,18184,894,FC Bayern München,@xenos2567,when u are big u are big,1
NMqA258z4rY,Jonathan Tah's first day at FC Bayern | Behind the Scenes,461876,18184,894,FC Bayern München,@PapaBuLLeT73,Willkommen Jona ,1
NMqA258z4rY,Jonathan Tah's first day at FC Bayern | Behind the Scenes,461876,18184,894,FC Bayern München,@Christiano706,Herzlichen willkommen beim FC Bayern Jonathan Tah. Er wirkt mega sympathisch und wird uns sicher enorm viel weiter helfen in der Verteidigung.,439
NMqA258z4rY,Jonathan Tah's first day at FC Bayern | Behind the Scenes,461876,18184,894,FC Bayern München,@maninthemoon931,"Ich weiß ja was Du dafür investiert hast und hoffe dass Du eine erfolgreiche Zeit beim, jetzt richtigen Verein hast",1
NMqA258z4rY,Jonathan Tah's first day at FC Bayern | Behind the Scenes,461876,18184,894,FC Bayern München,@Bediakob591,Very good results,1
NMqA258z4rY,Jonathan Tah's first day at FC Bayern | Behind the Scenes,461876,18184,894,FC Bayern München,@thorstenhorntrich1179,"Endlich wirst ""gscheid"". 

Bring den Sauhaufen bei Uns hinten in Ordnung.

Willkommen und einen top Start.",0
NMqA258z4rY,Jonathan Tah's first day at FC Bayern | Behind the Scenes,461876,18184,894,FC Bayern München,@madeinheaven91,Yes 🎉,1
NMqA258z4rY,Jonathan Tah's first day at FC Bayern | Behind the Scenes,461876,18184,894,FC Bayern München,@robman27576,"Willkommen Jona!, wichtigster Transfer, mehr als Wirtz",1
NMqA258z4rY,Jonathan Tah's first day at FC Bayern | Behind the Scenes,461876,18184,894,FC Bayern München,@denniseckhardt340,Willkommen Bro ❤❤,1
NMqA258z4rY,Jonathan Tah's first day at FC Bayern | Behind the Scenes,461876,18184,894,FC Bayern München,@Nieznany-p2u,I hope he will do good in Bayern. Our defence is at the moment completely weak. We need a better one and I hope Tah will be good transfer.,2
NMqA258z4rY,Jonathan Tah's first day at FC Bayern | Behind the Scenes,461876,18184,894,FC Bayern München,@mapleklop5965,Rotten auto nein❤,0
NMqA258z4rY,Jonathan Tah's first day at FC Bayern | Behind the Scenes,461876,18184,894,FC Bayern München,@leilanimiley,Endlich ne Bank hinten drin,2
NMqA258z4rY,Jonathan Tah's first day at FC Bayern | Behind the Scenes,461876,18184,894,FC Bayern München,@MrReese,"Enorm wichtiger Transfer, das war dringend nötig!",6
NMqA258z4rY,Jonathan Tah's first day at FC Bayern | Behind the Scenes,461876,18184,894,FC Bayern München,@maximilianfitzl3165,"Ich hab bisschen das Gefühl der wäre lieber ins Ausland , gab aber nix 100 prozentig sicheres und konkretes wie bei Bayeen",0
NMqA258z4rY,Jonathan Tah's first day at FC Bayern | Behind the Scenes,461876,18184,894,FC Bayern München,@solphon7,Lass uns allen sagen Herzlishen Wilkommen zum FC BAYERN ❤🤍,30
NMqA258z4rY,Jonathan Tah's first day at FC Bayern | Behind the Scenes,461876,18184,894,FC Bayern München,@AngelikaSchmitz-wx2bv,Willkommen beim FCB.,1
NMqA258z4rY,Jonathan Tah's first day at FC Bayern | Behind the Scenes,461876,18184,894,FC Bayern München,@chryzos3091,Ohne Ablöse ist crazy business,1
NMqA258z4rY,Jonathan Tah's first day at FC Bayern | Behind the Scenes,461876,18184,894,FC Bayern München,@geekz85,"sehr sympathischer typ, willkommen in münchen!",1
NMqA258z4rY,Jonathan Tah's first day at FC Bayern | Behind the Scenes,461876,18184,894,FC Bayern München,@patricebaumel,Killer Transfer!,0
NMqA258z4rY,Jonathan Tah's first day at FC Bayern | Behind the Scenes,461876,18184,894,FC Bayern München,@yisnice,Ich freu mich so,5
NMqA258z4rY,Jonathan Tah's first day at FC Bayern | Behind the Scenes,461876,18184,894,FC Bayern München,@짜구리-g2u,Upa Kim Tah is World Best Defense Squad😃,1
NMqA258z4rY,Jonathan Tah's first day at FC Bayern | Behind the Scenes,461876,18184,894,FC Bayern München,@esmukhtert2005,Herzlich willkommen im FC Bayern Jona du neuer Nummer #4!!!❤️❤️🤍🤍🇩🇪🇩🇪👏🏿👏🏿👋🏿👋🏿,8
NMqA258z4rY,Jonathan Tah's first day at FC Bayern | Behind the Scenes,461876,18184,894,FC Bayern München,@leonjasharaj6534,Willkommen in München Tah ❤🤍,1
NMqA258z4rY,Jonathan Tah's first day at FC Bayern | Behind the Scenes,461876,18184,894,FC Bayern München,@MoritzFCB2806,Sehr sympathisch freu mich sehr auf ihn im Stadion 😊🎉❤️🤍,2
NMqA258z4rY,Jonathan Tah's first day at FC Bayern | Behind the Scenes,461876,18184,894,FC Bayern München,@7playmaker,Guter Typ. Bin mir sicher dass er seine Sache gut machen wird 😊,272
NMqA258z4rY,Jonathan Tah's first day at FC Bayern | Behind the Scenes,461876,18184,894,FC Bayern München,@samuelkraftzyk6170,Und Wirtz zu Liverpool 🎉🎉🎉🎉🎉❤❤❤,0
NMqA258z4rY,Jonathan Tah's first day at FC Bayern | Behind the Scenes,461876,18184,894,FC Bayern München,@daniellking6104,Tah,1
NMqA258z4rY,Jonathan Tah's first day at FC Bayern | Behind the Scenes,461876,18184,894,FC Bayern München,@BurningDeeJay,wichtigster Transfer überhaupt... !,2
NMqA258z4rY,Jonathan Tah's first day at FC Bayern | Behind the Scenes,461876,18184,894,FC Bayern München,@fcb-david576,Willkommen MiaSanMia,1
NMqA258z4rY,Jonathan Tah's first day at FC Bayern | Behind the Scenes,461876,18184,894,FC Bayern München,@famaraabojang9424,Welcome and good luck,1
NMqA258z4rY,Jonathan Tah's first day at FC Bayern | Behind the Scenes,461876,18184,894,FC Bayern München,@ist2019,Goodbye MinJae!,0
NMqA258z4rY,Jonathan Tah's first day at FC Bayern | Behind the Scenes,461876,18184,894,FC Bayern München,@ChillaxingFreak,hat er nicht noch Vertrag in Leverkusen bis 30.06? wie kann er jetzt schon bei der Mannschaft sein?,0
NMqA258z4rY,Jonathan Tah's first day at FC Bayern | Behind the Scenes,461876,18184,894,FC Bayern München,@pokemongosuchtii7078,bienvenido al mejor club del mundo,1
NMqA258z4rY,Jonathan Tah's first day at FC Bayern | Behind the Scenes,461876,18184,894,FC Bayern München,@MarcO-hi5ks,So ein lieber Kerl und jetzt auch den passenden Verein.💪,2
NMqA258z4rY,Jonathan Tah's first day at FC Bayern | Behind the Scenes,461876,18184,894,FC Bayern München,@sovannraksmeydy8083,😍😍😍😍😍😍,1
NMqA258z4rY,Jonathan Tah's first day at FC Bayern | Behind the Scenes,461876,18184,894,FC Bayern München,@enricopeters9801,Herzlichen Willkommen in München 🔴⚪Tah,7
NMqA258z4rY,Jonathan Tah's first day at FC Bayern | Behind the Scenes,461876,18184,894,FC Bayern München,@WilfriedLeroy-x4y,Enfin 🎉🎉,1
NMqA258z4rY,Jonathan Tah's first day at FC Bayern | Behind the Scenes,461876,18184,894,FC Bayern München,@theoholtschulze3686,"Willkommen beim FC Bayern Jonathan Tah. Ich finde es schön, das Jonathan Tah sich für den FC Bayern entschieden hat.😊",985
NMqA258z4rY,Jonathan Tah's first day at FC Bayern | Behind the Scenes,461876,18184,894,FC Bayern München,@denspr5172,Moin Moin Tah,2
NMqA258z4rY,Jonathan Tah's first day at FC Bayern | Behind the Scenes,461876,18184,894,FC Bayern München,@svenlubensky6289,Viel Spaß beim Bayen München Mia san Mia,3
NMqA258z4rY,Jonathan Tah's first day at FC Bayern | Behind the Scenes,461876,18184,894,FC Bayern München,@justinlowen4769,❤❤,1
NMqA258z4rY,Jonathan Tah's first day at FC Bayern | Behind the Scenes,461876,18184,894,FC Bayern München,@TDWOLF1980,WILKOMMEN TAH!! 🟦🟥🟥⬜🇩🇪 FC. BAYERN MUNCHEN DEUTSCHER MEISTER🇩🇪,2
NMqA258z4rY,Jonathan Tah's first day at FC Bayern | Behind the Scenes,461876,18184,894,FC Bayern München,@KARIDO.youtube,Buy rodrigo or williams😍,1
NMqA258z4rY,Jonathan Tah's first day at FC Bayern | Behind the Scenes,461876,18184,894,FC Bayern München,@jesruu1157,"Endlich im richtigen Dress, sieht aus wie seit Jahren 😁",3
NMqA258z4rY,Jonathan Tah's first day at FC Bayern | Behind the Scenes,461876,18184,894,FC Bayern München,@AshrafKhoder,Welcome  to real home tah❤,3
NMqA258z4rY,Jonathan Tah's first day at FC Bayern | Behind the Scenes,461876,18184,894,FC Bayern München,@KralRex,Willkommen beim besten Klub der Welt,98
NMqA258z4rY,Jonathan Tah's first day at FC Bayern | Behind the Scenes,461876,18184,894,FC Bayern München,@AlexandraSpanheimer,Herzlich willkommen,5
NMqA258z4rY,Jonathan Tah's first day at FC Bayern | Behind the Scenes,461876,18184,894,FC Bayern München,@azakr3356,❤❤❤❤❤❤❤,2
NMqA258z4rY,Jonathan Tah's first day at FC Bayern | Behind the Scenes,461876,18184,894,FC Bayern München,@ShutUpBubi,Defense looking stacked now,16
NMqA258z4rY,Jonathan Tah's first day at FC Bayern | Behind the Scenes,461876,18184,894,FC Bayern München,@despenchion,Willkommen Jona 🙌,7
NMqA258z4rY,Jonathan Tah's first day at FC Bayern | Behind the Scenes,461876,18184,894,FC Bayern München,@161bobby-o7,Baller 🦁 willkommen,2
NMqA258z4rY,Jonathan Tah's first day at FC Bayern | Behind the Scenes,461876,18184,894,FC Bayern München,@diagnebayern,Ein Top Innenverteidiger,8
NMqA258z4rY,Jonathan Tah's first day at FC Bayern | Behind the Scenes,461876,18184,894,FC Bayern München,@AshrafKhoder,And wirts,2
NMqA258z4rY,Jonathan Tah's first day at FC Bayern | Behind the Scenes,461876,18184,894,FC Bayern München,@bambakhanadji9539,Bamba khanadji depuis le Senegal 🇸🇳 fier d être un bavarois❤️,6
NMqA258z4rY,Jonathan Tah's first day at FC Bayern | Behind the Scenes,461876,18184,894,FC Bayern München,@mohammedkidody5618,All the best Tah❤🎉,67
NMqA258z4rY,Jonathan Tah's first day at FC Bayern | Behind the Scenes,461876,18184,894,FC Bayern München,@ennorosenthal3691,26 😂,0
NMqA258z4rY,Jonathan Tah's first day at FC Bayern | Behind the Scenes,461876,18184,894,FC Bayern München,@Football12212,No way bro actually signed with bayern😭🙏🙏,2
NMqA258z4rY,Jonathan Tah's first day at FC Bayern | Behind the Scenes,461876,18184,894,FC Bayern München,@patrickberg6263,"Urbig , Kimmich Upa Tah Davies, Pavlovic Bischof, Olise Musiala Leao Kane 🎉",2
NMqA258z4rY,Jonathan Tah's first day at FC Bayern | Behind the Scenes,461876,18184,894,FC Bayern München,@161bobby-o7,Jaaaawolll kranker Verteidiger uffff ❤❤❤ 😊,47
NMqA258z4rY,Jonathan Tah's first day at FC Bayern | Behind the Scenes,461876,18184,894,FC Bayern München,@Rochi100k,Guter Mann,81
NMqA258z4rY,Jonathan Tah's first day at FC Bayern | Behind the Scenes,461876,18184,894,FC Bayern München,@mohammedgamer8016,Welcomeee🎉,8
NMqA258z4rY,Jonathan Tah's first day at FC Bayern | Behind the Scenes,461876,18184,894,FC Bayern München,@Allanzz1,Welcome ❤️🤍,3
NMqA258z4rY,Jonathan Tah's first day at FC Bayern | Behind the Scenes,461876,18184,894,FC Bayern München,@idowumayo5966,My favourite club❤,5
NMqA258z4rY,Jonathan Tah's first day at FC Bayern | Behind the Scenes,461876,18184,894,FC Bayern München,@TillOrth,JONAAAAAA❤❤❤❤❤,17
NMqA258z4rY,Jonathan Tah's first day at FC Bayern | Behind the Scenes,461876,18184,894,FC Bayern München,@Mrking-fj7bt,Welcome to you real home ❤,7
NMqA258z4rY,Jonathan Tah's first day at FC Bayern | Behind the Scenes,461876,18184,894,FC Bayern München,@Nachrichtdeutschlandrvtv,"❤ bester Transfer
Wichtig",68
NMqA258z4rY,Jonathan Tah's first day at FC Bayern | Behind the Scenes,461876,18184,894,FC Bayern München,@manfredluger854,Bayern ❤,2
NMqA258z4rY,Jonathan Tah's first day at FC Bayern | Behind the Scenes,461876,18184,894,FC Bayern München,@pizzalui,Welcome to Munich ❤️🤍,19
NMqA258z4rY,Jonathan Tah's first day at FC Bayern | Behind the Scenes,461876,18184,894,FC Bayern München,@ellim9871,Herzlich willkommen ❤😊,3
NMqA258z4rY,Jonathan Tah's first day at FC Bayern | Behind the Scenes,461876,18184,894,FC Bayern München,@ArshiaAsadi-m5v,Tah is goat man,14
NMqA258z4rY,Jonathan Tah's first day at FC Bayern | Behind the Scenes,461876,18184,894,FC Bayern München,@MNFCB,Erster,2
tXIGFJLF-I4,Make the sound challenge between Jamal and Phonzy! 😂,144588,6707,71,FC Bayern München,@thorntivane7138,😂😂😂,0
tXIGFJLF-I4,Make the sound challenge between Jamal and Phonzy! 😂,144588,6707,71,FC Bayern München,@DerBepp01,Bambi for Ballon d'O😂❤,2
tXIGFJLF-I4,Make the sound challenge between Jamal and Phonzy! 😂,144588,6707,71,FC Bayern München,@blackmoon4634,Show us some magic in USA❤❤MIASANMIA,0
tXIGFJLF-I4,Make the sound challenge between Jamal and Phonzy! 😂,144588,6707,71,FC Bayern München,@MalinGeyer,Servus 😊,0
tXIGFJLF-I4,Make the sound challenge between Jamal and Phonzy! 😂,144588,6707,71,FC Bayern München,@NINEHORNED,alphonso a legend,0
tXIGFJLF-I4,Make the sound challenge between Jamal and Phonzy! 😂,144588,6707,71,FC Bayern München,@Atz3TK,Jamal is so motivated 😂😂,0
tXIGFJLF-I4,Make the sound challenge between Jamal and Phonzy! 😂,144588,6707,71,FC Bayern München,@DERARFOOTBALL5,❤❤😮,0
tXIGFJLF-I4,Make the sound challenge between Jamal and Phonzy! 😂,144588,6707,71,FC Bayern München,@Helena-bx8bp,phonzi is so good,0
tXIGFJLF-I4,Make the sound challenge between Jamal and Phonzy! 😂,144588,6707,71,FC Bayern München,@AdamAl-Samarrai-y1g,What’s wrong with Davies’s right leg,1
tXIGFJLF-I4,Make the sound challenge between Jamal and Phonzy! 😂,144588,6707,71,FC Bayern München,@humeraerum8942,Hala madrid suii😊😊,0
tXIGFJLF-I4,Make the sound challenge between Jamal and Phonzy! 😂,144588,6707,71,FC Bayern München,@s_b6722,Jamal is the best young talent we have. Don't need any PR (like Yamal) for him ❤❤,9
tXIGFJLF-I4,Make the sound challenge between Jamal and Phonzy! 😂,144588,6707,71,FC Bayern München,@DerFußball-t5r,"Juuuuuuuuuubeeeeeeeeeeeelllll
🎉🎉🎉",0
tXIGFJLF-I4,Make the sound challenge between Jamal and Phonzy! 😂,144588,6707,71,FC Bayern München,@MiniWorld888,"20s video, 8s game, 12s explaining",0
tXIGFJLF-I4,Make the sound challenge between Jamal and Phonzy! 😂,144588,6707,71,FC Bayern München,@FutbolisLife7,Clutch hiding Alphonso brace 👌,0
tXIGFJLF-I4,Make the sound challenge between Jamal and Phonzy! 😂,144588,6707,71,FC Bayern München,@amirrezadolatabadi2253,Jamal😂❤,2
tXIGFJLF-I4,Make the sound challenge between Jamal and Phonzy! 😂,144588,6707,71,FC Bayern München,@H_Breit,Jamal bist auch nich der hellste wa 😂❤,0
tXIGFJLF-I4,Make the sound challenge between Jamal and Phonzy! 😂,144588,6707,71,FC Bayern München,@hunganh3255,"Jamal > yamal 💪💪💪
in Germany we don't need superstar  ! JAMAL LET'S GO !💪💪💪💪",15
tXIGFJLF-I4,Make the sound challenge between Jamal and Phonzy! 😂,144588,6707,71,FC Bayern München,@ElyasCaprisonne,Bro jamal is such an npc😂,0
tXIGFJLF-I4,Make the sound challenge between Jamal and Phonzy! 😂,144588,6707,71,FC Bayern München,@young_n._older,Awkwardly social vs socially awkward,0
tXIGFJLF-I4,Make the sound challenge between Jamal and Phonzy! 😂,144588,6707,71,FC Bayern München,@soa4982,ㅋㅋㅋ웃겨,1
tXIGFJLF-I4,Make the sound challenge between Jamal and Phonzy! 😂,144588,6707,71,FC Bayern München,@dessireshallenberger2836,Davies was killing it! 👌,4
tXIGFJLF-I4,Make the sound challenge between Jamal and Phonzy! 😂,144588,6707,71,FC Bayern München,@MatthiasWerkmann,nice :D,0
tXIGFJLF-I4,Make the sound challenge between Jamal and Phonzy! 😂,144588,6707,71,FC Bayern München,@livingstonesabah9335,😂😂,1
tXIGFJLF-I4,Make the sound challenge between Jamal and Phonzy! 😂,144588,6707,71,FC Bayern München,@Makeupautist,Jamal ist leicht überfordert 😂😭,0
tXIGFJLF-I4,Make the sound challenge between Jamal and Phonzy! 😂,144588,6707,71,FC Bayern München,@Nutzer-u8o,Jamal 😂,2
tXIGFJLF-I4,Make the sound challenge between Jamal and Phonzy! 😂,144588,6707,71,FC Bayern München,@negativesphere14,this is so funny,1
tXIGFJLF-I4,Make the sound challenge between Jamal and Phonzy! 😂,144588,6707,71,FC Bayern München,@AA-ke5bd,Moments like this reminds you Jamal is just a kid.,23
tXIGFJLF-I4,Make the sound challenge between Jamal and Phonzy! 😂,144588,6707,71,FC Bayern München,@Vaynor13,Why are there so many bots in comments 😭,5
tXIGFJLF-I4,Make the sound challenge between Jamal and Phonzy! 😂,144588,6707,71,FC Bayern München,@EffrantaEffranta,Musiala was counfiuse at that time 😅😅,0
tXIGFJLF-I4,Make the sound challenge between Jamal and Phonzy! 😂,144588,6707,71,FC Bayern München,@Toto-231,Best duo🔥🤝,12
tXIGFJLF-I4,Make the sound challenge between Jamal and Phonzy! 😂,144588,6707,71,FC Bayern München,@SolutionLemonade,"Luv u guys any day any time
God bless you and  keep you",2
tXIGFJLF-I4,Make the sound challenge between Jamal and Phonzy! 😂,144588,6707,71,FC Bayern München,@arminmd1472,phonziala🔥,4
tXIGFJLF-I4,Make the sound challenge between Jamal and Phonzy! 😂,144588,6707,71,FC Bayern München,@JamalMusialagirll,"Mia san mia❤🤍 
Jamal i feel you HAHAHAHAHA❤",12
tXIGFJLF-I4,Make the sound challenge between Jamal and Phonzy! 😂,144588,6707,71,FC Bayern München,@schiggy8413,Deabonniert.,0
tXIGFJLF-I4,Make the sound challenge between Jamal and Phonzy! 😂,144588,6707,71,FC Bayern München,@bilalalaland-msn123,so cuteee,2
tXIGFJLF-I4,Make the sound challenge between Jamal and Phonzy! 😂,144588,6707,71,FC Bayern München,@LLCoolJ7,Geil 😂🎉,1
tXIGFJLF-I4,Make the sound challenge between Jamal and Phonzy! 😂,144588,6707,71,FC Bayern München,@myfootballopinion207,Jamal hasn't even seen the trend 😒,0
tXIGFJLF-I4,Make the sound challenge between Jamal and Phonzy! 😂,144588,6707,71,FC Bayern München,@JudeNanjoh,Even though we missed you so much Thomas Muller we still have funny people in our team like Davis ❤,23
tXIGFJLF-I4,Make the sound challenge between Jamal and Phonzy! 😂,144588,6707,71,FC Bayern München,@OmerMiaSanMia,Best duo itw,12
tXIGFJLF-I4,Make the sound challenge between Jamal and Phonzy! 😂,144588,6707,71,FC Bayern München,@piotrteichertkajzer4260,Mia San Mia,2
tXIGFJLF-I4,Make the sound challenge between Jamal and Phonzy! 😂,144588,6707,71,FC Bayern München,@KNATAJ2006,❤,0
tXIGFJLF-I4,Make the sound challenge between Jamal and Phonzy! 😂,144588,6707,71,FC Bayern München,@Gulijewss_YT,Davies Real Madrid came on,2
tXIGFJLF-I4,Make the sound challenge between Jamal and Phonzy! 😂,144588,6707,71,FC Bayern München,@valdanohutapea,Hey Davies why your YT account it's not active?,0
tXIGFJLF-I4,Make the sound challenge between Jamal and Phonzy! 😂,144588,6707,71,FC Bayern München,@komulus9163,Bringt lieber Leistung auf dem Rasen! Gruzefix.,1
tXIGFJLF-I4,Make the sound challenge between Jamal and Phonzy! 😂,144588,6707,71,FC Bayern München,@valdanohutapea,What the... 😂😂😂😂😂,0
tXIGFJLF-I4,Make the sound challenge between Jamal and Phonzy! 😂,144588,6707,71,FC Bayern München,@martink.1471,😂😂,1
tXIGFJLF-I4,Make the sound challenge between Jamal and Phonzy! 😂,144588,6707,71,FC Bayern München,@GusellaPaulul,"Ich habe dieses Video meinen Kindern gezeigt, und jetzt lachen sie so laut, dass die Nachbarn gekommen sind, um zu sehen, was passiert ist💋",0
tXIGFJLF-I4,Make the sound challenge between Jamal and Phonzy! 😂,144588,6707,71,FC Bayern München,@LonnaMejiaia,"Wenn ich das Talent hätte, solche Videos zu machen, wäre ich schon längst ein YouTube-Star💋",0
tXIGFJLF-I4,Make the sound challenge between Jamal and Phonzy! 😂,144588,6707,71,FC Bayern München,@MelittaAvalolo,"Ich habe dieses Video eingeschaltet, um zu lachen, und jetzt lachen auch meine Nachbarn, obwohl sie nicht wissen, warum👅",0
tXIGFJLF-I4,Make the sound challenge between Jamal and Phonzy! 😂,144588,6707,71,FC Bayern München,@LauraleeMorriri,"Ich habe dieses Video meiner Oma gezeigt, und jetzt will sie auch Bloggerin werden🍓",0
tXIGFJLF-I4,Make the sound challenge between Jamal and Phonzy! 😂,144588,6707,71,FC Bayern München,@AimilMoyerer,"Ich habe dieses Video eingeschaltet, um zu lachen, und jetzt lachen auch meine Nachbarn, obwohl sie nicht wissen, warum😘",0
tXIGFJLF-I4,Make the sound challenge between Jamal and Phonzy! 😂,144588,6707,71,FC Bayern München,@xivienty,jamal was so funny unintentionally,138
tXIGFJLF-I4,Make the sound challenge between Jamal and Phonzy! 😂,144588,6707,71,FC Bayern München,@hannawildfree,Great combo😂,19
tXIGFJLF-I4,Make the sound challenge between Jamal and Phonzy! 😂,144588,6707,71,FC Bayern München,@Lsea.f44,Jamal was so confused😂😂,301
tXIGFJLF-I4,Make the sound challenge between Jamal and Phonzy! 😂,144588,6707,71,FC Bayern München,@FallKhadim-ld1ul,😂😂😂😂😂😂😂,0
tXIGFJLF-I4,Make the sound challenge between Jamal and Phonzy! 😂,144588,6707,71,FC Bayern München,@lennard_H,FOR EVER FCB❤,35
Fk6ChYoyN9M,FC Bayern sign Jonathan Tah. ✍️ ♦️#ServusJona,203601,13798,454,FC Bayern München,@Helena-bx8bp,Entlich mal wieder ein guter Verteidiger,0
Fk6ChYoyN9M,FC Bayern sign Jonathan Tah. ✍️ ♦️#ServusJona,203601,13798,454,FC Bayern München,@SugamBhattarai-sz9qm,Tah,0
Fk6ChYoyN9M,FC Bayern sign Jonathan Tah. ✍️ ♦️#ServusJona,203601,13798,454,FC Bayern München,@Lostresparces,And Florina wirtz,0
Fk6ChYoyN9M,FC Bayern sign Jonathan Tah. ✍️ ♦️#ServusJona,203601,13798,454,FC Bayern München,@KuchenGHG,Von der Legende zum Verräter 😭,0
Fk6ChYoyN9M,FC Bayern sign Jonathan Tah. ✍️ ♦️#ServusJona,203601,13798,454,FC Bayern München,@kirojafi,"Mann oh mann ich habe mehr erwartet Hamburger Jung und jetzt bei ein Rivale NUR DER HSV 🖤🤍💙
Niemals die Bayern Wegen den Ist die ganze bundesliga langweiligin jedes jahr meister😂😂😂😂",0
Fk6ChYoyN9M,FC Bayern sign Jonathan Tah. ✍️ ♦️#ServusJona,203601,13798,454,FC Bayern München,@ceghmaster,The Tahnk 🪖,0
Fk6ChYoyN9M,FC Bayern sign Jonathan Tah. ✍️ ♦️#ServusJona,203601,13798,454,FC Bayern München,@Mustafo-b4n,❤❤❤❤,1
Fk6ChYoyN9M,FC Bayern sign Jonathan Tah. ✍️ ♦️#ServusJona,203601,13798,454,FC Bayern München,@Grawby14,Tah-Da! 🪄,0
Fk6ChYoyN9M,FC Bayern sign Jonathan Tah. ✍️ ♦️#ServusJona,203601,13798,454,FC Bayern München,@rodangelomonterogomez5040,Tah hay que ayudar a ganar la champions league.  No solo una si no varias Champions para el Bayern munich,0
Fk6ChYoyN9M,FC Bayern sign Jonathan Tah. ✍️ ♦️#ServusJona,203601,13798,454,FC Bayern München,@vanerattilacukricek528,✌️✌️✌️✌️✌️✌️💪💪💪💪💪💪❤️❤️❤️🫶🫶,0
Fk6ChYoyN9M,FC Bayern sign Jonathan Tah. ✍️ ♦️#ServusJona,203601,13798,454,FC Bayern München,@Nathanarias-t2s,What a solid signing,0
Fk6ChYoyN9M,FC Bayern sign Jonathan Tah. ✍️ ♦️#ServusJona,203601,13798,454,FC Bayern München,@AadarshThogulluva,WWWW,0
Fk6ChYoyN9M,FC Bayern sign Jonathan Tah. ✍️ ♦️#ServusJona,203601,13798,454,FC Bayern München,@ryanbertrand2890,"Er sieht aus wie Özil, nur stark pigmentiert",0
Fk6ChYoyN9M,FC Bayern sign Jonathan Tah. ✍️ ♦️#ServusJona,203601,13798,454,FC Bayern München,@alexy1086,Yes finally we signed a great german centre back,0
Fk6ChYoyN9M,FC Bayern sign Jonathan Tah. ✍️ ♦️#ServusJona,203601,13798,454,FC Bayern München,@nic_ksC135,SERVUS …WILKOMMEN IN MÜNCHEN ❤❤❤❤❤,0
Fk6ChYoyN9M,FC Bayern sign Jonathan Tah. ✍️ ♦️#ServusJona,203601,13798,454,FC Bayern München,@niklasschaffer9613,Nur den FcB,0
Fk6ChYoyN9M,FC Bayern sign Jonathan Tah. ✍️ ♦️#ServusJona,203601,13798,454,FC Bayern München,@niklasschaffer9613,"Willkommen zur FcB Jonathan Tah  ich freue mich wenn du bei uns spielst bei fc Bayern München 
Ich bin auch fc Bayern München Fan",0
Fk6ChYoyN9M,FC Bayern sign Jonathan Tah. ✍️ ♦️#ServusJona,203601,13798,454,FC Bayern München,@VladimirKlima-zb3ox,Hallo Jonathan,1
Fk6ChYoyN9M,FC Bayern sign Jonathan Tah. ✍️ ♦️#ServusJona,203601,13798,454,FC Bayern München,@rafsanimam91311,"Welcome Jonathan tah in fc bayern🔴⚪
❤from bangladesh 🇩🇪🇧🇩",1
Fk6ChYoyN9M,FC Bayern sign Jonathan Tah. ✍️ ♦️#ServusJona,203601,13798,454,FC Bayern München,@asch6819,Wer ist dieser Wirtz??? Willkommen Jona ❤,0
Fk6ChYoyN9M,FC Bayern sign Jonathan Tah. ✍️ ♦️#ServusJona,203601,13798,454,FC Bayern München,@rainerheck6085,Jetzt auch einen geilen Abwerchef,0
Fk6ChYoyN9M,FC Bayern sign Jonathan Tah. ✍️ ♦️#ServusJona,203601,13798,454,FC Bayern München,@noahl.1105,Freue mich schon❤,0
Fk6ChYoyN9M,FC Bayern sign Jonathan Tah. ✍️ ♦️#ServusJona,203601,13798,454,FC Bayern München,@skstyles1999,finallyyyyy. welcome.,0
Fk6ChYoyN9M,FC Bayern sign Jonathan Tah. ✍️ ♦️#ServusJona,203601,13798,454,FC Bayern München,@ismigizli6006,Zahlt bloß keine Ablösesumme an Bayer Leverkusen für die WM. Soll halt nicht spielen.,0
Fk6ChYoyN9M,FC Bayern sign Jonathan Tah. ✍️ ♦️#ServusJona,203601,13798,454,FC Bayern München,@FinnSchindele-v7z,Jaaaaaaaaaaaa endlich Wirtz ist eh unwichtiger Servus Jonathan,0
Fk6ChYoyN9M,FC Bayern sign Jonathan Tah. ✍️ ♦️#ServusJona,203601,13798,454,FC Bayern München,@Dontiknowit,"Goodbye KIm Min Ja
Just go to 🇸🇦 
We are so happy to come Tah",0
Fk6ChYoyN9M,FC Bayern sign Jonathan Tah. ✍️ ♦️#ServusJona,203601,13798,454,FC Bayern München,@Ahmadramzie-ec3sf,TAH Jerome Boteng,0
Fk6ChYoyN9M,FC Bayern sign Jonathan Tah. ✍️ ♦️#ServusJona,203601,13798,454,FC Bayern München,@vitaalvis3078,finally brought in a quality defender vamoss,0
Fk6ChYoyN9M,FC Bayern sign Jonathan Tah. ✍️ ♦️#ServusJona,203601,13798,454,FC Bayern München,@rafikasoumiakhelifa6762,Endlich  ein starker  Ferteidiger❤❤❤,0
Fk6ChYoyN9M,FC Bayern sign Jonathan Tah. ✍️ ♦️#ServusJona,203601,13798,454,FC Bayern München,@anthonyhudson3170,That’s great now we need wirtz,0
Fk6ChYoyN9M,FC Bayern sign Jonathan Tah. ✍️ ♦️#ServusJona,203601,13798,454,FC Bayern München,@Mahddin,Geller typ,0
Fk6ChYoyN9M,FC Bayern sign Jonathan Tah. ✍️ ♦️#ServusJona,203601,13798,454,FC Bayern München,@lyhbobby,Welcome to FC Bayern ❤🎉,0
Fk6ChYoyN9M,FC Bayern sign Jonathan Tah. ✍️ ♦️#ServusJona,203601,13798,454,FC Bayern München,@FranklinSilva-q9k,"Tolle Verpflichtung, Tah ist unser Mann. Versuchen wir, Alaba zurückzuholen!",1
Fk6ChYoyN9M,FC Bayern sign Jonathan Tah. ✍️ ♦️#ServusJona,203601,13798,454,FC Bayern München,@FrankArndt-d8k,Herzlich willkommen beim fc bayern münchen und viel Erfolg,0
Fk6ChYoyN9M,FC Bayern sign Jonathan Tah. ✍️ ♦️#ServusJona,203601,13798,454,FC Bayern München,@dielichtgestalt9503,Unsympath,0
Fk6ChYoyN9M,FC Bayern sign Jonathan Tah. ✍️ ♦️#ServusJona,203601,13798,454,FC Bayern München,@sung-inkim8514,❤servus jona,1
Fk6ChYoyN9M,FC Bayern sign Jonathan Tah. ✍️ ♦️#ServusJona,203601,13798,454,FC Bayern München,@BLACKSON7259,Welcome Jonathan tah,1
Fk6ChYoyN9M,FC Bayern sign Jonathan Tah. ✍️ ♦️#ServusJona,203601,13798,454,FC Bayern München,@SiebernGoalkeeping,Dream signing,1
Fk6ChYoyN9M,FC Bayern sign Jonathan Tah. ✍️ ♦️#ServusJona,203601,13798,454,FC Bayern München,@pablobernal6698,Con. Todo 🎉🎉🎉🎉🎉🎉,0
Fk6ChYoyN9M,FC Bayern sign Jonathan Tah. ✍️ ♦️#ServusJona,203601,13798,454,FC Bayern München,@j_s_99,"England, Spanien... er hätte alles machen können, wäre bei uns ne Legende geblieben und als Leverkusener hätte ich ihm das Beste gewünscht und wo geht der hin, zu Bayern.
Ja dann geh mit Gott, viel Spaß, aber bleib dann auch gerne in Zukunft weg.",3
Fk6ChYoyN9M,FC Bayern sign Jonathan Tah. ✍️ ♦️#ServusJona,203601,13798,454,FC Bayern München,@davidwalker7965,FINALLY🎉🎉🎉🎉,0
Fk6ChYoyN9M,FC Bayern sign Jonathan Tah. ✍️ ♦️#ServusJona,203601,13798,454,FC Bayern München,@guytoalexis1046,I was on career mode with Byron then I bought Jonathan talk but now it's happening right now in real life,1
Fk6ChYoyN9M,FC Bayern sign Jonathan Tah. ✍️ ♦️#ServusJona,203601,13798,454,FC Bayern München,@AngeloElPorterazo,Mía san mia,0
Fk6ChYoyN9M,FC Bayern sign Jonathan Tah. ✍️ ♦️#ServusJona,203601,13798,454,FC Bayern München,@Hokmran_fan,And we want rafa liauo,0
Fk6ChYoyN9M,FC Bayern sign Jonathan Tah. ✍️ ♦️#ServusJona,203601,13798,454,FC Bayern München,@ArashMohebi-xi7oo,Jonathan welcome too the best team in the world,0
Fk6ChYoyN9M,FC Bayern sign Jonathan Tah. ✍️ ♦️#ServusJona,203601,13798,454,FC Bayern München,@S_rgej,Hund,0
Fk6ChYoyN9M,FC Bayern sign Jonathan Tah. ✍️ ♦️#ServusJona,203601,13798,454,FC Bayern München,@Sigma_Edit9090,Nice transfer 🎉,0
Fk6ChYoyN9M,FC Bayern sign Jonathan Tah. ✍️ ♦️#ServusJona,203601,13798,454,FC Bayern München,@TimonAckermann-q6u1n,Willkommen mia san mia,0
Fk6ChYoyN9M,FC Bayern sign Jonathan Tah. ✍️ ♦️#ServusJona,203601,13798,454,FC Bayern München,@bavarianwolf3806,"upa, tah und davies, die schwarze Wand Hollywoods. Das wird super.",0
Fk6ChYoyN9M,FC Bayern sign Jonathan Tah. ✍️ ♦️#ServusJona,203601,13798,454,FC Bayern München,@caharlan4724,Mans should have BEEN signed…,0
Fk6ChYoyN9M,FC Bayern sign Jonathan Tah. ✍️ ♦️#ServusJona,203601,13798,454,FC Bayern München,@amirrezadolatabadi2253,Welcome❤,0
Fk6ChYoyN9M,FC Bayern sign Jonathan Tah. ✍️ ♦️#ServusJona,203601,13798,454,FC Bayern München,@jasmineweghofer4507,Unser neues Glied ⚽️😎,0
Fk6ChYoyN9M,FC Bayern sign Jonathan Tah. ✍️ ♦️#ServusJona,203601,13798,454,FC Bayern München,@Andyxom,Stealing opponents' top players is the easiest way (c) Alex Ferguson,0
Fk6ChYoyN9M,FC Bayern sign Jonathan Tah. ✍️ ♦️#ServusJona,203601,13798,454,FC Bayern München,@sloppyjoe5978,Hoffentlich liefert er. Bayern brauch da hinten ein Chef.,0
Fk6ChYoyN9M,FC Bayern sign Jonathan Tah. ✍️ ♦️#ServusJona,203601,13798,454,FC Bayern München,@merolmatt,"Sehr auffällig dass auch hier das Auswärtstrikot statt des Heimtrikots verwendet wurde.
Genau wie im letzten Heimspiel in der BuLi.

Die sind wahrscheinlich froh dass sie es zum ersten Mal bei der Club WM tragen müssen, weit weg in den USA.",0
Fk6ChYoyN9M,FC Bayern sign Jonathan Tah. ✍️ ♦️#ServusJona,203601,13798,454,FC Bayern München,@OluwadurotimiOlatokunbo,Dankie Bayern Munich management for signing Jonathan Tah!he is a fantastic defender and a goal scorer.welcome to Bayern Munich Jonathan Tah❤❤❤❤❤❤❤❤❤❤,0
Fk6ChYoyN9M,FC Bayern sign Jonathan Tah. ✍️ ♦️#ServusJona,203601,13798,454,FC Bayern München,@Fabi_7Sui,Jetzt werden die Lederhosen angezogen,0
Fk6ChYoyN9M,FC Bayern sign Jonathan Tah. ✍️ ♦️#ServusJona,203601,13798,454,FC Bayern München,@Judas_ämk,Geht klar könnte schlechter sein,0
Fk6ChYoyN9M,FC Bayern sign Jonathan Tah. ✍️ ♦️#ServusJona,203601,13798,454,FC Bayern München,@cleansing_again,Keine Verbesserung! Schwach! Der falsche kam aus Lutschkusen.,1
Fk6ChYoyN9M,FC Bayern sign Jonathan Tah. ✍️ ♦️#ServusJona,203601,13798,454,FC Bayern München,@JM42_ae,Ja! Willkommen bei Bayern München jonathan tah,0
Fk6ChYoyN9M,FC Bayern sign Jonathan Tah. ✍️ ♦️#ServusJona,203601,13798,454,FC Bayern München,@zekelamor,Yeeeeeeess🎉,0
Fk6ChYoyN9M,FC Bayern sign Jonathan Tah. ✍️ ♦️#ServusJona,203601,13798,454,FC Bayern München,@JeanHenriFischer,Na,0
Fk6ChYoyN9M,FC Bayern sign Jonathan Tah. ✍️ ♦️#ServusJona,203601,13798,454,FC Bayern München,@rezaDryrh,🎉🎉🎉🎉,0
Fk6ChYoyN9M,FC Bayern sign Jonathan Tah. ✍️ ♦️#ServusJona,203601,13798,454,FC Bayern München,@TerminatorAEvrx,Vamooooooooooooos......🎉🎉🎉,0
Fk6ChYoyN9M,FC Bayern sign Jonathan Tah. ✍️ ♦️#ServusJona,203601,13798,454,FC Bayern München,@KatharinaDrago,"Wir armen Leverkusener 😢 . Wirz geht wahrscheinlich auch noch zu Bayern, und Alfonso geht auch",0
Fk6ChYoyN9M,FC Bayern sign Jonathan Tah. ✍️ ♦️#ServusJona,203601,13798,454,FC Bayern München,@Hollywood-ur6dv,"Herzlich willkommen, Jonathan Ich wünsche dir eine schöne Zeit bei uns",0
Fk6ChYoyN9M,FC Bayern sign Jonathan Tah. ✍️ ♦️#ServusJona,203601,13798,454,FC Bayern München,@Michael_Olise777,W,1
Fk6ChYoyN9M,FC Bayern sign Jonathan Tah. ✍️ ♦️#ServusJona,203601,13798,454,FC Bayern München,@soa4982,타 환영해! 뮌헨에올라타~,0
Fk6ChYoyN9M,FC Bayern sign Jonathan Tah. ✍️ ♦️#ServusJona,203601,13798,454,FC Bayern München,@engelmartin07,Con todo a Ganar esa UCL la temporada que viene 🎉🎉🎉🎉🎉🎉🎉 a por la Séptima,2
Fk6ChYoyN9M,FC Bayern sign Jonathan Tah. ✍️ ♦️#ServusJona,203601,13798,454,FC Bayern München,@fightforlightforever,"Herzlich willkommen beim FCB, Jonathan Tah.",0
Fk6ChYoyN9M,FC Bayern sign Jonathan Tah. ✍️ ♦️#ServusJona,203601,13798,454,FC Bayern München,@GGxSOOPER,❤❤❤❤❤❤❤,0
Fk6ChYoyN9M,FC Bayern sign Jonathan Tah. ✍️ ♦️#ServusJona,203601,13798,454,FC Bayern München,@thingshappen4062,So...who's getting the boot (pun totally intended)?,0
Fk6ChYoyN9M,FC Bayern sign Jonathan Tah. ✍️ ♦️#ServusJona,203601,13798,454,FC Bayern München,@Hisham.Alfadni,Welcome❤,0
Fk6ChYoyN9M,FC Bayern sign Jonathan Tah. ✍️ ♦️#ServusJona,203601,13798,454,FC Bayern München,@martinhuber3111,Wichtigerer Transfer als Wirtz. Jetzt bräuchten wir noch einen wie Thiago im Mittelfeld in seiner Prime.,0
Fk6ChYoyN9M,FC Bayern sign Jonathan Tah. ✍️ ♦️#ServusJona,203601,13798,454,FC Bayern München,@StylezzChriis,❤️,0
Fk6ChYoyN9M,FC Bayern sign Jonathan Tah. ✍️ ♦️#ServusJona,203601,13798,454,FC Bayern München,@bionasys2967,This is dope! Such brilliant marketing team!,0
Fk6ChYoyN9M,FC Bayern sign Jonathan Tah. ✍️ ♦️#ServusJona,203601,13798,454,FC Bayern München,@williamskaaning1149,Nice jotan TAH❤,0
Fk6ChYoyN9M,FC Bayern sign Jonathan Tah. ✍️ ♦️#ServusJona,203601,13798,454,FC Bayern München,@chochar1979,❤❤❤❤,0
Fk6ChYoyN9M,FC Bayern sign Jonathan Tah. ✍️ ♦️#ServusJona,203601,13798,454,FC Bayern München,@DavidKatschura,Mia san TAH,0
Fk6ChYoyN9M,FC Bayern sign Jonathan Tah. ✍️ ♦️#ServusJona,203601,13798,454,FC Bayern München,@khhy9982,Welcome home,0
Fk6ChYoyN9M,FC Bayern sign Jonathan Tah. ✍️ ♦️#ServusJona,203601,13798,454,FC Bayern München,@jacersalvatore,LETS GOOOO,0
Fk6ChYoyN9M,FC Bayern sign Jonathan Tah. ✍️ ♦️#ServusJona,203601,13798,454,FC Bayern München,@reyess.ortegaa,This is NOT what we needed 🤦🏻‍♂️ average defender,2
Fk6ChYoyN9M,FC Bayern sign Jonathan Tah. ✍️ ♦️#ServusJona,203601,13798,454,FC Bayern München,@Nathanongod,We winning. The ucl with this boys,0
Fk6ChYoyN9M,FC Bayern sign Jonathan Tah. ✍️ ♦️#ServusJona,203601,13798,454,FC Bayern München,@raulharan2824,"La defensa aunque no es nuestro fuerte es dura, muy complicado ganarse el lugar han venido jugadores 70 millones más caros y no pudieron con la responsabilidad, ojalá y logré tener partidos.",0
Fk6ChYoyN9M,FC Bayern sign Jonathan Tah. ✍️ ♦️#ServusJona,203601,13798,454,FC Bayern München,@sandedyng,Wow! How exciting! Absolutely STACKED season ahead of us 💪🏼,0
Fk6ChYoyN9M,FC Bayern sign Jonathan Tah. ✍️ ♦️#ServusJona,203601,13798,454,FC Bayern München,@AnjaBehremdt,Endlich haben wir Tah Servus ❤,0
Fk6ChYoyN9M,FC Bayern sign Jonathan Tah. ✍️ ♦️#ServusJona,203601,13798,454,FC Bayern München,@faust27,Hoş geldin🎉🎉🎉🎉🎉👍👍👍,0
Fk6ChYoyN9M,FC Bayern sign Jonathan Tah. ✍️ ♦️#ServusJona,203601,13798,454,FC Bayern München,@ironsdahoam6994,"Ich denke, das Minjae auch seine Qualitäten hat, nur ist das Spielsystem (Napolo) in dem er hervorragende Leistungen brachte, ein ganz anders als beim FC Bayern. Hier mußt er viel mehr in 1:1 Duelle gehen und hoch stehen. Ich habe bei Bruder Leichtfuß (1-2 Schnitzer pro Spiel sind oft drin) Upamecano mehr Bauchschmerzen. 
Ich denke, dass es Bayern gut tun würde, generell ein bisserl mehr tief zu stehen, ohne die offensive Ausrichtung zu vernachlässigen.
Besonders nach einer Führung, ums ich doch nicht mit Mann und Maus in des Gegners Hälfte den Ball zirkulieren lassenden damit dem Gegner Kontermöglichkeiten bitten, bei denen dann die eigenen Verteidiger schlecht aussehen.",0
Fk6ChYoyN9M,FC Bayern sign Jonathan Tah. ✍️ ♦️#ServusJona,203601,13798,454,FC Bayern München,@gggg-tz7iw,Welcome,0
Fk6ChYoyN9M,FC Bayern sign Jonathan Tah. ✍️ ♦️#ServusJona,203601,13798,454,FC Bayern München,@josefibock,Seid ihr Euch sicher? Wollte der Junge nicht woanders hin?,0
Fk6ChYoyN9M,FC Bayern sign Jonathan Tah. ✍️ ♦️#ServusJona,203601,13798,454,FC Bayern München,@hemands4690,He looks perfect in this jersey 😃👌🏼,0
Fk6ChYoyN9M,FC Bayern sign Jonathan Tah. ✍️ ♦️#ServusJona,203601,13798,454,FC Bayern München,@GiannmariaPacassoni,Finally he arrived!!!!!!!!! 🎉🎉,0
Fk6ChYoyN9M,FC Bayern sign Jonathan Tah. ✍️ ♦️#ServusJona,203601,13798,454,FC Bayern München,@sehu1291,Servus Jona. Sehr wichtiger Transfer. Der eklige Spanier musste natürlich noch die letzten Millionen rausholen damit Tah die Club WM spielen darf obwohl er eh nie wieder für Leverkusen spielen würde. Genauso wie bei Bayern 300 mio paket gefordert wurde für Wirtz und Liverpool kommt jetzt mit 150 mio weg,0
Fk6ChYoyN9M,FC Bayern sign Jonathan Tah. ✍️ ♦️#ServusJona,203601,13798,454,FC Bayern München,@rickgash5952,It was MdL number...,0
Fk6ChYoyN9M,FC Bayern sign Jonathan Tah. ✍️ ♦️#ServusJona,203601,13798,454,FC Bayern München,@ferdinandbartl6648,Passt und sitzt - herzlich willkommen!!🍀💪⚽️🇲🇨,0
Fk6ChYoyN9M,FC Bayern sign Jonathan Tah. ✍️ ♦️#ServusJona,203601,13798,454,FC Bayern München,@novaccx9938,"Finally a german defender, and finally I hope they sell Min Jae, the Chinese player, because he's very bad. At least the defense is strengthened with Tah's arrival.",0
Fk6ChYoyN9M,FC Bayern sign Jonathan Tah. ✍️ ♦️#ServusJona,203601,13798,454,FC Bayern München,@ArminKonakovic,SERVUS FREUND!!! Auf den Spuren von Alonso zum FCB gelotst dann bitte einfach nachmachen und GUAT is in BAYERN MIA SAN MIA!!!,0
Fk6ChYoyN9M,FC Bayern sign Jonathan Tah. ✍️ ♦️#ServusJona,203601,13798,454,FC Bayern München,@hBdTx,Welcome Jonathan tah 🔥🔥,0
Fk6ChYoyN9M,FC Bayern sign Jonathan Tah. ✍️ ♦️#ServusJona,203601,13798,454,FC Bayern München,@nelsonscript,Upa + Tah = 🚧🚧🚧,0
Fk6ChYoyN9M,FC Bayern sign Jonathan Tah. ✍️ ♦️#ServusJona,203601,13798,454,FC Bayern München,@TheWeepingPen,Welcome Tah,0
Fk6ChYoyN9M,FC Bayern sign Jonathan Tah. ✍️ ♦️#ServusJona,203601,13798,454,FC Bayern München,@raubkatze7867,"Musik 👌
Trikot 😍
Transfer 🤌💯",0
Fk6ChYoyN9M,FC Bayern sign Jonathan Tah. ✍️ ♦️#ServusJona,203601,13798,454,FC Bayern München,@mgmedia90,I’m not sure about tah,0
Fk6ChYoyN9M,FC Bayern sign Jonathan Tah. ✍️ ♦️#ServusJona,203601,13798,454,FC Bayern München,@minooha90,드디어 제대로된 수비수를 샀네,0
Fk6ChYoyN9M,FC Bayern sign Jonathan Tah. ✍️ ♦️#ServusJona,203601,13798,454,FC Bayern München,@maxd1391,Tah schön das du da bist ❤️,0
Fk6ChYoyN9M,FC Bayern sign Jonathan Tah. ✍️ ♦️#ServusJona,203601,13798,454,FC Bayern München,@jesusanibalespindola,"Yeeeeessssssss, that's what the team needed, a good solid defender 🎉🎉🎉🎉",4
Fk6ChYoyN9M,FC Bayern sign Jonathan Tah. ✍️ ♦️#ServusJona,203601,13798,454,FC Bayern München,@czolemxd,Forza Bayern Monachium ❤❤❤❤❤ herzlich  willkommen in Monachium jona🎉❤❤❤❤❤,1
Fk6ChYoyN9M,FC Bayern sign Jonathan Tah. ✍️ ♦️#ServusJona,203601,13798,454,FC Bayern München,@cadu_-_7-7,What a defender,0
Fk6ChYoyN9M,FC Bayern sign Jonathan Tah. ✍️ ♦️#ServusJona,203601,13798,454,FC Bayern München,@worldgod780,What about Kim? Will he be removed from starting 11?,0
Fk6ChYoyN9M,FC Bayern sign Jonathan Tah. ✍️ ♦️#ServusJona,203601,13798,454,FC Bayern München,@LasgushPoradeci-g8w,He is a great striker,0
Fk6ChYoyN9M,FC Bayern sign Jonathan Tah. ✍️ ♦️#ServusJona,203601,13798,454,FC Bayern München,@michelkhoury4100,Yesss I loved watching him at Bayern.l now he here in the best team in the world,2
Fk6ChYoyN9M,FC Bayern sign Jonathan Tah. ✍️ ♦️#ServusJona,203601,13798,454,FC Bayern München,@omidmsiha,Welcome ❤️🤍,0
Fk6ChYoyN9M,FC Bayern sign Jonathan Tah. ✍️ ♦️#ServusJona,203601,13798,454,FC Bayern München,@omidmsiha,MiaSanMia ❤,0
Fk6ChYoyN9M,FC Bayern sign Jonathan Tah. ✍️ ♦️#ServusJona,203601,13798,454,FC Bayern München,@omidmsiha,🫶🏻🫶🏻🫶🏻,0
Fk6ChYoyN9M,FC Bayern sign Jonathan Tah. ✍️ ♦️#ServusJona,203601,13798,454,FC Bayern München,@omidmsiha,❤,0
Fk6ChYoyN9M,FC Bayern sign Jonathan Tah. ✍️ ♦️#ServusJona,203601,13798,454,FC Bayern München,@danny86x,BOATENG 2.0,0
Fk6ChYoyN9M,FC Bayern sign Jonathan Tah. ✍️ ♦️#ServusJona,203601,13798,454,FC Bayern München,@____wolli_____2163,Guter Transfer!,0
Fk6ChYoyN9M,FC Bayern sign Jonathan Tah. ✍️ ♦️#ServusJona,203601,13798,454,FC Bayern München,@abcDa-m5h,Upa & Tah would carry Bayern to the Top,17
Fk6ChYoyN9M,FC Bayern sign Jonathan Tah. ✍️ ♦️#ServusJona,203601,13798,454,FC Bayern München,@Souls93Mark,Agora temos zagueiro 💥🔥,0
Fk6ChYoyN9M,FC Bayern sign Jonathan Tah. ✍️ ♦️#ServusJona,203601,13798,454,FC Bayern München,@jkhayat,Welcome tah,0
Fk6ChYoyN9M,FC Bayern sign Jonathan Tah. ✍️ ♦️#ServusJona,203601,13798,454,FC Bayern München,@JakobGamØstergaard,Mia san mia❤🤍❤🤍,0
Fk6ChYoyN9M,FC Bayern sign Jonathan Tah. ✍️ ♦️#ServusJona,203601,13798,454,FC Bayern München,@flopase9644,Jetzt schon mein lieblings IV kommt trotzdem zu uns nach dem gef* letztes jahr,0
Fk6ChYoyN9M,FC Bayern sign Jonathan Tah. ✍️ ♦️#ServusJona,203601,13798,454,FC Bayern München,@juniorm6705,Los geht’s ❤,0
Fk6ChYoyN9M,FC Bayern sign Jonathan Tah. ✍️ ♦️#ServusJona,203601,13798,454,FC Bayern München,@RedEpic24518,its unbelievably over for leverkusen 😭,0
Fk6ChYoyN9M,FC Bayern sign Jonathan Tah. ✍️ ♦️#ServusJona,203601,13798,454,FC Bayern München,@jakupmareko,Geiler Transfer! Freu mich,0
Fk6ChYoyN9M,FC Bayern sign Jonathan Tah. ✍️ ♦️#ServusJona,203601,13798,454,FC Bayern München,@jeffereyobrien2275,Sweet😋😋😋Mia San Mia😋💪❤️💚💛🧡💜,0
Fk6ChYoyN9M,FC Bayern sign Jonathan Tah. ✍️ ♦️#ServusJona,203601,13798,454,FC Bayern München,@benjamin-e1e1t,"Welcome to Bayern Munich. Jona, I hope you're a leader in defense. We have faith in you. 😍😍",5
Fk6ChYoyN9M,FC Bayern sign Jonathan Tah. ✍️ ♦️#ServusJona,203601,13798,454,FC Bayern München,@ValentinHamp,Servus in Bayern TAH,0
Fk6ChYoyN9M,FC Bayern sign Jonathan Tah. ✍️ ♦️#ServusJona,203601,13798,454,FC Bayern München,@Exit_Editz42,Servus Jona❤️🤍❤️🤍,0
Fk6ChYoyN9M,FC Bayern sign Jonathan Tah. ✍️ ♦️#ServusJona,203601,13798,454,FC Bayern München,@SD93613,Du Heuchler Tah !!!!,1
Fk6ChYoyN9M,FC Bayern sign Jonathan Tah. ✍️ ♦️#ServusJona,203601,13798,454,FC Bayern München,@Progamer_ad213,"Ich hoffe Bayern stellt Upamecano zusammen mit Jona in die Innenverteidigung 

Das wäre mächtig ❤❤❤❤",2
Fk6ChYoyN9M,FC Bayern sign Jonathan Tah. ✍️ ♦️#ServusJona,203601,13798,454,FC Bayern München,@Guille_VinylsCDsandFun,"I think Leverkusen will fight to avoid relegation, I don't know perhaps you need to sign another CB",0
Fk6ChYoyN9M,FC Bayern sign Jonathan Tah. ✍️ ♦️#ServusJona,203601,13798,454,FC Bayern München,@sophieschwieder,ja endlich!! Tah der goat,0
Fk6ChYoyN9M,FC Bayern sign Jonathan Tah. ✍️ ♦️#ServusJona,203601,13798,454,FC Bayern München,@Dennis-oy6ht,Servus ❤❤🎉🎉,0
Fk6ChYoyN9M,FC Bayern sign Jonathan Tah. ✍️ ♦️#ServusJona,203601,13798,454,FC Bayern München,@wokeaf1337,Habemus Papam,0
Fk6ChYoyN9M,FC Bayern sign Jonathan Tah. ✍️ ♦️#ServusJona,203601,13798,454,FC Bayern München,@Stalker1988,Juan Bernat der zweite!😅,0
Fk6ChYoyN9M,FC Bayern sign Jonathan Tah. ✍️ ♦️#ServusJona,203601,13798,454,FC Bayern München,@gilmarsantos9906,"Direto do Brasil, excelente contratação.
Bem vindo Tah...
Com Minjae não tinha mais condições de ser titular...",4
Fk6ChYoyN9M,FC Bayern sign Jonathan Tah. ✍️ ♦️#ServusJona,203601,13798,454,FC Bayern München,@MassaerNdiaye-s7o,"SERVUS TAH
Willkommen zu Hause und viel Glück 🎉❤",0
Fk6ChYoyN9M,FC Bayern sign Jonathan Tah. ✍️ ♦️#ServusJona,203601,13798,454,FC Bayern München,@thekingishere1831,Who is he ??,1
Fk6ChYoyN9M,FC Bayern sign Jonathan Tah. ✍️ ♦️#ServusJona,203601,13798,454,FC Bayern München,@aliasghar15-z6j,Please buy wirts ❤❤❤,0
Fk6ChYoyN9M,FC Bayern sign Jonathan Tah. ✍️ ♦️#ServusJona,203601,13798,454,FC Bayern München,@Allanzz1,❤️❤️🤍🤍❤️❤️🤍🤍,0
Fk6ChYoyN9M,FC Bayern sign Jonathan Tah. ✍️ ♦️#ServusJona,203601,13798,454,FC Bayern München,@denniseckhardt340,Herzlich Willkommen ❤❤,0
Fk6ChYoyN9M,FC Bayern sign Jonathan Tah. ✍️ ♦️#ServusJona,203601,13798,454,FC Bayern München,@FaZeArda,Servus jona!,2
Fk6ChYoyN9M,FC Bayern sign Jonathan Tah. ✍️ ♦️#ServusJona,203601,13798,454,FC Bayern München,@dreamer_nazim,Welcome home boss!,0
Fk6ChYoyN9M,FC Bayern sign Jonathan Tah. ✍️ ♦️#ServusJona,203601,13798,454,FC Bayern München,@mahmoudalmalbanji3304,Genau das genau der was wir benötigen.. einem richtigen Abwehrchef,4
Fk6ChYoyN9M,FC Bayern sign Jonathan Tah. ✍️ ♦️#ServusJona,203601,13798,454,FC Bayern München,@Robin-b8o,Welcome,0
Fk6ChYoyN9M,FC Bayern sign Jonathan Tah. ✍️ ♦️#ServusJona,203601,13798,454,FC Bayern München,@LLCoolJ7,Bester Mann ! ❤🎉 Glückwunsch Jona,4
Fk6ChYoyN9M,FC Bayern sign Jonathan Tah. ✍️ ♦️#ServusJona,203601,13798,454,FC Bayern München,@shox718,Willkommen im besten Verein der Welt Jonathan Tah,0
Fk6ChYoyN9M,FC Bayern sign Jonathan Tah. ✍️ ♦️#ServusJona,203601,13798,454,FC Bayern München,@horiyaelmoussaoui8870,Tahhhh🎉,0
Fk6ChYoyN9M,FC Bayern sign Jonathan Tah. ✍️ ♦️#ServusJona,203601,13798,454,FC Bayern München,@Andrea93860,Servus Jonathan🤍❤️!,0
Fk6ChYoyN9M,FC Bayern sign Jonathan Tah. ✍️ ♦️#ServusJona,203601,13798,454,FC Bayern München,@Gokuma23,Er ist Tah,0
Fk6ChYoyN9M,FC Bayern sign Jonathan Tah. ✍️ ♦️#ServusJona,203601,13798,454,FC Bayern München,@DirkStein-t3z,"Super Typ absolute Verstärkung, herzlichen Gruß 😊",0
Fk6ChYoyN9M,FC Bayern sign Jonathan Tah. ✍️ ♦️#ServusJona,203601,13798,454,FC Bayern München,@Harpe87,"Davies Jae/Upa Tah Stani
👍👍👍👍👍👍👍👍👍👍",0
Fk6ChYoyN9M,FC Bayern sign Jonathan Tah. ✍️ ♦️#ServusJona,203601,13798,454,FC Bayern München,@ericsollner8479,Jawooollllllllll!!!!!!!!!! Wie geiillll!!!!!!!!! Herzlich Willkommen❤,0
Fk6ChYoyN9M,FC Bayern sign Jonathan Tah. ✍️ ♦️#ServusJona,203601,13798,454,FC Bayern München,@spiderUAE-YT,Right signing,0
Fk6ChYoyN9M,FC Bayern sign Jonathan Tah. ✍️ ♦️#ServusJona,203601,13798,454,FC Bayern München,@Somov913,"Nice, we can sell kim min maguire now",0
Fk6ChYoyN9M,FC Bayern sign Jonathan Tah. ✍️ ♦️#ServusJona,203601,13798,454,FC Bayern München,@Footballguy2222,Wow what a signing 😮,3
Fk6ChYoyN9M,FC Bayern sign Jonathan Tah. ✍️ ♦️#ServusJona,203601,13798,454,FC Bayern München,@MarcoIsing,"da haben wir den Leverkusener den wir wirklich brauchen , der Flo hat uns nen Gefallen getan das er woanders hingeht",1
Fk6ChYoyN9M,FC Bayern sign Jonathan Tah. ✍️ ♦️#ServusJona,203601,13798,454,FC Bayern München,@Ententv-Sport,Herzlich Willkommen beim FC Bayern❤❤🎉🎉,3
Fk6ChYoyN9M,FC Bayern sign Jonathan Tah. ✍️ ♦️#ServusJona,203601,13798,454,FC Bayern München,@MikeStolzenberg-zx4em,Genau der richtige ❤,0
Fk6ChYoyN9M,FC Bayern sign Jonathan Tah. ✍️ ♦️#ServusJona,203601,13798,454,FC Bayern München,@andrepinder2397,Herzlichen willkommen tha,0
Fk6ChYoyN9M,FC Bayern sign Jonathan Tah. ✍️ ♦️#ServusJona,203601,13798,454,FC Bayern München,@thosepeople7655,Geil. Besser und wichtiger als der Wirtz Transfer auch angesichts der Ablöse,1
Fk6ChYoyN9M,FC Bayern sign Jonathan Tah. ✍️ ♦️#ServusJona,203601,13798,454,FC Bayern München,@TnPhone-v5g,ดีครับ ชอบ หลังแน่น,0
Fk6ChYoyN9M,FC Bayern sign Jonathan Tah. ✍️ ♦️#ServusJona,203601,13798,454,FC Bayern München,@InesFußball,München zerstört die Bundesliga 😢😢😢😢😢,0
Fk6ChYoyN9M,FC Bayern sign Jonathan Tah. ✍️ ♦️#ServusJona,203601,13798,454,FC Bayern München,@lpeea,welcome to bayern,0
Fk6ChYoyN9M,FC Bayern sign Jonathan Tah. ✍️ ♦️#ServusJona,203601,13798,454,FC Bayern München,@JamalMusialagirll,Servus jona! Willkommen in münchen!!!❤️🤍,2
Fk6ChYoyN9M,FC Bayern sign Jonathan Tah. ✍️ ♦️#ServusJona,203601,13798,454,FC Bayern München,@bonir01,The fridge of fut,0
Fk6ChYoyN9M,FC Bayern sign Jonathan Tah. ✍️ ♦️#ServusJona,203601,13798,454,FC Bayern München,@Sangaram357,Next Boateng😊,4
Fk6ChYoyN9M,FC Bayern sign Jonathan Tah. ✍️ ♦️#ServusJona,203601,13798,454,FC Bayern München,@ВикторБалашевич,Наконец то качественный защитник,0
Fk6ChYoyN9M,FC Bayern sign Jonathan Tah. ✍️ ♦️#ServusJona,203601,13798,454,FC Bayern München,@johannabiser6748,endlich. servus in münchen jona,0
Fk6ChYoyN9M,FC Bayern sign Jonathan Tah. ✍️ ♦️#ServusJona,203601,13798,454,FC Bayern München,@rvmorrison,Sehr gut 👍🏽 ❤,0
Fk6ChYoyN9M,FC Bayern sign Jonathan Tah. ✍️ ♦️#ServusJona,203601,13798,454,FC Bayern München,@SilverfromX,Geil 🎉 Willkommen,0
Fk6ChYoyN9M,FC Bayern sign Jonathan Tah. ✍️ ♦️#ServusJona,203601,13798,454,FC Bayern München,@ArlindArlindQerimi,Du Maschine,0
Fk6ChYoyN9M,FC Bayern sign Jonathan Tah. ✍️ ♦️#ServusJona,203601,13798,454,FC Bayern München,@marcohansen3986,..bin mir echt nicht sicher,3
Fk6ChYoyN9M,FC Bayern sign Jonathan Tah. ✍️ ♦️#ServusJona,203601,13798,454,FC Bayern München,@jyapu8192,Welcome,0
Fk6ChYoyN9M,FC Bayern sign Jonathan Tah. ✍️ ♦️#ServusJona,203601,13798,454,FC Bayern München,@klauslangner,"Super,gut für die Abwehr....",0
Fk6ChYoyN9M,FC Bayern sign Jonathan Tah. ✍️ ♦️#ServusJona,203601,13798,454,FC Bayern München,@Albertosaurus-do1zl,For the champions league super bayern🎉🎉🎉,0
Fk6ChYoyN9M,FC Bayern sign Jonathan Tah. ✍️ ♦️#ServusJona,203601,13798,454,FC Bayern München,@EshanAufar,Fans bayem leverkusen Jonathan tah penghianat,1
Fk6ChYoyN9M,FC Bayern sign Jonathan Tah. ✍️ ♦️#ServusJona,203601,13798,454,FC Bayern München,@TheGauravkumarrathore,Welcome to the Bayern family ❤🤍,3
Fk6ChYoyN9M,FC Bayern sign Jonathan Tah. ✍️ ♦️#ServusJona,203601,13798,454,FC Bayern München,@RLStudiossince2021,Forever Number One ❤️🤍,2
Fk6ChYoyN9M,FC Bayern sign Jonathan Tah. ✍️ ♦️#ServusJona,203601,13798,454,FC Bayern München,@limorino5890,"Herzlich willkommen Jona, have fun🫶🏼",0
Fk6ChYoyN9M,FC Bayern sign Jonathan Tah. ✍️ ♦️#ServusJona,203601,13798,454,FC Bayern München,@Raptile07,Sehr gut. Das war dringend nötig. Jetzt noch Gakpo oder Leao und dann geht's ab.,3
Fk6ChYoyN9M,FC Bayern sign Jonathan Tah. ✍️ ♦️#ServusJona,203601,13798,454,FC Bayern München,@EbrimaJallow-f7t,Welcome to the championship league bro,0
Fk6ChYoyN9M,FC Bayern sign Jonathan Tah. ✍️ ♦️#ServusJona,203601,13798,454,FC Bayern München,@Pengamatlangit,"Even though we failed to get Florian Wirtz, I'm glad we got Jona.",0
Fk6ChYoyN9M,FC Bayern sign Jonathan Tah. ✍️ ♦️#ServusJona,203601,13798,454,FC Bayern München,@yeshuaholywarriorhero,❤willkommen,0
Fk6ChYoyN9M,FC Bayern sign Jonathan Tah. ✍️ ♦️#ServusJona,203601,13798,454,FC Bayern München,@LLCoolJ7,Starkes Ding Freunde! ❤🎉,2
Fk6ChYoyN9M,FC Bayern sign Jonathan Tah. ✍️ ♦️#ServusJona,203601,13798,454,FC Bayern München,@westsidemm,Pflaume,1
Fk6ChYoyN9M,FC Bayern sign Jonathan Tah. ✍️ ♦️#ServusJona,203601,13798,454,FC Bayern München,@SuzanaObradović-s7v,Herzlich Willkommen Jonathan 🎉,2
Fk6ChYoyN9M,FC Bayern sign Jonathan Tah. ✍️ ♦️#ServusJona,203601,13798,454,FC Bayern München,@steffenseiffert7823,Wie heißt der song,0
Fk6ChYoyN9M,FC Bayern sign Jonathan Tah. ✍️ ♦️#ServusJona,203601,13798,454,FC Bayern München,@christianh.2829,Griaß di🎉,0
Fk6ChYoyN9M,FC Bayern sign Jonathan Tah. ✍️ ♦️#ServusJona,203601,13798,454,FC Bayern München,@СемёнМаксимов-х3ы,"Welcome to FC Bayern, Jonathan Tah❤",1
Fk6ChYoyN9M,FC Bayern sign Jonathan Tah. ✍️ ♦️#ServusJona,203601,13798,454,FC Bayern München,@strobolazer4082,Lets go!,0
Fk6ChYoyN9M,FC Bayern sign Jonathan Tah. ✍️ ♦️#ServusJona,203601,13798,454,FC Bayern München,@schlonzschuppe4516,hey Jo! kann losgehen. Let it Flo 😊,0
Fk6ChYoyN9M,FC Bayern sign Jonathan Tah. ✍️ ♦️#ServusJona,203601,13798,454,FC Bayern München,@torstenhaeser2503,Aber das Trikot steht ihm,0
Fk6ChYoyN9M,FC Bayern sign Jonathan Tah. ✍️ ♦️#ServusJona,203601,13798,454,FC Bayern München,@Loknath009,Endlich…,0
Fk6ChYoyN9M,FC Bayern sign Jonathan Tah. ✍️ ♦️#ServusJona,203601,13798,454,FC Bayern München,@MichoIssa-q2i,🎉🎉🎉🎉🎉🎉🎉🎉🎉 tah,0
Fk6ChYoyN9M,FC Bayern sign Jonathan Tah. ✍️ ♦️#ServusJona,203601,13798,454,FC Bayern München,@YoyoSupercard,Wilkommen,0
Fk6ChYoyN9M,FC Bayern sign Jonathan Tah. ✍️ ♦️#ServusJona,203601,13798,454,FC Bayern München,@blackstone-6252,Richtige Entscheidung. Man hätte vor 1 Jahr schon zugreifen sollen. Jetzt holen Inter oder Paris die CL...,0
Fk6ChYoyN9M,FC Bayern sign Jonathan Tah. ✍️ ♦️#ServusJona,203601,13798,454,FC Bayern München,@SuleymanAbdulayew,Welcome to Bayern Munich Janathan Tah!🎉,0
Fk6ChYoyN9M,FC Bayern sign Jonathan Tah. ✍️ ♦️#ServusJona,203601,13798,454,FC Bayern München,@FalahSmoqi,Herzlich willkommen daheim ❤🤍🎉🥳,0
Fk6ChYoyN9M,FC Bayern sign Jonathan Tah. ✍️ ♦️#ServusJona,203601,13798,454,FC Bayern München,@MarkSteinemann,Jaaaa,0
Fk6ChYoyN9M,FC Bayern sign Jonathan Tah. ✍️ ♦️#ServusJona,203601,13798,454,FC Bayern München,@finnfisu,Jetzt noch Xavi Simons und wir haben eine super Mannschaft,0
Fk6ChYoyN9M,FC Bayern sign Jonathan Tah. ✍️ ♦️#ServusJona,203601,13798,454,FC Bayern München,@gameon0787,wurde das geklärt ob er schon club wm spielen kann?,0
Fk6ChYoyN9M,FC Bayern sign Jonathan Tah. ✍️ ♦️#ServusJona,203601,13798,454,FC Bayern München,@JJx54,Endlich jaaaaaaaaaaaaa ❤,1
Fk6ChYoyN9M,FC Bayern sign Jonathan Tah. ✍️ ♦️#ServusJona,203601,13798,454,FC Bayern München,@sahinmehdiyev1764,Good lucky Jonathan.🎉,0
Fk6ChYoyN9M,FC Bayern sign Jonathan Tah. ✍️ ♦️#ServusJona,203601,13798,454,FC Bayern München,@reygaming7196,here we go,0
Fk6ChYoyN9M,FC Bayern sign Jonathan Tah. ✍️ ♦️#ServusJona,203601,13798,454,FC Bayern München,@valdanohutapea,Servus Jonathan,0
Fk6ChYoyN9M,FC Bayern sign Jonathan Tah. ✍️ ♦️#ServusJona,203601,13798,454,FC Bayern München,@paddykrueger3484,ENDLICH! Dieser Transfer ist wichtiger als es der von Wirtz gewesen wäre.,2
Fk6ChYoyN9M,FC Bayern sign Jonathan Tah. ✍️ ♦️#ServusJona,203601,13798,454,FC Bayern München,@edin22,Willkommen Jonathan was ein geiler Transfer ❤🤍,0
Fk6ChYoyN9M,FC Bayern sign Jonathan Tah. ✍️ ♦️#ServusJona,203601,13798,454,FC Bayern München,@LovroKujo,🎉🎉🎉🎉,0
Fk6ChYoyN9M,FC Bayern sign Jonathan Tah. ✍️ ♦️#ServusJona,203601,13798,454,FC Bayern München,@heidiweber2874,Herzlich willkommen 😊🎉❤,0
Fk6ChYoyN9M,FC Bayern sign Jonathan Tah. ✍️ ♦️#ServusJona,203601,13798,454,FC Bayern München,@brawlgamer67-sr6cr,Willkommen in München Jonathan Tah,1
Fk6ChYoyN9M,FC Bayern sign Jonathan Tah. ✍️ ♦️#ServusJona,203601,13798,454,FC Bayern München,@Doncrasher,"Herzlich willkommen haben lange auf dich gewartet 
Servus Jona und viel Erfolg ❤",0
Fk6ChYoyN9M,FC Bayern sign Jonathan Tah. ✍️ ♦️#ServusJona,203601,13798,454,FC Bayern München,@ShutUpBubi,YOOOOO WHAT A SIGNING,0
Fk6ChYoyN9M,FC Bayern sign Jonathan Tah. ✍️ ♦️#ServusJona,203601,13798,454,FC Bayern München,@beowolfe4241,Endlich wieder ein vernünftiger Verteidiger,0
Fk6ChYoyN9M,FC Bayern sign Jonathan Tah. ✍️ ♦️#ServusJona,203601,13798,454,FC Bayern München,@Nitram-ww8uk,Der Typ komplett aber wirklich komplett überbewertet genau wie wirtz,2
Fk6ChYoyN9M,FC Bayern sign Jonathan Tah. ✍️ ♦️#ServusJona,203601,13798,454,FC Bayern München,@nicoschmidt5167,"So Jona jetzt trägst du die richtigen Farben..😂❤🤍...mach den Trophäenschrank schon mal weit auf ab jetzt fliegen die Dinger da rein,es ist voebei mit Viceku......Mia san Mia",0
Fk6ChYoyN9M,FC Bayern sign Jonathan Tah. ✍️ ♦️#ServusJona,203601,13798,454,FC Bayern München,@Rian_Lacazette,nächstes jahr tripple,2
Fk6ChYoyN9M,FC Bayern sign Jonathan Tah. ✍️ ♦️#ServusJona,203601,13798,454,FC Bayern München,@KNATAJ2006,Welcome Jonathan❤,0
Fk6ChYoyN9M,FC Bayern sign Jonathan Tah. ✍️ ♦️#ServusJona,203601,13798,454,FC Bayern München,@꿀잼-d9i,민재형 해볼만 해 !! 경쟁해보자,0
Fk6ChYoyN9M,FC Bayern sign Jonathan Tah. ✍️ ♦️#ServusJona,203601,13798,454,FC Bayern München,@AwuduBraimah-g5t,❤❤❤❤❤❤🎉,0
Fk6ChYoyN9M,FC Bayern sign Jonathan Tah. ✍️ ♦️#ServusJona,203601,13798,454,FC Bayern München,@mçŕ_ŕęvîłø,Great player with him you will surely win everything Mia San Mia ❤🤍 💪💪,1
Fk6ChYoyN9M,FC Bayern sign Jonathan Tah. ✍️ ♦️#ServusJona,203601,13798,454,FC Bayern München,@Jonathan-pp1qf,Ich heiße einfach Jonathan😂,0
Fk6ChYoyN9M,FC Bayern sign Jonathan Tah. ✍️ ♦️#ServusJona,203601,13798,454,FC Bayern München,@jonbovi2960,Wurde auch mal Zeit.Passt wie die Faust aufs Auge.🎉,0
Fk6ChYoyN9M,FC Bayern sign Jonathan Tah. ✍️ ♦️#ServusJona,203601,13798,454,FC Bayern München,@BotShox,Herzlich Willkommen in München. Wir haben lange auf dich gewartet. Schön das du da bist🎉,0
Fk6ChYoyN9M,FC Bayern sign Jonathan Tah. ✍️ ♦️#ServusJona,203601,13798,454,FC Bayern München,@angelikascheid9216,Freue mich sehr. 🎉 für Jona und die Bayern 👏🏼 Bin sehr gespannt auf die neue Saison 🤗,0
Fk6ChYoyN9M,FC Bayern sign Jonathan Tah. ✍️ ♦️#ServusJona,203601,13798,454,FC Bayern München,@Bambiiiii5,Mia san mia ❤️,0
Fk6ChYoyN9M,FC Bayern sign Jonathan Tah. ✍️ ♦️#ServusJona,203601,13798,454,FC Bayern München,@Johann-x3c,Warum wird Leverkusen so auseinander genommen 😔😭😭😭😭😭😭,1
Fk6ChYoyN9M,FC Bayern sign Jonathan Tah. ✍️ ♦️#ServusJona,203601,13798,454,FC Bayern München,@YahyaAlfazza3,😂😂😂,0
Fk6ChYoyN9M,FC Bayern sign Jonathan Tah. ✍️ ♦️#ServusJona,203601,13798,454,FC Bayern München,@MvbBs24,Bro is 29😅,0
Fk6ChYoyN9M,FC Bayern sign Jonathan Tah. ✍️ ♦️#ServusJona,203601,13798,454,FC Bayern München,@felix043er,Das Trikot steht ihm,0
Fk6ChYoyN9M,FC Bayern sign Jonathan Tah. ✍️ ♦️#ServusJona,203601,13798,454,FC Bayern München,@kochkoch9338,Super,0
Fk6ChYoyN9M,FC Bayern sign Jonathan Tah. ✍️ ♦️#ServusJona,203601,13798,454,FC Bayern München,@Jonas-bb1x08,Was geht in München 😃,0
Fk6ChYoyN9M,FC Bayern sign Jonathan Tah. ✍️ ♦️#ServusJona,203601,13798,454,FC Bayern München,@daniellking6104,Willkommen tah in der bayern münchen Familie mia San mia❤❤,0
Fk6ChYoyN9M,FC Bayern sign Jonathan Tah. ✍️ ♦️#ServusJona,203601,13798,454,FC Bayern München,@kaiansalim9936,❤❤❤❤,0
Fk6ChYoyN9M,FC Bayern sign Jonathan Tah. ✍️ ♦️#ServusJona,203601,13798,454,FC Bayern München,@footydeu,Servus Jona! 🤩,1
Fk6ChYoyN9M,FC Bayern sign Jonathan Tah. ✍️ ♦️#ServusJona,203601,13798,454,FC Bayern München,@ifeatherbird,From Bayer to Bayern 🔥,0
Fk6ChYoyN9M,FC Bayern sign Jonathan Tah. ✍️ ♦️#ServusJona,203601,13798,454,FC Bayern München,@fahrialjoni9037,Very good,0
Fk6ChYoyN9M,FC Bayern sign Jonathan Tah. ✍️ ♦️#ServusJona,203601,13798,454,FC Bayern München,@peace-ux8mn,All good wishes to you jona,0
Fk6ChYoyN9M,FC Bayern sign Jonathan Tah. ✍️ ♦️#ServusJona,203601,13798,454,FC Bayern München,@NoName-rp6ww,Das ist mal ein Schnäppchen!👍🏼,0
Fk6ChYoyN9M,FC Bayern sign Jonathan Tah. ✍️ ♦️#ServusJona,203601,13798,454,FC Bayern München,@justPUBGgamer,Leverkusen is cooked,1
Fk6ChYoyN9M,FC Bayern sign Jonathan Tah. ✍️ ♦️#ServusJona,203601,13798,454,FC Bayern München,@AceSucksAtEditing,"Welcome Jona in the best club in Germany!🇩🇪🟥⬜️
Love Bayern Munich From Poland🇵🇱🤝🇩🇪",0
Fk6ChYoyN9M,FC Bayern sign Jonathan Tah. ✍️ ♦️#ServusJona,203601,13798,454,FC Bayern München,@HumanBeing4-mr4pc,"He is great defender, but I want to ask , what the average age of a footbal defender in a high level",1
Fk6ChYoyN9M,FC Bayern sign Jonathan Tah. ✍️ ♦️#ServusJona,203601,13798,454,FC Bayern München,@SundayAugustine-j3d,"all bayern center back are always huge… boateng, Hummels, Benatia, Dante,Sulë,Dligt, Eric dier,.. the even used martinez for a while and now another huge defender jonathan Tah",10
Fk6ChYoyN9M,FC Bayern sign Jonathan Tah. ✍️ ♦️#ServusJona,203601,13798,454,FC Bayern München,@MiaSanMia007,"Grossartig!
Jona mach dicht hinten!",2
Fk6ChYoyN9M,FC Bayern sign Jonathan Tah. ✍️ ♦️#ServusJona,203601,13798,454,FC Bayern München,@maxmeyer9777,Most important transfer this Summer!,41
Fk6ChYoyN9M,FC Bayern sign Jonathan Tah. ✍️ ♦️#ServusJona,203601,13798,454,FC Bayern München,@slvieikvik9778,Wow cool! I love an early transfer!,0
Fk6ChYoyN9M,FC Bayern sign Jonathan Tah. ✍️ ♦️#ServusJona,203601,13798,454,FC Bayern München,@EloxxYT,Servus Jona beim besten Verein in Deutschland ❤🤍,0
Fk6ChYoyN9M,FC Bayern sign Jonathan Tah. ✍️ ♦️#ServusJona,203601,13798,454,FC Bayern München,@CromaGamerOG,Omg ich drehe komplett durch 🎉🎉🎉🎉🎉🎉🎉🎉🎉🎉,0
Fk6ChYoyN9M,FC Bayern sign Jonathan Tah. ✍️ ♦️#ServusJona,203601,13798,454,FC Bayern München,@Molchi_8888,Guter Transfer,0
Fk6ChYoyN9M,FC Bayern sign Jonathan Tah. ✍️ ♦️#ServusJona,203601,13798,454,FC Bayern München,@rob124in,Endlich ein richtig guter Sign! ❤,2
Fk6ChYoyN9M,FC Bayern sign Jonathan Tah. ✍️ ♦️#ServusJona,203601,13798,454,FC Bayern München,@jaffacak7,"Ja man endlich wieder n Brocken IV 
Guten Start!",0
Fk6ChYoyN9M,FC Bayern sign Jonathan Tah. ✍️ ♦️#ServusJona,203601,13798,454,FC Bayern München,@NadineEckert-h5s,Ja endlich,0
Fk6ChYoyN9M,FC Bayern sign Jonathan Tah. ✍️ ♦️#ServusJona,203601,13798,454,FC Bayern München,@DerEddi,Herzlichen willkommen! Endlich hat‘s geklappt,0
Fk6ChYoyN9M,FC Bayern sign Jonathan Tah. ✍️ ♦️#ServusJona,203601,13798,454,FC Bayern München,@CassimSteward,Welcome to the family ❤Mia San Mia,5
Fk6ChYoyN9M,FC Bayern sign Jonathan Tah. ✍️ ♦️#ServusJona,203601,13798,454,FC Bayern München,@hernandosamuel,Herzlich willkommen!,0
Fk6ChYoyN9M,FC Bayern sign Jonathan Tah. ✍️ ♦️#ServusJona,203601,13798,454,FC Bayern München,@GomeZmarioo,Tah und upa werden ein super Duo abgeben! Willkommen jona 🙏🏽🔥,106
Fk6ChYoyN9M,FC Bayern sign Jonathan Tah. ✍️ ♦️#ServusJona,203601,13798,454,FC Bayern München,@kong_mlbb,Finally a good cb,1
Fk6ChYoyN9M,FC Bayern sign Jonathan Tah. ✍️ ♦️#ServusJona,203601,13798,454,FC Bayern München,@plexdu2389,슝슝타 어서오고 민재 우파랑 3백 가자 방패로 패자,0
Fk6ChYoyN9M,FC Bayern sign Jonathan Tah. ✍️ ♦️#ServusJona,203601,13798,454,FC Bayern München,@FleekoOngod,Lol..Barcelona said he wll join them😅😅😅,1
Fk6ChYoyN9M,FC Bayern sign Jonathan Tah. ✍️ ♦️#ServusJona,203601,13798,454,FC Bayern München,@akashghorpade93,Bundesliga is a joke. Only Bayern strong.,1
Fk6ChYoyN9M,FC Bayern sign Jonathan Tah. ✍️ ♦️#ServusJona,203601,13798,454,FC Bayern München,@pdp-x7y,Let's Bayern,0
Fk6ChYoyN9M,FC Bayern sign Jonathan Tah. ✍️ ♦️#ServusJona,203601,13798,454,FC Bayern München,@markuszihang1698,💯👍,0
Fk6ChYoyN9M,FC Bayern sign Jonathan Tah. ✍️ ♦️#ServusJona,203601,13798,454,FC Bayern München,@gts6987,"ターがやってきター！
やっター！",0
Fk6ChYoyN9M,FC Bayern sign Jonathan Tah. ✍️ ♦️#ServusJona,203601,13798,454,FC Bayern München,@chrisheuwald3755,"Schauen wir mal, er war ziemlich lange bei Leverkusen & hatte eine überragende Saison und und gute, also erstmal Ball flach halten.",2
Fk6ChYoyN9M,FC Bayern sign Jonathan Tah. ✍️ ♦️#ServusJona,203601,13798,454,FC Bayern München,@sipi225,AbwehrChef ✌️🫡,1
Fk6ChYoyN9M,FC Bayern sign Jonathan Tah. ✍️ ♦️#ServusJona,203601,13798,454,FC Bayern München,@florianreldiez4721,Steht ihm👏🏽,3
Fk6ChYoyN9M,FC Bayern sign Jonathan Tah. ✍️ ♦️#ServusJona,203601,13798,454,FC Bayern München,@beeniq9041,Warum?!,0
Fk6ChYoyN9M,FC Bayern sign Jonathan Tah. ✍️ ♦️#ServusJona,203601,13798,454,FC Bayern München,@motteogkush9821,Willkommen beim geilsten Verein Deutschlands !!,1
Fk6ChYoyN9M,FC Bayern sign Jonathan Tah. ✍️ ♦️#ServusJona,203601,13798,454,FC Bayern München,@MüllerGOAT-x8x,Herzlich willkommen ❤❤❤,0
Fk6ChYoyN9M,FC Bayern sign Jonathan Tah. ✍️ ♦️#ServusJona,203601,13798,454,FC Bayern München,@oreschke1000,Servus,0
Fk6ChYoyN9M,FC Bayern sign Jonathan Tah. ✍️ ♦️#ServusJona,203601,13798,454,FC Bayern München,@Jonas-l9v8e,Servus Jona,0
Fk6ChYoyN9M,FC Bayern sign Jonathan Tah. ✍️ ♦️#ServusJona,203601,13798,454,FC Bayern München,@bpvineethkrishna9553,Decent signings,1
Fk6ChYoyN9M,FC Bayern sign Jonathan Tah. ✍️ ♦️#ServusJona,203601,13798,454,FC Bayern München,@ahmedalsheikh9063,اخيرا صفقه صح,1
Fk6ChYoyN9M,FC Bayern sign Jonathan Tah. ✍️ ♦️#ServusJona,203601,13798,454,FC Bayern München,@BenniMarenbach,1 meisterscaft hat ihm doch nicht gereicht,1
Fk6ChYoyN9M,FC Bayern sign Jonathan Tah. ✍️ ♦️#ServusJona,203601,13798,454,FC Bayern München,@christiandante4403,"congratulations
Tahhh",0
Fk6ChYoyN9M,FC Bayern sign Jonathan Tah. ✍️ ♦️#ServusJona,203601,13798,454,FC Bayern München,@aungthusan-jg8ih,Now sign Mitoma,1
Fk6ChYoyN9M,FC Bayern sign Jonathan Tah. ✍️ ♦️#ServusJona,203601,13798,454,FC Bayern München,@vanshk.104,Willkommen Jonathan tah,0
Fk6ChYoyN9M,FC Bayern sign Jonathan Tah. ✍️ ♦️#ServusJona,203601,13798,454,FC Bayern München,@محمدم-ش8ه,Welcome 🔥,0
Fk6ChYoyN9M,FC Bayern sign Jonathan Tah. ✍️ ♦️#ServusJona,203601,13798,454,FC Bayern München,@leosch0385,Er neben Upa ist einfach ein richtig starkes duo. Endlich wieder eine Starke Abwehr,2
Fk6ChYoyN9M,FC Bayern sign Jonathan Tah. ✍️ ♦️#ServusJona,203601,13798,454,FC Bayern München,@markustango6293,Endlich ein guter Innenverteidiger. Herzliches Willkommen Jonathan.,0
Fk6ChYoyN9M,FC Bayern sign Jonathan Tah. ✍️ ♦️#ServusJona,203601,13798,454,FC Bayern München,@TassiloChigurh,Welcome! Hoffentlich wird dir Abwehr jetzt sicherer.,1
Fk6ChYoyN9M,FC Bayern sign Jonathan Tah. ✍️ ♦️#ServusJona,203601,13798,454,FC Bayern München,@ehsansohrabi3418,welcome bro to bayern love,0
Fk6ChYoyN9M,FC Bayern sign Jonathan Tah. ✍️ ♦️#ServusJona,203601,13798,454,FC Bayern München,@AradKW18,Welcome❤❤❤🎉,0
Fk6ChYoyN9M,FC Bayern sign Jonathan Tah. ✍️ ♦️#ServusJona,203601,13798,454,FC Bayern München,@Fussball230,Welcome Jonathan Tah ❤️🤍,2
Fk6ChYoyN9M,FC Bayern sign Jonathan Tah. ✍️ ♦️#ServusJona,203601,13798,454,FC Bayern München,@LPmax27,Ablösefrei kann man da erstmal nichts falsch machen. Viel Glück!,0
Fk6ChYoyN9M,FC Bayern sign Jonathan Tah. ✍️ ♦️#ServusJona,203601,13798,454,FC Bayern München,@Michael-zt8vd,"Hey Jona, herzlich willkommen, wir freuen uns auf dich!!❤",2
Fk6ChYoyN9M,FC Bayern sign Jonathan Tah. ✍️ ♦️#ServusJona,203601,13798,454,FC Bayern München,@پرهامداودی-ي7و,Tah❤❤❤,0
Fk6ChYoyN9M,FC Bayern sign Jonathan Tah. ✍️ ♦️#ServusJona,203601,13798,454,FC Bayern München,@FloHeadphoner2611,"Herzlich Willkommen, Jonathan!❤🤍💪🏻🤝🏻 👍🏻",3
Fk6ChYoyN9M,FC Bayern sign Jonathan Tah. ✍️ ♦️#ServusJona,203601,13798,454,FC Bayern München,@afl2409,servus jona,0
Fk6ChYoyN9M,FC Bayern sign Jonathan Tah. ✍️ ♦️#ServusJona,203601,13798,454,FC Bayern München,@Noah-dr7jp,Willkommen in München ❤🤍,2
Fk6ChYoyN9M,FC Bayern sign Jonathan Tah. ✍️ ♦️#ServusJona,203601,13798,454,FC Bayern München,@ilijas201,"willkommen, Jonathan Tah, und haben wir Wirtz aus Leverkusen bekommen?",0
Fk6ChYoyN9M,FC Bayern sign Jonathan Tah. ✍️ ♦️#ServusJona,203601,13798,454,FC Bayern München,@Etudiant4906,‼️‼️‼️😍😍😍,0
Fk6ChYoyN9M,FC Bayern sign Jonathan Tah. ✍️ ♦️#ServusJona,203601,13798,454,FC Bayern München,@Klicker_FM,Selbst schuld,1
Fk6ChYoyN9M,FC Bayern sign Jonathan Tah. ✍️ ♦️#ServusJona,203601,13798,454,FC Bayern München,@Smutny.Mysliciel,Und das alles kostenlos! Willkommen in Bayern ❤️,0
Fk6ChYoyN9M,FC Bayern sign Jonathan Tah. ✍️ ♦️#ServusJona,203601,13798,454,FC Bayern München,@TDWOLF1980,WILKOMMEN TAH !! FC BAYERN MUNCHEN DEUTSCHER MEISTER🟦🟥🟥⬜🇩🇪🏆,1
Fk6ChYoyN9M,FC Bayern sign Jonathan Tah. ✍️ ♦️#ServusJona,203601,13798,454,FC Bayern München,@Pleen1000,Yes! Super Typ. Super Spieler!,1
Fk6ChYoyN9M,FC Bayern sign Jonathan Tah. ✍️ ♦️#ServusJona,203601,13798,454,FC Bayern München,@celi3176,Kampf machine,0
Fk6ChYoyN9M,FC Bayern sign Jonathan Tah. ✍️ ♦️#ServusJona,203601,13798,454,FC Bayern München,@Madiyar-h3k,Я хотел бы не Та а Араухо видеть В Баварии,0
Fk6ChYoyN9M,FC Bayern sign Jonathan Tah. ✍️ ♦️#ServusJona,203601,13798,454,FC Bayern München,@Lil_li1l-t4l,Herzlich willkommen ❤❤❤,4
Fk6ChYoyN9M,FC Bayern sign Jonathan Tah. ✍️ ♦️#ServusJona,203601,13798,454,FC Bayern München,@Madiyar-h3k,🎉🎉🎉🎉Ура свершилось мечта,2
Fk6ChYoyN9M,FC Bayern sign Jonathan Tah. ✍️ ♦️#ServusJona,203601,13798,454,FC Bayern München,@user-tr5bv1cx8t,ja wohl cl ist jetzt sicher,1
Fk6ChYoyN9M,FC Bayern sign Jonathan Tah. ✍️ ♦️#ServusJona,203601,13798,454,FC Bayern München,@RaymondArthur73,Mia san mia tah,0
Fk6ChYoyN9M,FC Bayern sign Jonathan Tah. ✍️ ♦️#ServusJona,203601,13798,454,FC Bayern München,@markusbollmanm8551,Hier möchte man spielen wenn man in Leverkusen war! Mia san  mia,1
Fk6ChYoyN9M,FC Bayern sign Jonathan Tah. ✍️ ♦️#ServusJona,203601,13798,454,FC Bayern München,@aishajallow3948,"Mia San Mia ❤
Welcome Jonathan❤",0
Fk6ChYoyN9M,FC Bayern sign Jonathan Tah. ✍️ ♦️#ServusJona,203601,13798,454,FC Bayern München,@dimibu9015,Welcome Tah,1
Fk6ChYoyN9M,FC Bayern sign Jonathan Tah. ✍️ ♦️#ServusJona,203601,13798,454,FC Bayern München,@zer0x1988,Willkommen bei der Bayern Familie 💪,2
Fk6ChYoyN9M,FC Bayern sign Jonathan Tah. ✍️ ♦️#ServusJona,203601,13798,454,FC Bayern München,@00tt11_Videos,Servus,1
Fk6ChYoyN9M,FC Bayern sign Jonathan Tah. ✍️ ♦️#ServusJona,203601,13798,454,FC Bayern München,@S6G-VB,Here we go,0
Fk6ChYoyN9M,FC Bayern sign Jonathan Tah. ✍️ ♦️#ServusJona,203601,13798,454,FC Bayern München,@TomazzPhil1988,"Wichtigster Transfer seit langem olise, Tah... Geil Mal schauen was auf der linken Seite passiert",10
Fk6ChYoyN9M,FC Bayern sign Jonathan Tah. ✍️ ♦️#ServusJona,203601,13798,454,FC Bayern München,@raff9og,Servus aus München 🎉,1
Fk6ChYoyN9M,FC Bayern sign Jonathan Tah. ✍️ ♦️#ServusJona,203601,13798,454,FC Bayern München,@Kudoil,Plz come on Florian!!!!!,0
Fk6ChYoyN9M,FC Bayern sign Jonathan Tah. ✍️ ♦️#ServusJona,203601,13798,454,FC Bayern München,@ayaanahzen7073,Mia san mia ❤❤❤❤❤❤❤❤❤,1
Fk6ChYoyN9M,FC Bayern sign Jonathan Tah. ✍️ ♦️#ServusJona,203601,13798,454,FC Bayern München,@keshabbhandari9733,Eargerly waiting to see him in Club World Cup,3
Fk6ChYoyN9M,FC Bayern sign Jonathan Tah. ✍️ ♦️#ServusJona,203601,13798,454,FC Bayern München,@pepemolina,Nuevo fichaje mía San mía,1
Fk6ChYoyN9M,FC Bayern sign Jonathan Tah. ✍️ ♦️#ServusJona,203601,13798,454,FC Bayern München,@christoph4412,"Tah ist super, keine Frage!! Aber Eberl hat es bei Wirtz verbockt. Neben anderen Fehlern. Die kann man sich als BAYERN Vorstand aber nicht erlauben. Seine Autorität/ sein Standing im und außerhalb des Clubs stelle ich mal in Frage. Holt Krösche! Empathisch, souverän, professionell, erfolgreich.",0
Fk6ChYoyN9M,FC Bayern sign Jonathan Tah. ✍️ ♦️#ServusJona,203601,13798,454,FC Bayern München,@DanielFF-ol9rq,"Ich bin noch etwas skeptisch ob die Qualität stabil bleibt. Ich lass mich aber sehr gerne vom Gegenteil überzeugen.
Willkommen in München 👊🏻",8
Fk6ChYoyN9M,FC Bayern sign Jonathan Tah. ✍️ ♦️#ServusJona,203601,13798,454,FC Bayern München,@Bayern4ever-goat,Really a great signing👍💓💓💓,8
Fk6ChYoyN9M,FC Bayern sign Jonathan Tah. ✍️ ♦️#ServusJona,203601,13798,454,FC Bayern München,@finnysg8229,29 too old Bad deal,2
Fk6ChYoyN9M,FC Bayern sign Jonathan Tah. ✍️ ♦️#ServusJona,203601,13798,454,FC Bayern München,@Freshdaks7,Endlich da,1
Fk6ChYoyN9M,FC Bayern sign Jonathan Tah. ✍️ ♦️#ServusJona,203601,13798,454,FC Bayern München,@JangoJack81,"FAN""TAH""STISCH!!!! Let´s Go!!!",1
Fk6ChYoyN9M,FC Bayern sign Jonathan Tah. ✍️ ♦️#ServusJona,203601,13798,454,FC Bayern München,@B.andit5,What a surprise so quickly ! very beautiful 🎉,6
Fk6ChYoyN9M,FC Bayern sign Jonathan Tah. ✍️ ♦️#ServusJona,203601,13798,454,FC Bayern München,@marcelfrank6445,Endlich mal hoffe das er unserer Abwehr stabilisiert 💪,4
Fk6ChYoyN9M,FC Bayern sign Jonathan Tah. ✍️ ♦️#ServusJona,203601,13798,454,FC Bayern München,@AnA-g3k1q,Welcom tah,0
Fk6ChYoyN9M,FC Bayern sign Jonathan Tah. ✍️ ♦️#ServusJona,203601,13798,454,FC Bayern München,@promaster9542,Willkommen jona,1
Fk6ChYoyN9M,FC Bayern sign Jonathan Tah. ✍️ ♦️#ServusJona,203601,13798,454,FC Bayern München,@nikonoooo,wichtig! ❤️🤍,2
Fk6ChYoyN9M,FC Bayern sign Jonathan Tah. ✍️ ♦️#ServusJona,203601,13798,454,FC Bayern München,@smokalot6663,Finally! Freu mich!!!,0
Fk6ChYoyN9M,FC Bayern sign Jonathan Tah. ✍️ ♦️#ServusJona,203601,13798,454,FC Bayern München,@seeforest75,"Servus, Jona ein großer Schritt, jetzt noch Nico Williams holen und das Triple ist möglich, auf geht's pack mas",0
Fk6ChYoyN9M,FC Bayern sign Jonathan Tah. ✍️ ♦️#ServusJona,203601,13798,454,FC Bayern München,@JonasEtse-b1s,Hala Bayern ❤🎉,2
Fk6ChYoyN9M,FC Bayern sign Jonathan Tah. ✍️ ♦️#ServusJona,203601,13798,454,FC Bayern München,@c5po,Wilkommen Meister!♥️🤍💪🏾,0
Fk6ChYoyN9M,FC Bayern sign Jonathan Tah. ✍️ ♦️#ServusJona,203601,13798,454,FC Bayern München,@LiveYourLifeTv,Endlich ein vernünftiger Verteidiger.,1
Fk6ChYoyN9M,FC Bayern sign Jonathan Tah. ✍️ ♦️#ServusJona,203601,13798,454,FC Bayern München,@Boat1111,So excited to see him play,13
Fk6ChYoyN9M,FC Bayern sign Jonathan Tah. ✍️ ♦️#ServusJona,203601,13798,454,FC Bayern München,@swinstwo427,❤❤❤herzlich willkommen,3
Fk6ChYoyN9M,FC Bayern sign Jonathan Tah. ✍️ ♦️#ServusJona,203601,13798,454,FC Bayern München,@MrMarco159Lp,Geil,0
Fk6ChYoyN9M,FC Bayern sign Jonathan Tah. ✍️ ♦️#ServusJona,203601,13798,454,FC Bayern München,@RupamDad-r7q,Mia san mia❤❤,0
Fk6ChYoyN9M,FC Bayern sign Jonathan Tah. ✍️ ♦️#ServusJona,203601,13798,454,FC Bayern München,@vvovvvo,MINJAE>>>>>>>>>>>TAH 100% FACTOS😂,2
Fk6ChYoyN9M,FC Bayern sign Jonathan Tah. ✍️ ♦️#ServusJona,203601,13798,454,FC Bayern München,@swinstwo427,Tah,1
Fk6ChYoyN9M,FC Bayern sign Jonathan Tah. ✍️ ♦️#ServusJona,203601,13798,454,FC Bayern München,@FrankPontiggia-ph2zd,Mia San Mia Jonathan Tah,1
Fk6ChYoyN9M,FC Bayern sign Jonathan Tah. ✍️ ♦️#ServusJona,203601,13798,454,FC Bayern München,@Paulabi7,Jaaawollllllll,1
Fk6ChYoyN9M,FC Bayern sign Jonathan Tah. ✍️ ♦️#ServusJona,203601,13798,454,FC Bayern München,@yesmanpunk1962,Endlich da🎉🎉🎉,2
Fk6ChYoyN9M,FC Bayern sign Jonathan Tah. ✍️ ♦️#ServusJona,203601,13798,454,FC Bayern München,@yalcinKatirci,FC Bayern München krasses Verein 😎😎😎😎😎😎😎😎😎😎😎😎😎😎😎,1
Fk6ChYoyN9M,FC Bayern sign Jonathan Tah. ✍️ ♦️#ServusJona,203601,13798,454,FC Bayern München,@kriidk9827,Welcome to the team,1
Fk6ChYoyN9M,FC Bayern sign Jonathan Tah. ✍️ ♦️#ServusJona,203601,13798,454,FC Bayern München,@airvengers.co.6370,"As a Bayern fan 
Whaaaaat😂this is a crazy signing from our Bundesliga rivals,Excuse me Bayern but Whhhhhhaaaaaaatt?",0
Fk6ChYoyN9M,FC Bayern sign Jonathan Tah. ✍️ ♦️#ServusJona,203601,13798,454,FC Bayern München,@GamerKing976,Willkommen ❤️🤍,0
Fk6ChYoyN9M,FC Bayern sign Jonathan Tah. ✍️ ♦️#ServusJona,203601,13798,454,FC Bayern München,@iurahn,Herzlich Willkommen Jona ❤🤍,0
Fk6ChYoyN9M,FC Bayern sign Jonathan Tah. ✍️ ♦️#ServusJona,203601,13798,454,FC Bayern München,@Sendreas1341,Wilkommen in München !,1
Fk6ChYoyN9M,FC Bayern sign Jonathan Tah. ✍️ ♦️#ServusJona,203601,13798,454,FC Bayern München,@H_Breit,HERZLICH WILLKOMEN BEIM GROßEN FC BAYERN ❤❤❤,4
Fk6ChYoyN9M,FC Bayern sign Jonathan Tah. ✍️ ♦️#ServusJona,203601,13798,454,FC Bayern München,@bonjourbonjour1122,Here we go!,2
Fk6ChYoyN9M,FC Bayern sign Jonathan Tah. ✍️ ♦️#ServusJona,203601,13798,454,FC Bayern München,@xtcyjnr3495,Sign Leao,1
Fk6ChYoyN9M,FC Bayern sign Jonathan Tah. ✍️ ♦️#ServusJona,203601,13798,454,FC Bayern München,@komulus9163,Boah... Brauch ma den🤔? Und dann glei wieder an Vertrag bis 2029...? Do is a 33ge.. Wos duasd dann damid? Rentenvertrag unterschrimm... I woas ned... Werd da Kim de länger Zeit bei Bayern gwen sei.,0
Fk6ChYoyN9M,FC Bayern sign Jonathan Tah. ✍️ ♦️#ServusJona,203601,13798,454,FC Bayern München,@mileyslegomovies107,OH MY GOD😮 we got em!,4
Fk6ChYoyN9M,FC Bayern sign Jonathan Tah. ✍️ ♦️#ServusJona,203601,13798,454,FC Bayern München,@ViniHeadBall,Bayern Munich has to sign dribbler midfielder that can play like Musialar in the middle And one more defender who's young and capable of blocking wingers from the opposition in my opinion. Bayern Munich has too many attacking players if I was Bayern Munich coach or coach assisted I would have make the team of Bayern stronger that will be capable of beating all teams easily. Take look at Barcelona young defenders that's show they have bright football future. They have 17 years old defender cubarsi,0
Fk6ChYoyN9M,FC Bayern sign Jonathan Tah. ✍️ ♦️#ServusJona,203601,13798,454,FC Bayern München,@derharry,Let‘s go!,2
Fk6ChYoyN9M,FC Bayern sign Jonathan Tah. ✍️ ♦️#ServusJona,203601,13798,454,FC Bayern München,@huantan5730,Servus Jonathan... Bitte werde ein Leader in der Verteidigung 🙏,179
Fk6ChYoyN9M,FC Bayern sign Jonathan Tah. ✍️ ♦️#ServusJona,203601,13798,454,FC Bayern München,@lucci7671,Dieser Transfer war hundert mal wichtiger wie Wirtz wir brauchten einen iv der unser Verteidigung auf ein anderes Level bringt und den haben wir jetzt auch! Willkommen Tag🎉,13
Fk6ChYoyN9M,FC Bayern sign Jonathan Tah. ✍️ ♦️#ServusJona,203601,13798,454,FC Bayern München,@Johnatan-v3q,😍😍😍,1
Fk6ChYoyN9M,FC Bayern sign Jonathan Tah. ✍️ ♦️#ServusJona,203601,13798,454,FC Bayern München,@FCBN-n3i,Welcome Jonathan Tah,4
Fk6ChYoyN9M,FC Bayern sign Jonathan Tah. ✍️ ♦️#ServusJona,203601,13798,454,FC Bayern München,@hanihashim5493,Sign Xavi Simons From Leibzig,1
Fk6ChYoyN9M,FC Bayern sign Jonathan Tah. ✍️ ♦️#ServusJona,203601,13798,454,FC Bayern München,@Nieznany-p2u,Finally I won't have to see so much Kim mistakes!,3
Fk6ChYoyN9M,FC Bayern sign Jonathan Tah. ✍️ ♦️#ServusJona,203601,13798,454,FC Bayern München,@rigglerlp2416,Endlich ham wir einen richtigen Abwehrchef. Servus Jona!,240
Fk6ChYoyN9M,FC Bayern sign Jonathan Tah. ✍️ ♦️#ServusJona,203601,13798,454,FC Bayern München,@adrianthiede6512,Ich finde es gut das er nach München gegen ist und freu mich auf ihn ❤️🤍,4
Fk6ChYoyN9M,FC Bayern sign Jonathan Tah. ✍️ ♦️#ServusJona,203601,13798,454,FC Bayern München,@termitolaus,lets go gurls,0
Fk6ChYoyN9M,FC Bayern sign Jonathan Tah. ✍️ ♦️#ServusJona,203601,13798,454,FC Bayern München,@frogbound,Willkommen in München!,4
Fk6ChYoyN9M,FC Bayern sign Jonathan Tah. ✍️ ♦️#ServusJona,203601,13798,454,FC Bayern München,@RStylesRacing046,Welcome Jona!!! Mia San Mia,27
Fk6ChYoyN9M,FC Bayern sign Jonathan Tah. ✍️ ♦️#ServusJona,203601,13798,454,FC Bayern München,@dianastark8624,Servus Jonathan Willkommen in München die Nummer 4 passt richtig gut zu dir und viel Glück nächste Saison in München toller transfer und ich glaube ich hole mir dieses Trikot von dir mein lieblingsspieler war thomas Müller aber die Zeiten enden auch mal viel Glück Jona machst gut servus,2
Fk6ChYoyN9M,FC Bayern sign Jonathan Tah. ✍️ ♦️#ServusJona,203601,13798,454,FC Bayern München,@qwerty-em2co,And also Wirtz please,1
Fk6ChYoyN9M,FC Bayern sign Jonathan Tah. ✍️ ♦️#ServusJona,203601,13798,454,FC Bayern München,@Lilly_sane,Herzlichen willkommen 🎉❤mia_san_mia,0
Fk6ChYoyN9M,FC Bayern sign Jonathan Tah. ✍️ ♦️#ServusJona,203601,13798,454,FC Bayern München,@kinchii93,Welcome Tah !!!!!!!!!! 4,51
Fk6ChYoyN9M,FC Bayern sign Jonathan Tah. ✍️ ♦️#ServusJona,203601,13798,454,FC Bayern München,@car_shine,"🎉🎉🎉🎉
Herzlich willkommen 
🥳🥳🥳🥳🥳🥳🥳🥳",6
Fk6ChYoyN9M,FC Bayern sign Jonathan Tah. ✍️ ♦️#ServusJona,203601,13798,454,FC Bayern München,@NSCMendis,🇩🇪 🔥 💪🏾,8
Fk6ChYoyN9M,FC Bayern sign Jonathan Tah. ✍️ ♦️#ServusJona,203601,13798,454,FC Bayern München,@berndbiesenkamp280,Willkommen Jonathan Tah,15
Fk6ChYoyN9M,FC Bayern sign Jonathan Tah. ✍️ ♦️#ServusJona,203601,13798,454,FC Bayern München,@FADILLAH-k1v,Welcome Jonathan Tah here we go,158
Fk6ChYoyN9M,FC Bayern sign Jonathan Tah. ✍️ ♦️#ServusJona,203601,13798,454,FC Bayern München,@Riru754,🎉,4
Fk6ChYoyN9M,FC Bayern sign Jonathan Tah. ✍️ ♦️#ServusJona,203601,13798,454,FC Bayern München,@martink.1471,Herzlichen Willkommens Jona beim FCB ♥️🤍,3
Fk6ChYoyN9M,FC Bayern sign Jonathan Tah. ✍️ ♦️#ServusJona,203601,13798,454,FC Bayern München,@adrianthiede6512,OMG😍,6
Fk6ChYoyN9M,FC Bayern sign Jonathan Tah. ✍️ ♦️#ServusJona,203601,13798,454,FC Bayern München,@La25042,Willkommen in München ❤🤍,9
Fk6ChYoyN9M,FC Bayern sign Jonathan Tah. ✍️ ♦️#ServusJona,203601,13798,454,FC Bayern München,@sylwiamarcin173,Mia san mia,11
Fk6ChYoyN9M,FC Bayern sign Jonathan Tah. ✍️ ♦️#ServusJona,203601,13798,454,FC Bayern München,@Dooood89,Herzlich willkommen in München Jona!,424
Fk6ChYoyN9M,FC Bayern sign Jonathan Tah. ✍️ ♦️#ServusJona,203601,13798,454,FC Bayern München,@HenningTapken,❤,6
Fk6ChYoyN9M,FC Bayern sign Jonathan Tah. ✍️ ♦️#ServusJona,203601,13798,454,FC Bayern München,@JoshLan02,Its official!!!,14
StHac_GJupo,Respect 🤝 See you in Munich! 👋,490826,21402,82,FC Bayern München,@Ienvea,Jesuz,0
StHac_GJupo,Respect 🤝 See you in Munich! 👋,490826,21402,82,FC Bayern München,@Saant1_0,Saludame bayern,0
StHac_GJupo,Respect 🤝 See you in Munich! 👋,490826,21402,82,FC Bayern München,@zulideyavilaorozco5160,Siooooo.,0
StHac_GJupo,Respect 🤝 See you in Munich! 👋,490826,21402,82,FC Bayern München,@ARTURHoxha-n6t,Die haben zusammen in mancherster City gespielt,0
StHac_GJupo,Respect 🤝 See you in Munich! 👋,490826,21402,82,FC Bayern München,@Rostis14v,Gold days at city nostalgia,0
StHac_GJupo,Respect 🤝 See you in Munich! 👋,490826,21402,82,FC Bayern München,@ElizabetaSteflic,Sane is better than jesus,0
StHac_GJupo,Respect 🤝 See you in Munich! 👋,490826,21402,82,FC Bayern München,@nadmagore,Sane voll entspannt nach einer Niederlage. Verkaufen bitte🎉,0
StHac_GJupo,Respect 🤝 See you in Munich! 👋,490826,21402,82,FC Bayern München,@ICE_BAT.,City boys there❤,0
StHac_GJupo,Respect 🤝 See you in Munich! 👋,490826,21402,82,FC Bayern München,@youtube_shorts._gh,Eines tages werde ich auch bei euch spielen 🤙,0
StHac_GJupo,Respect 🤝 See you in Munich! 👋,490826,21402,82,FC Bayern München,@operationbuzz,Oh please sign Jesus and play him as a CF,0
StHac_GJupo,Respect 🤝 See you in Munich! 👋,490826,21402,82,FC Bayern München,@V12_a1,Good luck Bayern that was a good first match against Real Madrid👌👍,6
StHac_GJupo,Respect 🤝 See you in Munich! 👋,490826,21402,82,FC Bayern München,@TijnJansenedits2000,What Jesus smacked sane in the face at Bayern and now they are hugging? 💀,0
StHac_GJupo,Respect 🤝 See you in Munich! 👋,490826,21402,82,FC Bayern München,@uwemichaelsteidel7766,Wie eingebildet der Typ ist von Bayern,1
StHac_GJupo,Respect 🤝 See you in Munich! 👋,490826,21402,82,FC Bayern München,@Smokey-um9hf,Kehrt alle um zu Gott denn er ist allmächtig,0
StHac_GJupo,Respect 🤝 See you in Munich! 👋,490826,21402,82,FC Bayern München,@21Wojtek15,"""See u in Munich"" 
Harry Kane after this:🥺",2
StHac_GJupo,Respect 🤝 See you in Munich! 👋,490826,21402,82,FC Bayern München,@SumitKumar-z3s2u,Ya 😂😂😂😂😂😂😂😂😂😂😂😂😂😂😂😂😂😂😂😂😂,0
StHac_GJupo,Respect 🤝 See you in Munich! 👋,490826,21402,82,FC Bayern München,@josuecarballeira4892,heile meinen Lieblingsspieler❤,0
StHac_GJupo,Respect 🤝 See you in Munich! 👋,490826,21402,82,FC Bayern München,@MAURO_EREN1905,💛❤GALATASARAY 💛❤🇹🇷🇹🇷🇹🇷🇹🇷🇹🇷🇹🇷,1
StHac_GJupo,Respect 🤝 See you in Munich! 👋,490826,21402,82,FC Bayern München,@Manchestercity-yc8hn,Love gabriel jesus and sane ❤,9
StHac_GJupo,Respect 🤝 See you in Munich! 👋,490826,21402,82,FC Bayern München,@Djmixvrotdaiot,Обе сити,1
StHac_GJupo,Respect 🤝 See you in Munich! 👋,490826,21402,82,FC Bayern München,@fakterok3884,Gabriel in bayern?,0
StHac_GJupo,Respect 🤝 See you in Munich! 👋,490826,21402,82,FC Bayern München,@Rorschach-test,Leroy Sane sieht aus wie der frühe Ice-T 😂,8
StHac_GJupo,Respect 🤝 See you in Munich! 👋,490826,21402,82,FC Bayern München,@mikepepe3036,Jesus come to Munich 👋,0
StHac_GJupo,Respect 🤝 See you in Munich! 👋,490826,21402,82,FC Bayern München,@NavayHefer-zik,Love to see it 👍,1
StHac_GJupo,Respect 🤝 See you in Munich! 👋,490826,21402,82,FC Bayern München,@cristhianelvergalarga1956,pep👻,0
StHac_GJupo,Respect 🤝 See you in Munich! 👋,490826,21402,82,FC Bayern München,@thekauz3870,Die beiden haben bei City in Manchester gespielt.,0
StHac_GJupo,Respect 🤝 See you in Munich! 👋,490826,21402,82,FC Bayern München,@dnb-records2920,"Ich finde Sane ein wenig arrogant. Zumindest das was ich bisher von ihm so gesehen habe. Bisschen hochnäsig, so kommt es mir rüber. Gut zu sein ist ja schön aber Bodenständig zu sein noch viel besser",0
StHac_GJupo,Respect 🤝 See you in Munich! 👋,490826,21402,82,FC Bayern München,@chopstick134,Gabriel Jesus seems to be such a nice friend😊,5
StHac_GJupo,Respect 🤝 See you in Munich! 👋,490826,21402,82,FC Bayern München,@NarzisstischesToastii,König von London 😂😂😂,0
StHac_GJupo,Respect 🤝 See you in Munich! 👋,490826,21402,82,FC Bayern München,@DJP5,❤🎉❤🎉❤😊,0
StHac_GJupo,Respect 🤝 See you in Munich! 👋,490826,21402,82,FC Bayern München,@thisdude2584,Here we go sane to arsenal,0
StHac_GJupo,Respect 🤝 See you in Munich! 👋,490826,21402,82,FC Bayern München,@TeoPreložnik,Bayer the Best club in the world❤,0
StHac_GJupo,Respect 🤝 See you in Munich! 👋,490826,21402,82,FC Bayern München,@djblackstar9531,It’s gonna be a hot rematch lads,0
StHac_GJupo,Respect 🤝 See you in Munich! 👋,490826,21402,82,FC Bayern München,@ecpu_polska12,Good luck for the next mach,0
StHac_GJupo,Respect 🤝 See you in Munich! 👋,490826,21402,82,FC Bayern München,@liannito,Kennen sich ja gut aus manchester City Zeiten ☺️,0
StHac_GJupo,Respect 🤝 See you in Munich! 👋,490826,21402,82,FC Bayern München,@Blaine_Novak22,Let’s go Bayern,0
StHac_GJupo,Respect 🤝 See you in Munich! 👋,490826,21402,82,FC Bayern München,@2MadSkywalker,Italian fan right there boyz ❤,2
StHac_GJupo,Respect 🤝 See you in Munich! 👋,490826,21402,82,FC Bayern München,@macauleyplays,Thats goretzka mate,2
StHac_GJupo,Respect 🤝 See you in Munich! 👋,490826,21402,82,FC Bayern München,@Manuel_Neuer01,MY BEST TEAM İS BAYERN MÜNİH,0
StHac_GJupo,Respect 🤝 See you in Munich! 👋,490826,21402,82,FC Bayern München,@lucioblagoci,RESPECT 🎉🎉🎉🎉,0
StHac_GJupo,Respect 🤝 See you in Munich! 👋,490826,21402,82,FC Bayern München,@4TechNeTium3,"I wonder, have anyone played with Serge in Arsenal rn? Or they moved onto other clubs or retired?
I believe Arteta might be one of them.",0
StHac_GJupo,Respect 🤝 See you in Munich! 👋,490826,21402,82,FC Bayern München,@ChrisJay67,We want Jesus at Munich 😍,18
StHac_GJupo,Respect 🤝 See you in Munich! 👋,490826,21402,82,FC Bayern München,@robyk6944,Servss. 👋 Mvnchen.   ❤️fans.   💪. sorry    Food       Bvnseliga.   16. Is going  🤣on. today.  tomorrow.  to.  😆.  Bayern,1
StHac_GJupo,Respect 🤝 See you in Munich! 👋,490826,21402,82,FC Bayern München,@FamiliOfficeDotCom,"FC Bayern VS Arsenal
✅ Winning 11
✅ Formation 442

Daniel Peretz (GK)
Kimmich - Min Jae - De Ligt - Mazraoui 
Sane - Goretzka - Pavlovic - Musiala
Harry Kane - Mathys Tel

Super Subs :
++++++++++
Sane <> Coman 67'
Musiala <> Zaragoza 67'
Tel <> Robert Ramsak 67'
Min Jae <> Laimer 67'
Mazraoui <> Aznou 67'",1
StHac_GJupo,Respect 🤝 See you in Munich! 👋,490826,21402,82,FC Bayern München,@thanh9826,Still our city boys❤❤❤,87
StHac_GJupo,Respect 🤝 See you in Munich! 👋,490826,21402,82,FC Bayern München,@sehu1291,Alte City Freunde,1
StHac_GJupo,Respect 🤝 See you in Munich! 👋,490826,21402,82,FC Bayern München,@DJP5,😅❤❤❤😅😅😂😂,0
StHac_GJupo,Respect 🤝 See you in Munich! 👋,490826,21402,82,FC Bayern München,@annaschruf4415,"GRATULIERE, MACHT WEITER SO
🎉🎉🎉🎉🎉❤❤❤❤",3
StHac_GJupo,Respect 🤝 See you in Munich! 👋,490826,21402,82,FC Bayern München,@mohammadrobisubagja7425,Gnabri jg alumni arsenal pasti emosional dia,0
StHac_GJupo,Respect 🤝 See you in Munich! 👋,490826,21402,82,FC Bayern München,@user-l3v5u,🙁MiaSanMia,2
StHac_GJupo,Respect 🤝 See you in Munich! 👋,490826,21402,82,FC Bayern München,@simplesimon6503,Peinlich,0
StHac_GJupo,Respect 🤝 See you in Munich! 👋,490826,21402,82,FC Bayern München,@Mrpikachuu-f3,Come on bayern you can win this,0
StHac_GJupo,Respect 🤝 See you in Munich! 👋,490826,21402,82,FC Bayern München,@Mrpikachuu-f3,But first look how he plays then buy him,0
StHac_GJupo,Respect 🤝 See you in Munich! 👋,490826,21402,82,FC Bayern München,@Mrpikachuu-f3,Buy cr7,0
StHac_GJupo,Respect 🤝 See you in Munich! 👋,490826,21402,82,FC Bayern München,@rachasoccer,Manchester is Blue,0
StHac_GJupo,Respect 🤝 See you in Munich! 👋,490826,21402,82,FC Bayern München,@AeneasSdoukos,"Die beiden haben endlich ein Wiedersehen

Beide haben ja damals für City gespielt😂😂",51
StHac_GJupo,Respect 🤝 See you in Munich! 👋,490826,21402,82,FC Bayern München,@LMBen90,Ich hab es live angeguckt geiles spiel,20
StHac_GJupo,Respect 🤝 See you in Munich! 👋,490826,21402,82,FC Bayern München,@briankliesch5536,See ja soon in munich ---> buyed 😊,0
StHac_GJupo,Respect 🤝 See you in Munich! 👋,490826,21402,82,FC Bayern München,@ocbultimate,"Sane muss noch beim Abschluss besser werden, dann ist er ne Maschine",310
StHac_GJupo,Respect 🤝 See you in Munich! 👋,490826,21402,82,FC Bayern München,@noboriryu5290,それぞれのチームで9と10背負ってるのいいなぁ,16
StHac_GJupo,Respect 🤝 See you in Munich! 👋,490826,21402,82,FC Bayern München,@magik410,"Come on harry, do it for us COYS",4
StHac_GJupo,Respect 🤝 See you in Munich! 👋,490826,21402,82,FC Bayern München,@Dad_78,Who want FC Bayern to win 🎉,255
sPnCbObS8kI,Wo feierst du den Kick-Off? Mit Pia Riegel auf einer Mission in München 👀,1682,92,4,FC Bayern Frauen,@valdanohutapea,Stream it 😅,0
sPnCbObS8kI,Wo feierst du den Kick-Off? Mit Pia Riegel auf einer Mission in München 👀,1682,92,4,FC Bayern Frauen,@denizleventyuruyen4774,In der Allianz Arena  so wie sich das gehört!  #ImmervorwärtsFCB #Homevictory #Mission1stTriple #Missioin4thinaROW #Mission78Points,1
sPnCbObS8kI,Wo feierst du den Kick-Off? Mit Pia Riegel auf einer Mission in München 👀,1682,92,4,FC Bayern Frauen,@Outdoor-Grandpa,Natürlich in der Allianz Arena ❤,1
sPnCbObS8kI,Wo feierst du den Kick-Off? Mit Pia Riegel auf einer Mission in München 👀,1682,92,4,FC Bayern Frauen,@TobiaaDitze-dz2lu,Ja,2
ZBgfseryTk8,World Sevens Football in Portugal: Behind the Scenes,52343,1447,63,FC Bayern Frauen,@jasons8458,"I'm a big fan of Momoko. She may not speak German but when on the pitch, she can fully express herself in the universal language called ""Football"".
Congratulations, Momoko!!!",0
ZBgfseryTk8,World Sevens Football in Portugal: Behind the Scenes,52343,1447,63,FC Bayern Frauen,@minoru1-p4l,良い意味でのサッカーバカ,1
ZBgfseryTk8,World Sevens Football in Portugal: Behind the Scenes,52343,1447,63,FC Bayern Frauen,@ec-driver,Warum spielte Glodis Viggosdottir mit der Nr. 15 ohne Name auf dem Trikot? Wurde das Trikot mit der  Nr. 4 vergessen?,0
ZBgfseryTk8,World Sevens Football in Portugal: Behind the Scenes,52343,1447,63,FC Bayern Frauen,@kellyt0216,"バイエルンは終始楽しそうにPlayしてた。
こんな明るいチームだとは思わなかった。
みんなの明るさに勝利の女神も微笑んだ。
おめでとうございます。",12
ZBgfseryTk8,World Sevens Football in Portugal: Behind the Scenes,52343,1447,63,FC Bayern Frauen,@bushchat28d,How can it be 'world' sevens when the only teams competing were European?,3
ZBgfseryTk8,World Sevens Football in Portugal: Behind the Scenes,52343,1447,63,FC Bayern Frauen,@冷奴25,陽キャ集団w,3
ZBgfseryTk8,World Sevens Football in Portugal: Behind the Scenes,52343,1447,63,FC Bayern Frauen,@peaceman_japan,"Bayern's happy friends are the best. It was a fun three days. Ena, Momoko, it's too amazing.",13
ZBgfseryTk8,World Sevens Football in Portugal: Behind the Scenes,52343,1447,63,FC Bayern Frauen,@m2g423,"18:07🎉
19:02😂
8:57😮",5
ZBgfseryTk8,World Sevens Football in Portugal: Behind the Scenes,52343,1447,63,FC Bayern Frauen,@tunblablo349,"Danke fürs Reinstellen des BTS. Ich habe grosse Teile angesehen, natürlich alle Bayern - Spiele. Das Format ist, gelinde gesagt, nicht mein Fall. Und man muss ehrlich sein: Ohne das sehr hohe Preisgeld hätte da kein Verein mitgemacht. Es hat seinen Grund, warum der FCB seinen Spielerinnen die Teilnahme freigestellt hat, was ich den Verantwortlichen hoch anrechne. Der wesentliche Punkt ist das, was das Team daraus gemacht hat: Eine Riesengaudi! Das war im Grunde Urlaub mit Tanzen und Feiern mit konzentriertem Kicken zwischendurch. Die Bayern haben damit Werbung gemacht für sich selbst - ja, auch die Marke - und für den Fussball allgemein, egal in welchem Format. Macht weiter so!",3
ZBgfseryTk8,World Sevens Football in Portugal: Behind the Scenes,52343,1447,63,FC Bayern Frauen,@mc67tama,Momoko Tanikawa is real striker,18
ZBgfseryTk8,World Sevens Football in Portugal: Behind the Scenes,52343,1447,63,FC Bayern Frauen,@mrgattacanejo,"Momoko Tanikawa is a Japanese treasure.
To all the people of Germany, please continue to watch over her warmly.🎌",25
ZBgfseryTk8,World Sevens Football in Portugal: Behind the Scenes,52343,1447,63,FC Bayern Frauen,@For_Cruyff_Sake,This is what it would look like if Oktoberfest held a football tournament during Oktoberfest Week 😂,3
ZBgfseryTk8,World Sevens Football in Portugal: Behind the Scenes,52343,1447,63,FC Bayern Frauen,@traderjays7632,0:08  Momoko scores with a smile in her face ❤,29
ZBgfseryTk8,World Sevens Football in Portugal: Behind the Scenes,52343,1447,63,FC Bayern Frauen,@kyupsakhoe367,Tanikawa 18:21 on firee,26
ZBgfseryTk8,World Sevens Football in Portugal: Behind the Scenes,52343,1447,63,FC Bayern Frauen,@traderjays7632,0:08 笑顔でシュートを決めるタニカワ。,15
ZBgfseryTk8,World Sevens Football in Portugal: Behind the Scenes,52343,1447,63,FC Bayern Frauen,@davewright8206,what are we gonna do without alex 🥲,1
ZBgfseryTk8,World Sevens Football in Portugal: Behind the Scenes,52343,1447,63,FC Bayern Frauen,@rumpel8037,"Ich bin seit Jahrzehnten bei den Männern immer gegen diesen Hoeneß CSU Club. ABER, diesen Mädels wünsche ich immer nur das Beste und werde durch sie fast noch zum Bayern Fan. Super sympathische Truppe voller angenehmer Persönlichkeiten.",13
ZBgfseryTk8,World Sevens Football in Portugal: Behind the Scenes,52343,1447,63,FC Bayern Frauen,@blacknudl3025,"Es hat einfach sehr, sehr viel Spaß gemacht den Mädels zu zuschauen. Insbesondere den Spaß und die Freude die sie dabei hatten miterleben zu dürfen. Und trotzdem klasse Fußball abgeliefert. ❤🎉🎉🎉",2
ZBgfseryTk8,World Sevens Football in Portugal: Behind the Scenes,52343,1447,63,FC Bayern Frauen,@inotoni6148,Ich hoffe Bayern lässt endlich Tanikawa ab jetzt öfters spielen. Sie ist schließlich einer der besten Spielerinnen der Welt!,25
ZBgfseryTk8,World Sevens Football in Portugal: Behind the Scenes,52343,1447,63,FC Bayern Frauen,@TheMaxpit,"Glückwunsch zum verdienten Turniergewinn!  Hat echt Laune gemacht, die Spiele mit anzuschauen und live mit zu verfolgen.",5
ZBgfseryTk8,World Sevens Football in Portugal: Behind the Scenes,52343,1447,63,FC Bayern Frauen,@josefvonbrunn6607,"Bin seit über 60 Jahren Bayernfan. Habe alle Spiele gesehen seit es möglich war. Bin Mitglied und inzwischen weis ich nicht für wen ich mehr fiebere - ach einfach für beide (Männer + Frauen) - aber das Turnier hat schon verdammt viel Spaß gemacht....  Ohne zweifelhafte und unpassende Abseitsentscheidungen, wo sich nur Schiries und der Keller profilieren wollen. Hatte noch nie soviel Spaß und Freude beim zuschauen. Man konnte jubeln ohne das der VAR sagt das war 2 mm abseits ....",19
ZBgfseryTk8,World Sevens Football in Portugal: Behind the Scenes,52343,1447,63,FC Bayern Frauen,@mawesmo,"From the intro presentation, Bayern heard one thing only, ""Lots of fun/kids"" 😂",9
ZBgfseryTk8,World Sevens Football in Portugal: Behind the Scenes,52343,1447,63,FC Bayern Frauen,@jonpetter8921,"Bayern was definitely the funniest team, or the only team that seems to have fun so they deserve the title 🎉🎉",23
ZBgfseryTk8,World Sevens Football in Portugal: Behind the Scenes,52343,1447,63,FC Bayern Frauen,@chiassonlaurianne4764,My DREAMMM,3
ZBgfseryTk8,World Sevens Football in Portugal: Behind the Scenes,52343,1447,63,FC Bayern Frauen,@WayneJucktsTwitch,Sehr cool!! Die Mädels haben Spaß!!! Da sollte sich so mancher ein Beispiel dran nehmen,7
ZBgfseryTk8,World Sevens Football in Portugal: Behind the Scenes,52343,1447,63,FC Bayern Frauen,@HiViNewsByRegina111,"Dank für ein weiteres unfassbar schönes und emotionales Video. Das Turnier World Sevens Football hat mir einen Riesenspaß gemacht und ich freue mich schon auf das nächste. Als Spielerin beim FC Bayern München zu sein ist die reinste Freude, der Teamgeist dort sucht wohl seinesgleichen. Lieben Gruß und Glück🍀Auf aus Dortmund",15
ZBgfseryTk8,World Sevens Football in Portugal: Behind the Scenes,52343,1447,63,FC Bayern Frauen,@piresgilvander5303,Lets go bayer ❤🤍,3
ZBgfseryTk8,World Sevens Football in Portugal: Behind the Scenes,52343,1447,63,FC Bayern Frauen,@gizblo,Eine herrlich verrückte und sympathische Mannschaft.,8
ZBgfseryTk8,World Sevens Football in Portugal: Behind the Scenes,52343,1447,63,FC Bayern Frauen,@johnnytrucker69,"Damnjanović immer 100% Einsatz, Ehrgeiz, Power, Vollgas 🎉 JOVANA GOAT 💪",12
ZBgfseryTk8,World Sevens Football in Portugal: Behind the Scenes,52343,1447,63,FC Bayern Frauen,@UltraHD.7,"Es war einfach eine Freude euch zuzuschauen und Ihr ward und seid wirklich die besten Aushängeschilder des Vereins. 
Und ach ja, Momo Superstar! 😊",19
ZBgfseryTk8,World Sevens Football in Portugal: Behind the Scenes,52343,1447,63,FC Bayern Frauen,@MCallsen,Das Ballgefühl von Momoko kann man nicht kopieren :D Echt außerirdisch ♥,28
ZBgfseryTk8,World Sevens Football in Portugal: Behind the Scenes,52343,1447,63,FC Bayern Frauen,@Ingo86,"Ich glaube die hatten Spaß. Eine tolle Truppe, den schönsten Torjubel hat Tuva gezeigt.",10
ZBgfseryTk8,World Sevens Football in Portugal: Behind the Scenes,52343,1447,63,FC Bayern Frauen,@Yeoman4u,"Das ist die Kirsche auf der Torte auf der Trophäen-Schale! 
Danke an das Media-Team der FC Bayern Frauen, ihr könnt solche Zusammenfassungen sehr viel besser als gewisse andere Media-Beauftragte, deren lieblose Zusammenfassungen diesem großartigen Event nicht annähernd gerecht werden. 

Ein interessantes neues Format, ein ganzes Turnier in 3 Tagen für Binge-Watcher. Ob und wie sich das für Leute vermitteln und aufbereiten lässt, die nicht soviel Zeit haben, sehe ich noch als offene Frage.",2
ZBgfseryTk8,World Sevens Football in Portugal: Behind the Scenes,52343,1447,63,FC Bayern Frauen,@hajoos.8360,"Schöne Bilder. Das Kleinfeld-Format hatte mir jetzt nicht so gut gefallen, aber es brachte das Tiki-Taka-Konzept von Straus bestens zu Geltung. Das (Kurz-) Paßspiel der Bayern-Grazien war allen anderen Mannschaften überlegen. Am schlechtesten kam offensichtlich PSG damit klar. Desweiteren ist es ein Equalizer, individuelle Schnelligkeit kommt hier nicht zur Geltung, nur schneller Antritt, besonders gut bei Sarah Zadrazil & Caro Simon zu sehen, die beide keine 100-Meter-Sprints gewinnen. Das finale Siegtor von Zadrazil war ein echtes Gerd-Müller-Tor, grandios, der Bomber hätte es nicht besser machen können. Die offensiven Fähigkeiten von Abwehrspielern bewundern zu können, hatte mir bei diesem Turnier am meisten Spaß gemacht. In der Regel kommen auf einem richtigen Platz die Abwehrspieler nur bei Ecken & Standards vors gegnerische Tor. Die Frage, die sich mir abschließend stellt, ist die nach Michelle Ulbrich. Sie hatte Sich gegen Jena bewährt & in Portugal sich wunderbar ins Team eingefügt. Warum lassen die Bayern Sie gehen? Da die IV-Position im Grunde die Achillesverse des Deutschen Frauenfußball ist, kann ich mir nicht vorstellen, daß Bremen Sie zurückbekommt. Da werden höher Karätige zuschlagen.",8
ZBgfseryTk8,World Sevens Football in Portugal: Behind the Scenes,52343,1447,63,FC Bayern Frauen,@布施俊徳丸,"来期のCLがすごい楽しみ。
センセーショナルな結果を生み出しそう。",16
ZBgfseryTk8,World Sevens Football in Portugal: Behind the Scenes,52343,1447,63,FC Bayern Frauen,@ralflottkus7204,Das Turnier hat so viel Spaß gemacht zum zusehen.,16
ZBgfseryTk8,World Sevens Football in Portugal: Behind the Scenes,52343,1447,63,FC Bayern Frauen,@dai-nj2mm,18:08 super trick,47
ZBgfseryTk8,World Sevens Football in Portugal: Behind the Scenes,52343,1447,63,FC Bayern Frauen,@caveatlector1591,the most unserious team the whole tournament but also the 1st champions lol. Congrats Bayern!,7
ZBgfseryTk8,World Sevens Football in Portugal: Behind the Scenes,52343,1447,63,FC Bayern Frauen,@charlotted9250,"Es macht so Spaß den Mädels zuzuschauen, man spürt richtig diese Freude und den Zusammenhalt von denen😍 They won with the power of friendship. Einfach nur Liebe für diese Mannschaft ❤",19
ZBgfseryTk8,World Sevens Football in Portugal: Behind the Scenes,52343,1447,63,FC Bayern Frauen,@Frauenfußball_support,🥹❤️🤍,6
ZBgfseryTk8,World Sevens Football in Portugal: Behind the Scenes,52343,1447,63,FC Bayern Frauen,@dietmarraffke7326,Ihr habt es euch verdient.  Danke auch an den Trainer. Nächste Saison seid ihr noch stärker.  Ihr habt mir ein tolles Geburtstagsgeschenk mit euerem Sieg gemacht. ❤❤❤❤,13
ZBgfseryTk8,World Sevens Football in Portugal: Behind the Scenes,52343,1447,63,FC Bayern Frauen,@finnoleperlick3813,"Einfach eine tolle Mannschaft! Macht Spaß zuzugucken, weil man wirklich merkt, dass es eine richtige Mannschaft ist. Top!
Übrigens auch ein wirklich cooles neues Format, gerne wieder!",20
ZBgfseryTk8,World Sevens Football in Portugal: Behind the Scenes,52343,1447,63,FC Bayern Frauen,@TemitopeMatthew-fd3gl,👏👏👏,7
ZBgfseryTk8,World Sevens Football in Portugal: Behind the Scenes,52343,1447,63,FC Bayern Frauen,@mathiasp2694,Super Team🎉,17
ZBgfseryTk8,World Sevens Football in Portugal: Behind the Scenes,52343,1447,63,FC Bayern Frauen,@Dragodina,"18:38 Dieser Moment, in dem Linda einfach noch nen Flick- Flack durchs Bild macht 😂",12
ZBgfseryTk8,World Sevens Football in Portugal: Behind the Scenes,52343,1447,63,FC Bayern Frauen,@ヒロ兄ヒロにぃ,"Bayern☆Bayern☆Bayern☆
ヽ(=´▽`=)ﾉ
Tanikawa〜おめでとう！",30
ZBgfseryTk8,World Sevens Football in Portugal: Behind the Scenes,52343,1447,63,FC Bayern Frauen,@Gemischtes-Hack,Gutes Video,12
ZBgfseryTk8,World Sevens Football in Portugal: Behind the Scenes,52343,1447,63,FC Bayern Frauen,@hannahwohlfarth5424,Das Turnier hat soviel Spaß gemacht anzusehen ❤🤍,37
ZBgfseryTk8,World Sevens Football in Portugal: Behind the Scenes,52343,1447,63,FC Bayern Frauen,@chrisforever1255,"Das war so cool, Mädels!
Hat super Spass gemacht Euch zuzuschauen!
Behaltet diesen Teamspirit unbedingt bei - das unterscheidet Euch von den allermeisten anderen Topteams!
Weiter so!
Grüße aus NRW!
👋😎🎸",23
ZBgfseryTk8,World Sevens Football in Portugal: Behind the Scenes,52343,1447,63,FC Bayern Frauen,@RaptorR0ger,das ist keine normale Fußballmannschaft! Das ist eine große Gruppe von Freunden die zusammen richtig richtig gut Fußballspielen können!,73
ZBgfseryTk8,World Sevens Football in Portugal: Behind the Scenes,52343,1447,63,FC Bayern Frauen,@martink.1471,Richtig geile Kickerinnen mit Ena Mahmutovic Momoko Tanikawa und alle anderen der Hacken Trick von Momoko Tanikawa war der Hammer die dürft ihr nie mehr hergeben ♥️🤍Mia San Mia euer zusammen halt ist einmalig gibt es nirgendwo anders im Frauenfussball 😘🥰😍,66
ZBgfseryTk8,World Sevens Football in Portugal: Behind the Scenes,52343,1447,63,FC Bayern Frauen,@MichaS3001,"Was für tolle Mädels, und dieser einzigartiger Zusammenhalt, es ist unmöglich, sie nicht zu lieben...🥰😘😍",61
ZBgfseryTk8,World Sevens Football in Portugal: Behind the Scenes,52343,1447,63,FC Bayern Frauen,@valdanohutapea,Ya hallo 😂,3
FtWFc-TWQlM,2️⃣0️⃣2️⃣8️⃣: FC Bayern Frauen verpflichten Vanessa Gilles ✍️,8396,450,35,FC Bayern Frauen,@FL8610,Vorbild für FCB Frauen Barca und Lyon,0
FtWFc-TWQlM,2️⃣0️⃣2️⃣8️⃣: FC Bayern Frauen verpflichten Vanessa Gilles ✍️,8396,450,35,FC Bayern Frauen,@bernd3781,WARM WELCOME at FC Bayern!! Having the courage to dream is having the power to fight!🫶,0
FtWFc-TWQlM,2️⃣0️⃣2️⃣8️⃣: FC Bayern Frauen verpflichten Vanessa Gilles ✍️,8396,450,35,FC Bayern Frauen,@denizleventyuruyen4774,Enjoy your time and have fun by your nee challange  in the next viel years,0
FtWFc-TWQlM,2️⃣0️⃣2️⃣8️⃣: FC Bayern Frauen verpflichten Vanessa Gilles ✍️,8396,450,35,FC Bayern Frauen,@43daddycool,Bonne chance pour ton nouveau projet Vanessa.Je te souhaite le meilleur .Le Bayern est un club une nouvelle famille pour toi.🤩,0
FtWFc-TWQlM,2️⃣0️⃣2️⃣8️⃣: FC Bayern Frauen verpflichten Vanessa Gilles ✍️,8396,450,35,FC Bayern Frauen,@wathor,wenn man nicht mehr gut genug für lyon ist und eher in die 2te reihe abtritt ist es sicher ok in der dt. liga zu spielen und noch etwas für die rente zu sparen.,0
FtWFc-TWQlM,2️⃣0️⃣2️⃣8️⃣: FC Bayern Frauen verpflichten Vanessa Gilles ✍️,8396,450,35,FC Bayern Frauen,@ecke-eckessi,Leute! Wie wollen die Gegner denn noch Tore schiessen 😉,0
FtWFc-TWQlM,2️⃣0️⃣2️⃣8️⃣: FC Bayern Frauen verpflichten Vanessa Gilles ✍️,8396,450,35,FC Bayern Frauen,@Musikmanni1,Daumen leider nach unten aber nicht wegen der Spielerin sondern weil nur auf Englisch was soll das 😮,1
FtWFc-TWQlM,2️⃣0️⃣2️⃣8️⃣: FC Bayern Frauen verpflichten Vanessa Gilles ✍️,8396,450,35,FC Bayern Frauen,@ROI-SALOMON,Bienvenue ❤❤,0
FtWFc-TWQlM,2️⃣0️⃣2️⃣8️⃣: FC Bayern Frauen verpflichten Vanessa Gilles ✍️,8396,450,35,FC Bayern Frauen,@forsik3r648,"Gute Verpflichtung. Also mit ihr und den Verletzten Spielerinnen die zurück kommne, ist das schon ein sau straker KAder. Obi, KAthi und STanway werden das Team auch nochmal auf ein neues Level heben",2
FtWFc-TWQlM,2️⃣0️⃣2️⃣8️⃣: FC Bayern Frauen verpflichten Vanessa Gilles ✍️,8396,450,35,FC Bayern Frauen,@cvandletter9330,"Oh no, Notre Gillous.... Pourquoi OL Lyonnes?",0
FtWFc-TWQlM,2️⃣0️⃣2️⃣8️⃣: FC Bayern Frauen verpflichten Vanessa Gilles ✍️,8396,450,35,FC Bayern Frauen,@TobiaaDitze-dz2lu,Ja❤❤❤❤,2
FtWFc-TWQlM,2️⃣0️⃣2️⃣8️⃣: FC Bayern Frauen verpflichten Vanessa Gilles ✍️,8396,450,35,FC Bayern Frauen,@TheWeepingPen,great signing,1
FtWFc-TWQlM,2️⃣0️⃣2️⃣8️⃣: FC Bayern Frauen verpflichten Vanessa Gilles ✍️,8396,450,35,FC Bayern Frauen,@brokencardealer1,"All the best, Vanessa. Great to have you!",3
FtWFc-TWQlM,2️⃣0️⃣2️⃣8️⃣: FC Bayern Frauen verpflichten Vanessa Gilles ✍️,8396,450,35,FC Bayern Frauen,@sandrapatriciaoriguarios4589,Wilkommen!,3
FtWFc-TWQlM,2️⃣0️⃣2️⃣8️⃣: FC Bayern Frauen verpflichten Vanessa Gilles ✍️,8396,450,35,FC Bayern Frauen,@arejdaldriss598,👌👌👌,0
FtWFc-TWQlM,2️⃣0️⃣2️⃣8️⃣: FC Bayern Frauen verpflichten Vanessa Gilles ✍️,8396,450,35,FC Bayern Frauen,@Frauenfußball_support,Welcome ❤️🤍😍Vanessa!,3
FtWFc-TWQlM,2️⃣0️⃣2️⃣8️⃣: FC Bayern Frauen verpflichten Vanessa Gilles ✍️,8396,450,35,FC Bayern Frauen,@oldschoolboy09,"Yes, yes. She comes from Lyon but first she played for Angel FC on loan and now she comes from Lyon. Why don't they want her there if she's so good? I'm not convinced yet.",2
FtWFc-TWQlM,2️⃣0️⃣2️⃣8️⃣: FC Bayern Frauen verpflichten Vanessa Gilles ✍️,8396,450,35,FC Bayern Frauen,@WonderlandAlps,GO Girl !!!!,1
FtWFc-TWQlM,2️⃣0️⃣2️⃣8️⃣: FC Bayern Frauen verpflichten Vanessa Gilles ✍️,8396,450,35,FC Bayern Frauen,@sonnya.,Glückwunsch zu den beiden Topverpflichtungen von gestern und heute.,8
FtWFc-TWQlM,2️⃣0️⃣2️⃣8️⃣: FC Bayern Frauen verpflichten Vanessa Gilles ✍️,8396,450,35,FC Bayern Frauen,@FrogwomanOrgReloaded,"Tja, wie ich gestern schon bei der Verpflichtung von Stine geschrieben habe... das wird nen Hammer Konkurrenzkampf in der IV... jetzt erst recht.
Klar wird auch rotiert werden, aber manche werde halt deutlich weniger spielen als andere... mal gucken wer dann zufrieden ist. Bin gespannt!
Auf jeden Fall sind wir jetzt gut aufgestellt da hinten. :-)",5
FtWFc-TWQlM,2️⃣0️⃣2️⃣8️⃣: FC Bayern Frauen verpflichten Vanessa Gilles ✍️,8396,450,35,FC Bayern Frauen,@valdanohutapea,So many made in USA 😅,0
FtWFc-TWQlM,2️⃣0️⃣2️⃣8️⃣: FC Bayern Frauen verpflichten Vanessa Gilles ✍️,8396,450,35,FC Bayern Frauen,@mblack8692,Herzlichen willkommen bei uns in der FC Bayern Familie 🎉,7
FtWFc-TWQlM,2️⃣0️⃣2️⃣8️⃣: FC Bayern Frauen verpflichten Vanessa Gilles ✍️,8396,450,35,FC Bayern Frauen,@valdanohutapea,Servus Vanessa 😁,2
FtWFc-TWQlM,2️⃣0️⃣2️⃣8️⃣: FC Bayern Frauen verpflichten Vanessa Gilles ✍️,8396,450,35,FC Bayern Frauen,@MrPackoTV,Sehr gut !!! Jetzt kommt mit Vanessa nach Stine endlich das nächste starke Abwehrmonster zu Bayern Frauen. Glückwunsch. Die gegnerischen Stürmerinnen werden verzweifeln an Vanessa und können sich schon mal sehr warm anziehen. Perfekter Transfer.,13
FtWFc-TWQlM,2️⃣0️⃣2️⃣8️⃣: FC Bayern Frauen verpflichten Vanessa Gilles ✍️,8396,450,35,FC Bayern Frauen,@AlexanderRiedel-io8tu,Herzlich willkommen bei Bayern,7
FtWFc-TWQlM,2️⃣0️⃣2️⃣8️⃣: FC Bayern Frauen verpflichten Vanessa Gilles ✍️,8396,450,35,FC Bayern Frauen,@martink.1471,Welcome by FC Bayern Mia San Mia ♥️🤍,4
FtWFc-TWQlM,2️⃣0️⃣2️⃣8️⃣: FC Bayern Frauen verpflichten Vanessa Gilles ✍️,8396,450,35,FC Bayern Frauen,@RaptorR0ger,Welcome. together with Glodis and Magda... 💪,1
AVQdUi1KH-s,That was FUN! 🥳,16739,612,17,FC Bayern Frauen,@GerhardMCziep-ok9cp,❤❤❤ great women,1
AVQdUi1KH-s,That was FUN! 🥳,16739,612,17,FC Bayern Frauen,@oldschoolboy09,Ohne die Männer würdet ihr wie letztes Jahr vor 300 Fans feiern. Da hat keiner gesungen weil das einfach nur peinlich ist. Das beste ist noch das Frauenfußball ein dickes minus Geschäft ist und vor 10 Jahren hat man auch schon gesagt Frauenfußball wird ganz groß und es kommen immer noch nur 500 bis 1000 Fans zu den Spielen.,0
AVQdUi1KH-s,That was FUN! 🥳,16739,612,17,FC Bayern Frauen,@abreuadriano9776,🍾🍾❤️🫶🏆🥂⚽️🌹💪,1
AVQdUi1KH-s,That was FUN! 🥳,16739,612,17,FC Bayern Frauen,@valdanohutapea,😂😂😂,1
AVQdUi1KH-s,That was FUN! 🥳,16739,612,17,FC Bayern Frauen,@HumanBeing4-mr4pc,"😅Kane is not afraid from the hight, he is afraid from his wife, but he really happy of his first crear  trophy",5
AVQdUi1KH-s,That was FUN! 🥳,16739,612,17,FC Bayern Frauen,@jurgenbecker841,irgendwie sind due Mädels Text sicherer.... die feiern scheinbar öfters :P,4
AVQdUi1KH-s,That was FUN! 🥳,16739,612,17,FC Bayern Frauen,@FrankArndt-d8k,Geiler scheiß 😂😂😂❤❤❤fc bayern ❤❤❤München ❤❤❤,1
AVQdUi1KH-s,That was FUN! 🥳,16739,612,17,FC Bayern Frauen,@udodenzer2871,Ich frage mich immer warum gehen die nicht mal runter zu den Fans 😂,1
AVQdUi1KH-s,That was FUN! 🥳,16739,612,17,FC Bayern Frauen,@KoffiMichelKoffi-b4z,Mia san Mia,3
AVQdUi1KH-s,That was FUN! 🥳,16739,612,17,FC Bayern Frauen,@KoffiMichelKoffi-b4z,Mia san Mia 🎉,3
AVQdUi1KH-s,That was FUN! 🥳,16739,612,17,FC Bayern Frauen,@ric007perfekt4,Geil❤,3
AVQdUi1KH-s,That was FUN! 🥳,16739,612,17,FC Bayern Frauen,@MJwslfootball,❤❤❤,3
AVQdUi1KH-s,That was FUN! 🥳,16739,612,17,FC Bayern Frauen,@Aditya_Raj123,😅❤,3
AVQdUi1KH-s,That was FUN! 🥳,16739,612,17,FC Bayern Frauen,@WolfKoye-v9s,Well done Girls 😂🎉😂😂🎉💃🔥🙏🙏👏👏,6
AVQdUi1KH-s,That was FUN! 🥳,16739,612,17,FC Bayern Frauen,@H7Football00,Mia San Mia,4
h19J8l1s9kM,Titelfeier am Marienplatz 😍,21099,647,6,FC Bayern Frauen,@AlanCarlosFürst-q5t,Alan Carlos Fürst,0
h19J8l1s9kM,Titelfeier am Marienplatz 😍,21099,647,6,FC Bayern Frauen,@AlanCarlosFürst-q5t,Fürst von Bismarck Alemāo,0
h19J8l1s9kM,Titelfeier am Marienplatz 😍,21099,647,6,FC Bayern Frauen,@karin.mathias3985,"Ja Gestern war wieder der ,, Eine ""Tag im Jahr  ....   da hatten alle Bayern gleichzeitig nen Steifen in der Lerderhos ! 
Glückwunsch  nach München",0
h19J8l1s9kM,Titelfeier am Marienplatz 😍,21099,647,6,FC Bayern Frauen,@dietmarraffke7326,Alle Jahre wieder ❤❤❤,2
h19J8l1s9kM,Titelfeier am Marienplatz 😍,21099,647,6,FC Bayern Frauen,@wolfgangschwarzer3736,👍🏻,4
h19J8l1s9kM,Titelfeier am Marienplatz 😍,21099,647,6,FC Bayern Frauen,@ric007perfekt4,Geil❤❤❤ fc bayern seit meinem 4 Lebensjahr treuer fan jetzt bin ich 29 jahre alt und habe keine sekunde bereut bayern fan zu sein mia san mia freistaat bayern auch beste bundesland❤🎉gratuliere zu den erfolgen❤,4
cAwwA96jfbE,Between triumph and tears - Episode 3 | More than 90 minutes presented by Allianz (Season 2),7939,299,9,FC Bayern Frauen,@GerhardMCziep-ok9cp,"❤ Ladies, ihr könnt alles erreichen ❤",0
cAwwA96jfbE,Between triumph and tears - Episode 3 | More than 90 minutes presented by Allianz (Season 2),7939,299,9,FC Bayern Frauen,@cristianmorales8349,Giulia ❤❤❤❤,0
cAwwA96jfbE,Between triumph and tears - Episode 3 | More than 90 minutes presented by Allianz (Season 2),7939,299,9,FC Bayern Frauen,@Phu-s3o,Herzlichen Glückwunsch FC Bayern Mädels zur Meisterschaft und zum DFB Pokal sieg,0
cAwwA96jfbE,Between triumph and tears - Episode 3 | More than 90 minutes presented by Allianz (Season 2),7939,299,9,FC Bayern Frauen,@valdanohutapea,Ronja gwinn 😅,0
cAwwA96jfbE,Between triumph and tears - Episode 3 | More than 90 minutes presented by Allianz (Season 2),7939,299,9,FC Bayern Frauen,@denizleventyuruyen4774,Work hard Party harder. Great Job weil done,1
cAwwA96jfbE,Between triumph and tears - Episode 3 | More than 90 minutes presented by Allianz (Season 2),7939,299,9,FC Bayern Frauen,@TarikAdigüzel,Mein Name Gasteiger Peter -Ludwig aus Schliersee bei Miesbach viele Glückliche wünsche schöner Girls ❤❤❤❤🎉🎉🎉🎉🎉🎉😂😂😂😂😂😂,1
cAwwA96jfbE,Between triumph and tears - Episode 3 | More than 90 minutes presented by Allianz (Season 2),7939,299,9,FC Bayern Frauen,@TarikAdigüzel,"Wahre seine wünsche gute Deutscher Meisterinnen und DFB Pokal sehr super Girls für FCB-Girls 2025.
Vielen Glücke seine große Freude seine Freiheit euch FCB -Girls ❤️👍👍👍❤️👍👍❤️👍👍❤️❤️❤️❤️",1
cAwwA96jfbE,Between triumph and tears - Episode 3 | More than 90 minutes presented by Allianz (Season 2),7939,299,9,FC Bayern Frauen,@martink.1471,Super Mädels Respekt was ihr geleistet habt mir macht es mittlerweile Spaß euch beim Spielen zuschauen Frauen Bundesliga wird irgendwann so eine Strahl kraft haben wie bei denn Männern wenn ihr bald in der Münchener Arena spielt und noch viel mehr Fan Support bekommt 🤍❤️🤍❤️,5
cAwwA96jfbE,Between triumph and tears - Episode 3 | More than 90 minutes presented by Allianz (Season 2),7939,299,9,FC Bayern Frauen,@DasAuge4eva,Super mädels  🙌❣️🙌,4
nfg2h4B95DQ,Schalenübergabe und Meisterfeier 2025 🥇✨,24945,799,26,FC Bayern Frauen,@TheWeepingPen,"Fc Bayern men: reclaimed the league

Fc Bayern women: won the league and title

I love my club",0
nfg2h4B95DQ,Schalenübergabe und Meisterfeier 2025 🥇✨,24945,799,26,FC Bayern Frauen,@LukasGomes96,"supa Bayern supa Bayern hey hey ! loooss, alle wir",0
nfg2h4B95DQ,Schalenübergabe und Meisterfeier 2025 🥇✨,24945,799,26,FC Bayern Frauen,@cristianmorales8349,Giulia gwinn 😍😍❤❤,1
nfg2h4B95DQ,Schalenübergabe und Meisterfeier 2025 🥇✨,24945,799,26,FC Bayern Frauen,@LuisAntonioMurguia,Frauen ❤🎉 0:05,0
nfg2h4B95DQ,Schalenübergabe und Meisterfeier 2025 🥇✨,24945,799,26,FC Bayern Frauen,@oldschoolboy09,"Es ist schwierig, eine genaue Zahl für die Anzahl lesbischer Fußballspielerinnen zu nennen, aber Studien und Beobachtungen deuten darauf hin, dass die Homosexualität im Frauenfußball häufiger und offener diskutiert wird als im Männerfußball. Einige Quellen geben an, dass möglicherweise ein signifikanter Prozentsatz der Fußballspielerinnen lesbisch ist, obwohl viele sich nicht offen dazu äußern.",2
nfg2h4B95DQ,Schalenübergabe und Meisterfeier 2025 🥇✨,24945,799,26,FC Bayern Frauen,@TotoHarry1000,Echt schön wie herzlich die miteinander umgehen.  🥰🥰🥰🍀🍀🍀,3
nfg2h4B95DQ,Schalenübergabe und Meisterfeier 2025 🥇✨,24945,799,26,FC Bayern Frauen,@clausfischer5108,"Geniale Saison, das Double habt ihr euch sowas von verdient! 🤩🏆🏅",2
nfg2h4B95DQ,Schalenübergabe und Meisterfeier 2025 🥇✨,24945,799,26,FC Bayern Frauen,@rumpel8037,"Ich steh dem Hoeneß, Rummenigge und CSU Verein ja eher skeptisch gegenüber, aber die Bayern Frauen mag ich total! *Diese super sympathischen Mädels muss man einfach mögen!*
Und für die Einlaufmusik _""Music""_ werde ich euch immer feiern. Und warum ist der Song so genial? Genau, weil der Macher der geniale *Alan Parsons* ist.
Einer der größten Musiker aller Zeiten. Wer die orchestrale Handschrift von Parsons kennt, erkennt sie sofort wieder.",5
nfg2h4B95DQ,Schalenübergabe und Meisterfeier 2025 🥇✨,24945,799,26,FC Bayern Frauen,@TommyWichmann,"Liebe Bayern Mädels..... herzlichen Glückwunsch an jede einzelne von Euch....Ihr habt zusammen als Einheit funktioniert und deshalb auch verdient die Meisterschaft 2024 / 25 gewonnen.....alle Fußball Teams haben Spitzenspieler / innen aber daraus ein Team wie den FCB zu formen ist viel , viel Arbeit etc etc und darum auch herzlichen Dank und Glückwunsch an den Trainer Alex S ..... Freue mich schon wie ein kleines Kind auf die neue Saison wenn Obi , Naschi und Georgia wieder dabei sind......an die Mädels die Uns verlassen.....viel Glück und Erfolg auf Euren weiteren Lebenswegen....❤❤❤❤🎉🎉🎉🎉",3
nfg2h4B95DQ,Schalenübergabe und Meisterfeier 2025 🥇✨,24945,799,26,FC Bayern Frauen,@dominikbenz8349,Cooles Video mega schön  freu mich mit  Glückwunsch  Dreamteam,3
nfg2h4B95DQ,Schalenübergabe und Meisterfeier 2025 🥇✨,24945,799,26,FC Bayern Frauen,@peterstreiff3811,❤ Glückwunsch 🏆,2
nfg2h4B95DQ,Schalenübergabe und Meisterfeier 2025 🥇✨,24945,799,26,FC Bayern Frauen,@Musiatel49,Glückwunsch zur Meisterschaft 👏🔴⚪🎊🎉und alles gute an Alex,6
nfg2h4B95DQ,Schalenübergabe und Meisterfeier 2025 🥇✨,24945,799,26,FC Bayern Frauen,@FrankArndt-d8k,Fc bayern frauen danke ❤❤❤,5
nfg2h4B95DQ,Schalenübergabe und Meisterfeier 2025 🥇✨,24945,799,26,FC Bayern Frauen,@Frauenfußball_support,😍👏🏼🏆❤️🤍,2
nfg2h4B95DQ,Schalenübergabe und Meisterfeier 2025 🥇✨,24945,799,26,FC Bayern Frauen,@FriendsAre_Gaming,Glückwunsch Mädels wo sind die Bier Duschen nach dem Abpfiff gestern gewesen,6
nfg2h4B95DQ,Schalenübergabe und Meisterfeier 2025 🥇✨,24945,799,26,FC Bayern Frauen,@cybeam1,"7:00 The new anthem! 😭 Thanks a lot for asking for it, Alex!

Grats to Alex, every single player and staff involved in this historic success! Happy partying!",2
nfg2h4B95DQ,Schalenübergabe und Meisterfeier 2025 🥇✨,24945,799,26,FC Bayern Frauen,@susjkaxxx9465,Where is Kompany?,1
nfg2h4B95DQ,Schalenübergabe und Meisterfeier 2025 🥇✨,24945,799,26,FC Bayern Frauen,@gunterindlekofer7522,Das mit dem Singen müssen sie nochmal üben 🎉,1
nfg2h4B95DQ,Schalenübergabe und Meisterfeier 2025 🥇✨,24945,799,26,FC Bayern Frauen,@يومياتزنوبةالمحبوبة,❤,0
nfg2h4B95DQ,Schalenübergabe und Meisterfeier 2025 🥇✨,24945,799,26,FC Bayern Frauen,@rosti46,Herzlichen Glückwunsch zur deutschen Meisterschaft.,9
nfg2h4B95DQ,Schalenübergabe und Meisterfeier 2025 🥇✨,24945,799,26,FC Bayern Frauen,@oliverue3125,So verdient. ❤❤,4
nfg2h4B95DQ,Schalenübergabe und Meisterfeier 2025 🥇✨,24945,799,26,FC Bayern Frauen,@hajoos.8360,Die Ulbrich-Nummer war für den Allerwertesten.,0
nfg2h4B95DQ,Schalenübergabe und Meisterfeier 2025 🥇✨,24945,799,26,FC Bayern Frauen,@martink.1471,Glückwunsch 🍾 zur Deutschen Meisterschaft Mia San Super Bayern ❤️🤍,6
qIlMo6WLWHg,Scenes 😂 #Meisterinnen,10700,493,5,FC Bayern Frauen,@Phu-s3o,Unsere FC Bayern Mädels feiern die deutsche Meisterschaft und den DFB Pokal,1
qIlMo6WLWHg,Scenes 😂 #Meisterinnen,10700,493,5,FC Bayern Frauen,@monikakretschmann7651,Das sind meine besten Mädels ❤😊😊😊😊für mich,2
qIlMo6WLWHg,Scenes 😂 #Meisterinnen,10700,493,5,FC Bayern Frauen,@valdanohutapea,Why dont open clothes like men team celebrations 😅,0
qIlMo6WLWHg,Scenes 😂 #Meisterinnen,10700,493,5,FC Bayern Frauen,@FrankArndt-d8k,😂❤😂❤😂❤😂,2
qIlMo6WLWHg,Scenes 😂 #Meisterinnen,10700,493,5,FC Bayern Frauen,@sandrakreiner9001,No captains were harmed in the making of this video i hope? 😂,3
4BEiv3U6NNs,"Danke und Servus, Alex!",14144,495,21,FC Bayern Frauen,@TheWeepingPen,I hope he has a great career wherever his next destination is,0
4BEiv3U6NNs,"Danke und Servus, Alex!",14144,495,21,FC Bayern Frauen,@LukasGomes96,"this is Bayern! , auf Geht's",0
4BEiv3U6NNs,"Danke und Servus, Alex!",14144,495,21,FC Bayern Frauen,@FCBVIKING1996,"Er hat die Mannschaft so krass weiterentwickelt schade das er geht

Ballbesitz , ruhe, sicherheit Zweikampfstärke, Super standards, winning mentality 
Danke für alles Alex",0
4BEiv3U6NNs,"Danke und Servus, Alex!",14144,495,21,FC Bayern Frauen,@Hans-DieterRisch-t3s,"Läuft er weg vor General Rech? Auch bei den Männern ist es schon oft in die Hose gegangen wenn der ""Aufpasser"" ständig mit auf der Bank sitzt... ;-)",0
4BEiv3U6NNs,"Danke und Servus, Alex!",14144,495,21,FC Bayern Frauen,@INusb-o8x,Alles gute ❤❤,0
4BEiv3U6NNs,"Danke und Servus, Alex!",14144,495,21,FC Bayern Frauen,@dietmarraffke7326,Schade das er geht. Mit ihm hätten wir nächste Saison das triple geholt.  Danke für alles  und viel Erfolg beim neuen Verein,4
4BEiv3U6NNs,"Danke und Servus, Alex!",14144,495,21,FC Bayern Frauen,@Tribble6hatch,"Hau rein Alex , und alles gute ❤",0
4BEiv3U6NNs,"Danke und Servus, Alex!",14144,495,21,FC Bayern Frauen,@Matteblak,Thank you Alex and good luck at Angel City!,1
4BEiv3U6NNs,"Danke und Servus, Alex!",14144,495,21,FC Bayern Frauen,@Chrissi_Schmidti,Thank you Alex and good luck and a all the best for your time in LA...,4
4BEiv3U6NNs,"Danke und Servus, Alex!",14144,495,21,FC Bayern Frauen,@XuanBaoDinh-h4u,🎉🎉🎉🎉🎉🎉🎉🎉,0
4BEiv3U6NNs,"Danke und Servus, Alex!",14144,495,21,FC Bayern Frauen,@Crpsvmt,Danke für alles Coach ♥,3
4BEiv3U6NNs,"Danke und Servus, Alex!",14144,495,21,FC Bayern Frauen,@Frauenfußball_support,"Dankeschön für alles, Alex!
Dankeschön für die erfolgreiche Zeit beim FC Bayern – du hast mit deiner Energie, deinem Einsatz und deiner Klasse viele unvergessliche Momente geschaffen.
Du wirst auf und neben dem Platz fehlen! Alles erdenklich Gute für deinen weiteren Weg – beruflich wie privat.
Servus und bis hoffentlich bald wieder in München!
Danke, Legende! Rot-weiße Grüße!
– Deine Fans
❤️⚽️ #MiaSanMia #DankeAlex",3
4BEiv3U6NNs,"Danke und Servus, Alex!",14144,495,21,FC Bayern Frauen,@JuliusBaumunk,"Dear Sir Alex Straus, we salute you.🫡 And thank you from the bottom of my heart for all that you’ve done for the girls!❤️🤍
Mia San Family forever!❤️",3
4BEiv3U6NNs,"Danke und Servus, Alex!",14144,495,21,FC Bayern Frauen,@djkemi_,"Liebe FCB ⚽ Frauen ❤ihr werdet den Alex noch sehr vermissen...Trotzdem wünsche ich euch eine coole, erfolgreiche neue Saison, möglichst ohne langwierige Verletzungen, am besten gar keine. Servus Alex! Danke für die geile Zeit Mann! Alles gute in L.A.!!",1
4BEiv3U6NNs,"Danke und Servus, Alex!",14144,495,21,FC Bayern Frauen,@jimboninho,"Danke, Alex! ❤🤍",3
4BEiv3U6NNs,"Danke und Servus, Alex!",14144,495,21,FC Bayern Frauen,@stevenf7161,"Alex du hast jedes Mädel besser gemacht ,und man geht mit dem Double was will man mehr als Trainer ❤Jetzt suchst du eine neue Herausforderung. Viel Glück und Erfolg der FCB wird dir immer dankbar sein ❤Und die Feier am Rathaus Balkon wird bestimmt sehr Emotional ❤FCB ist der geilste Club der Welt ❤",4
4BEiv3U6NNs,"Danke und Servus, Alex!",14144,495,21,FC Bayern Frauen,@hajoos.8360,"Für ganz vorne in der CL hat es ja nicht gereicht. Vielleicht finden die Bayern ja eine Nummer besser, als bisher....",1
4BEiv3U6NNs,"Danke und Servus, Alex!",14144,495,21,FC Bayern Frauen,@sammySHD,"🤝 Vielen lieben DANKEschön ‼️ 👍 für die wunderschönen 3x sehr erfolgreichen Jahre bei den ❤ FC Bayern München ⚽️ Frauen ❤
lieber Herr 🇳🇴 Alexander Straus",5
4BEiv3U6NNs,"Danke und Servus, Alex!",14144,495,21,FC Bayern Frauen,@JOY_0803,Man soll ja bekanntlich gehen wenn's am schönsten ist! Ois guade🫶🏼,7
4BEiv3U6NNs,"Danke und Servus, Alex!",14144,495,21,FC Bayern Frauen,@DL18234,"Danke für die super geile Saison/Jahr auf dem Rückweg  von Köln nach lübeck hat mein Herz samba getanzt schöner pokal Hattrick lea,eine wichtige Frage bleibt ist obi fit spielt sie am 6september,würde mich sehr freuen wenn sie ändlich loslegen kann und spielt,alles gute trainier Strauss und komm schnell wieder ❤️🤍",1
4BEiv3U6NNs,"Danke und Servus, Alex!",14144,495,21,FC Bayern Frauen,@Aditya_Raj123,We will miss you coach. 3 successful years with you. I wished you stayed longer with us. 😢❤.   Thank you .  Mia san mia ❤,9
VH2Pfm6O_tQ,There it is! 🥹 The #DFBPokal for the 𝗣𝗢𝗞𝗔𝗟𝗦𝗜𝗘𝗚𝗘𝗥𝗜𝗡𝗡𝗘𝗡! 🏆 #FCBayern #DOUB1E,5680,396,11,FC Bayern Frauen,@WolfKoye-v9s,Eine super Saison der Mädels...Double = Klasse 💪💪👏👏🙏🙏🤗🤗🤗,0
VH2Pfm6O_tQ,There it is! 🥹 The #DFBPokal for the 𝗣𝗢𝗞𝗔𝗟𝗦𝗜𝗘𝗚𝗘𝗥𝗜𝗡𝗡𝗘𝗡! 🏆 #FCBayern #DOUB1E,5680,396,11,FC Bayern Frauen,@FrankArndt-d8k,❤❤❤❤❤,0
VH2Pfm6O_tQ,There it is! 🥹 The #DFBPokal for the 𝗣𝗢𝗞𝗔𝗟𝗦𝗜𝗘𝗚𝗘𝗥𝗜𝗡𝗡𝗘𝗡! 🏆 #FCBayern #DOUB1E,5680,396,11,FC Bayern Frauen,@ChiwagYip,👑👑👑👑👑👑👑👑👑👑👑👑👑👑👑👑👑👑👑👑👑👑👑👑👑👑☝️☝️☝️👑👑,0
VH2Pfm6O_tQ,There it is! 🥹 The #DFBPokal for the 𝗣𝗢𝗞𝗔𝗟𝗦𝗜𝗘𝗚𝗘𝗥𝗜𝗡𝗡𝗘𝗡! 🏆 #FCBayern #DOUB1E,5680,396,11,FC Bayern Frauen,@RobertSchirjack,Mia San mia FC Bayern  München,1
VH2Pfm6O_tQ,There it is! 🥹 The #DFBPokal for the 𝗣𝗢𝗞𝗔𝗟𝗦𝗜𝗘𝗚𝗘𝗥𝗜𝗡𝗡𝗘𝗡! 🏆 #FCBayern #DOUB1E,5680,396,11,FC Bayern Frauen,@Phu-s3o,Herzlichen Glückwunsch FC Bayern Mädels zum DFB Pokal Sieg,1
VH2Pfm6O_tQ,There it is! 🥹 The #DFBPokal for the 𝗣𝗢𝗞𝗔𝗟𝗦𝗜𝗘𝗚𝗘𝗥𝗜𝗡𝗡𝗘𝗡! 🏆 #FCBayern #DOUB1E,5680,396,11,FC Bayern Frauen,@hajoos.8360,Auch Pokalsiegerinnen sind Pokalsieger.,1
VH2Pfm6O_tQ,There it is! 🥹 The #DFBPokal for the 𝗣𝗢𝗞𝗔𝗟𝗦𝗜𝗘𝗚𝗘𝗥𝗜𝗡𝗡𝗘𝗡! 🏆 #FCBayern #DOUB1E,5680,396,11,FC Bayern Frauen,@valdanohutapea,😂😂😂,0
VH2Pfm6O_tQ,There it is! 🥹 The #DFBPokal for the 𝗣𝗢𝗞𝗔𝗟𝗦𝗜𝗘𝗚𝗘𝗥𝗜𝗡𝗡𝗘𝗡! 🏆 #FCBayern #DOUB1E,5680,396,11,FC Bayern Frauen,@ric007perfekt4,Sooo geil❤❤❤bin so happy habe das Spiel richtig genossen Wir haben es zu 8 geschaut und schön gegrillt dabei und bierchen uns gegönnt🎉🎉🎉❤❤❤,3
VH2Pfm6O_tQ,There it is! 🥹 The #DFBPokal for the 𝗣𝗢𝗞𝗔𝗟𝗦𝗜𝗘𝗚𝗘𝗥𝗜𝗡𝗡𝗘𝗡! 🏆 #FCBayern #DOUB1E,5680,396,11,FC Bayern Frauen,@dietmarraffke7326,Mehr als verdient ❤❤❤,3
VH2Pfm6O_tQ,There it is! 🥹 The #DFBPokal for the 𝗣𝗢𝗞𝗔𝗟𝗦𝗜𝗘𝗚𝗘𝗥𝗜𝗡𝗡𝗘𝗡! 🏆 #FCBayern #DOUB1E,5680,396,11,FC Bayern Frauen,@mayssaker,Congratulations girls 💪🏻💪🏻,2
VH2Pfm6O_tQ,There it is! 🥹 The #DFBPokal for the 𝗣𝗢𝗞𝗔𝗟𝗦𝗜𝗘𝗚𝗘𝗥𝗜𝗡𝗡𝗘𝗡! 🏆 #FCBayern #DOUB1E,5680,396,11,FC Bayern Frauen,@danieleckardt8021,FCB Pokalsiegerinnen ❤🏆🥇🍾☀️🏟💪🏽,5
Lzd1FLLrda0,POKALSIEGERINNEN 😍🏆 Hinter den Kulissen des Finales,53697,1474,49,FC Bayern Frauen,@jayanthony3006,Glückwunsch aus Bremen nach München. Absolut verdient. Am Ende wart ihr einfach eine Klasse besser. Unsere Mädels haben sich achtbar aus der Affäre gezogen und sogar den einen oder anderen kleinen Nadelstich setzen können!,0
Lzd1FLLrda0,POKALSIEGERINNEN 😍🏆 Hinter den Kulissen des Finales,53697,1474,49,FC Bayern Frauen,@oldschoolboy09,Wenn wir mal ehrlich sind ist das Pokal Finale ein Witz gewesen. Gegen den 2 Liga Verein Werder Bremen die so gut wie gar nicht mitgemacht haben. Und dann aber noch 2 Tore geschossen haben. Vielleicht hätte Bayern dann noch verloren. Frauenfußball kann man nicht ernst nehmen. Wenn ein Verein in 2 Jahren von der Regionalliga bis in die erste Liga kommt ohne große Ausgaben weiß man doch wie schlecht das ist. Bayern sollte sich aus den Frauenfußball zurückziehen. Dann geht die Liga doch sowieso kaputt. Jeder kommt nur wegen den Bayern und Hoeneß und Rummenigge haben doch sowieso kein Bock auf Frauenfußball. Warum weiter die Frauen finanzieren wenn es nur Verluste macht für den Verein. Zur vor letzten Meisterfeier sind vielleicht 300 Fans gekommen. Das Pokal Spiel ist eine 😊Ausnahme weil sonst am 1 Mai nichts los ist und man da aber mit anderen Saufen kann. Der rest sind Familien und schwule und Lesben. Spielt ja in Köln.,0
Lzd1FLLrda0,POKALSIEGERINNEN 😍🏆 Hinter den Kulissen des Finales,53697,1474,49,FC Bayern Frauen,@TheWeepingPen,"I’m happy Straus got a good send off, hopeful the Barcala can do even better",1
Lzd1FLLrda0,POKALSIEGERINNEN 😍🏆 Hinter den Kulissen des Finales,53697,1474,49,FC Bayern Frauen,@stevenherkert2421,"14:45 Die Bayern werden in den nächsten Jahren nocmal etwas historisches erreichen. Nach dem ""kleinen Triple"" kommt das ""wahre Triple"" mit der Champions League",1
Lzd1FLLrda0,POKALSIEGERINNEN 😍🏆 Hinter den Kulissen des Finales,53697,1474,49,FC Bayern Frauen,@LukasGomes96,"congratulations madchens , zum sieg , alle wir , fc Bayern sind liebe",1
Lzd1FLLrda0,POKALSIEGERINNEN 😍🏆 Hinter den Kulissen des Finales,53697,1474,49,FC Bayern Frauen,@TemitopeMatthew-fd3gl,Congrats👏👏👏,1
Lzd1FLLrda0,POKALSIEGERINNEN 😍🏆 Hinter den Kulissen des Finales,53697,1474,49,FC Bayern Frauen,@gunnn58193,Could you add subtitles?,0
Lzd1FLLrda0,POKALSIEGERINNEN 😍🏆 Hinter den Kulissen des Finales,53697,1474,49,FC Bayern Frauen,@riccieugenio7342,I am italian old boy and I loved Bayern Monaco club when there are Gerd Muller and Sepp Maier and i love Bayern M. now which there are Giulia Gwinn and Arianna Caruso. But great all players of this. Thank you for emotions get.,2
Lzd1FLLrda0,POKALSIEGERINNEN 😍🏆 Hinter den Kulissen des Finales,53697,1474,49,FC Bayern Frauen,@ericwimmer1474,Toll🎉,1
Lzd1FLLrda0,POKALSIEGERINNEN 😍🏆 Hinter den Kulissen des Finales,53697,1474,49,FC Bayern Frauen,@hans-peterbrugger8963,"Tja, ihr ""Finale dahoam"" Bubis... jetzt laufen sie Euch schon den Rang ab und klauen Euch die Titel, diese frechen Gören... 😜",0
Lzd1FLLrda0,POKALSIEGERINNEN 😍🏆 Hinter den Kulissen des Finales,53697,1474,49,FC Bayern Frauen,@inotoni6148,"They have so many good players, they should let Momoko, Alara, Linda, Franziska and Arianna play more often.",2
Lzd1FLLrda0,POKALSIEGERINNEN 😍🏆 Hinter den Kulissen des Finales,53697,1474,49,FC Bayern Frauen,@AntonioJosehtamako,Good job 🔥🔥🔥,1
Lzd1FLLrda0,POKALSIEGERINNEN 😍🏆 Hinter den Kulissen des Finales,53697,1474,49,FC Bayern Frauen,@Frauenfußball_support,😍🏆👏🏼❤️🤍,2
Lzd1FLLrda0,POKALSIEGERINNEN 😍🏆 Hinter den Kulissen des Finales,53697,1474,49,FC Bayern Frauen,@alexheeren889,"schade dass Bremen verloren hat, aber trotzdem gut gespielt und Glückwunsch an euch mädels",2
Lzd1FLLrda0,POKALSIEGERINNEN 😍🏆 Hinter den Kulissen des Finales,53697,1474,49,FC Bayern Frauen,@flo_rian_HP,So stolz auf euch ❤ herzlichen Glückwunsch 🎉,5
Lzd1FLLrda0,POKALSIEGERINNEN 😍🏆 Hinter den Kulissen des Finales,53697,1474,49,FC Bayern Frauen,@ManfredStoffel-k7e,"Glückwunsch, Mädels! Ich bin seit fast 60 Jahren Bayern-Fan, mittlerweile schaue ich mir die Frauen lieber an wie die geldsatten Herrenstars! Hier kann man noch Stolz und Freude spüren, den FC Bayern repräsentieren zu dürfen, weiter so Mädels!❤❤❤",19
Lzd1FLLrda0,POKALSIEGERINNEN 😍🏆 Hinter den Kulissen des Finales,53697,1474,49,FC Bayern Frauen,@chrisforever1255,"So cool!
Herzlichen Glückwunsch - sowas von verdient!
Grüße aus Hamm/Westfalen!",4
Lzd1FLLrda0,POKALSIEGERINNEN 😍🏆 Hinter den Kulissen des Finales,53697,1474,49,FC Bayern Frauen,@Castillo_19,❤️🤍,0
Lzd1FLLrda0,POKALSIEGERINNEN 😍🏆 Hinter den Kulissen des Finales,53697,1474,49,FC Bayern Frauen,@EvelynPreis,Es ist wundervoll  Danke für das Video...❤💫👌das mußte passieren. 🕊,4
Lzd1FLLrda0,POKALSIEGERINNEN 😍🏆 Hinter den Kulissen des Finales,53697,1474,49,FC Bayern Frauen,@wolfgangschwarzer3736,👍🏻,0
Lzd1FLLrda0,POKALSIEGERINNEN 😍🏆 Hinter den Kulissen des Finales,53697,1474,49,FC Bayern Frauen,@Musiatel49,Herzlichen Glückwunsch Mädels 🏆👏🔴⚪,5
Lzd1FLLrda0,POKALSIEGERINNEN 😍🏆 Hinter den Kulissen des Finales,53697,1474,49,FC Bayern Frauen,@fs8232,Danke❤,1
Lzd1FLLrda0,POKALSIEGERINNEN 😍🏆 Hinter den Kulissen des Finales,53697,1474,49,FC Bayern Frauen,@hahafalseflag5090,This make me feel like I'm on the team and traveling to the game with them...,7
Lzd1FLLrda0,POKALSIEGERINNEN 😍🏆 Hinter den Kulissen des Finales,53697,1474,49,FC Bayern Frauen,@HiViNewsByRegina111,"Glückwunsch,  lieben Gruß und Glück🍀Auf aus Dortmund",7
Lzd1FLLrda0,POKALSIEGERINNEN 😍🏆 Hinter den Kulissen des Finales,53697,1474,49,FC Bayern Frauen,@ZefixOida88,"Finds geil was der Frauen fußball mittlerweile für Zuschauer zahlen macht🔥
Bin mal gespannt wies nächste Saison aussieht da gibt's ja wenn köln noch die Liga hält und Nürnberg aufsteigt paar echt geile Derbys🔥",3
Lzd1FLLrda0,POKALSIEGERINNEN 😍🏆 Hinter den Kulissen des Finales,53697,1474,49,FC Bayern Frauen,@denizleventyuruyen4774,Congratulations Mia Sam Doublewinners,1
Lzd1FLLrda0,POKALSIEGERINNEN 😍🏆 Hinter den Kulissen des Finales,53697,1474,49,FC Bayern Frauen,@josefvonbrunn6607,"Bin seit über 60 Jahren Bayernfan und freue mich inzwischen über die erfolge der Frauen genauso sehr wie die der Männer. Finde es toll dass man jetzt zwei heiße Eisen im Feuer hat !
Weiter so...",28
Lzd1FLLrda0,POKALSIEGERINNEN 😍🏆 Hinter den Kulissen des Finales,53697,1474,49,FC Bayern Frauen,@andreasbreitwieser1449,"An dieser Stelle: ich fänds gut wenn Lea diesen Finger-an-die-Schläfe Torjubel wieder hinter sich lässt. Das sie eine gute Mentalität besitzt hat sie deutlich bewiesen, auch in der Konkurrenz zu Pernille Harder.",3
Lzd1FLLrda0,POKALSIEGERINNEN 😍🏆 Hinter den Kulissen des Finales,53697,1474,49,FC Bayern Frauen,@ROI-SALOMON,Bravo mia san mia ❤❤,5
Lzd1FLLrda0,POKALSIEGERINNEN 😍🏆 Hinter den Kulissen des Finales,53697,1474,49,FC Bayern Frauen,@alexanderbochynski3845,Herzlichen glückwunsch Mädels ihr habt das so verdient macht immer weiter so MIR SAN MIR❤️🤍,4
Lzd1FLLrda0,POKALSIEGERINNEN 😍🏆 Hinter den Kulissen des Finales,53697,1474,49,FC Bayern Frauen,@يومياتزنوبةالمحبوبة,🎉🎉❤❤,2
Lzd1FLLrda0,POKALSIEGERINNEN 😍🏆 Hinter den Kulissen des Finales,53697,1474,49,FC Bayern Frauen,@heikoweisheit1107,Glückwunsch 🫶🫶🫶🫶🫶,7
Lzd1FLLrda0,POKALSIEGERINNEN 😍🏆 Hinter den Kulissen des Finales,53697,1474,49,FC Bayern Frauen,@Abra-d1s,2:43 how can you write without seeing the computer? 😂Genius,5
Lzd1FLLrda0,POKALSIEGERINNEN 😍🏆 Hinter den Kulissen des Finales,53697,1474,49,FC Bayern Frauen,@katiusciafabello4296,Lets go Girl 🩷❤️🌹,1
Lzd1FLLrda0,POKALSIEGERINNEN 😍🏆 Hinter den Kulissen des Finales,53697,1474,49,FC Bayern Frauen,@dominikbenz8349,Hammer Video mega cool  freu mich  Glückwunsch freu mich mit.  Coole Einblicke und Eindrucke,23
Lzd1FLLrda0,POKALSIEGERINNEN 😍🏆 Hinter den Kulissen des Finales,53697,1474,49,FC Bayern Frauen,@TobiaaDitze-dz2lu,Hallo ❤❤❤❤,1
Lzd1FLLrda0,POKALSIEGERINNEN 😍🏆 Hinter den Kulissen des Finales,53697,1474,49,FC Bayern Frauen,@يومياتزنوبةالمحبوبة,❤❤,1
j4XJZmjYrzA,THIS. IS. WHAT. IT. MEANS! 🏆❤️🤍 #FCBayern #DOUB1E #MiaSanMia,19841,872,24,FC Bayern Frauen,@Phu-s3o,Herzlichen Glückwunsch FC Bayern Mädels zum DFB Pokal sieg,0
j4XJZmjYrzA,THIS. IS. WHAT. IT. MEANS! 🏆❤️🤍 #FCBayern #DOUB1E #MiaSanMia,19841,872,24,FC Bayern Frauen,@FrankArndt-d8k,❤❤❤❤❤,0
j4XJZmjYrzA,THIS. IS. WHAT. IT. MEANS! 🏆❤️🤍 #FCBayern #DOUB1E #MiaSanMia,19841,872,24,FC Bayern Frauen,@GodfatherManni,Mia san mia❤,0
j4XJZmjYrzA,THIS. IS. WHAT. IT. MEANS! 🏆❤️🤍 #FCBayern #DOUB1E #MiaSanMia,19841,872,24,FC Bayern Frauen,@eva_77x27,Wir waren im Stadion und es war einfach nur geil! ❤️🤍,0
j4XJZmjYrzA,THIS. IS. WHAT. IT. MEANS! 🏆❤️🤍 #FCBayern #DOUB1E #MiaSanMia,19841,872,24,FC Bayern Frauen,@TobiaaDitze-dz2lu,Ja❤❤❤❤❤,2
j4XJZmjYrzA,THIS. IS. WHAT. IT. MEANS! 🏆❤️🤍 #FCBayern #DOUB1E #MiaSanMia,19841,872,24,FC Bayern Frauen,@Phu-s3o,Herzlichen Glückwunsch FC Bayern Mädels zum DFB Pokal sieg,0
j4XJZmjYrzA,THIS. IS. WHAT. IT. MEANS! 🏆❤️🤍 #FCBayern #DOUB1E #MiaSanMia,19841,872,24,FC Bayern Frauen,@ric007perfekt4,Alle freuen sich❤,0
j4XJZmjYrzA,THIS. IS. WHAT. IT. MEANS! 🏆❤️🤍 #FCBayern #DOUB1E #MiaSanMia,19841,872,24,FC Bayern Frauen,@LarsNeuhaus-t1p,Herzlichen Glückwunsch ❤🤍,0
j4XJZmjYrzA,THIS. IS. WHAT. IT. MEANS! 🏆❤️🤍 #FCBayern #DOUB1E #MiaSanMia,19841,872,24,FC Bayern Frauen,@CoriNeubauer,🔥🔥🫶⚽️❤️,0
j4XJZmjYrzA,THIS. IS. WHAT. IT. MEANS! 🏆❤️🤍 #FCBayern #DOUB1E #MiaSanMia,19841,872,24,FC Bayern Frauen,@CasanOffi,Ihr seid die besten ❤,3
j4XJZmjYrzA,THIS. IS. WHAT. IT. MEANS! 🏆❤️🤍 #FCBayern #DOUB1E #MiaSanMia,19841,872,24,FC Bayern Frauen,@bernd3781,"Congrats,  Ladies!!💪🫶",0
j4XJZmjYrzA,THIS. IS. WHAT. IT. MEANS! 🏆❤️🤍 #FCBayern #DOUB1E #MiaSanMia,19841,872,24,FC Bayern Frauen,@dietmarraffke7326,Verdient gewonnen ❤❤❤,0
j4XJZmjYrzA,THIS. IS. WHAT. IT. MEANS! 🏆❤️🤍 #FCBayern #DOUB1E #MiaSanMia,19841,872,24,FC Bayern Frauen,@salemberghab,❤️🤍,1
j4XJZmjYrzA,THIS. IS. WHAT. IT. MEANS! 🏆❤️🤍 #FCBayern #DOUB1E #MiaSanMia,19841,872,24,FC Bayern Frauen,@FrankArndt-d8k,❤❤❤fc bayern❤❤❤frauen❤❤❤,0
j4XJZmjYrzA,THIS. IS. WHAT. IT. MEANS! 🏆❤️🤍 #FCBayern #DOUB1E #MiaSanMia,19841,872,24,FC Bayern Frauen,@danieleckardt8021,Herzlichen Glückwunsch Double schafft! Ich bin dabei in Köln Stadion 🏟🤟🏽🇩🇪👍🏼⚽️☀️🍾❤,3
j4XJZmjYrzA,THIS. IS. WHAT. IT. MEANS! 🏆❤️🤍 #FCBayern #DOUB1E #MiaSanMia,19841,872,24,FC Bayern Frauen,@martink.1471,Super Bayern Super Bayern hey hey Double Siegerinnen 🏆🏆🥇🥇Mia San Mia ♥️🤍,0
j4XJZmjYrzA,THIS. IS. WHAT. IT. MEANS! 🏆❤️🤍 #FCBayern #DOUB1E #MiaSanMia,19841,872,24,FC Bayern Frauen,@ogwalker24,Mia san Dubelsieger 🎉🎉🎉,1
j4XJZmjYrzA,THIS. IS. WHAT. IT. MEANS! 🏆❤️🤍 #FCBayern #DOUB1E #MiaSanMia,19841,872,24,FC Bayern Frauen,@DL18234,"Glückwunsch doublesieger super, weiter so Mädels ❤🤍",0
j4XJZmjYrzA,THIS. IS. WHAT. IT. MEANS! 🏆❤️🤍 #FCBayern #DOUB1E #MiaSanMia,19841,872,24,FC Bayern Frauen,@valdanohutapea,Long version please 😊,1
j4XJZmjYrzA,THIS. IS. WHAT. IT. MEANS! 🏆❤️🤍 #FCBayern #DOUB1E #MiaSanMia,19841,872,24,FC Bayern Frauen,@adrianschloer3100,Doublesieger🏆🏆🤍❤️🤍❤️🥹💪,2
nrmEnTp2b9I,Mia san Meisterinnen 2025 🥇❤️🤍,63799,1592,88,FC Bayern Frauen,@FrankArndt-d8k,❤❤❤fc bayern ❤❤❤frauen ❤❤❤,0
nrmEnTp2b9I,Mia san Meisterinnen 2025 🥇❤️🤍,63799,1592,88,FC Bayern Frauen,@TheWeepingPen,"Both the men and women won the league, life as a Bayern fan is great",0
nrmEnTp2b9I,Mia san Meisterinnen 2025 🥇❤️🤍,63799,1592,88,FC Bayern Frauen,@stevenherkert2421,1:28 Franzi hatte keine Chance 😂😂,0
nrmEnTp2b9I,Mia san Meisterinnen 2025 🥇❤️🤍,63799,1592,88,FC Bayern Frauen,@XuanBaoDinh-h4u,🎉🎉🎉🎉🎉🎉🎉,0
nrmEnTp2b9I,Mia san Meisterinnen 2025 🥇❤️🤍,63799,1592,88,FC Bayern Frauen,@oscarvanschijndel4989,"Herzlichen Glückwunsch! Und inzwischen auch das Double geschafft. Und dann spielten Obi, Georgia und Kathi noch nicht mit. Wenn die auch noch dabei sind, wird die UWCL Ligaphase noch sehr interessant...",0
nrmEnTp2b9I,Mia san Meisterinnen 2025 🥇❤️🤍,63799,1592,88,FC Bayern Frauen,@ChrisBous1964,Super Bayern Frauen Powerteam Mia san Mia🥰🥰🥰🍻🍻🍻,0
nrmEnTp2b9I,Mia san Meisterinnen 2025 🥇❤️🤍,63799,1592,88,FC Bayern Frauen,@mr.latino1458,Und jetzt viele Grüße ❤️🔥von der Herrenmannschaft 💙die haben es auch verdient geschafft Deutscher Meister 2025 🎉 zu werden 🥳,0
nrmEnTp2b9I,Mia san Meisterinnen 2025 🥇❤️🤍,63799,1592,88,FC Bayern Frauen,@WolfKoye-v9s,Der Wachwechsel von grün auf ROT ❤❤❤ ist vollzogen 👍👏💪💪💪,0
nrmEnTp2b9I,Mia san Meisterinnen 2025 🥇❤️🤍,63799,1592,88,FC Bayern Frauen,@WolfKoye-v9s,"Super Klasse unsere Mädels, ganz großer Respekt!!! 🤩🥰😘 Konstanz und Klasse über die ganze Saison 👏👏👍🤗🤗🤗💪💪",0
nrmEnTp2b9I,Mia san Meisterinnen 2025 🥇❤️🤍,63799,1592,88,FC Bayern Frauen,@Marvin_267,Glückwunsch Mädels zum dritten mal in Folge ❤🤍,0
nrmEnTp2b9I,Mia san Meisterinnen 2025 🥇❤️🤍,63799,1592,88,FC Bayern Frauen,@volkmarbarthel732,"Herzlichen Glückwunsch Mädels, FC Bayern forever ❤",3
nrmEnTp2b9I,Mia san Meisterinnen 2025 🥇❤️🤍,63799,1592,88,FC Bayern Frauen,@user-ec4xt7ch3i,ARIANNA!!!!!🏆🥇⚽🇮🇹  Cari Saluti dalla Svizzera 🇨🇭👍⚽🇮🇹👍,0
nrmEnTp2b9I,Mia san Meisterinnen 2025 🥇❤️🤍,63799,1592,88,FC Bayern Frauen,@ROI-SALOMON,Bravo mia san mia ❤❤,0
nrmEnTp2b9I,Mia san Meisterinnen 2025 🥇❤️🤍,63799,1592,88,FC Bayern Frauen,@olefink511,Glückwunsch zum Titel Hattrick,0
nrmEnTp2b9I,Mia san Meisterinnen 2025 🥇❤️🤍,63799,1592,88,FC Bayern Frauen,@ThomasKroschky,Congratulations zum deutschen Meisterinnen 🥳🥳🥳👏👏👏🫰,0
nrmEnTp2b9I,Mia san Meisterinnen 2025 🥇❤️🤍,63799,1592,88,FC Bayern Frauen,@FelixS1988,Glückwunsch. Ihr seid die geilsten🎊❤,4
nrmEnTp2b9I,Mia san Meisterinnen 2025 🥇❤️🤍,63799,1592,88,FC Bayern Frauen,@shurisa,I need a longer version next time😩😩,0
nrmEnTp2b9I,Mia san Meisterinnen 2025 🥇❤️🤍,63799,1592,88,FC Bayern Frauen,@medicatedmamba,3:17 wusste nicht dass Syd Voll-Bayerin ist,0
nrmEnTp2b9I,Mia san Meisterinnen 2025 🥇❤️🤍,63799,1592,88,FC Bayern Frauen,@FCBVIKING1996,Jetzt am Donnerstag noch das double dann haben wir die beste Saison ever für die Frauen,0
nrmEnTp2b9I,Mia san Meisterinnen 2025 🥇❤️🤍,63799,1592,88,FC Bayern Frauen,@walterwhitex87,Herzlichen Glückwünsche 🎉🎉🎉,0
nrmEnTp2b9I,Mia san Meisterinnen 2025 🥇❤️🤍,63799,1592,88,FC Bayern Frauen,@Arsitekbukancoach,"Fans Momoko, Sarah & tim",1
nrmEnTp2b9I,Mia san Meisterinnen 2025 🥇❤️🤍,63799,1592,88,FC Bayern Frauen,@se_lina6820,Glückwunsch 🤩🤩🤩❤️❤️🤍🤍 sowas von verdient!!! Mia san MEISTER🤩🤩🥳🥳🥳🥳,0
nrmEnTp2b9I,Mia san Meisterinnen 2025 🥇❤️🤍,63799,1592,88,FC Bayern Frauen,@Phu-s3o,Herzlichen Glückwunsch zur Meisterschaft liebe Bayern Mädels,0
nrmEnTp2b9I,Mia san Meisterinnen 2025 🥇❤️🤍,63799,1592,88,FC Bayern Frauen,@RitterAndi2,SUPER gemacht! Und nächstes Jahr dann bitte den Titel in der Allianz Arena klar machen! Zaunpfahl ans Präsidium...,0
nrmEnTp2b9I,Mia san Meisterinnen 2025 🥇❤️🤍,63799,1592,88,FC Bayern Frauen,@يومياتزنوبةالمحبوبة,🎉🎉,0
nrmEnTp2b9I,Mia san Meisterinnen 2025 🥇❤️🤍,63799,1592,88,FC Bayern Frauen,@Musiatel49,So wird gefeiert 😎👌Glückwunsch Mädels 👏👏⚪🔴,0
nrmEnTp2b9I,Mia san Meisterinnen 2025 🥇❤️🤍,63799,1592,88,FC Bayern Frauen,@theoxoxx,3:17 Syd einfach eine Macherin. Diesen move beherrscht sie wie eine eins.,1
nrmEnTp2b9I,Mia san Meisterinnen 2025 🥇❤️🤍,63799,1592,88,FC Bayern Frauen,@АнатолийШатунов-е8р,Das Frauenteam des FC Bayern wurde Bundesliga-Meister Jetzt muss das Männerteam auch in diesem Jahr Goldmedaillen gewinnen. Möge der Herr Sie segnen. 🤗😎🤩🇩🇪🇩🇪🇩🇪🇩🇪🇩🇪🇩🇪🇩🇪🇩🇪🇩🇪🇩🇪🇩🇪🇩🇪🇩🇪🇩🇪🇩🇪🇩🇪🇩🇪🇩🇪🇩🇪,0
nrmEnTp2b9I,Mia san Meisterinnen 2025 🥇❤️🤍,63799,1592,88,FC Bayern Frauen,@julianleejinhwee,Well done 👍,0
nrmEnTp2b9I,Mia san Meisterinnen 2025 🥇❤️🤍,63799,1592,88,FC Bayern Frauen,@DrFrank-xj9bc,"Herzlichen Glückwusch, ihr seid verdienter Meister - auch im Feiern! Am Donnerstag gibt's den Pokal.

Gruß von einem SGE Fan, der das Double dieses Jahr gerne in Frankfurt, anstatt in München gesehen hätte, aber man muß auch jünne künne!",0
nrmEnTp2b9I,Mia san Meisterinnen 2025 🥇❤️🤍,63799,1592,88,FC Bayern Frauen,@brokencardealer1,Glückwunsch,2
nrmEnTp2b9I,Mia san Meisterinnen 2025 🥇❤️🤍,63799,1592,88,FC Bayern Frauen,@HartmutReinhardSchneider,"Es bereitet Freude ,die jungen Frauen freuen sich und lachen so sehr ,wenn sie nicht im Rückstand liegen , beim spielen ,zuzuschauen ,man sieht auch nicht den Hoeness auf der Tribüne,schade daß es fast nur über dazn , 😊 übertragen wird🎉.",0
nrmEnTp2b9I,Mia san Meisterinnen 2025 🥇❤️🤍,63799,1592,88,FC Bayern Frauen,@stevenf7161,"Herzlichen Glückwunsch Mädels ❤ihr habt es verdient ❤jetzt wird gefeiert bis zum nächsten Endspiel 😅im DFB 🏆 drück euch fest die Daumen ❤ihr seit eine top Mannschaft ❤lasst es krachen ❤🍺🍺🍺🍺🍺🍺wer drei mal hintereinander Meister wird hat es verdient ❤die 6 Meisterschaft, und es wird nicht ,die letzte Sein ❤",0
nrmEnTp2b9I,Mia san Meisterinnen 2025 🥇❤️🤍,63799,1592,88,FC Bayern Frauen,@MichaelKling-d1t,"Sagt da einer ""Alte Schlampe"" bei 0:22? 🤔",0
nrmEnTp2b9I,Mia san Meisterinnen 2025 🥇❤️🤍,63799,1592,88,FC Bayern Frauen,@rentragle9017,Morster sama 🎉🎉🎉🎉,0
nrmEnTp2b9I,Mia san Meisterinnen 2025 🥇❤️🤍,63799,1592,88,FC Bayern Frauen,@ric007perfekt4,feiert schön und am donnerstag gegen bremen wird der pokal geholt🎉🎉🎉🎉❤❤❤,9
nrmEnTp2b9I,Mia san Meisterinnen 2025 🥇❤️🤍,63799,1592,88,FC Bayern Frauen,@ric007perfekt4,bin sooo glücklich❤❤❤🎉🎉🎉🎉,4
nrmEnTp2b9I,Mia san Meisterinnen 2025 🥇❤️🤍,63799,1592,88,FC Bayern Frauen,@MarkusFries-r6y,"Herzlichen Glückwunsch zum Meistertitel Mädels. Ihr habt eine überragende Saison gespielt. Und jetzt holt euch am Donnerstag den pokal noch nach München. Grüße aus donauwörth von Markus Fries, der selbst noch bis ein paar Wochen noch aktiv ist .",0
nrmEnTp2b9I,Mia san Meisterinnen 2025 🥇❤️🤍,63799,1592,88,FC Bayern Frauen,@eckhardbaumbach9451,"Ridiculous, die Frauen in die gleiche Kategorie wie die durch Moneten hoffnungslos verwöhnten Männer zu stecken. Erbärmlich, wenn Kommentatoren seit und seid nicht unterscheiden können",0
nrmEnTp2b9I,Mia san Meisterinnen 2025 🥇❤️🤍,63799,1592,88,FC Bayern Frauen,@rudigerschrodel7911,So seh'n Siegerinnen aus!!! 👍✌,0
nrmEnTp2b9I,Mia san Meisterinnen 2025 🥇❤️🤍,63799,1592,88,FC Bayern Frauen,@dietmarraffke7326,Ihr habt es verdient. Nun holt auch noch den pokal. ❤❤❤ mia San mia,0
nrmEnTp2b9I,Mia san Meisterinnen 2025 🥇❤️🤍,63799,1592,88,FC Bayern Frauen,@josefvonbrunn6607,War traumhaft und hoffe da geht noch mehr am Donnerstag....,0
nrmEnTp2b9I,Mia san Meisterinnen 2025 🥇❤️🤍,63799,1592,88,FC Bayern Frauen,@michaeles3295,Herzlichen Glückwunsch zu Meisterschaft. Grüße aus dem Münsterland. 🎉🆒️😎👍🤟🥂🍺,0
nrmEnTp2b9I,Mia san Meisterinnen 2025 🥇❤️🤍,63799,1592,88,FC Bayern Frauen,@AlexanderRiedel-io8tu,Glückwunsch! Ihr seit verdient Meister!,8
nrmEnTp2b9I,Mia san Meisterinnen 2025 🥇❤️🤍,63799,1592,88,FC Bayern Frauen,@christa9453,"Finde Frauen Fussball ja sowas von Langweilig,wird auch bei meinen Brüdern Null geschaut,den Strom kann man sich sparen",0
nrmEnTp2b9I,Mia san Meisterinnen 2025 🥇❤️🤍,63799,1592,88,FC Bayern Frauen,@RaptorR0ger,"Glückwunsch! Verdient!

So Bilder würde es bei den Männern niemals geben. Das ist mit der Grund warum die Mädels so sympathisch und nahbar sind.",1
nrmEnTp2b9I,Mia san Meisterinnen 2025 🥇❤️🤍,63799,1592,88,FC Bayern Frauen,@alexr.4934,"Meisterinnen, meinen Glückwunsch für die Solide Leistung! Jetzt noch den Pokal für eine Super Saison! Aufgehts Mädels!",0
nrmEnTp2b9I,Mia san Meisterinnen 2025 🥇❤️🤍,63799,1592,88,FC Bayern Frauen,@Turbolights,🎥 🏆🎬🎆🎇🎉🫵,0
nrmEnTp2b9I,Mia san Meisterinnen 2025 🥇❤️🤍,63799,1592,88,FC Bayern Frauen,@Harold-ph1kk,Mia San Mia!!!!!!!!!!!!!!!!! Schöne Mädels !!!!,0
nrmEnTp2b9I,Mia san Meisterinnen 2025 🥇❤️🤍,63799,1592,88,FC Bayern Frauen,@acb5245,"Glückwunsch 🩷💕 Und Pernille Harder: 10 aufeinanderfolgende Meisterschaften, in vier   verschiedenen  Vereinen, ( Linkøbing, Wolfsburg, Chelsea und Bayern München ) in 3  verschiedenen  Ländern, ( Sweeden, Deutchland, England , ) keine andere Spielerin, hat das geschafft. Niemand auf der Welt. Thats pretty impressive.  Vielleicht der  inoffizielle Ballon d’Or gewinner des Jahres 2020, endlich offiziel bekannt gegeben wird 2025? Who knows.",10
nrmEnTp2b9I,Mia san Meisterinnen 2025 🥇❤️🤍,63799,1592,88,FC Bayern Frauen,@kundetest1736,Fc bayern münchen  mädels ❤❤❤😊,0
nrmEnTp2b9I,Mia san Meisterinnen 2025 🥇❤️🤍,63799,1592,88,FC Bayern Frauen,@gunnn58193,"Damn, this just made me crave a beer",1
nrmEnTp2b9I,Mia san Meisterinnen 2025 🥇❤️🤍,63799,1592,88,FC Bayern Frauen,@MyMindBusiness1000,Wao amazing 01:00 ❤,1
nrmEnTp2b9I,Mia san Meisterinnen 2025 🥇❤️🤍,63799,1592,88,FC Bayern Frauen,@ROI-SALOMON,Bravo à toutes❤❤,2
nrmEnTp2b9I,Mia san Meisterinnen 2025 🥇❤️🤍,63799,1592,88,FC Bayern Frauen,@ric007perfekt4,Soooo super fc bayern ❤❤❤❤❤🎉🎉🎉,2
nrmEnTp2b9I,Mia san Meisterinnen 2025 🥇❤️🤍,63799,1592,88,FC Bayern Frauen,@andregaming22,Super Bayern Super Bayern hey hey. Glückwunsch zur Meisterschaft Mädels. Da ist das ding🥇🥇🥇🏆,5
nrmEnTp2b9I,Mia san Meisterinnen 2025 🥇❤️🤍,63799,1592,88,FC Bayern Frauen,@HPHSGermany2010,Herzlichen Glueckswunch 🎉🎉🎉💪💪💪🎆🎆🎆,2
nrmEnTp2b9I,Mia san Meisterinnen 2025 🥇❤️🤍,63799,1592,88,FC Bayern Frauen,@michaelklimpel3507,"Glückwunsch, verdiente Mia San Meisterinnen 2025. Double am Donnerstag🥇🏆🍀",1
nrmEnTp2b9I,Mia san Meisterinnen 2025 🥇❤️🤍,63799,1592,88,FC Bayern Frauen,@HiViNewsByRegina111,Super Video. Lieben Gruß und Glück🍀Auf aus Dortmund,1
nrmEnTp2b9I,Mia san Meisterinnen 2025 🥇❤️🤍,63799,1592,88,FC Bayern Frauen,@davewright8206,"awesome love you all , thursday for history !",1
nrmEnTp2b9I,Mia san Meisterinnen 2025 🥇❤️🤍,63799,1592,88,FC Bayern Frauen,@davewright8206,staaaanwaaaay!!,1
nrmEnTp2b9I,Mia san Meisterinnen 2025 🥇❤️🤍,63799,1592,88,FC Bayern Frauen,@bennyklietzing900,Jawohl 🎉,2
nrmEnTp2b9I,Mia san Meisterinnen 2025 🥇❤️🤍,63799,1592,88,FC Bayern Frauen,@martink.1471,Glückwunsch Mädels hab ihr sowas von verdient Mia San Meister ♥️🤍,28
nrmEnTp2b9I,Mia san Meisterinnen 2025 🥇❤️🤍,63799,1592,88,FC Bayern Frauen,@hajoos.8360,"Die Party der Bayern-Mädels ist, wenn man mal ehrlich ist, noch besser als kicken. Wer arbeitet, darf auch feiern.",2
nrmEnTp2b9I,Mia san Meisterinnen 2025 🥇❤️🤍,63799,1592,88,FC Bayern Frauen,@AFGhaneAFGhane-k5m,Mia san Meisterinnern 2025 ... und das seid ihr für wahr!!!   G R A T U L A T I O N  vom tiefsten Herzens !!! Feiert schön !!!,2
nrmEnTp2b9I,Mia san Meisterinnen 2025 🥇❤️🤍,63799,1592,88,FC Bayern Frauen,@wolfgangschwarzer3736,👍🏻,1
nrmEnTp2b9I,Mia san Meisterinnen 2025 🥇❤️🤍,63799,1592,88,FC Bayern Frauen,@Castillo_19,❤️❤️🤍🤍7️⃣🏆,1
nrmEnTp2b9I,Mia san Meisterinnen 2025 🥇❤️🤍,63799,1592,88,FC Bayern Frauen,@amazonja75,Gratulation zur 3.Meisterschaft 🏆 in folge ♥♥♥🍺🍾🥂,9
nrmEnTp2b9I,Mia san Meisterinnen 2025 🥇❤️🤍,63799,1592,88,FC Bayern Frauen,@La_Haine_1995,"Well played Champs, congrats.  

Winning 4 of the last 5 league titles speaks of dominance.",14
nrmEnTp2b9I,Mia san Meisterinnen 2025 🥇❤️🤍,63799,1592,88,FC Bayern Frauen,@cybeam1,優勝おめでとうございます🎉👏👏🥳🎉,1
nrmEnTp2b9I,Mia san Meisterinnen 2025 🥇❤️🤍,63799,1592,88,FC Bayern Frauen,@k-q8r2g,So schön ❤ Glückwunsch!,5
nrmEnTp2b9I,Mia san Meisterinnen 2025 🥇❤️🤍,63799,1592,88,FC Bayern Frauen,@FrankArndt-d8k,Feiert schön und dann holt euch  den dfb pokal zum Abschluss zum Krönung ❤❤❤,8
nrmEnTp2b9I,Mia san Meisterinnen 2025 🥇❤️🤍,63799,1592,88,FC Bayern Frauen,@FrankArndt-d8k,Jawoll hab ihr euch alle richtig verdient ❤❤❤fc bayern frauen ❤❤❤,7
nrmEnTp2b9I,Mia san Meisterinnen 2025 🥇❤️🤍,63799,1592,88,FC Bayern Frauen,@Frauenfußball_support,😍❤️🤍,2
nrmEnTp2b9I,Mia san Meisterinnen 2025 🥇❤️🤍,63799,1592,88,FC Bayern Frauen,@oliverue3125,#BesteMannschaftderWelt ❤❤❤ Glückwunsch. Mia san Mia,5
nrmEnTp2b9I,Mia san Meisterinnen 2025 🥇❤️🤍,63799,1592,88,FC Bayern Frauen,@dominikbenz8349,Hammer stark mega  cool  freu mich Highlight  verdient  Glückwunsch  verdient  . Holt euch dss double . Bin dabei.  Live vor dem Fernseher.  ❤,11
nrmEnTp2b9I,Mia san Meisterinnen 2025 🥇❤️🤍,63799,1592,88,FC Bayern Frauen,@BooksandArmchair,Congratulations Bayern,2
k7BwJdzhCyQ,Locker Room Party 🎉🎶🎤,22646,890,13,FC Bayern Frauen,@TheWeepingPen,congrats to the women for winning the double,0
k7BwJdzhCyQ,Locker Room Party 🎉🎶🎤,22646,890,13,FC Bayern Frauen,@christianeschubert9428,So schön unsere Double-Gewinner feiern zu sehen😂🎉🍾🥂❤️🥇🍀🤣😂❤️❤️❤️,2
k7BwJdzhCyQ,Locker Room Party 🎉🎶🎤,22646,890,13,FC Bayern Frauen,@RobertSchirjack,"Ihr wart so geil .
Ich liebe euch .
Weil 7hr fc bayern münchen seid.
Ubd ganz besonders.
Lea schüller und linda dallmann.
Gulua gwinn war auch klasse so wie die anderen auch.",2
k7BwJdzhCyQ,Locker Room Party 🎉🎶🎤,22646,890,13,FC Bayern Frauen,@Phu-s3o,Herzlichen Glückwunsch an FC Bayern Frauen zur Deutschen Meisterschaft 2025,5
k7BwJdzhCyQ,Locker Room Party 🎉🎶🎤,22646,890,13,FC Bayern Frauen,@thebeasts5582,Glückwunsch 🎉 weiter so 😊,2
k7BwJdzhCyQ,Locker Room Party 🎉🎶🎤,22646,890,13,FC Bayern Frauen,@valdanohutapea,😂,2
k7BwJdzhCyQ,Locker Room Party 🎉🎶🎤,22646,890,13,FC Bayern Frauen,@martink.1471,Glückwunsch Mädels habt ihr euch sowas von Verdient ♥️🤍🎉🎉🎉🎉🎉🎊🎊🎊🎊🍺🍺🍺🍺🍻🍻🍻🍻,8
k7BwJdzhCyQ,Locker Room Party 🎉🎶🎤,22646,890,13,FC Bayern Frauen,@ric007perfekt4,"super girls ❤❤❤❤fc bayern egal was passiert geiles Spiel 3 Tore gegen Freiburg top.... caro simon hat das 1:0 vorbereitet baunataler supergirl

liebe grüße aus nordhessen an die super Mannschaft perfekt ❤❤❤❤ bin jahrgang 1995 und stolzer bayern fan seit 1999 und habe keine sekunde bereut.

alle haben sich gefreut tolles spiel tolles wetter tolle stimmung gratuliere zur MEISTERSCHAFT❤❤❤🎉🎉🎉🎉🎉",3
k7BwJdzhCyQ,Locker Room Party 🎉🎶🎤,22646,890,13,FC Bayern Frauen,@wolfgangschwarzer3736,👏🏻👍🏻👏🏻👍🏻👏🏻,2
k7BwJdzhCyQ,Locker Room Party 🎉🎶🎤,22646,890,13,FC Bayern Frauen,@roland.f,"Geile Truppe. Geile Stimmung. Geile Saison. Jetzt aber auch das Double Mädels ;-)
Und es ist langsam auffällig, das man bei jeder Feier Frau Lohmann sieht wie sie am Bier herum hantiert ;-) tztztztz",0
k7BwJdzhCyQ,Locker Room Party 🎉🎶🎤,22646,890,13,FC Bayern Frauen,@danieleckardt8021,Frauenfußball FC Bayern München Deutscher Meisterinnen perfekt Glückwunsch Party ❤🤟🏽🇩🇪🏆🍾🍺⚽️,7
k7BwJdzhCyQ,Locker Room Party 🎉🎶🎤,22646,890,13,FC Bayern Frauen,@amazonja75,"na ihr habt wirklich spaß, gratulation zur 3. Meisterschaft",3
k7BwJdzhCyQ,Locker Room Party 🎉🎶🎤,22646,890,13,FC Bayern Frauen,@DL18234,Glückwunsch zur Meisterschaft ❤🤍,3
01jVMJiHhiE,Behind the Scenes im Deutsche Bank Park: Eintracht Frankfurt - FC Bayern 🏟️,15259,647,22,FC Bayern Frauen,@piresgilvander5303,Bayer whomem ❤🤍,0
01jVMJiHhiE,Behind the Scenes im Deutsche Bank Park: Eintracht Frankfurt - FC Bayern 🏟️,15259,647,22,FC Bayern Frauen,@valdanohutapea,The New cuteness FC Bayern Frauen : Ena Mahmutovic 😊,0
01jVMJiHhiE,Behind the Scenes im Deutsche Bank Park: Eintracht Frankfurt - FC Bayern 🏟️,15259,647,22,FC Bayern Frauen,@RaptorR0ger,Mama ich bin im Fernseher drin...,0
01jVMJiHhiE,Behind the Scenes im Deutsche Bank Park: Eintracht Frankfurt - FC Bayern 🏟️,15259,647,22,FC Bayern Frauen,@يومياتزنوبةالمحبوبة,🎉,0
01jVMJiHhiE,Behind the Scenes im Deutsche Bank Park: Eintracht Frankfurt - FC Bayern 🏟️,15259,647,22,FC Bayern Frauen,@TurboBlitz1995,6:55 Zenngrund 96❤️🤍❤️🤍,0
01jVMJiHhiE,Behind the Scenes im Deutsche Bank Park: Eintracht Frankfurt - FC Bayern 🏟️,15259,647,22,FC Bayern Frauen,@Hess_Photo_Video,1:20 min wir waren auch dabei. Mega!,0
01jVMJiHhiE,Behind the Scenes im Deutsche Bank Park: Eintracht Frankfurt - FC Bayern 🏟️,15259,647,22,FC Bayern Frauen,@sergiocardona650,Lena oderdorf te amo mucho ❤😘😘😘😘,1
01jVMJiHhiE,Behind the Scenes im Deutsche Bank Park: Eintracht Frankfurt - FC Bayern 🏟️,15259,647,22,FC Bayern Frauen,@inotoni6148,Sieht aus wie 100% Kunstrasen.,0
01jVMJiHhiE,Behind the Scenes im Deutsche Bank Park: Eintracht Frankfurt - FC Bayern 🏟️,15259,647,22,FC Bayern Frauen,@hajoos.8360,Diesmal waren die Bayern tatsächlich besser als die Hessen. Ist nicht immer so.,0
01jVMJiHhiE,Behind the Scenes im Deutsche Bank Park: Eintracht Frankfurt - FC Bayern 🏟️,15259,647,22,FC Bayern Frauen,@robyk6944,Frankfrt 🦅 search for a chance to be working on it but I have a chance to be 🎉,1
01jVMJiHhiE,Behind the Scenes im Deutsche Bank Park: Eintracht Frankfurt - FC Bayern 🏟️,15259,647,22,FC Bayern Frauen,@robyk6944,FC food 🥑 and get it back in the morning either night and I can go back to the house of the best of food. Food is ready for a few food.   Einatcht Frankfrtern 🦅🤣,1
01jVMJiHhiE,Behind the Scenes im Deutsche Bank Park: Eintracht Frankfurt - FC Bayern 🏟️,15259,647,22,FC Bayern Frauen,@denizleventyuruyen4774,"Amaizing Job ladues, its wonderfouil to sea you as  this brillant Team to play football,  they learn from Match to Match  and grow up with every challange. And Now. Thekr is one victory lebt for the 3rd national champi8nshiptitl in a row.  I love the Philosophy from AS as Coach to motivat every ohne of the Team to give  100% in every secend of  the game noch matter if the start or come in during the Match as well!",3
01jVMJiHhiE,Behind the Scenes im Deutsche Bank Park: Eintracht Frankfurt - FC Bayern 🏟️,15259,647,22,FC Bayern Frauen,@dominikbenz8349,hammer video mega cool tolle eindrücke dreamteam,8
01jVMJiHhiE,Behind the Scenes im Deutsche Bank Park: Eintracht Frankfurt - FC Bayern 🏟️,15259,647,22,FC Bayern Frauen,@ROI-SALOMON,Bravo ❤❤ mia san mia,1
01jVMJiHhiE,Behind the Scenes im Deutsche Bank Park: Eintracht Frankfurt - FC Bayern 🏟️,15259,647,22,FC Bayern Frauen,@lorenapaiz9505,Pernille is.. something else,10
01jVMJiHhiE,Behind the Scenes im Deutsche Bank Park: Eintracht Frankfurt - FC Bayern 🏟️,15259,647,22,FC Bayern Frauen,@robyk6944,FC Bayern. She is a few hours late so I'm going to the house of women. ☝️☝️☝️☝️☝️👆👆👆👆,1
01jVMJiHhiE,Behind the Scenes im Deutsche Bank Park: Eintracht Frankfurt - FC Bayern 🏟️,15259,647,22,FC Bayern Frauen,@robyk6944,SGE 🦅🤟 a lots to the best of the best of the best place to go to the house women,3
01jVMJiHhiE,Behind the Scenes im Deutsche Bank Park: Eintracht Frankfurt - FC Bayern 🏟️,15259,647,22,FC Bayern Frauen,@robyk6944,Eintracht Frankfut.  😅😅🦅🦅,1
01jVMJiHhiE,Behind the Scenes im Deutsche Bank Park: Eintracht Frankfurt - FC Bayern 🏟️,15259,647,22,FC Bayern Frauen,@robyk6944,FC Bayern.  Women.  She was just wondering what you were doing with the weather is the worst of the best of us and I.  👎👎👎👎👎👎👎,1
01jVMJiHhiE,Behind the Scenes im Deutsche Bank Park: Eintracht Frankfurt - FC Bayern 🏟️,15259,647,22,FC Bayern Frauen,@Frauenfußball_support,😍💯❤️🤍❤️‍🔥🔥🙌🏻,0
01jVMJiHhiE,Behind the Scenes im Deutsche Bank Park: Eintracht Frankfurt - FC Bayern 🏟️,15259,647,22,FC Bayern Frauen,@robyk6944,Bayern Mvnich 🙄 women so I can go to the house with you and w,0
01jVMJiHhiE,Behind the Scenes im Deutsche Bank Park: Eintracht Frankfurt - FC Bayern 🏟️,15259,647,22,FC Bayern Frauen,@robyk6944,FC Bayern.  She is a few hours awa women 😢😢😢😢😢😢❤,0
9xLBU6eeBE8,"You make the face, I make the sound 😂🔊",9653,464,7,FC Bayern Frauen,@WolfKoye-v9s,"Ich glaub da ham die Mädels so einige männliche Kicker - Mimosen nachgeäfft, bravo 🙏👏👏🤗🙈🙈😂🤣",0
9xLBU6eeBE8,"You make the face, I make the sound 😂🔊",9653,464,7,FC Bayern Frauen,@abreuadriano9776,😂😂❤,2
9xLBU6eeBE8,"You make the face, I make the sound 😂🔊",9653,464,7,FC Bayern Frauen,@martink.1471,😂😂,2
9xLBU6eeBE8,"You make the face, I make the sound 😂🔊",9653,464,7,FC Bayern Frauen,@valdanohutapea,Ronja Gwinn is the best 😅,4
9xLBU6eeBE8,"You make the face, I make the sound 😂🔊",9653,464,7,FC Bayern Frauen,@valdanohutapea,😅,2
9xLBU6eeBE8,"You make the face, I make the sound 😂🔊",9653,464,7,FC Bayern Frauen,@AlanCarlosFürst-q5t,"Ich liebe euch, Leute",4
9xLBU6eeBE8,"You make the face, I make the sound 😂🔊",9653,464,7,FC Bayern Frauen,@AlanCarlosFürst-q5t,Não deixe o homem brabo,3
feIJGB0Zvbs,Pressure - Episode 2 | More than 90 minutes presented by Allianz (Season 2),6882,235,2,FC Bayern Frauen,@giglio_arkhamredhood,I like My beautiful Obi! 🔥🤩🤩🤩,0
feIJGB0Zvbs,Pressure - Episode 2 | More than 90 minutes presented by Allianz (Season 2),6882,235,2,FC Bayern Frauen,@monikakretschmann7651,❤❤❤❤❤❤❤❤😊😊😊😊,0
CR0iT5-YkgM,Nach A & B kommt C 😍✍️,6965,402,13,FC Bayern Frauen,@FrankArndt-d8k,❤❤❤❤❤,0
CR0iT5-YkgM,Nach A & B kommt C 😍✍️,6965,402,13,FC Bayern Frauen,@WolfKoye-v9s,"Sehr gute Entscheidung von dir🙏🙏🙏, für dich und vor allem für den Club!! 😘❤️👏🤗💪",0
CR0iT5-YkgM,Nach A & B kommt C 😍✍️,6965,402,13,FC Bayern Frauen,@ClausFroehlich,Das ist ja super,1
CR0iT5-YkgM,Nach A & B kommt C 😍✍️,6965,402,13,FC Bayern Frauen,@AlanCarlosFürst-q5t,Vocês precisam me defender,0
CR0iT5-YkgM,Nach A & B kommt C 😍✍️,6965,402,13,FC Bayern Frauen,@AlanCarlosFürst-q5t,Eu ouvi as Histórias,0
CR0iT5-YkgM,Nach A & B kommt C 😍✍️,6965,402,13,FC Bayern Frauen,@AlanCarlosFürst-q5t,❤❤❤❤❤❤❤,0
CR0iT5-YkgM,Nach A & B kommt C 😍✍️,6965,402,13,FC Bayern Frauen,@AlanCarlosFürst-q5t,Eu sei meus amores,0
CR0iT5-YkgM,Nach A & B kommt C 😍✍️,6965,402,13,FC Bayern Frauen,@LarsNeuhaus-t1p,❤🤍,1
CR0iT5-YkgM,Nach A & B kommt C 😍✍️,6965,402,13,FC Bayern Frauen,@thomasstache7859,❤SUPER ❤,1
CR0iT5-YkgM,Nach A & B kommt C 😍✍️,6965,402,13,FC Bayern Frauen,@DL18234,"Stimmt,da hast recht ❤️🤍",1
CR0iT5-YkgM,Nach A & B kommt C 😍✍️,6965,402,13,FC Bayern Frauen,@MichaelJahn-t3h,Suuuper ich freue mich sehr 😊,2
CR0iT5-YkgM,Nach A & B kommt C 😍✍️,6965,402,13,FC Bayern Frauen,@Nelly-z9o,"Oh ja ich freue mich so sehr auf weitere schöne Jahre mit dir ❤❤❤❤❤❤❤❤❤❤ 
Auf geht’s FC Bayern München ❤️❤️❤️",4
CR0iT5-YkgM,Nach A & B kommt C 😍✍️,6965,402,13,FC Bayern Frauen,@thomashorn3263,Super da freue ich mich 😊,2
P0A1e2aopcM,FC Bayern Frauen verlängern mit Carolin Simon bis 2026 ✍️,4554,384,28,FC Bayern Frauen,@josephrizk9387,Caroline tu es une joueuse exemplaire et sérieuse toutes mes salutations 🇱🇧🇱🇧🇨🇾🇨🇾,0
P0A1e2aopcM,FC Bayern Frauen verlängern mit Carolin Simon bis 2026 ✍️,4554,384,28,FC Bayern Frauen,@sammySHD,"❤ herzlichen DANKEschön an die
❤ FC Bayern München ⚽️ Frauen ❤️ Teamleitung & DANKE ebenfalls, dass 🇩🇪 Carolin Simon (30) ein weiteres Jahr beim FC Bayern bleibt ‼️ 💚 🙌 ❤️ 🙏",2
P0A1e2aopcM,FC Bayern Frauen verlängern mit Carolin Simon bis 2026 ✍️,4554,384,28,FC Bayern Frauen,@bernd2220,"Mich hat am allermeisten gefreut, Caro Simon sprechen zu hören. Jetzt, da ich sie von dieser Seite kennengelernt habe, begeistert mich ihre Vertragsverlängerung noch mehr, weil sie sehr reflektiert, sehr fokussiert und zielbewusst wirkt. Solche Charaktere fördern und pushen jede Mannschaft, ganz abgesehen von Caros fußballerischer Qualität. 
Wow Caro Simon 👏🏼👏🏼",4
P0A1e2aopcM,FC Bayern Frauen verlängern mit Carolin Simon bis 2026 ✍️,4554,384,28,FC Bayern Frauen,@DL18234,"Ich freue mich,das du beim FCB bleibst❤️🤍",1
P0A1e2aopcM,FC Bayern Frauen verlängern mit Carolin Simon bis 2026 ✍️,4554,384,28,FC Bayern Frauen,@brokencardealer1,"Wir lieben dich auch<3 Schön, dass du bleibst!",6
P0A1e2aopcM,FC Bayern Frauen verlängern mit Carolin Simon bis 2026 ✍️,4554,384,28,FC Bayern Frauen,@HiViNewsByRegina111,Weshalb nur bis 2026? Ich hätte Caro mindestens bis 2027 verpflichtet. Lieben Gruß und Glück🍀Auf aus Dortmund,3
P0A1e2aopcM,FC Bayern Frauen verlängern mit Carolin Simon bis 2026 ✍️,4554,384,28,FC Bayern Frauen,@michaelfischer545,warum dann nur ein Jahr verlängert?,1
P0A1e2aopcM,FC Bayern Frauen verlängern mit Carolin Simon bis 2026 ✍️,4554,384,28,FC Bayern Frauen,@RaptorR0ger,"Wichtig und richtig! 
Aber warum nur 2026? die letzten auch schon nur so kurz.",2
P0A1e2aopcM,FC Bayern Frauen verlängern mit Carolin Simon bis 2026 ✍️,4554,384,28,FC Bayern Frauen,@FrugalRanger,"Super! Beste linke Klebe, beste Standards! Tolle Teamplayerin, Einsatz stimmt auf und neben dem Platz. Danke!",1
P0A1e2aopcM,FC Bayern Frauen verlängern mit Carolin Simon bis 2026 ✍️,4554,384,28,FC Bayern Frauen,@MrPackoTV,Sehr schön!  Caro ich freue mich für dich. Tolle Spielerin. Perfekte Frau. Einfach super.,6
P0A1e2aopcM,FC Bayern Frauen verlängern mit Carolin Simon bis 2026 ✍️,4554,384,28,FC Bayern Frauen,@dietmarraffke7326,Danke das du verlängerst hast. Dieses Jahr werdet ihr den dfb- pokal 🏆  holen.,5
P0A1e2aopcM,FC Bayern Frauen verlängern mit Carolin Simon bis 2026 ✍️,4554,384,28,FC Bayern Frauen,@benjaminrebhan3123,"FC Bayern ist Familie . Mia San Mia . Und die ""Mädels"" geben immer alles . Holt euch das Double 2025 🥰😁",4
P0A1e2aopcM,FC Bayern Frauen verlängern mit Carolin Simon bis 2026 ✍️,4554,384,28,FC Bayern Frauen,@martink.1471,Wenn man sich wohl fühlt im Verein und es eine Herzens Angelegenheit ist freue sehr das bleibst ❤ich bin immer wieder begeistert wie ihr Fussball spielt mit so viel Herz Leidenschaft ❤️‍🔥 Mentalität das wir Gefühl sieht man da läuft die eine für die andere Mia San Mia ♥️🤍,4
P0A1e2aopcM,FC Bayern Frauen verlängern mit Carolin Simon bis 2026 ✍️,4554,384,28,FC Bayern Frauen,@roland.f,Schöne Verlängerung. Hätte aber auch nen Jahr oder 2 mehr sein können ;-),18
P0A1e2aopcM,FC Bayern Frauen verlängern mit Carolin Simon bis 2026 ✍️,4554,384,28,FC Bayern Frauen,@Frauenfußball_support,ich freue mich sehr das du bleibst!! ❤️🤍 Caro!!,4
P0A1e2aopcM,FC Bayern Frauen verlängern mit Carolin Simon bis 2026 ✍️,4554,384,28,FC Bayern Frauen,@TobiaaDitze-dz2lu,Ja,1
4LbK1qXbmvs,Mala Grohs Comeback ❤️🤍,6226,465,20,FC Bayern Frauen,@WolfKoye-v9s,"Sehr, sehr schön zu sehen daß sie wieder da ist🥰😍🤩🤗🤗🤗👏👏🤝🤝🤝😘, ich hoffe sehr daß sie diese hinterhältige Krankheit endgültig überwunden hat! Ich wünsche dem Mädel alles Gute und vollkommene Gesundheit, von Herzen ❤️👏👏🤝🤝😉",1
4LbK1qXbmvs,Mala Grohs Comeback ❤️🤍,6226,465,20,FC Bayern Frauen,@hansikursch484,❤,0
4LbK1qXbmvs,Mala Grohs Comeback ❤️🤍,6226,465,20,FC Bayern Frauen,@kurdel9114,mahmutovic einfach besser,0
4LbK1qXbmvs,Mala Grohs Comeback ❤️🤍,6226,465,20,FC Bayern Frauen,@tommyharimanjananto2149,"To much give ,for poor club💩",0
4LbK1qXbmvs,Mala Grohs Comeback ❤️🤍,6226,465,20,FC Bayern Frauen,@sandrapatriciaoriguarios4589,"Oh, man! The smile on her face! Happiness at its best!
Welcome back, Mala! We fans are happy for you too! :)",1
4LbK1qXbmvs,Mala Grohs Comeback ❤️🤍,6226,465,20,FC Bayern Frauen,@ric007perfekt4,super freut mich wenn sie wieder zurück ist❤❤❤❤ GESUNDHEIT das wichtigste im Leben😊,4
4LbK1qXbmvs,Mala Grohs Comeback ❤️🤍,6226,465,20,FC Bayern Frauen,@doppia_h,"I heard what happened to her, i'm so glad to see her back. Let's go Mala.",1
4LbK1qXbmvs,Mala Grohs Comeback ❤️🤍,6226,465,20,FC Bayern Frauen,@clausfischer5108,"Tolle Bilder! Sehr schön, dass Mala zurück auf dem Platz ist!",2
4LbK1qXbmvs,Mala Grohs Comeback ❤️🤍,6226,465,20,FC Bayern Frauen,@DennisSchubert-ek4bz,Sehr cool. Respekt ❤❤❤❤,1
4LbK1qXbmvs,Mala Grohs Comeback ❤️🤍,6226,465,20,FC Bayern Frauen,@DL18234,"Das freut mich sehr,das du wieder da bist,wünsche dir ein schönes wochenende,das pokal spiel gewinnt ihr morgen,ich glaube an euch❤️🤍",1
4LbK1qXbmvs,Mala Grohs Comeback ❤️🤍,6226,465,20,FC Bayern Frauen,@dietmarraffke7326,Endlich wieder auf dem Platz.  Bleib gesund und Kämpfe weiter ❤❤❤,2
4LbK1qXbmvs,Mala Grohs Comeback ❤️🤍,6226,465,20,FC Bayern Frauen,@LarsNeuhaus-t1p,❤🤍,1
4LbK1qXbmvs,Mala Grohs Comeback ❤️🤍,6226,465,20,FC Bayern Frauen,@bernd3781,Einfach super! 🫶,1
4LbK1qXbmvs,Mala Grohs Comeback ❤️🤍,6226,465,20,FC Bayern Frauen,@valdanohutapea,Lets go mala 😅,1
4LbK1qXbmvs,Mala Grohs Comeback ❤️🤍,6226,465,20,FC Bayern Frauen,@klauslangner,"Super,freut mich,für sie...",2
4LbK1qXbmvs,Mala Grohs Comeback ❤️🤍,6226,465,20,FC Bayern Frauen,@ogy_16,So happy to see this! She's true fighter ❤,5
4LbK1qXbmvs,Mala Grohs Comeback ❤️🤍,6226,465,20,FC Bayern Frauen,@davewright8206,she was possibly bayerns mvp too !,1
c8mlCAYaG7A,2028 ✍️ FC Bayern Frauen verpflichten Barbara Dunst,9938,408,28,FC Bayern Frauen,@denizleventyuruyen4774,Laura Freigang sollte man auch noch nach München locken und Betensteym,0
c8mlCAYaG7A,2028 ✍️ FC Bayern Frauen verpflichten Barbara Dunst,9938,408,28,FC Bayern Frauen,@MrPackoTV,Endlich eine zusätzliche TOP Verteidigerin. Das war auch nötig. In schwierigen Spielen spielt man mit 8 Verteidigerinnen.,2
c8mlCAYaG7A,2028 ✍️ FC Bayern Frauen verpflichten Barbara Dunst,9938,408,28,FC Bayern Frauen,@lebenimprozesslip3528,Es fehlt nur noch der/die richtige Trainer/in,2
c8mlCAYaG7A,2028 ✍️ FC Bayern Frauen verpflichten Barbara Dunst,9938,408,28,FC Bayern Frauen,@wolfgang4368x,Alles Gute! ❤ Einfach so!😂aus m Ruhrgebiet!🎉,1
c8mlCAYaG7A,2028 ✍️ FC Bayern Frauen verpflichten Barbara Dunst,9938,408,28,FC Bayern Frauen,@wathor,"mal schauen, ob sie jemals spielen wird, solange bühl gesund ist, sicher nicht",1
c8mlCAYaG7A,2028 ✍️ FC Bayern Frauen verpflichten Barbara Dunst,9938,408,28,FC Bayern Frauen,@يومياتزنوبةالمحبوبة,🎉🎉,1
c8mlCAYaG7A,2028 ✍️ FC Bayern Frauen verpflichten Barbara Dunst,9938,408,28,FC Bayern Frauen,@eva_77x27,Servus! ❤️🤍,1
c8mlCAYaG7A,2028 ✍️ FC Bayern Frauen verpflichten Barbara Dunst,9938,408,28,FC Bayern Frauen,@hajoos.8360,Wir wünschen der liebenswerten Barbara Dunst in Nordösterreich viel Glück!!!,4
c8mlCAYaG7A,2028 ✍️ FC Bayern Frauen verpflichten Barbara Dunst,9938,408,28,FC Bayern Frauen,@hajoos.8360,Ja kraß!,2
c8mlCAYaG7A,2028 ✍️ FC Bayern Frauen verpflichten Barbara Dunst,9938,408,28,FC Bayern Frauen,@ecke-eckessi,Ein tolles Puzzlestück!,1
c8mlCAYaG7A,2028 ✍️ FC Bayern Frauen verpflichten Barbara Dunst,9938,408,28,FC Bayern Frauen,@DL18234,"Moin willkommen beim FCB hab spass freunde,erfolg und gesundheit ❤️🤍",2
c8mlCAYaG7A,2028 ✍️ FC Bayern Frauen verpflichten Barbara Dunst,9938,408,28,FC Bayern Frauen,@klaus7227,Wie viele Mittelfeldspielerinnen braucht dieser Verein denn noch?!,4
c8mlCAYaG7A,2028 ✍️ FC Bayern Frauen verpflichten Barbara Dunst,9938,408,28,FC Bayern Frauen,@Matteblak,Congratulations!,2
c8mlCAYaG7A,2028 ✍️ FC Bayern Frauen verpflichten Barbara Dunst,9938,408,28,FC Bayern Frauen,@rileyxxxx,"okay, schade dass sie nich in frankfurt bleiben will, aber lässt sich kompensieren. immer diese winning team joiner...",2
c8mlCAYaG7A,2028 ✍️ FC Bayern Frauen verpflichten Barbara Dunst,9938,408,28,FC Bayern Frauen,@FrankArndt-d8k,Hey babara herzlich willkommen beim ❤❤FC Bayern ❤❤,2
c8mlCAYaG7A,2028 ✍️ FC Bayern Frauen verpflichten Barbara Dunst,9938,408,28,FC Bayern Frauen,@sammySHD,❤ herzlich willkommen bei den FC Bayern München ⚽️ Frauen liebe 🇦🇹 Barbara Dunst 👋👋,5
c8mlCAYaG7A,2028 ✍️ FC Bayern Frauen verpflichten Barbara Dunst,9938,408,28,FC Bayern Frauen,@Kattmatskal,"Servus Baba, freu mich schon sehr dich im Trikot der FC Bayern München Frauen zu sehen 🤩Viel Erfolg mit den Mädels, eine gute Zeit und hoffentlich verletzungsfreie Jahre 🥳",7
c8mlCAYaG7A,2028 ✍️ FC Bayern Frauen verpflichten Barbara Dunst,9938,408,28,FC Bayern Frauen,@TobiaaDitze-dz2lu,Ja,2
c8mlCAYaG7A,2028 ✍️ FC Bayern Frauen verpflichten Barbara Dunst,9938,408,28,FC Bayern Frauen,@HiViNewsByRegina111,"Der FC Bayern München macht alles richtig, kaufen sich die besten Spielerinnen ein, so wird auch das Mädelsteam genau wie bei den Männern in der Liga fast unschlagbar sein. Lieben Gruß und Glück🍀Auf aus Dortmund",5
c8mlCAYaG7A,2028 ✍️ FC Bayern Frauen verpflichten Barbara Dunst,9938,408,28,FC Bayern Frauen,@Maroccinho,Can you sign me please 😢😢😢,2
c8mlCAYaG7A,2028 ✍️ FC Bayern Frauen verpflichten Barbara Dunst,9938,408,28,FC Bayern Frauen,@valdanohutapea,"Servus! Dear FC Bayern, playing Lena Oberdorf",2
c8mlCAYaG7A,2028 ✍️ FC Bayern Frauen verpflichten Barbara Dunst,9938,408,28,FC Bayern Frauen,@davewright8206,"wow! what a shock , i rate barbera highly and am very happy (and shocked ) for her to come to bayern ( my no1 frauen team )",5
XcRFyLzeMHI,"Wer A sagt, muss auch B sagen!",13174,628,16,FC Bayern Frauen,@AliRudjjf,You lost respect,0
XcRFyLzeMHI,"Wer A sagt, muss auch B sagen!",13174,628,16,FC Bayern Frauen,@DennisSchubert-ek4bz,Viel Erfolg. Und Respekt  ❤❤❤❤,0
XcRFyLzeMHI,"Wer A sagt, muss auch B sagen!",13174,628,16,FC Bayern Frauen,@Jana-klara,Klara ist die Beste❤️🥰,1
XcRFyLzeMHI,"Wer A sagt, muss auch B sagen!",13174,628,16,FC Bayern Frauen,@ric007perfekt4,Fc bayern frauen soooo geil❤❤❤❤ ich liebe fc bayern frauen❤❤❤❤,1
XcRFyLzeMHI,"Wer A sagt, muss auch B sagen!",13174,628,16,FC Bayern Frauen,@bernd3781,👌,0
XcRFyLzeMHI,"Wer A sagt, muss auch B sagen!",13174,628,16,FC Bayern Frauen,@FrankArndt-d8k,❤❤❤fc bayern frauen ❤❤❤,3
XcRFyLzeMHI,"Wer A sagt, muss auch B sagen!",13174,628,16,FC Bayern Frauen,@monikakretschmann7651,ihr seid mega danke ❤❤❤❤❤😊😊😊😊😊😊,4
XcRFyLzeMHI,"Wer A sagt, muss auch B sagen!",13174,628,16,FC Bayern Frauen,@LarsNeuhaus-t1p,❤🤍,2
XcRFyLzeMHI,"Wer A sagt, muss auch B sagen!",13174,628,16,FC Bayern Frauen,@wolfgangschwarzer3736,👍🏻,2
XcRFyLzeMHI,"Wer A sagt, muss auch B sagen!",13174,628,16,FC Bayern Frauen,@andreapielmeier9271,"...uñd ich sag .... Meeega, ich freu mich sehr 😄👍🏻",5
XcRFyLzeMHI,"Wer A sagt, muss auch B sagen!",13174,628,16,FC Bayern Frauen,@guidokohler5137,❤🤍🫶👍,2
XcRFyLzeMHI,"Wer A sagt, muss auch B sagen!",13174,628,16,FC Bayern Frauen,@monikakretschmann7651,Super freut mich so sehr ❤❤❤❤😊😊😊,7
XcRFyLzeMHI,"Wer A sagt, muss auch B sagen!",13174,628,16,FC Bayern Frauen,@michaelschablewski267,😂😂😂😂😂😂😂😂,0
XcRFyLzeMHI,"Wer A sagt, muss auch B sagen!",13174,628,16,FC Bayern Frauen,@multikulti_fp,😍❤️🤍,2
kq1lmrsdYs8,FC Bayern Frauen verlängern mit Alara Şehitler bis 2027,8576,460,21,FC Bayern Frauen,@FrankArndt-d8k,❤❤❤Glückwunsch ❤❤❤fc bayern frauen ❤❤❤,0
kq1lmrsdYs8,FC Bayern Frauen verlängern mit Alara Şehitler bis 2027,8576,460,21,FC Bayern Frauen,@mariksen,I understand her REALLY well!! ❤❤❤❤❤,0
kq1lmrsdYs8,FC Bayern Frauen verlängern mit Alara Şehitler bis 2027,8576,460,21,FC Bayern Frauen,@AlanCarlosFürst-q5t,Graça a Deus é Perfeito,1
kq1lmrsdYs8,FC Bayern Frauen verlängern mit Alara Şehitler bis 2027,8576,460,21,FC Bayern Frauen,@AlanCarlosFürst-q5t,Gemine,0
kq1lmrsdYs8,FC Bayern Frauen verlängern mit Alara Şehitler bis 2027,8576,460,21,FC Bayern Frauen,@MrPackoTV,Ich freu mich riesig für Alara. Sie ist die Zukunft für Bayern und  Tore schiessen ohne Ende. Einfach super diese Frau. Ich mag Sie sehr gerne.,1
kq1lmrsdYs8,FC Bayern Frauen verlängern mit Alara Şehitler bis 2027,8576,460,21,FC Bayern Frauen,@MrPackoTV,"Das ist gut. Jetzt fehlt noch die Jule Brand und Selina Cerci nach Bayern. Eine TOP amerikanische Nationalspielerin noch und die Aitana Bonmati, Alexia Putelles und die Graham zu Bayern. Vielleicht noch so 3-4 in dieser Kategorie. Dann ist Bayern gut aufgestellt nächste Saison. Nachlegen kann man immer noch. Cora Zicai  auch noch dringend holen.",1
kq1lmrsdYs8,FC Bayern Frauen verlängern mit Alara Şehitler bis 2027,8576,460,21,FC Bayern Frauen,@FCBVIKING1996,Nächste geniale Nachricht,0
kq1lmrsdYs8,FC Bayern Frauen verlängern mit Alara Şehitler bis 2027,8576,460,21,FC Bayern Frauen,@TobiaaDitze-dz2lu,Ja😊😊😊😊,1
kq1lmrsdYs8,FC Bayern Frauen verlängern mit Alara Şehitler bis 2027,8576,460,21,FC Bayern Frauen,@roland.f,2 gute Tage für Bayern München.,0
kq1lmrsdYs8,FC Bayern Frauen verlängern mit Alara Şehitler bis 2027,8576,460,21,FC Bayern Frauen,@muratti72muc,"also das Mittelfeld der Bayern Mädels für die Zukunft steht. Oberndorf auf der 6, Alara auf der 8 und Tanikawa auf der 10. Dazu eine Mahmutovic im Tor, RV Gwinn und Bühl auf links Aussen. Jetzt noch Cora Zicai von Freiburg im Sommer holen als rechts Aussen. Hader hat noch 2-3 gute Jahre dann als Mittelstürmer und für IV hat man auch noch ein wenig Zeit um die Abwehrchefin Glódís zu ersetzen.",2
kq1lmrsdYs8,FC Bayern Frauen verlängern mit Alara Şehitler bis 2027,8576,460,21,FC Bayern Frauen,@brokencardealer1,"Alles Gute Alara, einfach genial das du bei Bayern bleibst.",0
kq1lmrsdYs8,FC Bayern Frauen verlängern mit Alara Şehitler bis 2027,8576,460,21,FC Bayern Frauen,@wolfgangschwarzer3736,👍🏻,0
kq1lmrsdYs8,FC Bayern Frauen verlängern mit Alara Şehitler bis 2027,8576,460,21,FC Bayern Frauen,@Frauenfußball_support,Ich freue mich sehr das du bleibst!! 😍❤️🤍,3
kq1lmrsdYs8,FC Bayern Frauen verlängern mit Alara Şehitler bis 2027,8576,460,21,FC Bayern Frauen,@captainkaracho1421,"In meinen Augen das größte Talent das wir im Deutschen Fußball seit Jahren haben. 
Glückwunsch zur Verlängerung und alles Gute für die Zukunft.",7
kq1lmrsdYs8,FC Bayern Frauen verlängern mit Alara Şehitler bis 2027,8576,460,21,FC Bayern Frauen,@lisanailik3585,Was für eine talentierte junge Spielerin. Wir freuen uns Alara weiterhin im Trikot des FCB wachsen zu sehen.,1
kq1lmrsdYs8,FC Bayern Frauen verlängern mit Alara Şehitler bis 2027,8576,460,21,FC Bayern Frauen,@HiViNewsByRegina111,"Erst Klara, jetzt noch Alara, perfekt. Lieben Gruß und Glück🍀Auf aus Dortmund",5
kq1lmrsdYs8,FC Bayern Frauen verlängern mit Alara Şehitler bis 2027,8576,460,21,FC Bayern Frauen,@sonnya.,"Eine schöne Nachricht jagt die nächste, gestern Klara Bühl und heute Alara.",8
kq1lmrsdYs8,FC Bayern Frauen verlängern mit Alara Şehitler bis 2027,8576,460,21,FC Bayern Frauen,@corocorachannel4235,Noch ein Tor für Bayern! So wichtig ist der Erhalt der Juwele in der Mannschaft,14
UXCn6kypSKo,Rätselraten: ALARA2027 ✍️,4119,279,7,FC Bayern Frauen,@GerhardMCziep-ok9cp,"Hallo Alara, könnten Sie für mich Thomas Müller kontaktieren und um.Hilfe biiten? Ich bin in größter Not, verletzt und habe keine Hilfe, selbst das Krankenhaus weiß keinen Rat...😢",0
UXCn6kypSKo,Rätselraten: ALARA2027 ✍️,4119,279,7,FC Bayern Frauen,@GerhardMCziep-ok9cp,"Hallo Alara, ich wünsche Ihnen alles Gute und stete Gesundheit. Ich bin mir sicher, daß Sie die Mannschaft zum WM Titel führen können...weiter so ❤😊",0
UXCn6kypSKo,Rätselraten: ALARA2027 ✍️,4119,279,7,FC Bayern Frauen,@greenhawk0049,"Tolle Woche, die guten Nachrichten hören gar nicht mehr auf!",5
UXCn6kypSKo,Rätselraten: ALARA2027 ✍️,4119,279,7,FC Bayern Frauen,@Frauenfußball_support,Ich freue mich sehr das du bleibst!! 😍❤️🤍,4
UXCn6kypSKo,Rätselraten: ALARA2027 ✍️,4119,279,7,FC Bayern Frauen,@wreich1244,👍👍👍,0
UXCn6kypSKo,Rätselraten: ALARA2027 ✍️,4119,279,7,FC Bayern Frauen,@ralflottkus7204,Klasse 🎉,4
UXCn6kypSKo,Rätselraten: ALARA2027 ✍️,4119,279,7,FC Bayern Frauen,@JuliusBaumunk,💎💎💎,0
ki59cT9eXfo,Klara Bühl verlängert bis 2027,11497,796,69,FC Bayern Frauen,@AlanCarlosFürst-q5t,"Acho que não vai faltar nada pra criança, é sincera.",0
ki59cT9eXfo,Klara Bühl verlängert bis 2027,11497,796,69,FC Bayern Frauen,@AlanCarlosFürst-q5t,Moro no Brasil,0
ki59cT9eXfo,Klara Bühl verlängert bis 2027,11497,796,69,FC Bayern Frauen,@AlanCarlosFürst-q5t,Amém,0
ki59cT9eXfo,Klara Bühl verlängert bis 2027,11497,796,69,FC Bayern Frauen,@AlanCarlosFürst-q5t,Obrigado,0
ki59cT9eXfo,Klara Bühl verlängert bis 2027,11497,796,69,FC Bayern Frauen,@ric007perfekt4,sooooo geiiiil❤❤❤❤❤❤,0
ki59cT9eXfo,Klara Bühl verlängert bis 2027,11497,796,69,FC Bayern Frauen,@josephrizk9387,Congratulations klara toutes mes salutations respectueuses du Liban et de Chypre 🇨🇾🇨🇾🇨🇾🇱🇧🇱🇧🇱🇧,0
ki59cT9eXfo,Klara Bühl verlängert bis 2027,11497,796,69,FC Bayern Frauen,@DeKall00,"Wenn ich ihr Mann wäre, müsste sie ständig in Mutterschutz 😊",0
ki59cT9eXfo,Klara Bühl verlängert bis 2027,11497,796,69,FC Bayern Frauen,@ecke-eckessi,Cool!,0
ki59cT9eXfo,Klara Bühl verlängert bis 2027,11497,796,69,FC Bayern Frauen,@ericavanzini6035,"Bravo et respect Klara bonne continuation au bayern 
Un supporter français de la Mannschaft et de la Bundesliga Frauen 
Eric",0
ki59cT9eXfo,Klara Bühl verlängert bis 2027,11497,796,69,FC Bayern Frauen,@hajoos.8360,"Schwein gehabt in München. Aber in 2 Jahren ist Uns Klara sicher weg. Und zwar dann, wenn die Bayern vor demselben Umbruch stehen, wie der VFL jetzt.",0
ki59cT9eXfo,Klara Bühl verlängert bis 2027,11497,796,69,FC Bayern Frauen,@danielamispelkamp6414,"Ich persönlich freue mich riesig und bin mir sicher, dass du ein Entscheidungsfaktor für den weiteren erfolgreichen Weg des FCB bist. Das du der Liga erhalten bleibst ist ebenfalls riesig, auch wenn ich es verstanden hätte, wenn du dir einen neuen Herausforderung gestellt hättest. Du hast das Zeug dazu für jede Mannschaft ein Zugewinn zu sein,auf und neben dem Platz.",0
ki59cT9eXfo,Klara Bühl verlängert bis 2027,11497,796,69,FC Bayern Frauen,@marius-goat-87,Die FC Bayern Frauen treffen unglaublich gute Entscheidungen. Ganz tolles Team. Klara für mich eine der Top 5 Spielerinnen weltweit. Bin mega happy. Höre immer gut auf deinen Bauch. Danke Klara.,0
ki59cT9eXfo,Klara Bühl verlängert bis 2027,11497,796,69,FC Bayern Frauen,@norbertmaes6083,"Gott sei Dank, die wichtigste Weiterverpflichtung überhaupt! ❤",0
ki59cT9eXfo,Klara Bühl verlängert bis 2027,11497,796,69,FC Bayern Frauen,@hubertlettenbauer7894,"Ich glaube es gibt nicht viele bessere Spielerinnen in Europa! Sie ist so wichtig für Bayern, mega dass sie verlängert hat!!! ❤🤩👍✨",1
ki59cT9eXfo,Klara Bühl verlängert bis 2027,11497,796,69,FC Bayern Frauen,@guidokohler5137,Richtige Entscheidung Klara ❤🤍🫶,0
ki59cT9eXfo,Klara Bühl verlängert bis 2027,11497,796,69,FC Bayern Frauen,@Zossel99,Warum gibt es im Frauenfußball meist nur so kurze Verträge?,1
ki59cT9eXfo,Klara Bühl verlängert bis 2027,11497,796,69,FC Bayern Frauen,@Dutchmancaptain,"Genial, daß sie bleibt! Und jetzt noch Jule Brand verpflichten, dann haben wir das Robbery der Frauen!",0
ki59cT9eXfo,Klara Bühl verlängert bis 2027,11497,796,69,FC Bayern Frauen,@bernd3781,"Super! ""Win-Win"" für beide! 🫶Mia San Mia!",0
ki59cT9eXfo,Klara Bühl verlängert bis 2027,11497,796,69,FC Bayern Frauen,@didierboutet2494,J'adore cette jolie et talentueuse joueuse.,1
ki59cT9eXfo,Klara Bühl verlängert bis 2027,11497,796,69,FC Bayern Frauen,@heikomeyer3386,Freu mich!,0
ki59cT9eXfo,Klara Bühl verlängert bis 2027,11497,796,69,FC Bayern Frauen,@Dusse78,"Super Entscheidung 👌… du passt perfekt zum Team und Verein!!! Wir sind froh dass du verlängert hast, Klara.",0
ki59cT9eXfo,Klara Bühl verlängert bis 2027,11497,796,69,FC Bayern Frauen,@stevenherkert2421,Du treibst die anderen Mannschaften weiterhin im Trikot der Bayern zur Verzweiflung. Danke Klara,0
ki59cT9eXfo,Klara Bühl verlängert bis 2027,11497,796,69,FC Bayern Frauen,@sammySHD,DANKEschön ‼️ liebe Fußball ⚽️ Spielerin Klara Bühl (17) dass sie ihren auslaufenden Vertrag verlängert haben ‼️ 💚,2
ki59cT9eXfo,Klara Bühl verlängert bis 2027,11497,796,69,FC Bayern Frauen,@kathysalu,Ja! Ja! JAAAAAAAA!,0
ki59cT9eXfo,Klara Bühl verlängert bis 2027,11497,796,69,FC Bayern Frauen,@KaBu_FCB,"Absolut top, richtige Entscheidung! Der FC Bayern Frauen und die Bundesliga können/müssen weiter wachsen und es ist das richtige Zeichen, dass so eine Spielerin weiterhin in Deutschland und beim FCB spielt.",1
ki59cT9eXfo,Klara Bühl verlängert bis 2027,11497,796,69,FC Bayern Frauen,@FrankArndt-d8k,Jawohl danke klara bühl ❤❤❤,0
ki59cT9eXfo,Klara Bühl verlängert bis 2027,11497,796,69,FC Bayern Frauen,@christianeschubert9428,"Ich freue mich sehr, dass Du deinen Vertrag verlängert hast🎉❤😂❤",0
ki59cT9eXfo,Klara Bühl verlängert bis 2027,11497,796,69,FC Bayern Frauen,@dietmarraffke7326,"Super Spielerin, top Verein.  Danke für die Verlängerung ❤❤❤",0
ki59cT9eXfo,Klara Bühl verlängert bis 2027,11497,796,69,FC Bayern Frauen,@blackbeard63,Superb player glad she is staying.,0
ki59cT9eXfo,Klara Bühl verlängert bis 2027,11497,796,69,FC Bayern Frauen,@liilianfanbayernmunchen,"Otima renovacão , nossa querida e amada Klara Bühl 🥰😍 ⚽  ❤🤍 👏🏻👏🏻👏🏻",2
ki59cT9eXfo,Klara Bühl verlängert bis 2027,11497,796,69,FC Bayern Frauen,@MrPackoTV,"Super Klara, das war eine schöne Nachricht heute. Bayern braucht dich. Du bist super.",12
ki59cT9eXfo,Klara Bühl verlängert bis 2027,11497,796,69,FC Bayern Frauen,@TotoHarry1000,Oh wie geil und ich dachte schon sie geht.   🥳🥳🥳😊😊😊,0
ki59cT9eXfo,Klara Bühl verlängert bis 2027,11497,796,69,FC Bayern Frauen,@danielweb13,Durch die vielen Gerüchte die entstanden sind hatte ich so langsam vermutet das sie bleiben wird. Wir freuen uns das wir dich noch 2 Weitere Jahre beim FC Bayern haben!,2
ki59cT9eXfo,Klara Bühl verlängert bis 2027,11497,796,69,FC Bayern Frauen,@AlfonsO-x2g,Das ist doch mal eine positive Nachricht!!! 👍❤,0
ki59cT9eXfo,Klara Bühl verlängert bis 2027,11497,796,69,FC Bayern Frauen,@wreich1244,"Tolle Nachrich!
Jetzt bitte auch mit Alara verlängern!!!!",1
ki59cT9eXfo,Klara Bühl verlängert bis 2027,11497,796,69,FC Bayern Frauen,@AnatoliWolf,"Beste Entscheidung für DFB und FCB. Viel Erfolg, gute 
Spile one Verletzungen 
Wünsche Dir",1
ki59cT9eXfo,Klara Bühl verlängert bis 2027,11497,796,69,FC Bayern Frauen,@jodellkesterseegobin2039,"Klara and Syd are very good friends, Klara gets along well with the people in the club and she is an automatic starter. There was very little chance that she would leave Bayern anytime soon. ❤️🤍❤️

Also, Francisco De Sá Fardilha's contributions since joining Bayern have been underrated. Thank you for the work you have been doing, especially helping Bayern get Momoko 💪🏼",1
ki59cT9eXfo,Klara Bühl verlängert bis 2027,11497,796,69,FC Bayern Frauen,@FrugalRanger,Gute Entscheidung von Klara und vom Verein!,1
ki59cT9eXfo,Klara Bühl verlängert bis 2027,11497,796,69,FC Bayern Frauen,@paolobianconi495,Brava,0
ki59cT9eXfo,Klara Bühl verlängert bis 2027,11497,796,69,FC Bayern Frauen,@Aditya_Raj123,Yessssss🔥🔥,2
ki59cT9eXfo,Klara Bühl verlängert bis 2027,11497,796,69,FC Bayern Frauen,@salembookworm,"So erleichtert, dass Klara in München bleibt! <3",10
ki59cT9eXfo,Klara Bühl verlängert bis 2027,11497,796,69,FC Bayern Frauen,@wolfgangschwarzer3736,👍🏻,1
ki59cT9eXfo,Klara Bühl verlängert bis 2027,11497,796,69,FC Bayern Frauen,@Frauenfußball_support,ich freue mich sehr das du bleibst!! ❤❤,6
ki59cT9eXfo,Klara Bühl verlängert bis 2027,11497,796,69,FC Bayern Frauen,@Tatamo1989,nur bis 2027 ?,4
ki59cT9eXfo,Klara Bühl verlängert bis 2027,11497,796,69,FC Bayern Frauen,@ELROYALE,Epic 👌,0
ki59cT9eXfo,Klara Bühl verlängert bis 2027,11497,796,69,FC Bayern Frauen,@lisanailik3585,Sehr gute Entscheidung Klara! Du gehörst einfach zum FCB. Wir freuen uns dich weiterhin im deutschen Frauenfußball wachsen zu sehen!,30
ki59cT9eXfo,Klara Bühl verlängert bis 2027,11497,796,69,FC Bayern Frauen,@Calimero444,mia san mia,1
ki59cT9eXfo,Klara Bühl verlängert bis 2027,11497,796,69,FC Bayern Frauen,@amazonja75,Jaa ❤❤❤,2
ki59cT9eXfo,Klara Bühl verlängert bis 2027,11497,796,69,FC Bayern Frauen,@GuttataPlayz,Na eeeeendlich 🤗,3
ki59cT9eXfo,Klara Bühl verlängert bis 2027,11497,796,69,FC Bayern Frauen,@TobiaaDitze-dz2lu,Ja ❤❤❤❤❤,4
ki59cT9eXfo,Klara Bühl verlängert bis 2027,11497,796,69,FC Bayern Frauen,@dominikbenz8349,Mega cool mega schön freu mich,3
ki59cT9eXfo,Klara Bühl verlängert bis 2027,11497,796,69,FC Bayern Frauen,@corocorachannel4235,Das freut mich riesig!!! Cheers!🍾,3
ki59cT9eXfo,Klara Bühl verlängert bis 2027,11497,796,69,FC Bayern Frauen,@forsik3r648,Lets Go. Ich freue mich einfach sie weiterhin bei uns zu haben. Mia san Mia.,8
zmFh6TQrRG4,Bis 2027: Wenn Kreativspielerin Klara Bühl kreativ wird,5349,385,19,FC Bayern Frauen,@hajoos.8360,"Uns Klara ist das Synonym für die N11. Mit 18 Jahren bereits Geschichte geschrieben. Bühl, scoring at Wembley https://youtu.be/jHs8Tp6R0CY",0
zmFh6TQrRG4,Bis 2027: Wenn Kreativspielerin Klara Bühl kreativ wird,5349,385,19,FC Bayern Frauen,@AlanCarlosFürst-q5t,Fürst Van  Bismarck já nasceu numa Família Rica Alemã,0
zmFh6TQrRG4,Bis 2027: Wenn Kreativspielerin Klara Bühl kreativ wird,5349,385,19,FC Bayern Frauen,@Castillo_19,❤️🤍,0
zmFh6TQrRG4,Bis 2027: Wenn Kreativspielerin Klara Bühl kreativ wird,5349,385,19,FC Bayern Frauen,@ingolfby,"Respekt. Gute Entscheidung, wenngleich für den Menschen und Sportler Bühl der Weg, z. B. nach Barcelona, ein signifikanter Schritt gewesen wäre, wovon auch die Nationalmannschaft hätte partizipieren können. Schade.",0
zmFh6TQrRG4,Bis 2027: Wenn Kreativspielerin Klara Bühl kreativ wird,5349,385,19,FC Bayern Frauen,@Frauenfußball_support,ich freue mich sehr das du bleibst!! ❤🤍,10
zmFh6TQrRG4,Bis 2027: Wenn Kreativspielerin Klara Bühl kreativ wird,5349,385,19,FC Bayern Frauen,@KaiserWilhelm-i1b,"Das ist sehr gut das Klara in  München bleibt, weil sie für mich die Weltbeste Spielerin auf der linken Seite ist.",3
zmFh6TQrRG4,Bis 2027: Wenn Kreativspielerin Klara Bühl kreativ wird,5349,385,19,FC Bayern Frauen,@davewright8206,"i am glad , one of the best players in germany (im being diplomatic!)",4
zmFh6TQrRG4,Bis 2027: Wenn Kreativspielerin Klara Bühl kreativ wird,5349,385,19,FC Bayern Frauen,@romanhaschke9898,"Hammergeil... Ich liebe Dich, Klara...🤣",3
zmFh6TQrRG4,Bis 2027: Wenn Kreativspielerin Klara Bühl kreativ wird,5349,385,19,FC Bayern Frauen,@psychedelic951,"schön das sie verlängert hat, aber warum nur 2 jahre ? dann geht das selbe in einem jahr wieder los",4
zmFh6TQrRG4,Bis 2027: Wenn Kreativspielerin Klara Bühl kreativ wird,5349,385,19,FC Bayern Frauen,@Tribble6hatch,nice !,2
zmFh6TQrRG4,Bis 2027: Wenn Kreativspielerin Klara Bühl kreativ wird,5349,385,19,FC Bayern Frauen,@sonnya.,Schöne Nachricht,2
zmFh6TQrRG4,Bis 2027: Wenn Kreativspielerin Klara Bühl kreativ wird,5349,385,19,FC Bayern Frauen,@chrisforever1255,"PERFEKT! Freue mich sehr darüber!
Grüße aus Hamm/Westfalen",5
zmFh6TQrRG4,Bis 2027: Wenn Kreativspielerin Klara Bühl kreativ wird,5349,385,19,FC Bayern Frauen,@dominikbenz8349,Hammer Video mega  cool freu mich  sieht mega aus  freu  mich das klara verlängert hat,3
zmFh6TQrRG4,Bis 2027: Wenn Kreativspielerin Klara Bühl kreativ wird,5349,385,19,FC Bayern Frauen,@forsik3r648,JAAAAAAAAAAAAA. Leider nur für 2 JAhre aber sie bleibt in Minga. So wichtig eine gestandene Nationalspielerin halten zu können.,5
zmFh6TQrRG4,Bis 2027: Wenn Kreativspielerin Klara Bühl kreativ wird,5349,385,19,FC Bayern Frauen,@laura_freigangg,She's staying home❤️🤍,4
zmFh6TQrRG4,Bis 2027: Wenn Kreativspielerin Klara Bühl kreativ wird,5349,385,19,FC Bayern Frauen,@CKMS234,"Yes!!! Sau guad, dass sie beim FCB bleibt!",10
XZ_BP30ZVpk,Klara #Bühl 🤝 Sydney #Lohmann 💯 #FCBayern #FCBFrauen #MiaSanMia,7724,371,5,FC Bayern Frauen,@ric007perfekt4,Geil❤❤❤,0
XZ_BP30ZVpk,Klara #Bühl 🤝 Sydney #Lohmann 💯 #FCBayern #FCBFrauen #MiaSanMia,7724,371,5,FC Bayern Frauen,@abreuadriano9776,Félicitations,0
XZ_BP30ZVpk,Klara #Bühl 🤝 Sydney #Lohmann 💯 #FCBayern #FCBFrauen #MiaSanMia,7724,371,5,FC Bayern Frauen,@hajoos.8360,"Tja, tolles Tor, war aber Abseits.",0
XZ_BP30ZVpk,Klara #Bühl 🤝 Sydney #Lohmann 💯 #FCBayern #FCBFrauen #MiaSanMia,7724,371,5,FC Bayern Frauen,@DL18234,"Bin nächste Woche bei euch,und trage das 125jahr Trikot,Mädels wer mit Wölfen kämpfen will,muss zum Wolf werden,schönes Tor von dir Syd hab jahrelang bei SV Olympia Bad schwartau gespielt",1
XZ_BP30ZVpk,Klara #Bühl 🤝 Sydney #Lohmann 💯 #FCBayern #FCBFrauen #MiaSanMia,7724,371,5,FC Bayern Frauen,@bernd3781,"""Syd the kid!!💪😅 
(Sydney die Tor-Killerin! - in Anlehnung an die NHL  Eishockey Legende Sidney Crosby ""Sid the Kid"" 😅)",1
Q3OjCdPdKvI,Der große Generationen-Vergleich von Alara & Linda | Internationaler Weltfrauentag,13577,601,37,FC Bayern Frauen,@real-sausia,Alara find ich is trotz ihres jungen Alters schon eine unfassbar beeindruckende Spielerin. ❤️‍🔥,4
Q3OjCdPdKvI,Der große Generationen-Vergleich von Alara & Linda | Internationaler Weltfrauentag,13577,601,37,FC Bayern Frauen,@oberspekulant1,"Ein wirklich sympathisches Video! 
Man spürt die Leidenschaft der beiden zum Fußball. Beeindruckend finde ich, wie die unterschiedlichen Generationen von Fußballerinnen durch das Alter der beiden Spielerinnen deutlich werden – ein schöner Einblick, wie sich der Fußball über die Jahre entwickelt hat, aber die Begeisterung dafür immer gleich bleibt. 
Alaras Anekdote aus der Kindheit: „Wenn ich mit Frauen spielen muss, höre ich auf Fußball zu spielen.“ vs. Linda ""never played with boys""😆.
Ich wünsche euch, dass ihr den Fußball ein Leben lang im Herzen tragt.",2
Q3OjCdPdKvI,Der große Generationen-Vergleich von Alara & Linda | Internationaler Weltfrauentag,13577,601,37,FC Bayern Frauen,@TotoHarry1000,Linda sieht wirklich toll aus mit ihren 38 Jahren ich selbst bin 41.    😊👍🏼,0
Q3OjCdPdKvI,Der große Generationen-Vergleich von Alara & Linda | Internationaler Weltfrauentag,13577,601,37,FC Bayern Frauen,@dermade83,"I feel there's another reason Linda didn't want to talk about the 2016 olympic final. 😬

I feel so mean.",2
Q3OjCdPdKvI,Der große Generationen-Vergleich von Alara & Linda | Internationaler Weltfrauentag,13577,601,37,FC Bayern Frauen,@Aditya_Raj123,Fastest 19 mins ever😅❤.,1
Q3OjCdPdKvI,Der große Generationen-Vergleich von Alara & Linda | Internationaler Weltfrauentag,13577,601,37,FC Bayern Frauen,@sabsmm,😍,1
Q3OjCdPdKvI,Der große Generationen-Vergleich von Alara & Linda | Internationaler Weltfrauentag,13577,601,37,FC Bayern Frauen,@multikulti_fp,Tolles Interwiev😍,6
Q3OjCdPdKvI,Der große Generationen-Vergleich von Alara & Linda | Internationaler Weltfrauentag,13577,601,37,FC Bayern Frauen,@tinglinchou,"ICH HABE EINE BAYER MUCHEN FC JERSY.....
KEIN FRAUEN....SORRY....WHERE CAN BUY ?
PUTELLAS ! MY WAR GODDNESS......WHEN BAR MEET BAYER IM.......STUDIM....?",0
Q3OjCdPdKvI,Der große Generationen-Vergleich von Alara & Linda | Internationaler Weltfrauentag,13577,601,37,FC Bayern Frauen,@katieprincesse,This is such a great video and a wonderful way to show how much things have changed in such a relatively short time but how much things have stayed the same too,9
Q3OjCdPdKvI,Der große Generationen-Vergleich von Alara & Linda | Internationaler Weltfrauentag,13577,601,37,FC Bayern Frauen,@phqnomenon,alara should keep up her English classes you can tell the age difference in the language proficiency,2
Q3OjCdPdKvI,Der große Generationen-Vergleich von Alara & Linda | Internationaler Weltfrauentag,13577,601,37,FC Bayern Frauen,@klaus7227,Sehr spannendes Gespräch mit Substanz!,9
Q3OjCdPdKvI,Der große Generationen-Vergleich von Alara & Linda | Internationaler Weltfrauentag,13577,601,37,FC Bayern Frauen,@KarlKahrmann,Ist jetzt Englisch unsere Amtssprache oder was ‼️,2
Q3OjCdPdKvI,Der große Generationen-Vergleich von Alara & Linda | Internationaler Weltfrauentag,13577,601,37,FC Bayern Frauen,@UltraHD.7,Tolles Video mit 2 überaus sympathischen Frauen! Das Generationen-Konzept war sehr interessant.,18
Q3OjCdPdKvI,Der große Generationen-Vergleich von Alara & Linda | Internationaler Weltfrauentag,13577,601,37,FC Bayern Frauen,@DjNicki24,Ein schönes Video,5
Q3OjCdPdKvI,Der große Generationen-Vergleich von Alara & Linda | Internationaler Weltfrauentag,13577,601,37,FC Bayern Frauen,@cybeam1,Linda mentioning the 2011 World Cup is interesting because the Nadeshiko Japan winning the 2011 WC was what motivated Momo to set her goal to become professional footballer as she mentioned in an interview in Japan lately. And now people in Japan get up in the middle of the night to watch her playing for Bayern on DAZN.,37
Q3OjCdPdKvI,Der große Generationen-Vergleich von Alara & Linda | Internationaler Weltfrauentag,13577,601,37,FC Bayern Frauen,@hajoos.8360,"Ja, vielleicht spielen die Bayern-Grazien mal im Grünwalder & die B-Männer im Campus. Das wäre doch mal eine sichtbare Entwicklung.",4
D4QeR6IuoZ4,„Mehr als 90 Minuten presented by Allianz“ 🎬 Staffel 2 der FC Bayern Frauen-Doku,13106,327,9,FC Bayern Frauen,@kurdel9114,mahmutovic muss einfach immer kommen und ihr müsst auf powerplay umstellen und kein ballbesitz fussball,0
D4QeR6IuoZ4,„Mehr als 90 Minuten presented by Allianz“ 🎬 Staffel 2 der FC Bayern Frauen-Doku,13106,327,9,FC Bayern Frauen,@TommyWichmann,Hallo Bayern Mädels.....freu mich schon riesig auf die 2 Staffel und hab sooooo Bock Euch wieder Live auf dem Feld zu sehen und mir die Lunge aus dem Hals zu schreien......Mia San Mia ❤❤,2
D4QeR6IuoZ4,„Mehr als 90 Minuten presented by Allianz“ 🎬 Staffel 2 der FC Bayern Frauen-Doku,13106,327,9,FC Bayern Frauen,@sonnya.,"Wow, mit einer 2. Staffel habe ich gar nicht gerechnet, umso schöner die Überraschung. Freue mich schon auf Montag.",5
D4QeR6IuoZ4,„Mehr als 90 Minuten presented by Allianz“ 🎬 Staffel 2 der FC Bayern Frauen-Doku,13106,327,9,FC Bayern Frauen,@marcuslenzen,Macht jetzt schon Bock auf mehr.,1
D4QeR6IuoZ4,„Mehr als 90 Minuten presented by Allianz“ 🎬 Staffel 2 der FC Bayern Frauen-Doku,13106,327,9,FC Bayern Frauen,@Calimero444,Geil ^^,1
D4QeR6IuoZ4,„Mehr als 90 Minuten presented by Allianz“ 🎬 Staffel 2 der FC Bayern Frauen-Doku,13106,327,9,FC Bayern Frauen,@supportthesoccer,Wie ich mich freue ♥♥,0
D4QeR6IuoZ4,„Mehr als 90 Minuten presented by Allianz“ 🎬 Staffel 2 der FC Bayern Frauen-Doku,13106,327,9,FC Bayern Frauen,@dominikbenz8349,Hammer Video mega cool  freu mich  bin gespannt  Highlight des Tages ❤Dreamteam.,3
D4QeR6IuoZ4,„Mehr als 90 Minuten presented by Allianz“ 🎬 Staffel 2 der FC Bayern Frauen-Doku,13106,327,9,FC Bayern Frauen,@Frauenfußball_support,❤❤❤,2
K0Hw4pdmhz8,"Well, who doesn’t love the food from home! 🍕🥨🍛 #FCBayern #FCBFrauen #MiaSanMia",5541,298,8,FC Bayern Frauen,@AlanCarlosFürst-q5t,Vou dormir contando carneirinhos com um timão desse,0
K0Hw4pdmhz8,"Well, who doesn’t love the food from home! 🍕🥨🍛 #FCBayern #FCBFrauen #MiaSanMia",5541,298,8,FC Bayern Frauen,@AlanCarlosFürst-q5t,Dinastia Alemã,0
K0Hw4pdmhz8,"Well, who doesn’t love the food from home! 🍕🥨🍛 #FCBayern #FCBFrauen #MiaSanMia",5541,298,8,FC Bayern Frauen,@AlanCarlosFürst-q5t,Que horas são? Aí,0
K0Hw4pdmhz8,"Well, who doesn’t love the food from home! 🍕🥨🍛 #FCBayern #FCBFrauen #MiaSanMia",5541,298,8,FC Bayern Frauen,@sandrapatriciaoriguarios4589,Sembrandt deserves a medal! Abba is definitely one of the best things from Sweden!,0
K0Hw4pdmhz8,"Well, who doesn’t love the food from home! 🍕🥨🍛 #FCBayern #FCBFrauen #MiaSanMia",5541,298,8,FC Bayern Frauen,@TotoHarry1000,"Schön, dass Mala wieder dabei ist. Bleib weiterhin gesund.   🙏🏼🍀🎁🌞♥️",1
K0Hw4pdmhz8,"Well, who doesn’t love the food from home! 🍕🥨🍛 #FCBayern #FCBFrauen #MiaSanMia",5541,298,8,FC Bayern Frauen,@ric007perfekt4,jaaaaa❤,0
K0Hw4pdmhz8,"Well, who doesn’t love the food from home! 🍕🥨🍛 #FCBayern #FCBFrauen #MiaSanMia",5541,298,8,FC Bayern Frauen,@DL18234,"Bin ein pizza freak,und da ich bäcker bin mach ich mein pizzateig immer selber❤️🤍",0
K0Hw4pdmhz8,"Well, who doesn’t love the food from home! 🍕🥨🍛 #FCBayern #FCBFrauen #MiaSanMia",5541,298,8,FC Bayern Frauen,@Daniel85-o2v,Sympathisch ah das Bier noch das hab ich vergessen 😂😂😂 eine Frau mit Geschmack,6
0pzuQRXlzTY,Either or... Italy edition with Arianna Caruso 😄🇮🇹🤌#FCBayern #MiaSanMia,5025,302,6,FC Bayern Frauen,@ric007perfekt4,❤❤❤❤❤,0
0pzuQRXlzTY,Either or... Italy edition with Arianna Caruso 😄🇮🇹🤌#FCBayern #MiaSanMia,5025,302,6,FC Bayern Frauen,@TobiaaDitze-dz2lu,Ja,1
0pzuQRXlzTY,Either or... Italy edition with Arianna Caruso 😄🇮🇹🤌#FCBayern #MiaSanMia,5025,302,6,FC Bayern Frauen,@TotoHarry1000,"Sympathisch, freundlich und charmant so wie es fast alle Italiener sind ich liebe das Land, Leute und die Kultur dort.   ❤❤❤",7
0pzuQRXlzTY,Either or... Italy edition with Arianna Caruso 😄🇮🇹🤌#FCBayern #MiaSanMia,5025,302,6,FC Bayern Frauen,@brokencardealer1,Welcome Arianna,7
0pzuQRXlzTY,Either or... Italy edition with Arianna Caruso 😄🇮🇹🤌#FCBayern #MiaSanMia,5025,302,6,FC Bayern Frauen,@robyk6944,FC Bayern.  So you can go to work and I will.  Food 😅 women,1
0pzuQRXlzTY,Either or... Italy edition with Arianna Caruso 😄🇮🇹🤌#FCBayern #MiaSanMia,5025,302,6,FC Bayern Frauen,@robyk6944,FC Bayern series on the house. So you can go back to the best of the best 😂 food,3
RP_UiNruHuc,Only strong opponents in the #UWCL draw tomorrow. 😮‍💨 But we are one of them! 💪,3172,191,2,FC Bayern Frauen,@ric007perfekt4,Super caro❤❤❤❤,1
RP_UiNruHuc,Only strong opponents in the #UWCL draw tomorrow. 😮‍💨 But we are one of them! 💪,3172,191,2,FC Bayern Frauen,@MrIcelander,Öhm...Wolfsburg?! 🤨,0
XH-KMkl6voo,"Servus, Arianna | FCB-Frauen verpflichten Arianna Caruso",16134,501,38,FC Bayern Frauen,@MrPackoTV,Sehr schön!  Arianna ich freue mich für dich. Tolle Spielerin. Perfekte Frau. Einfach super. Jetzt hat Sie auch 2 deutsche Pokale.,0
XH-KMkl6voo,"Servus, Arianna | FCB-Frauen verpflichten Arianna Caruso",16134,501,38,FC Bayern Frauen,@vincenzocelino6601,"Ariana sei brav👍🏻🤍🖤🫶🏻😊  Bayern  ist die      Deutch JUVENTUS,   HIER   bist du zu hause ❤️🤍❤️🤍❤️🤍❤️🤍❤️👏🏻",0
XH-KMkl6voo,"Servus, Arianna | FCB-Frauen verpflichten Arianna Caruso",16134,501,38,FC Bayern Frauen,@MetroversalDesign,"She is a true gem, please take really good care of her! Ci mancherai Arianna, in bocca al lupo! ❤❤❤",3
XH-KMkl6voo,"Servus, Arianna | FCB-Frauen verpflichten Arianna Caruso",16134,501,38,FC Bayern Frauen,@andreasgobert419,Una calciatrice romana in terra bavarese . Grande Arianna Caruso,0
XH-KMkl6voo,"Servus, Arianna | FCB-Frauen verpflichten Arianna Caruso",16134,501,38,FC Bayern Frauen,@andre_1993-r7s,🤩❤️❤️,1
XH-KMkl6voo,"Servus, Arianna | FCB-Frauen verpflichten Arianna Caruso",16134,501,38,FC Bayern Frauen,@hubertlettenbauer7894,Eine fantastische Verpflichtung!!! 🤩 Eine SUPER Spielerin und mega sympathisch! ❤🥰👍✨,4
XH-KMkl6voo,"Servus, Arianna | FCB-Frauen verpflichten Arianna Caruso",16134,501,38,FC Bayern Frauen,@TobiaaDitze-dz2lu,Ja❤❤❤❤❤❤,3
XH-KMkl6voo,"Servus, Arianna | FCB-Frauen verpflichten Arianna Caruso",16134,501,38,FC Bayern Frauen,@willfuchs3689,I only know her because of EAFC😂,0
XH-KMkl6voo,"Servus, Arianna | FCB-Frauen verpflichten Arianna Caruso",16134,501,38,FC Bayern Frauen,@thebestianwilman995,Herzlich willkommen in der Familie Arianna!,0
XH-KMkl6voo,"Servus, Arianna | FCB-Frauen verpflichten Arianna Caruso",16134,501,38,FC Bayern Frauen,@RespecTheLevYT,What a signing! Bayern might go far in Womens UCL this season.,1
XH-KMkl6voo,"Servus, Arianna | FCB-Frauen verpflichten Arianna Caruso",16134,501,38,FC Bayern Frauen,@stefanoalessandrocuni9515,Contento che una figlia di Roma e  romanista  abbia lasciato quei colori... le auguro il meglio,0
XH-KMkl6voo,"Servus, Arianna | FCB-Frauen verpflichten Arianna Caruso",16134,501,38,FC Bayern Frauen,@ecke-eckessi,Servus!,0
XH-KMkl6voo,"Servus, Arianna | FCB-Frauen verpflichten Arianna Caruso",16134,501,38,FC Bayern Frauen,@ric007perfekt4,perfekt❤❤❤❤,1
XH-KMkl6voo,"Servus, Arianna | FCB-Frauen verpflichten Arianna Caruso",16134,501,38,FC Bayern Frauen,@darkbubble992,"Top-Verstärkung, auch wenn das zentrale Mittelfeld damit schon sehr dicht wird, wenn Zadrazil/Oberdorf/Stanway alle wieder fit sind. Wenn man der Juve-Website glauben darf, ist das ganze ja nicht nur ein Leihgeschäft, sondern mit einem verpflichtenden Kauf anschließend verbunden. Warum findet man dazu keinerlei Informationen von Bayern-Seite?",0
XH-KMkl6voo,"Servus, Arianna | FCB-Frauen verpflichten Arianna Caruso",16134,501,38,FC Bayern Frauen,@mrjke007,Brilliant signing 👍🏾,1
XH-KMkl6voo,"Servus, Arianna | FCB-Frauen verpflichten Arianna Caruso",16134,501,38,FC Bayern Frauen,@Feter-k6o,"Herzlich willkommen, Arianna!",2
XH-KMkl6voo,"Servus, Arianna | FCB-Frauen verpflichten Arianna Caruso",16134,501,38,FC Bayern Frauen,@davewright8206,"nice , ive aways rated her",0
XH-KMkl6voo,"Servus, Arianna | FCB-Frauen verpflichten Arianna Caruso",16134,501,38,FC Bayern Frauen,@rosariotesta3570,Ciao Arianna grazie di tutto...buona fortuna per  la tua nuova avventura (al Bayern Monaco)Ciao capitano... e forza Juve sempre fino alla fine.👋,7
XH-KMkl6voo,"Servus, Arianna | FCB-Frauen verpflichten Arianna Caruso",16134,501,38,FC Bayern Frauen,@KarymGaglio,😂,0
XH-KMkl6voo,"Servus, Arianna | FCB-Frauen verpflichten Arianna Caruso",16134,501,38,FC Bayern Frauen,@phloHbaeLI,Super Verstärkung. Bin gespannt wie sie sich ins Team einfügt.,2
XH-KMkl6voo,"Servus, Arianna | FCB-Frauen verpflichten Arianna Caruso",16134,501,38,FC Bayern Frauen,@FCBVIKING1996,Sehr geiler transfer,2
XH-KMkl6voo,"Servus, Arianna | FCB-Frauen verpflichten Arianna Caruso",16134,501,38,FC Bayern Frauen,@inotoni6148,"Oha, Stanway wird aber besorgt sein.",0
XH-KMkl6voo,"Servus, Arianna | FCB-Frauen verpflichten Arianna Caruso",16134,501,38,FC Bayern Frauen,@tired-dev,Welcome to Bayern,1
XH-KMkl6voo,"Servus, Arianna | FCB-Frauen verpflichten Arianna Caruso",16134,501,38,FC Bayern Frauen,@TommyWichmann,Hallo Arianna.....Welcome to FC Bayern München.....ich hoffe wir werden dich bald auf dem Feld sehen.... viel Spaß in München und viel Glück 👍❤️,6
XH-KMkl6voo,"Servus, Arianna | FCB-Frauen verpflichten Arianna Caruso",16134,501,38,FC Bayern Frauen,@norbertkowol2305,❤❤❤,0
XH-KMkl6voo,"Servus, Arianna | FCB-Frauen verpflichten Arianna Caruso",16134,501,38,FC Bayern Frauen,@Tribble6hatch,Super !,3
XH-KMkl6voo,"Servus, Arianna | FCB-Frauen verpflichten Arianna Caruso",16134,501,38,FC Bayern Frauen,@TobiaaDitze-dz2lu,Ja,1
XH-KMkl6voo,"Servus, Arianna | FCB-Frauen verpflichten Arianna Caruso",16134,501,38,FC Bayern Frauen,@DjNicki24,Her❤willkommen,2
XH-KMkl6voo,"Servus, Arianna | FCB-Frauen verpflichten Arianna Caruso",16134,501,38,FC Bayern Frauen,@DL18234,Hallo willkomm beim FCB hab Spaß Freude und eine schöne Zeit ❤️🤍,0
XH-KMkl6voo,"Servus, Arianna | FCB-Frauen verpflichten Arianna Caruso",16134,501,38,FC Bayern Frauen,@Morgowitch,"Okay, bin sehr gespannt, ein spielstarkes Mittelfeld wäre sehr wünschenswert.",0
XH-KMkl6voo,"Servus, Arianna | FCB-Frauen verpflichten Arianna Caruso",16134,501,38,FC Bayern Frauen,@يومياتزنوبةالمحبوبة,❤❤❤,0
XH-KMkl6voo,"Servus, Arianna | FCB-Frauen verpflichten Arianna Caruso",16134,501,38,FC Bayern Frauen,@hajoos.8360,Sie müßte ja auch singen können.....,1
XH-KMkl6voo,"Servus, Arianna | FCB-Frauen verpflichten Arianna Caruso",16134,501,38,FC Bayern Frauen,@يومياتزنوبةالمحبوبة,❤❤❤,2
cWqVvHMCZl4,Who can stop it at exactly 3️⃣ seconds?! 😁⏱️,10495,468,13,FC Bayern Frauen,@ric007perfekt4,Ihr seid soooo süüüüüß❤❤❤❤❤,0
cWqVvHMCZl4,Who can stop it at exactly 3️⃣ seconds?! 😁⏱️,10495,468,13,FC Bayern Frauen,@raistormrs,probierts mal so: start- eineintausend zweieintausend dreieintausend -stop.,0
cWqVvHMCZl4,Who can stop it at exactly 3️⃣ seconds?! 😁⏱️,10495,468,13,FC Bayern Frauen,@inefable_6879,"lol! please, moro of these videos",0
cWqVvHMCZl4,Who can stop it at exactly 3️⃣ seconds?! 😁⏱️,10495,468,13,FC Bayern Frauen,@valdanohutapea,"Ah No answer, it's my last comment I think 😂",0
cWqVvHMCZl4,Who can stop it at exactly 3️⃣ seconds?! 😁⏱️,10495,468,13,FC Bayern Frauen,@valdanohutapea,Never bored looking Ronja Gwinn 😂,2
cWqVvHMCZl4,Who can stop it at exactly 3️⃣ seconds?! 😁⏱️,10495,468,13,FC Bayern Frauen,@danielweb13,Syd aber voll Clean,2
cWqVvHMCZl4,Who can stop it at exactly 3️⃣ seconds?! 😁⏱️,10495,468,13,FC Bayern Frauen,@valdanohutapea,"Guys how to watching frauen Bundesliga, Vision don't stream it, I will uninstall next season",0
cWqVvHMCZl4,Who can stop it at exactly 3️⃣ seconds?! 😁⏱️,10495,468,13,FC Bayern Frauen,@valdanohutapea,Giulia Ronja Gwinn. Ronja 😂,1
cWqVvHMCZl4,Who can stop it at exactly 3️⃣ seconds?! 😁⏱️,10495,468,13,FC Bayern Frauen,@valdanohutapea,Giulia Gwinn the true queen 😊,1
cWqVvHMCZl4,Who can stop it at exactly 3️⃣ seconds?! 😁⏱️,10495,468,13,FC Bayern Frauen,@valdanohutapea,"But I think you don't want share your number in comment section 😂, ok no problem",0
cWqVvHMCZl4,Who can stop it at exactly 3️⃣ seconds?! 😁⏱️,10495,468,13,FC Bayern Frauen,@valdanohutapea,"I think you all need swimming for your endurance, oh I hate my mind 😂",0
cWqVvHMCZl4,Who can stop it at exactly 3️⃣ seconds?! 😁⏱️,10495,468,13,FC Bayern Frauen,@valdanohutapea,Stanway it's so little cute 😊,2
cWqVvHMCZl4,Who can stop it at exactly 3️⃣ seconds?! 😁⏱️,10495,468,13,FC Bayern Frauen,@valdanohutapea,"Hellow Gwinn, what are you favourite scary movie? 😂",0
mTbG3J9DYA0,Das Wintertrainingslager 2025 der FC Bayern Frauen im großen Recap,60365,1139,44,FC Bayern Frauen,@MrPackoTV,"Ich freu mich schon, wenn die Stanway wieder zurückkommt.",1
mTbG3J9DYA0,Das Wintertrainingslager 2025 der FC Bayern Frauen im großen Recap,60365,1139,44,FC Bayern Frauen,@inefable_6879,Cool videos!,0
mTbG3J9DYA0,Das Wintertrainingslager 2025 der FC Bayern Frauen im großen Recap,60365,1139,44,FC Bayern Frauen,@Mockingbird262,Syd erinnert mich iwie an Elizabeth Keane aus Blacklist vom aussehen,0
mTbG3J9DYA0,Das Wintertrainingslager 2025 der FC Bayern Frauen im großen Recap,60365,1139,44,FC Bayern Frauen,@saru4989,"4:39
4:39🇯🇵の方ここから",3
mTbG3J9DYA0,Das Wintertrainingslager 2025 der FC Bayern Frauen im großen Recap,60365,1139,44,FC Bayern Frauen,@shouji1976,谷川選手　応援してます👍頑張って⤴️,12
mTbG3J9DYA0,Das Wintertrainingslager 2025 der FC Bayern Frauen im großen Recap,60365,1139,44,FC Bayern Frauen,@市原悦子-v4d,女子だと練習以外のワイワイ時間に溶け込まないとキツそう。。。。。,2
mTbG3J9DYA0,Das Wintertrainingslager 2025 der FC Bayern Frauen im großen Recap,60365,1139,44,FC Bayern Frauen,@DrEbenezerMO-l1d,"We have to see it right, wasn’t new statement I had it under Former President Biden administration at End his hoax I don’t have money in Bank of china 🇨🇳. So many people joke about it later .",0
mTbG3J9DYA0,Das Wintertrainingslager 2025 der FC Bayern Frauen im großen Recap,60365,1139,44,FC Bayern Frauen,@觸澤泉-f9e,バイエルンの練習風景を見ていると、トレーニングメニューは、なでしこ代表よりも難しい内容をやってるように見える。しかもその難しい内容を簡単にやってるように見えるところがすごい‼️パススピードも速い。なでしこは今まで一体何をやってきたんだろう？,3
mTbG3J9DYA0,Das Wintertrainingslager 2025 der FC Bayern Frauen im großen Recap,60365,1139,44,FC Bayern Frauen,@halflanding1900,great video!  hope Bayern win the league and can’t wait to see Tanikawa play,2
mTbG3J9DYA0,Das Wintertrainingslager 2025 der FC Bayern Frauen im großen Recap,60365,1139,44,FC Bayern Frauen,@Jimmy-JR,"Bayern Munich women are excellent , even better surpassing the big women clubs Barcelona women, Chelsea women...to win the 24/25 European women's club championship.",1
mTbG3J9DYA0,Das Wintertrainingslager 2025 der FC Bayern Frauen im großen Recap,60365,1139,44,FC Bayern Frauen,@yannickpetras214,"Das schönste für mich in diesem  Video war zu sehen das Mala Grohs wieder am Start ist,  und sie sich da so toll raus gekämpft hat  bleibt bitte alle Verletzungsfrei",6
mTbG3J9DYA0,Das Wintertrainingslager 2025 der FC Bayern Frauen im großen Recap,60365,1139,44,FC Bayern Frauen,@abreuadriano9776,Super très belle vidéo,1
mTbG3J9DYA0,Das Wintertrainingslager 2025 der FC Bayern Frauen im großen Recap,60365,1139,44,FC Bayern Frauen,@SelfishNeko2,ももこ馴染んでるな,6
mTbG3J9DYA0,Das Wintertrainingslager 2025 der FC Bayern Frauen im großen Recap,60365,1139,44,FC Bayern Frauen,@amineouelji47,OBI SECTION HERE ❤❤❤❤,1
mTbG3J9DYA0,Das Wintertrainingslager 2025 der FC Bayern Frauen im großen Recap,60365,1139,44,FC Bayern Frauen,@Aditya_Raj123,Please make sure the eng subtitles are working.😅,2
mTbG3J9DYA0,Das Wintertrainingslager 2025 der FC Bayern Frauen im großen Recap,60365,1139,44,FC Bayern Frauen,@arejdaldriss598,"Good luck, but beautiful girls.",1
mTbG3J9DYA0,Das Wintertrainingslager 2025 der FC Bayern Frauen im großen Recap,60365,1139,44,FC Bayern Frauen,@malagonmerino,"SPORTS ARE USEFUL FOR NUMEROUS ACTIVITS, STUDIES, WORKS...🏃🏼‍♀️🤾🏼‍♀️⛹🏼‍♀️🏂🏼🏄🏼‍♀️",1
mTbG3J9DYA0,Das Wintertrainingslager 2025 der FC Bayern Frauen im großen Recap,60365,1139,44,FC Bayern Frauen,@malagonmerino,"PLANET NEED PEOPLE RESPECT NATURALS SCIENCES: ECOLOGY, BIOLOGY, SPORTS, WORKS, FOOD 🌍🌦️🌳🍊🚶🏼‍♀️📝🔨🏡🏄🏼‍♀️🔬💧... NO FASCISTS RELIGIOUS, EXTREMISTS",1
mTbG3J9DYA0,Das Wintertrainingslager 2025 der FC Bayern Frauen im großen Recap,60365,1139,44,FC Bayern Frauen,@malagonmerino,"ENTRENAR BODYBOL GOLPEAR BOLÓN CON TODAS LAS PARTES DEL CUERPO... MEJORA TECNICA, COORDINACION GENERAL...🏃🏼‍♀️🤾🏼‍♀️⛹🏼‍♀️🏂🏼🏄🏼‍♀️",3
mTbG3J9DYA0,Das Wintertrainingslager 2025 der FC Bayern Frauen im großen Recap,60365,1139,44,FC Bayern Frauen,@DeKall00,Die Sarah Zadrazil wurde gar nicht genug gezeigt 😊,2
mTbG3J9DYA0,Das Wintertrainingslager 2025 der FC Bayern Frauen im großen Recap,60365,1139,44,FC Bayern Frauen,@frankyplayer6,"Amazing video
Good luck  ladies❤🤍",1
mTbG3J9DYA0,Das Wintertrainingslager 2025 der FC Bayern Frauen im großen Recap,60365,1139,44,FC Bayern Frauen,@pauldack5129,Great to see Grohs !,2
mTbG3J9DYA0,Das Wintertrainingslager 2025 der FC Bayern Frauen im großen Recap,60365,1139,44,FC Bayern Frauen,@greenhawk0049,"Finde wirklich beeindrucken wie viele Spielerinnen mittlerweile recht gutes Deutsch sprechen. Sehr beachtlich wie viele Mühe die sich geben die Sprache zu lernen, super!",3
mTbG3J9DYA0,Das Wintertrainingslager 2025 der FC Bayern Frauen im großen Recap,60365,1139,44,FC Bayern Frauen,@StefanB-vv5eu,"Ich freue mich riesig, dass Marla wieder mit am Start ist. Und dass sag ich als Wölfinnen Fan",2
mTbG3J9DYA0,Das Wintertrainingslager 2025 der FC Bayern Frauen im großen Recap,60365,1139,44,FC Bayern Frauen,@Frauenfußball_support,😍🙌🏻,1
mTbG3J9DYA0,Das Wintertrainingslager 2025 der FC Bayern Frauen im großen Recap,60365,1139,44,FC Bayern Frauen,@ESPirits87,Seems like they have fun,3
mTbG3J9DYA0,Das Wintertrainingslager 2025 der FC Bayern Frauen im großen Recap,60365,1139,44,FC Bayern Frauen,@mirkosiegmann6276,ist LENA OBERDRF dabei,3
mTbG3J9DYA0,Das Wintertrainingslager 2025 der FC Bayern Frauen im großen Recap,60365,1139,44,FC Bayern Frauen,@HiViNewsByRegina111,"Wieder ein tolles Video, bringt einfach nur gute Laune. Lieben Gruß und Glück🍀Auf aus Dortmund",6
mTbG3J9DYA0,Das Wintertrainingslager 2025 der FC Bayern Frauen im großen Recap,60365,1139,44,FC Bayern Frauen,@brokencardealer1,"Tolles Video, freu mich so auf die Rückrunde mit euch, komm auch sicher wieder ins Stadion. Wünsch euch viel Erfolg und bleibt mir alle gesund! LG",4
mTbG3J9DYA0,Das Wintertrainingslager 2025 der FC Bayern Frauen im großen Recap,60365,1139,44,FC Bayern Frauen,@Ichbinsdamian,Cooles Video.. gern mehr von solchen Videos 🙏,4
mTbG3J9DYA0,Das Wintertrainingslager 2025 der FC Bayern Frauen im großen Recap,60365,1139,44,FC Bayern Frauen,@wolfgangschwarzer3736,👍🏻,2
mTbG3J9DYA0,Das Wintertrainingslager 2025 der FC Bayern Frauen im großen Recap,60365,1139,44,FC Bayern Frauen,@jurgententa2317,Ich habe gesehen die Mala Grohs mit im Trainingslager ist toll toll das zu sehen,16
mTbG3J9DYA0,Das Wintertrainingslager 2025 der FC Bayern Frauen im großen Recap,60365,1139,44,FC Bayern Frauen,@cybeam1,Excellent video with a great mix of interesting insights and fun moments! Very well made! Thanks a lot!!,6
mTbG3J9DYA0,Das Wintertrainingslager 2025 der FC Bayern Frauen im großen Recap,60365,1139,44,FC Bayern Frauen,@inotoni6148,Fraulein Grohs ist wieder dabei! Sehr schön,11
mTbG3J9DYA0,Das Wintertrainingslager 2025 der FC Bayern Frauen im großen Recap,60365,1139,44,FC Bayern Frauen,@norbertmaes6083,Mala❤,6
mTbG3J9DYA0,Das Wintertrainingslager 2025 der FC Bayern Frauen im großen Recap,60365,1139,44,FC Bayern Frauen,@trumanmusk,Fantastic girls and the awesome video❤,6
mTbG3J9DYA0,Das Wintertrainingslager 2025 der FC Bayern Frauen im großen Recap,60365,1139,44,FC Bayern Frauen,@k0z0n3,"I'm watching the video to see Momoko, but I can't understand German.🎌",13
mTbG3J9DYA0,Das Wintertrainingslager 2025 der FC Bayern Frauen im großen Recap,60365,1139,44,FC Bayern Frauen,@Musiatel49,""" Rückrunde zweite Mannschaft Stanway"".....Der war gut.. sehr  sympathisch der Straus.",25
mTbG3J9DYA0,Das Wintertrainingslager 2025 der FC Bayern Frauen im großen Recap,60365,1139,44,FC Bayern Frauen,@Kattmatskal,Wie immer ein mega tolles Video von euch 😃 Danke für die Einblicke und auf eine erfolgreiche und verletzungsfreie Rückrunde national sowie international 🤩✌,21
mTbG3J9DYA0,Das Wintertrainingslager 2025 der FC Bayern Frauen im großen Recap,60365,1139,44,FC Bayern Frauen,@dominikbenz8349,hammer video mega cool tolle einblicke mega cool hubsch sympatisch tolles team,5
DKaHtXDgYuU,Alexander Straus was in the way when Georgia Stanway played American football. 🏈😄,4485,284,1,FC Bayern Frauen,@FinjaZenker,HAHA Stanway is the best,5
bllrHVU9zyQ,The greatest middle names. 😅,8263,443,3,FC Bayern Frauen,@robyk6944,Eintracht Frankfurt midfielder Hugo Larsson  57 get it done y to the house and I will get you a few minutes y you want to go 🦅😂,1
bllrHVU9zyQ,The greatest middle names. 😅,8263,443,3,FC Bayern Frauen,@robyk6944,Bayern Munich have clinched the Frauen Bundesliga ❤😢,0
bllrHVU9zyQ,The greatest middle names. 😅,8263,443,3,FC Bayern Frauen,@TotoHarry1000,So eine tolle Teambetreuerin mit immer (meistens) guter Laune.  ❤️❤️❤️,2
hWkqFKKf53c,Testspiel gegen YB Frauen | Highlights,11629,399,13,FC Bayern Frauen,@heinerda4768,Die Mannschaftsaufstellungen und die Auswechselungen fehlen. Das sollte bei einem Profiverein selbstverständlich sein oder sind es die Frauen nicht wert?,2
hWkqFKKf53c,Testspiel gegen YB Frauen | Highlights,11629,399,13,FC Bayern Frauen,@5dfcp61,"Ohne die Leistungen der ""Anderen"" schmälern zu wollen, war mein ""Highlight"", daß Mala Grohs wieder auf dem Platz war.",0
hWkqFKKf53c,Testspiel gegen YB Frauen | Highlights,11629,399,13,FC Bayern Frauen,@DerMitDerWiiTanzt,"Richtig schöne Tore, ihr seid die Besten :) Beste Grüße von der Nordsee",0
hWkqFKKf53c,Testspiel gegen YB Frauen | Highlights,11629,399,13,FC Bayern Frauen,@FrogwomanOrgReloaded,"Sie heißt übrigens Linda Dallmann ;-) 2:24
Aber danke für das Video, ein paar schicke Tore waren dabei :-)",1
hWkqFKKf53c,Testspiel gegen YB Frauen | Highlights,11629,399,13,FC Bayern Frauen,@manuelfritz5150,Lass dir alle zeit da welt für dein comeback,0
hWkqFKKf53c,Testspiel gegen YB Frauen | Highlights,11629,399,13,FC Bayern Frauen,@karlw.7804,tolles Team 🤗👍🏻,0
hWkqFKKf53c,Testspiel gegen YB Frauen | Highlights,11629,399,13,FC Bayern Frauen,@Frauenfußball_support,😍🙌🏻🤍❤️,0
hWkqFKKf53c,Testspiel gegen YB Frauen | Highlights,11629,399,13,FC Bayern Frauen,@peterstreiff3811,Gutes Spiel.   Glückwunsch und lg aus der Schweiz 🇨🇭👋,1
hWkqFKKf53c,Testspiel gegen YB Frauen | Highlights,11629,399,13,FC Bayern Frauen,@valdanohutapea,"Are you sleeping are you sleeping... 
Giulia Gwinn... Giulia Gwinn...
Morning Bels a ringing
Morning Bels a ringing
Ding dong ding... Ding dong ding 😂",1
hWkqFKKf53c,Testspiel gegen YB Frauen | Highlights,11629,399,13,FC Bayern Frauen,@danielweb13,Sehr stabiler Sieg aufjedenfall und gutes Spiel von jedem,4
hWkqFKKf53c,Testspiel gegen YB Frauen | Highlights,11629,399,13,FC Bayern Frauen,@trumanmusk,So quickly! Efficiency🎉,2
hWkqFKKf53c,Testspiel gegen YB Frauen | Highlights,11629,399,13,FC Bayern Frauen,@tobiasgrodde9736,Willkommen zurück auf dem Platz Mala🥅,11
hWkqFKKf53c,Testspiel gegen YB Frauen | Highlights,11629,399,13,FC Bayern Frauen,@dominikbenz8349,Glückwunsch freu mich mit,3
A0tV_44qT6I,Karting | Team activity FC Bayern Frauen,7257,340,3,FC Bayern Frauen,@Matteblak,Looks like fun!,0
A0tV_44qT6I,Karting | Team activity FC Bayern Frauen,7257,340,3,FC Bayern Frauen,@cybeam1,Looks super fun for everyone!! And Jay rocks of course! 👏😆,1
A0tV_44qT6I,Karting | Team activity FC Bayern Frauen,7257,340,3,FC Bayern Frauen,@dominikbenz8349,Mega cool mega schön  feier eure Videos  viel Freude  ❤,1
SvM2h9s64cg,Race time. 🏁🏎️ What they estimated and how they finished. 😅,3835,282,1,FC Bayern Frauen,@TobiaaDitze-dz2lu,Ja,1
K6ARWXZkeOk,Skills. 🔥,4833,277,3,FC Bayern Frauen,@real-sausia,Alara Goat ❤️‍🔥🐐,0
K6ARWXZkeOk,Skills. 🔥,4833,277,3,FC Bayern Frauen,@amazonja75,Alara top,0
K6ARWXZkeOk,Skills. 🔥,4833,277,3,FC Bayern Frauen,@bromoneymaker9771,Das machen die Frauen sehr gut!!!! FC Bayern 🎉🎉🎉,3
NVRAQrOTCTI,Brush your teeth everyday! 😂🦷🪥,8247,414,7,FC Bayern Frauen,@real-sausia,Wär nur halb so lustig wenn’s nicht mit Giuli wär und wenn sie nicht noch gesagt hätte „passiert manchmal“ 😂😂❤🤍🦷🪥,3
NVRAQrOTCTI,Brush your teeth everyday! 😂🦷🪥,8247,414,7,FC Bayern Frauen,@bromoneymaker9771,😂😂😂,2
NVRAQrOTCTI,Brush your teeth everyday! 😂🦷🪥,8247,414,7,FC Bayern Frauen,@امیدخلیلزاده-ج6س,😂😂😂😂😂😂,2
NVRAQrOTCTI,Brush your teeth everyday! 😂🦷🪥,8247,414,7,FC Bayern Frauen,@Aditya_Raj123,These girls ❤🥹,2
NVRAQrOTCTI,Brush your teeth everyday! 😂🦷🪥,8247,414,7,FC Bayern Frauen,@monikakretschmann7651,Du bist so mega 😂😂😂😂😂😂😊😊😊,3
NVRAQrOTCTI,Brush your teeth everyday! 😂🦷🪥,8247,414,7,FC Bayern Frauen,@hoesijkg6075,Nachwirkungen vom Spiel gegen Frankfurt?,0
NVRAQrOTCTI,Brush your teeth everyday! 😂🦷🪥,8247,414,7,FC Bayern Frauen,@danielweb13,Jetzt hat sie schon ihr halbes Gebiss verloren,6
XxMF_H9d8ec,⚽️ 🔄 🏈,4797,269,2,FC Bayern Frauen,@Aditya_Raj123,❤😅,0
XxMF_H9d8ec,⚽️ 🔄 🏈,4797,269,2,FC Bayern Frauen,@TobiaaDitze-dz2lu,Ja❤❤❤❤,2
9z8vWaGo3po,One word in your language that everyone should know.🗣️ Which word would you choose in your language?,5356,365,4,FC Bayern Frauen,@MrIcelander,"Wait, where's Glódís?! I was fully expecting something from my language here...😕",1
9z8vWaGo3po,One word in your language that everyone should know.🗣️ Which word would you choose in your language?,5356,365,4,FC Bayern Frauen,@davewright8206,dumplings  i love her she is a fantastic player too,0
9z8vWaGo3po,One word in your language that everyone should know.🗣️ Which word would you choose in your language?,5356,365,4,FC Bayern Frauen,@BHG5408,안녕 = Hallo oder Tschüss.,0
hHNrcjIq8Hc,FC Bayern Frauen Challenge Day - Part 2,18054,653,19,FC Bayern Frauen,@inefable_6879,"Obi doing the worst try after practising a lot, lmao",0
hHNrcjIq8Hc,FC Bayern Frauen Challenge Day - Part 2,18054,653,19,FC Bayern Frauen,@ayyndrew,2:16 kartoffeln auf die 1,0
hHNrcjIq8Hc,FC Bayern Frauen Challenge Day - Part 2,18054,653,19,FC Bayern Frauen,@hahafalseflag5090,Last time I saw Lena she was on crutches.. good to see she's back.,0
hHNrcjIq8Hc,FC Bayern Frauen Challenge Day - Part 2,18054,653,19,FC Bayern Frauen,@cikgutinghuaeechannel4782,I can watch this all day long.,1
hHNrcjIq8Hc,FC Bayern Frauen Challenge Day - Part 2,18054,653,19,FC Bayern Frauen,@Frauenfußball_support,Liebsss 🤍❤️,0
hHNrcjIq8Hc,FC Bayern Frauen Challenge Day - Part 2,18054,653,19,FC Bayern Frauen,@giglio_arkhamredhood,I want to play golf with Obi 🔥🤩🤤,0
hHNrcjIq8Hc,FC Bayern Frauen Challenge Day - Part 2,18054,653,19,FC Bayern Frauen,@ric007perfekt4,fc bayern super girls❤❤❤❤,1
hHNrcjIq8Hc,FC Bayern Frauen Challenge Day - Part 2,18054,653,19,FC Bayern Frauen,@47NAJIM,N©💗❤💛💙💚,0
hHNrcjIq8Hc,FC Bayern Frauen Challenge Day - Part 2,18054,653,19,FC Bayern Frauen,@dominikbenz8349,hammer vidoe emga cool tolle idee coole challenge feier ich video genießen  mega lustig,1
hHNrcjIq8Hc,FC Bayern Frauen Challenge Day - Part 2,18054,653,19,FC Bayern Frauen,@alexanderspaarschuh8628,Super Video aber ich würde mich sehr freuen wenn unsere liebe Jovi Mal mit machen würde,1
hHNrcjIq8Hc,FC Bayern Frauen Challenge Day - Part 2,18054,653,19,FC Bayern Frauen,@hajoos.8360,"Bis auf das Golfen, fast besser als kicken.......",0
hHNrcjIq8Hc,FC Bayern Frauen Challenge Day - Part 2,18054,653,19,FC Bayern Frauen,@real-sausia,Wie clean jongliert Alara bitte den Ball?,32
hHNrcjIq8Hc,FC Bayern Frauen Challenge Day - Part 2,18054,653,19,FC Bayern Frauen,@TobiaaDitze-dz2lu,TOBIAS,1
hHNrcjIq8Hc,FC Bayern Frauen Challenge Day - Part 2,18054,653,19,FC Bayern Frauen,@يومياتزنوبةالمحبوبة,🎉🎉,0
hHNrcjIq8Hc,FC Bayern Frauen Challenge Day - Part 2,18054,653,19,FC Bayern Frauen,@redmisery,"0:48 Gotta love Klara, showing kindness by letting Lena have another go 😆
-red.",6
hHNrcjIq8Hc,FC Bayern Frauen Challenge Day - Part 2,18054,653,19,FC Bayern Frauen,@furiossaga,4:50 what fürn ding? Was hat sie gesagt? Sorry aber ich verstehe es nicht,0
hHNrcjIq8Hc,FC Bayern Frauen Challenge Day - Part 2,18054,653,19,FC Bayern Frauen,@oliver.n278,"Das ist das erste Mal, dass ich Weronika sprechen höre, Ich liebe ihren polnischen Akzent  :)",11
7Rw6pp1M28c,FC Bayern Frauen Challenge Day - Part 1,38268,839,16,FC Bayern Frauen,@inefable_6879,I love these videos! Cool and funny,0
7Rw6pp1M28c,FC Bayern Frauen Challenge Day - Part 1,38268,839,16,FC Bayern Frauen,@karlw.7804,Glodis ist einfach mega sympathisch 🤗🤗👍🏻,1
7Rw6pp1M28c,FC Bayern Frauen Challenge Day - Part 1,38268,839,16,FC Bayern Frauen,@Mo-qe6zt,Magda vs pernille,2
7Rw6pp1M28c,FC Bayern Frauen Challenge Day - Part 1,38268,839,16,FC Bayern Frauen,@ric007perfekt4,fc bayern girls einfach geil❤❤❤❤❤,1
7Rw6pp1M28c,FC Bayern Frauen Challenge Day - Part 1,38268,839,16,FC Bayern Frauen,@gertirohrenbacher2950,Ich Wünschen Glück Gesund bleiben Gute Neues NEUJahr ❤💋💪👍🙏Dein Münchner Freund Manuel Röhrenbach,2
7Rw6pp1M28c,FC Bayern Frauen Challenge Day - Part 1,38268,839,16,FC Bayern Frauen,@BlueCatherine,"You know,the more,the better🎉🎉",2
7Rw6pp1M28c,FC Bayern Frauen Challenge Day - Part 1,38268,839,16,FC Bayern Frauen,@47NAJIM,❤❤❤💙💙💚💛 💫💫💫💫💫💫💫💫💫💫💫,3
7Rw6pp1M28c,FC Bayern Frauen Challenge Day - Part 1,38268,839,16,FC Bayern Frauen,@MrIcelander,"Congrats to Glódís, Icelandic ""Footballer of the year"" 2024!!",7
7Rw6pp1M28c,FC Bayern Frauen Challenge Day - Part 1,38268,839,16,FC Bayern Frauen,@Castillo_19,❤️🤍,3
7Rw6pp1M28c,FC Bayern Frauen Challenge Day - Part 1,38268,839,16,FC Bayern Frauen,@TobiaaDitze-dz2lu,Ja ❤❤❤❤❤,5
7Rw6pp1M28c,FC Bayern Frauen Challenge Day - Part 1,38268,839,16,FC Bayern Frauen,@Frauenfußball_support,liebs ❤,4
7Rw6pp1M28c,FC Bayern Frauen Challenge Day - Part 1,38268,839,16,FC Bayern Frauen,@TommyWichmann,Tolles Video....die Mia San Mia Mädels mal a bissle anderst zu sehen ist einfach brilliant.....euch allen eine frohe Weihnachtszeit und einen guten Start ins neue Jahr 🎉,11
7Rw6pp1M28c,FC Bayern Frauen Challenge Day - Part 1,38268,839,16,FC Bayern Frauen,@ric007perfekt4,soooo geilll❤❤❤❤❤❤hot❤❤❤❤,3
7Rw6pp1M28c,FC Bayern Frauen Challenge Day - Part 1,38268,839,16,FC Bayern Frauen,@dominikbenz8349,Hammer Video mega cool   bin gespannt freu mich  coole challenge.  Feier eure Videos.   Coole idee,7
7Rw6pp1M28c,FC Bayern Frauen Challenge Day - Part 1,38268,839,16,FC Bayern Frauen,@vanessalauterbach5904,Lea ❤,3
WcE_ft-0xkw,Franzi Kett verlängert bis 2027! ✍️,7584,369,26,FC Bayern Frauen,@AlanCarlosFürst-q5t,Alerta do Gelo Cuidado,0
WcE_ft-0xkw,Franzi Kett verlängert bis 2027! ✍️,7584,369,26,FC Bayern Frauen,@AlanCarlosFürst-q5t,O Resto está na História. Eu não tenho filhos.,0
WcE_ft-0xkw,Franzi Kett verlängert bis 2027! ✍️,7584,369,26,FC Bayern Frauen,@AlanCarlosFürst-q5t,Essa criança diz te amo vovô,0
WcE_ft-0xkw,Franzi Kett verlängert bis 2027! ✍️,7584,369,26,FC Bayern Frauen,@AlanCarlosFürst-q5t,Que privilégio,0
WcE_ft-0xkw,Franzi Kett verlängert bis 2027! ✍️,7584,369,26,FC Bayern Frauen,@walterwhitex87,🎉🔥♥️,0
WcE_ft-0xkw,Franzi Kett verlängert bis 2027! ✍️,7584,369,26,FC Bayern Frauen,@kaanatasoy9917,"Eine sehr schöne Nachricht,🤩 Franzi ist sehr sympathisch und süß😍❤🤍",0
WcE_ft-0xkw,Franzi Kett verlängert bis 2027! ✍️,7584,369,26,FC Bayern Frauen,@TotoHarry1000,"Das ist mega, aber warum spielt sie nicht mehr ist sie verletzt?!?   🤷🏻‍♂️",0
WcE_ft-0xkw,Franzi Kett verlängert bis 2027! ✍️,7584,369,26,FC Bayern Frauen,@TobiaaDitze-dz2lu,Ja,1
WcE_ft-0xkw,Franzi Kett verlängert bis 2027! ✍️,7584,369,26,FC Bayern Frauen,@sammySHD,"vielen lieben DANKEschön liebe junge Frau Franziska Kett, dass sieb8hren Vertrag bei den ❤FC Bayern München ⚽️ Frauen❤ verlängert haben 😎 ‼️ 👍",1
WcE_ft-0xkw,Franzi Kett verlängert bis 2027! ✍️,7584,369,26,FC Bayern Frauen,@manfredweber2841,super,1
WcE_ft-0xkw,Franzi Kett verlängert bis 2027! ✍️,7584,369,26,FC Bayern Frauen,@chrisstein4721,"Irgendwie finds i scho cool a, das mal jemand aus meiner näheren Gegend dort spielt. Auch wenn ich ehrlich sein muss, das i Franzi vorher nicht kannte",1
WcE_ft-0xkw,Franzi Kett verlängert bis 2027! ✍️,7584,369,26,FC Bayern Frauen,@KiGaZw,Bleib gesund Franzi! 😊,2
WcE_ft-0xkw,Franzi Kett verlängert bis 2027! ✍️,7584,369,26,FC Bayern Frauen,@DjNicki24,Willkommen in München,1
WcE_ft-0xkw,Franzi Kett verlängert bis 2027! ✍️,7584,369,26,FC Bayern Frauen,@Frauenfußball_support,"So schön, dass du bleibst, Franzi! Du bist ein echtes Herzstück des Teams! ❤️🎉 Ich freue mich sooo sehr, dass du bis 2027 bleibst, Franzi! Du machst das Team einfach perfekt! ❤️✨",2
WcE_ft-0xkw,Franzi Kett verlängert bis 2027! ✍️,7584,369,26,FC Bayern Frauen,@Fanny_177,Jaa❤️🤍,1
WcE_ft-0xkw,Franzi Kett verlängert bis 2027! ✍️,7584,369,26,FC Bayern Frauen,@WonderlandAlps,GO Franzi !!!,1
WcE_ft-0xkw,Franzi Kett verlängert bis 2027! ✍️,7584,369,26,FC Bayern Frauen,@michaelschablewski267,Das ist wunderschön und sehr wichtig und sie ist genauso die Zukunft des FC Bayern und Deutschlands❤❤❤❤❤❤❤,2
WcE_ft-0xkw,Franzi Kett verlängert bis 2027! ✍️,7584,369,26,FC Bayern Frauen,@dietmarraffke7326,"Danke für die Verlängerung,  Franzi. Du bist ein Eigengewächs des FC Bayern ❤
❤❤❤",3
WcE_ft-0xkw,Franzi Kett verlängert bis 2027! ✍️,7584,369,26,FC Bayern Frauen,@flo_rian_HP,"So schön das sie verlängert 
Viel Erfolg Franzi und alles gute",3
WcE_ft-0xkw,Franzi Kett verlängert bis 2027! ✍️,7584,369,26,FC Bayern Frauen,@ric007perfekt4,Frauenfußball ist geil❤❤❤❤,3
WcE_ft-0xkw,Franzi Kett verlängert bis 2027! ✍️,7584,369,26,FC Bayern Frauen,@ric007perfekt4,soooooo geil❤❤❤❤❤❤,1
WcE_ft-0xkw,Franzi Kett verlängert bis 2027! ✍️,7584,369,26,FC Bayern Frauen,@qwertzqwartz8926,Let´s go Franzi!!,1
WcE_ft-0xkw,Franzi Kett verlängert bis 2027! ✍️,7584,369,26,FC Bayern Frauen,@Calimero444,mia san mia,2
WcE_ft-0xkw,Franzi Kett verlängert bis 2027! ✍️,7584,369,26,FC Bayern Frauen,@Kattmatskal,"Schönes Weihnachtsgeschenk 😍. Toll, dass Franzi verlängert hat. Jetzt heißt es Daumen drücken und hoffen, dass sie verletzungsfrei bleibt ☺",13
WcE_ft-0xkw,Franzi Kett verlängert bis 2027! ✍️,7584,369,26,FC Bayern Frauen,@FCBVIKING1996,Sehr gut,1
WcE_ft-0xkw,Franzi Kett verlängert bis 2027! ✍️,7584,369,26,FC Bayern Frauen,@ralflottkus7204,Mega. Da freut man sich 🎉,2
RJ2QxvBaifQ,"Servus, Mitch! FC Bayern Frauen verpflichten Michelle Ulbrich",16021,292,49,FC Bayern Frauen,@AlanCarlosFürst-q5t,Vocês tem um príncipe Alemão da Alemanha,0
RJ2QxvBaifQ,"Servus, Mitch! FC Bayern Frauen verpflichten Michelle Ulbrich",16021,292,49,FC Bayern Frauen,@AlanCarlosFürst-q5t,Eu sou Alemão da Alemanha,0
RJ2QxvBaifQ,"Servus, Mitch! FC Bayern Frauen verpflichten Michelle Ulbrich",16021,292,49,FC Bayern Frauen,@AlanCarlosFürst-q5t,Vocês. Sabem o que é dor na alma,0
RJ2QxvBaifQ,"Servus, Mitch! FC Bayern Frauen verpflichten Michelle Ulbrich",16021,292,49,FC Bayern Frauen,@AlanCarlosFürst-q5t,Meus pais eram os Cuidadores dele.,0
RJ2QxvBaifQ,"Servus, Mitch! FC Bayern Frauen verpflichten Michelle Ulbrich",16021,292,49,FC Bayern Frauen,@AlanCarlosFürst-q5t,A História do Suíço está comigo.,0
RJ2QxvBaifQ,"Servus, Mitch! FC Bayern Frauen verpflichten Michelle Ulbrich",16021,292,49,FC Bayern Frauen,@rileyxxxx,"nie im leben hätte bremen sie abgegeben. is womöglich einfach nur ein zeichen dafür, dass sie die aktuelle saison aufgegeben haben, da sie weder absteigen noch auf nen top platz kommen können. eine spielerin die jahrelang keine minute gefehlt hat, schickt man nich einfach so weg, allein wegen der statistiken. da es sich jedoch nur um eine Leihe bis ende der aktuellen Saison handelt, wundern mich viele aussagen wie z.B. ""bremen verlassen"".",0
RJ2QxvBaifQ,"Servus, Mitch! FC Bayern Frauen verpflichten Michelle Ulbrich",16021,292,49,FC Bayern Frauen,@TobiaaDitze-dz2lu,Ja,1
RJ2QxvBaifQ,"Servus, Mitch! FC Bayern Frauen verpflichten Michelle Ulbrich",16021,292,49,FC Bayern Frauen,@franklange6114,"Viel zu alt.
Die jungen Spielerinnen müssen  beweisen , dass sie ea bringen können.",0
RJ2QxvBaifQ,"Servus, Mitch! FC Bayern Frauen verpflichten Michelle Ulbrich",16021,292,49,FC Bayern Frauen,@ArabHaroun,"Hezlich wilkommen by fc bayern munchen "" michel "" .",0
RJ2QxvBaifQ,"Servus, Mitch! FC Bayern Frauen verpflichten Michelle Ulbrich",16021,292,49,FC Bayern Frauen,@manfredweber2841,👍👍👍👍👍,2
RJ2QxvBaifQ,"Servus, Mitch! FC Bayern Frauen verpflichten Michelle Ulbrich",16021,292,49,FC Bayern Frauen,@ngumbao6252,"Wie hier schon festgestellt, braucht Bayern eine Torhüterin, da Mahmu immer die einfachen Tore bekommt und an ihren Nerven scheiterte. In den USA spielen 2 deutsche Torhüterinnen, die sofort helfen könnten. Ulbrich ist eine starke Spielerin, aber es wird sehr schwer für sie beim FCB.",3
RJ2QxvBaifQ,"Servus, Mitch! FC Bayern Frauen verpflichten Michelle Ulbrich",16021,292,49,FC Bayern Frauen,@TotoHarry1000,Nur ein halbes Jahr ausgeliehen also?!?,1
RJ2QxvBaifQ,"Servus, Mitch! FC Bayern Frauen verpflichten Michelle Ulbrich",16021,292,49,FC Bayern Frauen,@michaelschablewski267,Naja das ist ein Zeichen dass sie mit Ericson und sembrant nicht zufrieden sind. Und Hansen auf alle Fälle für außen geplant ist.,0
RJ2QxvBaifQ,"Servus, Mitch! FC Bayern Frauen verpflichten Michelle Ulbrich",16021,292,49,FC Bayern Frauen,@hajoos.8360,Da haben die Bremer aber einen gut in München...,2
RJ2QxvBaifQ,"Servus, Mitch! FC Bayern Frauen verpflichten Michelle Ulbrich",16021,292,49,FC Bayern Frauen,@Fanny_177,Servus❤🤍,1
RJ2QxvBaifQ,"Servus, Mitch! FC Bayern Frauen verpflichten Michelle Ulbrich",16021,292,49,FC Bayern Frauen,@Peter-bz4gs,"Ob Ulbrich eine Verstärkung für die Bayern sein wird, muss sich zeigen. Natürlich wünsche ich ihr viele Erfolge. Ich bin aber der Meinung, dass Bayern sich umgehend um eine starke Torhüterin bemühen sollte. Ena Mahmutovic ist sicherlich ein großes Talent und sie wird Ihren Weg bei den Bayern mit Sicherheit gehen. Bayern braucht aber sofort Stabilität im Tor, um auch international mitzuhalten. Sie wäre frei, Almuth Schult. Mal drüber nachdenken, FC Bayern.",8
RJ2QxvBaifQ,"Servus, Mitch! FC Bayern Frauen verpflichten Michelle Ulbrich",16021,292,49,FC Bayern Frauen,@HiViNewsByRegina111,Sehr cool. Glück🍀Auf aus Dortmund,2
RJ2QxvBaifQ,"Servus, Mitch! FC Bayern Frauen verpflichten Michelle Ulbrich",16021,292,49,FC Bayern Frauen,@TheDididiva,"Der Schock sitzt noch tief💔 Extrem wichtige Spielerin für Werder Bremen, trotzdem nur das Beste für diese große Chance! Für immer SVW💚🤍",3
RJ2QxvBaifQ,"Servus, Mitch! FC Bayern Frauen verpflichten Michelle Ulbrich",16021,292,49,FC Bayern Frauen,@manuelfritz5150,Willkommen in da roten familie michelle,2
RJ2QxvBaifQ,"Servus, Mitch! FC Bayern Frauen verpflichten Michelle Ulbrich",16021,292,49,FC Bayern Frauen,@ROI-SALOMON,Bienvenue ❤❤,2
RJ2QxvBaifQ,"Servus, Mitch! FC Bayern Frauen verpflichten Michelle Ulbrich",16021,292,49,FC Bayern Frauen,@DL18234,"Willkommen beim FCB viel spass und Freude,frohe weihnachten und schöne Feiertage ❤🤍",2
RJ2QxvBaifQ,"Servus, Mitch! FC Bayern Frauen verpflichten Michelle Ulbrich",16021,292,49,FC Bayern Frauen,@dietmarraffke7326,Willkommen in München. Du kannst die Mannschaft nur verstärken. ❤❤❤,3
RJ2QxvBaifQ,"Servus, Mitch! FC Bayern Frauen verpflichten Michelle Ulbrich",16021,292,49,FC Bayern Frauen,@Frauenfußball_support,"Willkommen, Michelle! Viel Erfolg bei Bayern und auf eine großartige Zeit im Team! 🔴⚪️",13
RJ2QxvBaifQ,"Servus, Mitch! FC Bayern Frauen verpflichten Michelle Ulbrich",16021,292,49,FC Bayern Frauen,@DjNicki24,❤ willkommen in München,4
RJ2QxvBaifQ,"Servus, Mitch! FC Bayern Frauen verpflichten Michelle Ulbrich",16021,292,49,FC Bayern Frauen,@يومياتزنوبةالمحبوبة,❤,1
zT9eNg2Ev8M,Behind the Scenes: Arsenal FC - FC Bayern,10081,364,13,FC Bayern Frauen,@samsuar84,Gadis gadis hebat❤❤❤,0
zT9eNg2Ev8M,Behind the Scenes: Arsenal FC - FC Bayern,10081,364,13,FC Bayern Frauen,@hajoos.8360,"Schönes Video, aber mit Verlaub, dämlicher kann man gegen eine Englische Luschen-Mannschaft nicht verlieren.",0
zT9eNg2Ev8M,Behind the Scenes: Arsenal FC - FC Bayern,10081,364,13,FC Bayern Frauen,@ddhoster6179,Gerne weitere Videos ❤,2
zT9eNg2Ev8M,Behind the Scenes: Arsenal FC - FC Bayern,10081,364,13,FC Bayern Frauen,@alansmithee8831,Slightly moist in London? Arsenal Father Christmases dreaming of a wet Christmas. There is much more rain where Georgia comes from.,2
zT9eNg2Ev8M,Behind the Scenes: Arsenal FC - FC Bayern,10081,364,13,FC Bayern Frauen,@HiViNewsByRegina111,Ich liebe diese Videos. Lieben Gruß und Glück🍀Auf aus Dortmund,2
zT9eNg2Ev8M,Behind the Scenes: Arsenal FC - FC Bayern,10081,364,13,FC Bayern Frauen,@lilia5051,Nice transition,3
zT9eNg2Ev8M,Behind the Scenes: Arsenal FC - FC Bayern,10081,364,13,FC Bayern Frauen,@lilia5051,Nice transition,2
zT9eNg2Ev8M,Behind the Scenes: Arsenal FC - FC Bayern,10081,364,13,FC Bayern Frauen,@ohdearnotagain2725,"Good game, could have gone either way and conditions were shocking. ....... Fan based i North England!",3
zT9eNg2Ev8M,Behind the Scenes: Arsenal FC - FC Bayern,10081,364,13,FC Bayern Frauen,@Frauenfußball_support,"Starke Leistung, Mädels! Immer spannend, euch hinter den Kulissen zu sehen – weiter so! 🔴⚪⚽ 
Knappe Niederlage, aber großartige Teamleistung! Kopf hoch, ihr kommt stärker zurück! 🔴⚪💪⚽",5
zT9eNg2Ev8M,Behind the Scenes: Arsenal FC - FC Bayern,10081,364,13,FC Bayern Frauen,@robyk6944,FC Bayern women Meisterschaleft.  So I have a chance to get it done oncejoined minutes late so I have to 😂,1
zT9eNg2Ev8M,Behind the Scenes: Arsenal FC - FC Bayern,10081,364,13,FC Bayern Frauen,@dominikbenz8349,Hammer Video mega cool  . Kopf hoch Mädels.  ❤ Video  genießen,7
2IU7emg5r20,𝑨𝒔𝒌 𝒚𝒐𝒖𝒓 𝑰𝒅𝒐𝒍 by Audi. 📽✨,3123,142,1,FC Bayern Frauen,@ChrisLoos-j5k,Sie ist in meiner Schule,0
NVRAQrOTCTI,Brush your teeth everyday! 😂🦷🪥,8249,414,7,FC Bayern Frauen,@real-sausia,Wär nur halb so lustig wenn’s nicht mit Giuli wär und wenn sie nicht noch gesagt hätte „passiert manchmal“ 😂😂❤🤍🦷🪥,3
NVRAQrOTCTI,Brush your teeth everyday! 😂🦷🪥,8249,414,7,FC Bayern Frauen,@bromoneymaker9771,😂😂😂,2
NVRAQrOTCTI,Brush your teeth everyday! 😂🦷🪥,8249,414,7,FC Bayern Frauen,@امیدخلیلزاده-ج6س,😂😂😂😂😂😂,2
NVRAQrOTCTI,Brush your teeth everyday! 😂🦷🪥,8249,414,7,FC Bayern Frauen,@Aditya_Raj123,These girls ❤🥹,2
NVRAQrOTCTI,Brush your teeth everyday! 😂🦷🪥,8249,414,7,FC Bayern Frauen,@monikakretschmann7651,Du bist so mega 😂😂😂😂😂😂😊😊😊,3
NVRAQrOTCTI,Brush your teeth everyday! 😂🦷🪥,8249,414,7,FC Bayern Frauen,@hoesijkg6075,Nachwirkungen vom Spiel gegen Frankfurt?,0
NVRAQrOTCTI,Brush your teeth everyday! 😂🦷🪥,8249,414,7,FC Bayern Frauen,@danielweb13,Jetzt hat sie schon ihr halbes Gebiss verloren,6
XxMF_H9d8ec,⚽️ 🔄 🏈,4797,269,2,FC Bayern Frauen,@Aditya_Raj123,❤😅,0
XxMF_H9d8ec,⚽️ 🔄 🏈,4797,269,2,FC Bayern Frauen,@TobiaaDitze-dz2lu,Ja❤❤❤❤,2
9z8vWaGo3po,One word in your language that everyone should know.🗣️ Which word would you choose in your language?,5356,365,4,FC Bayern Frauen,@MrIcelander,"Wait, where's Glódís?! I was fully expecting something from my language here...😕",1
9z8vWaGo3po,One word in your language that everyone should know.🗣️ Which word would you choose in your language?,5356,365,4,FC Bayern Frauen,@davewright8206,dumplings  i love her she is a fantastic player too,0
9z8vWaGo3po,One word in your language that everyone should know.🗣️ Which word would you choose in your language?,5356,365,4,FC Bayern Frauen,@BHG5408,안녕 = Hallo oder Tschüss.,0
kDLNPX-vMXY,"Stadt, Land, Schuss | FC Bayern Frauen",27657,775,27,FC Bayern Frauen,@AlanCarlosFürst-q5t,❤❤❤❤❤🎉,0
kDLNPX-vMXY,"Stadt, Land, Schuss | FC Bayern Frauen",27657,775,27,FC Bayern Frauen,@AlanCarlosFürst-q5t,E sei o meu Valor,0
kDLNPX-vMXY,"Stadt, Land, Schuss | FC Bayern Frauen",27657,775,27,FC Bayern Frauen,@Zukunftsblieck,machst doch mal so das 2 Männer 2 Frauen essen spielen,0
kDLNPX-vMXY,"Stadt, Land, Schuss | FC Bayern Frauen",27657,775,27,FC Bayern Frauen,@ML-ws6ce,Als Farbe mit M läge Magenta ziemliche nahe 😂,1
kDLNPX-vMXY,"Stadt, Land, Schuss | FC Bayern Frauen",27657,775,27,FC Bayern Frauen,@JT.KD32,"Sehr interessant, dass Alara immer darauf achtet, dass alles Deutsch ist...",0
kDLNPX-vMXY,"Stadt, Land, Schuss | FC Bayern Frauen",27657,775,27,FC Bayern Frauen,@JT.KD32,"Wäre besser gewesen, wenn die Kategorie (deutlicher) gesagt, oder aber eingeblendet worden wäre.✌️",6
kDLNPX-vMXY,"Stadt, Land, Schuss | FC Bayern Frauen",27657,775,27,FC Bayern Frauen,@eliudkimata8895,Hi  Mädchen. Es ist schön das zu sehen .sportlich mag jeder Gegner fertig. Vielleicht Spaß!!,0
kDLNPX-vMXY,"Stadt, Land, Schuss | FC Bayern Frauen",27657,775,27,FC Bayern Frauen,@greenhawk0049,"Schön dass auch die ""Neulinge"" öfter dabei sind mittlerweile! Ich bin mir sicher Alara und Franzi werden in Zukunft noch sehr wichtig für den FCB sein",9
kDLNPX-vMXY,"Stadt, Land, Schuss | FC Bayern Frauen",27657,775,27,FC Bayern Frauen,@real-sausia,"Sehr sympathische Truppe 😂❤️🤍 würde auch gerne mal mit ihnen Stadt, Land, Schuss spielen",2
kDLNPX-vMXY,"Stadt, Land, Schuss | FC Bayern Frauen",27657,775,27,FC Bayern Frauen,@Atlantia01,Herzlichen Glückwunsch an Sarah und Linda 🥳💪🏼.,2
kDLNPX-vMXY,"Stadt, Land, Schuss | FC Bayern Frauen",27657,775,27,FC Bayern Frauen,@thorstenholscher9665,Ich habe das mal mit 2 gespielt die das öfter spielen keine Chance gehabt. ( Du muss das A B C leise sagen und der andre sagt stop .) So haben wir das gespielt. Das ist auch so ein interessant schönes Spiel .      👍 Habe auch großen Respekt vor diese Frauen 👍,2
kDLNPX-vMXY,"Stadt, Land, Schuss | FC Bayern Frauen",27657,775,27,FC Bayern Frauen,@jaroslavbudunov7441,Franzi kett 😀👍,1
kDLNPX-vMXY,"Stadt, Land, Schuss | FC Bayern Frauen",27657,775,27,FC Bayern Frauen,@Frauenfußball_support,Liebsss,1
kDLNPX-vMXY,"Stadt, Land, Schuss | FC Bayern Frauen",27657,775,27,FC Bayern Frauen,@RobTheWatcher,Big Mutti Energy von Zadrazil,2
kDLNPX-vMXY,"Stadt, Land, Schuss | FC Bayern Frauen",27657,775,27,FC Bayern Frauen,@hajoos.8360,"Frau Dallmann & Frau Zadrazil haben eindeutig schon mehr erlebt, als Frau Kett & Frau Şehitler. Schönes Video...",3
kDLNPX-vMXY,"Stadt, Land, Schuss | FC Bayern Frauen",27657,775,27,FC Bayern Frauen,@MrIcelander,"A _QUADRUPLE_ congrats to Glódís for: 1. First ever Ballon d'Or nominee of her country, 2. National ""Footballer of the year 2024"" winner, 3. Recipient of the annual  Icelandic Presidential ""Falcon"" order, the most prestigious medal of honour of the country, and now 4. Winner of national ""Sports Person of the year"" 2024!

- What a year she had!! 🤩🤩🤩",14
kDLNPX-vMXY,"Stadt, Land, Schuss | FC Bayern Frauen",27657,775,27,FC Bayern Frauen,@Kattmatskal,"Wie immer ein super tolles Video mit den Mädels 🤩 Um Sarahs Frage zwecks Mehrzahl von Lauch zu beantworten so steht im Duden tatsächlich Lauche, was jedoch kaum verwendet wird da man in der Regel eher die Anzahl angibt. Also zum Beispiel 2 Stangen Lauch. Und wie konntet ihr bei Trikotfarbe denn bitte Magenta als Farbe nicht nennen, wenn das große T schon zu den Sponsoren gehört 🤭",3
kDLNPX-vMXY,"Stadt, Land, Schuss | FC Bayern Frauen",27657,775,27,FC Bayern Frauen,@TobiaaDitze-dz2lu,Ja ❤❤❤❤TOBIAS,3
kDLNPX-vMXY,"Stadt, Land, Schuss | FC Bayern Frauen",27657,775,27,FC Bayern Frauen,@ric007perfekt4,ihr seid sooooo klasse und soooo hübsch❤❤❤❤❤❤❤❤❤❤❤❤,5
kDLNPX-vMXY,"Stadt, Land, Schuss | FC Bayern Frauen",27657,775,27,FC Bayern Frauen,@dominikbenz8349,Hammer Video mega  Dreamteam  hubsch  cool Video genießen.  Feier eure Videos.  Zum mitraten megs,6
kDLNPX-vMXY,"Stadt, Land, Schuss | FC Bayern Frauen",27657,775,27,FC Bayern Frauen,@peterstreiff3811,"Ich❤ FC Bayern ( Fussball: Männer, Ladies,Jugend und Basketball 🏀)",3
kDLNPX-vMXY,"Stadt, Land, Schuss | FC Bayern Frauen",27657,775,27,FC Bayern Frauen,@peterstreiff3811,Ich verehre die schönen 🦵 der FC Bayern LADIES 🙏 und wünsche IHNEN viel Glück und Erfolg im Jahr 2025               freundliche Grüsse aus Glarus 🇨🇭 Peter,5
hHNrcjIq8Hc,FC Bayern Frauen Challenge Day - Part 2,18054,653,19,FC Bayern Frauen,@inefable_6879,"Obi doing the worst try after practising a lot, lmao",0
hHNrcjIq8Hc,FC Bayern Frauen Challenge Day - Part 2,18054,653,19,FC Bayern Frauen,@ayyndrew,2:16 kartoffeln auf die 1,0
hHNrcjIq8Hc,FC Bayern Frauen Challenge Day - Part 2,18054,653,19,FC Bayern Frauen,@hahafalseflag5090,Last time I saw Lena she was on crutches.. good to see she's back.,0
hHNrcjIq8Hc,FC Bayern Frauen Challenge Day - Part 2,18054,653,19,FC Bayern Frauen,@cikgutinghuaeechannel4782,I can watch this all day long.,1
hHNrcjIq8Hc,FC Bayern Frauen Challenge Day - Part 2,18054,653,19,FC Bayern Frauen,@Frauenfußball_support,Liebsss 🤍❤️,0
hHNrcjIq8Hc,FC Bayern Frauen Challenge Day - Part 2,18054,653,19,FC Bayern Frauen,@giglio_arkhamredhood,I want to play golf with Obi 🔥🤩🤤,0
hHNrcjIq8Hc,FC Bayern Frauen Challenge Day - Part 2,18054,653,19,FC Bayern Frauen,@ric007perfekt4,fc bayern super girls❤❤❤❤,1
hHNrcjIq8Hc,FC Bayern Frauen Challenge Day - Part 2,18054,653,19,FC Bayern Frauen,@47NAJIM,N©💗❤💛💙💚,0
hHNrcjIq8Hc,FC Bayern Frauen Challenge Day - Part 2,18054,653,19,FC Bayern Frauen,@dominikbenz8349,hammer vidoe emga cool tolle idee coole challenge feier ich video genießen  mega lustig,1
hHNrcjIq8Hc,FC Bayern Frauen Challenge Day - Part 2,18054,653,19,FC Bayern Frauen,@alexanderspaarschuh8628,Super Video aber ich würde mich sehr freuen wenn unsere liebe Jovi Mal mit machen würde,1
hHNrcjIq8Hc,FC Bayern Frauen Challenge Day - Part 2,18054,653,19,FC Bayern Frauen,@hajoos.8360,"Bis auf das Golfen, fast besser als kicken.......",0
hHNrcjIq8Hc,FC Bayern Frauen Challenge Day - Part 2,18054,653,19,FC Bayern Frauen,@real-sausia,Wie clean jongliert Alara bitte den Ball?,32
hHNrcjIq8Hc,FC Bayern Frauen Challenge Day - Part 2,18054,653,19,FC Bayern Frauen,@TobiaaDitze-dz2lu,TOBIAS,1
hHNrcjIq8Hc,FC Bayern Frauen Challenge Day - Part 2,18054,653,19,FC Bayern Frauen,@يومياتزنوبةالمحبوبة,🎉🎉,0
hHNrcjIq8Hc,FC Bayern Frauen Challenge Day - Part 2,18054,653,19,FC Bayern Frauen,@redmisery,"0:48 Gotta love Klara, showing kindness by letting Lena have another go 😆
-red.",6
hHNrcjIq8Hc,FC Bayern Frauen Challenge Day - Part 2,18054,653,19,FC Bayern Frauen,@furiossaga,4:50 what fürn ding? Was hat sie gesagt? Sorry aber ich verstehe es nicht,0
hHNrcjIq8Hc,FC Bayern Frauen Challenge Day - Part 2,18054,653,19,FC Bayern Frauen,@oliver.n278,"Das ist das erste Mal, dass ich Weronika sprechen höre, Ich liebe ihren polnischen Akzent  :)",11
7Rw6pp1M28c,FC Bayern Frauen Challenge Day - Part 1,38263,839,16,FC Bayern Frauen,@inefable_6879,I love these videos! Cool and funny,0
7Rw6pp1M28c,FC Bayern Frauen Challenge Day - Part 1,38263,839,16,FC Bayern Frauen,@karlw.7804,Glodis ist einfach mega sympathisch 🤗🤗👍🏻,1
7Rw6pp1M28c,FC Bayern Frauen Challenge Day - Part 1,38263,839,16,FC Bayern Frauen,@Mo-qe6zt,Magda vs pernille,2
7Rw6pp1M28c,FC Bayern Frauen Challenge Day - Part 1,38263,839,16,FC Bayern Frauen,@ric007perfekt4,fc bayern girls einfach geil❤❤❤❤❤,1
7Rw6pp1M28c,FC Bayern Frauen Challenge Day - Part 1,38263,839,16,FC Bayern Frauen,@gertirohrenbacher2950,Ich Wünschen Glück Gesund bleiben Gute Neues NEUJahr ❤💋💪👍🙏Dein Münchner Freund Manuel Röhrenbach,2
7Rw6pp1M28c,FC Bayern Frauen Challenge Day - Part 1,38263,839,16,FC Bayern Frauen,@BlueCatherine,"You know,the more,the better🎉🎉",2
7Rw6pp1M28c,FC Bayern Frauen Challenge Day - Part 1,38263,839,16,FC Bayern Frauen,@47NAJIM,❤❤❤💙💙💚💛 💫💫💫💫💫💫💫💫💫💫💫,3
7Rw6pp1M28c,FC Bayern Frauen Challenge Day - Part 1,38263,839,16,FC Bayern Frauen,@MrIcelander,"Congrats to Glódís, Icelandic ""Footballer of the year"" 2024!!",7
7Rw6pp1M28c,FC Bayern Frauen Challenge Day - Part 1,38263,839,16,FC Bayern Frauen,@Castillo_19,❤️🤍,3
7Rw6pp1M28c,FC Bayern Frauen Challenge Day - Part 1,38263,839,16,FC Bayern Frauen,@TobiaaDitze-dz2lu,Ja ❤❤❤❤❤,5
7Rw6pp1M28c,FC Bayern Frauen Challenge Day - Part 1,38263,839,16,FC Bayern Frauen,@Frauenfußball_support,liebs ❤,4
7Rw6pp1M28c,FC Bayern Frauen Challenge Day - Part 1,38263,839,16,FC Bayern Frauen,@TommyWichmann,Tolles Video....die Mia San Mia Mädels mal a bissle anderst zu sehen ist einfach brilliant.....euch allen eine frohe Weihnachtszeit und einen guten Start ins neue Jahr 🎉,11
7Rw6pp1M28c,FC Bayern Frauen Challenge Day - Part 1,38263,839,16,FC Bayern Frauen,@ric007perfekt4,soooo geilll❤❤❤❤❤❤hot❤❤❤❤,3
7Rw6pp1M28c,FC Bayern Frauen Challenge Day - Part 1,38263,839,16,FC Bayern Frauen,@dominikbenz8349,Hammer Video mega cool   bin gespannt freu mich  coole challenge.  Feier eure Videos.   Coole idee,7
7Rw6pp1M28c,FC Bayern Frauen Challenge Day - Part 1,38263,839,16,FC Bayern Frauen,@vanessalauterbach5904,Lea ❤,3
WcE_ft-0xkw,Franzi Kett verlängert bis 2027! ✍️,7584,369,26,FC Bayern Frauen,@AlanCarlosFürst-q5t,Alerta do Gelo Cuidado,0
WcE_ft-0xkw,Franzi Kett verlängert bis 2027! ✍️,7584,369,26,FC Bayern Frauen,@AlanCarlosFürst-q5t,O Resto está na História. Eu não tenho filhos.,0
WcE_ft-0xkw,Franzi Kett verlängert bis 2027! ✍️,7584,369,26,FC Bayern Frauen,@AlanCarlosFürst-q5t,Essa criança diz te amo vovô,0
WcE_ft-0xkw,Franzi Kett verlängert bis 2027! ✍️,7584,369,26,FC Bayern Frauen,@AlanCarlosFürst-q5t,Que privilégio,0
WcE_ft-0xkw,Franzi Kett verlängert bis 2027! ✍️,7584,369,26,FC Bayern Frauen,@walterwhitex87,🎉🔥♥️,0
WcE_ft-0xkw,Franzi Kett verlängert bis 2027! ✍️,7584,369,26,FC Bayern Frauen,@kaanatasoy9917,"Eine sehr schöne Nachricht,🤩 Franzi ist sehr sympathisch und süß😍❤🤍",0
WcE_ft-0xkw,Franzi Kett verlängert bis 2027! ✍️,7584,369,26,FC Bayern Frauen,@TotoHarry1000,"Das ist mega, aber warum spielt sie nicht mehr ist sie verletzt?!?   🤷🏻‍♂️",0
WcE_ft-0xkw,Franzi Kett verlängert bis 2027! ✍️,7584,369,26,FC Bayern Frauen,@TobiaaDitze-dz2lu,Ja,1
WcE_ft-0xkw,Franzi Kett verlängert bis 2027! ✍️,7584,369,26,FC Bayern Frauen,@sammySHD,"vielen lieben DANKEschön liebe junge Frau Franziska Kett, dass sieb8hren Vertrag bei den ❤FC Bayern München ⚽️ Frauen❤ verlängert haben 😎 ‼️ 👍",1
WcE_ft-0xkw,Franzi Kett verlängert bis 2027! ✍️,7584,369,26,FC Bayern Frauen,@manfredweber2841,super,1
WcE_ft-0xkw,Franzi Kett verlängert bis 2027! ✍️,7584,369,26,FC Bayern Frauen,@chrisstein4721,"Irgendwie finds i scho cool a, das mal jemand aus meiner näheren Gegend dort spielt. Auch wenn ich ehrlich sein muss, das i Franzi vorher nicht kannte",1
WcE_ft-0xkw,Franzi Kett verlängert bis 2027! ✍️,7584,369,26,FC Bayern Frauen,@KiGaZw,Bleib gesund Franzi! 😊,2
WcE_ft-0xkw,Franzi Kett verlängert bis 2027! ✍️,7584,369,26,FC Bayern Frauen,@DjNicki24,Willkommen in München,1
WcE_ft-0xkw,Franzi Kett verlängert bis 2027! ✍️,7584,369,26,FC Bayern Frauen,@Frauenfußball_support,"So schön, dass du bleibst, Franzi! Du bist ein echtes Herzstück des Teams! ❤️🎉 Ich freue mich sooo sehr, dass du bis 2027 bleibst, Franzi! Du machst das Team einfach perfekt! ❤️✨",2
WcE_ft-0xkw,Franzi Kett verlängert bis 2027! ✍️,7584,369,26,FC Bayern Frauen,@Fanny_177,Jaa❤️🤍,1
WcE_ft-0xkw,Franzi Kett verlängert bis 2027! ✍️,7584,369,26,FC Bayern Frauen,@WonderlandAlps,GO Franzi !!!,1
WcE_ft-0xkw,Franzi Kett verlängert bis 2027! ✍️,7584,369,26,FC Bayern Frauen,@michaelschablewski267,Das ist wunderschön und sehr wichtig und sie ist genauso die Zukunft des FC Bayern und Deutschlands❤❤❤❤❤❤❤,2
WcE_ft-0xkw,Franzi Kett verlängert bis 2027! ✍️,7584,369,26,FC Bayern Frauen,@dietmarraffke7326,"Danke für die Verlängerung,  Franzi. Du bist ein Eigengewächs des FC Bayern ❤
❤❤❤",3
WcE_ft-0xkw,Franzi Kett verlängert bis 2027! ✍️,7584,369,26,FC Bayern Frauen,@flo_rian_HP,"So schön das sie verlängert 
Viel Erfolg Franzi und alles gute",3
WcE_ft-0xkw,Franzi Kett verlängert bis 2027! ✍️,7584,369,26,FC Bayern Frauen,@ric007perfekt4,Frauenfußball ist geil❤❤❤❤,3
WcE_ft-0xkw,Franzi Kett verlängert bis 2027! ✍️,7584,369,26,FC Bayern Frauen,@ric007perfekt4,soooooo geil❤❤❤❤❤❤,1
WcE_ft-0xkw,Franzi Kett verlängert bis 2027! ✍️,7584,369,26,FC Bayern Frauen,@qwertzqwartz8926,Let´s go Franzi!!,1
WcE_ft-0xkw,Franzi Kett verlängert bis 2027! ✍️,7584,369,26,FC Bayern Frauen,@Calimero444,mia san mia,2
WcE_ft-0xkw,Franzi Kett verlängert bis 2027! ✍️,7584,369,26,FC Bayern Frauen,@Kattmatskal,"Schönes Weihnachtsgeschenk 😍. Toll, dass Franzi verlängert hat. Jetzt heißt es Daumen drücken und hoffen, dass sie verletzungsfrei bleibt ☺",13
WcE_ft-0xkw,Franzi Kett verlängert bis 2027! ✍️,7584,369,26,FC Bayern Frauen,@FCBVIKING1996,Sehr gut,1
WcE_ft-0xkw,Franzi Kett verlängert bis 2027! ✍️,7584,369,26,FC Bayern Frauen,@ralflottkus7204,Mega. Da freut man sich 🎉,2
RJ2QxvBaifQ,"Servus, Mitch! FC Bayern Frauen verpflichten Michelle Ulbrich",16021,292,49,FC Bayern Frauen,@AlanCarlosFürst-q5t,Vocês tem um príncipe Alemão da Alemanha,0
RJ2QxvBaifQ,"Servus, Mitch! FC Bayern Frauen verpflichten Michelle Ulbrich",16021,292,49,FC Bayern Frauen,@AlanCarlosFürst-q5t,Eu sou Alemão da Alemanha,0
RJ2QxvBaifQ,"Servus, Mitch! FC Bayern Frauen verpflichten Michelle Ulbrich",16021,292,49,FC Bayern Frauen,@AlanCarlosFürst-q5t,Vocês. Sabem o que é dor na alma,0
RJ2QxvBaifQ,"Servus, Mitch! FC Bayern Frauen verpflichten Michelle Ulbrich",16021,292,49,FC Bayern Frauen,@AlanCarlosFürst-q5t,Meus pais eram os Cuidadores dele.,0
RJ2QxvBaifQ,"Servus, Mitch! FC Bayern Frauen verpflichten Michelle Ulbrich",16021,292,49,FC Bayern Frauen,@AlanCarlosFürst-q5t,A História do Suíço está comigo.,0
RJ2QxvBaifQ,"Servus, Mitch! FC Bayern Frauen verpflichten Michelle Ulbrich",16021,292,49,FC Bayern Frauen,@rileyxxxx,"nie im leben hätte bremen sie abgegeben. is womöglich einfach nur ein zeichen dafür, dass sie die aktuelle saison aufgegeben haben, da sie weder absteigen noch auf nen top platz kommen können. eine spielerin die jahrelang keine minute gefehlt hat, schickt man nich einfach so weg, allein wegen der statistiken. da es sich jedoch nur um eine Leihe bis ende der aktuellen Saison handelt, wundern mich viele aussagen wie z.B. ""bremen verlassen"".",0
RJ2QxvBaifQ,"Servus, Mitch! FC Bayern Frauen verpflichten Michelle Ulbrich",16021,292,49,FC Bayern Frauen,@TobiaaDitze-dz2lu,Ja,1
RJ2QxvBaifQ,"Servus, Mitch! FC Bayern Frauen verpflichten Michelle Ulbrich",16021,292,49,FC Bayern Frauen,@franklange6114,"Viel zu alt.
Die jungen Spielerinnen müssen  beweisen , dass sie ea bringen können.",0
RJ2QxvBaifQ,"Servus, Mitch! FC Bayern Frauen verpflichten Michelle Ulbrich",16021,292,49,FC Bayern Frauen,@ArabHaroun,"Hezlich wilkommen by fc bayern munchen "" michel "" .",0
RJ2QxvBaifQ,"Servus, Mitch! FC Bayern Frauen verpflichten Michelle Ulbrich",16021,292,49,FC Bayern Frauen,@manfredweber2841,👍👍👍👍👍,2
RJ2QxvBaifQ,"Servus, Mitch! FC Bayern Frauen verpflichten Michelle Ulbrich",16021,292,49,FC Bayern Frauen,@ngumbao6252,"Wie hier schon festgestellt, braucht Bayern eine Torhüterin, da Mahmu immer die einfachen Tore bekommt und an ihren Nerven scheiterte. In den USA spielen 2 deutsche Torhüterinnen, die sofort helfen könnten. Ulbrich ist eine starke Spielerin, aber es wird sehr schwer für sie beim FCB.",3
RJ2QxvBaifQ,"Servus, Mitch! FC Bayern Frauen verpflichten Michelle Ulbrich",16021,292,49,FC Bayern Frauen,@TotoHarry1000,Nur ein halbes Jahr ausgeliehen also?!?,1
RJ2QxvBaifQ,"Servus, Mitch! FC Bayern Frauen verpflichten Michelle Ulbrich",16021,292,49,FC Bayern Frauen,@michaelschablewski267,Naja das ist ein Zeichen dass sie mit Ericson und sembrant nicht zufrieden sind. Und Hansen auf alle Fälle für außen geplant ist.,0
RJ2QxvBaifQ,"Servus, Mitch! FC Bayern Frauen verpflichten Michelle Ulbrich",16021,292,49,FC Bayern Frauen,@hajoos.8360,Da haben die Bremer aber einen gut in München...,2
RJ2QxvBaifQ,"Servus, Mitch! FC Bayern Frauen verpflichten Michelle Ulbrich",16021,292,49,FC Bayern Frauen,@Fanny_177,Servus❤🤍,1
RJ2QxvBaifQ,"Servus, Mitch! FC Bayern Frauen verpflichten Michelle Ulbrich",16021,292,49,FC Bayern Frauen,@Peter-bz4gs,"Ob Ulbrich eine Verstärkung für die Bayern sein wird, muss sich zeigen. Natürlich wünsche ich ihr viele Erfolge. Ich bin aber der Meinung, dass Bayern sich umgehend um eine starke Torhüterin bemühen sollte. Ena Mahmutovic ist sicherlich ein großes Talent und sie wird Ihren Weg bei den Bayern mit Sicherheit gehen. Bayern braucht aber sofort Stabilität im Tor, um auch international mitzuhalten. Sie wäre frei, Almuth Schult. Mal drüber nachdenken, FC Bayern.",8
RJ2QxvBaifQ,"Servus, Mitch! FC Bayern Frauen verpflichten Michelle Ulbrich",16021,292,49,FC Bayern Frauen,@HiViNewsByRegina111,Sehr cool. Glück🍀Auf aus Dortmund,2
RJ2QxvBaifQ,"Servus, Mitch! FC Bayern Frauen verpflichten Michelle Ulbrich",16021,292,49,FC Bayern Frauen,@TheDididiva,"Der Schock sitzt noch tief💔 Extrem wichtige Spielerin für Werder Bremen, trotzdem nur das Beste für diese große Chance! Für immer SVW💚🤍",3
RJ2QxvBaifQ,"Servus, Mitch! FC Bayern Frauen verpflichten Michelle Ulbrich",16021,292,49,FC Bayern Frauen,@manuelfritz5150,Willkommen in da roten familie michelle,2
RJ2QxvBaifQ,"Servus, Mitch! FC Bayern Frauen verpflichten Michelle Ulbrich",16021,292,49,FC Bayern Frauen,@ROI-SALOMON,Bienvenue ❤❤,2
RJ2QxvBaifQ,"Servus, Mitch! FC Bayern Frauen verpflichten Michelle Ulbrich",16021,292,49,FC Bayern Frauen,@DL18234,"Willkommen beim FCB viel spass und Freude,frohe weihnachten und schöne Feiertage ❤🤍",2
RJ2QxvBaifQ,"Servus, Mitch! FC Bayern Frauen verpflichten Michelle Ulbrich",16021,292,49,FC Bayern Frauen,@dietmarraffke7326,Willkommen in München. Du kannst die Mannschaft nur verstärken. ❤❤❤,3
RJ2QxvBaifQ,"Servus, Mitch! FC Bayern Frauen verpflichten Michelle Ulbrich",16021,292,49,FC Bayern Frauen,@Frauenfußball_support,"Willkommen, Michelle! Viel Erfolg bei Bayern und auf eine großartige Zeit im Team! 🔴⚪️",13
RJ2QxvBaifQ,"Servus, Mitch! FC Bayern Frauen verpflichten Michelle Ulbrich",16021,292,49,FC Bayern Frauen,@DjNicki24,❤ willkommen in München,4
RJ2QxvBaifQ,"Servus, Mitch! FC Bayern Frauen verpflichten Michelle Ulbrich",16021,292,49,FC Bayern Frauen,@يومياتزنوبةالمحبوبة,❤,1
zT9eNg2Ev8M,Behind the Scenes: Arsenal FC - FC Bayern,10081,364,13,FC Bayern Frauen,@samsuar84,Gadis gadis hebat❤❤❤,0
zT9eNg2Ev8M,Behind the Scenes: Arsenal FC - FC Bayern,10081,364,13,FC Bayern Frauen,@hajoos.8360,"Schönes Video, aber mit Verlaub, dämlicher kann man gegen eine Englische Luschen-Mannschaft nicht verlieren.",0
zT9eNg2Ev8M,Behind the Scenes: Arsenal FC - FC Bayern,10081,364,13,FC Bayern Frauen,@ddhoster6179,Gerne weitere Videos ❤,2
zT9eNg2Ev8M,Behind the Scenes: Arsenal FC - FC Bayern,10081,364,13,FC Bayern Frauen,@alansmithee8831,Slightly moist in London? Arsenal Father Christmases dreaming of a wet Christmas. There is much more rain where Georgia comes from.,2
zT9eNg2Ev8M,Behind the Scenes: Arsenal FC - FC Bayern,10081,364,13,FC Bayern Frauen,@HiViNewsByRegina111,Ich liebe diese Videos. Lieben Gruß und Glück🍀Auf aus Dortmund,2
zT9eNg2Ev8M,Behind the Scenes: Arsenal FC - FC Bayern,10081,364,13,FC Bayern Frauen,@lilia5051,Nice transition,3
zT9eNg2Ev8M,Behind the Scenes: Arsenal FC - FC Bayern,10081,364,13,FC Bayern Frauen,@lilia5051,Nice transition,2
zT9eNg2Ev8M,Behind the Scenes: Arsenal FC - FC Bayern,10081,364,13,FC Bayern Frauen,@ohdearnotagain2725,"Good game, could have gone either way and conditions were shocking. ....... Fan based i North England!",3
zT9eNg2Ev8M,Behind the Scenes: Arsenal FC - FC Bayern,10081,364,13,FC Bayern Frauen,@Frauenfußball_support,"Starke Leistung, Mädels! Immer spannend, euch hinter den Kulissen zu sehen – weiter so! 🔴⚪⚽ 
Knappe Niederlage, aber großartige Teamleistung! Kopf hoch, ihr kommt stärker zurück! 🔴⚪💪⚽",5
zT9eNg2Ev8M,Behind the Scenes: Arsenal FC - FC Bayern,10081,364,13,FC Bayern Frauen,@robyk6944,FC Bayern women Meisterschaleft.  So I have a chance to get it done oncejoined minutes late so I have to 😂,1
zT9eNg2Ev8M,Behind the Scenes: Arsenal FC - FC Bayern,10081,364,13,FC Bayern Frauen,@dominikbenz8349,Hammer Video mega cool  . Kopf hoch Mädels.  ❤ Video  genießen,7
2IU7emg5r20,𝑨𝒔𝒌 𝒚𝒐𝒖𝒓 𝑰𝒅𝒐𝒍 by Audi. 📽✨,3123,142,1,FC Bayern Frauen,@ChrisLoos-j5k,Sie ist in meiner Schule,0
7FcqHnrhA1k,🌟 Ask your Idol | Audi x FCB 🌟,3179,166,4,FC Bayern Frauen,@yannickpetras214,"Ist gemein aber muss sein,  da ist ja jetzt endlich mal eine in Linda 's Größe dabei 😊😂",0
7FcqHnrhA1k,🌟 Ask your Idol | Audi x FCB 🌟,3179,166,4,FC Bayern Frauen,@moritzvibrans6607,Moritz.Hat er bei Neuried gespielt,0
7FcqHnrhA1k,🌟 Ask your Idol | Audi x FCB 🌟,3179,166,4,FC Bayern Frauen,@LarsNeuhaus-t1p,Sehr sympathisch beide 😊,0
7FcqHnrhA1k,🌟 Ask your Idol | Audi x FCB 🌟,3179,166,4,FC Bayern Frauen,@valdanohutapea,#aksyouridol : no giveaway a Audi car for the fans? 😂,0
qrF0BlUIGcQ,„Du quetschst mich aus mit Fragen?“ 😁 | Ask your Idol | Audi x FC Bayern Frauen,22535,640,26,FC Bayern Frauen,@maraboo72,"Immer wieder erfreulich, wenn Musik, die man normalerweise vermeidet, dann auch noch so laut abgemsciht ist, dass man sich teilweise Mühe geben muss, den Text zu verstehen. Nennt sich - glaube ich - professionelle Herangehensweise.",0
qrF0BlUIGcQ,„Du quetschst mich aus mit Fragen?“ 😁 | Ask your Idol | Audi x FC Bayern Frauen,22535,640,26,FC Bayern Frauen,@butenbremer1965,"Wundervolles Format, bitte unbedingt mehr von ""Ask Your Idol""! Das muss doch auch für die Spielerinnen schön und bewegend sein,  Heranwachsenden - egal, ob w/m/d - Rede und Antwort zu stehen und ihnen dabei ganz nebenbei ein Lachen ins Gesicht zu zaubern.",3
qrF0BlUIGcQ,„Du quetschst mich aus mit Fragen?“ 😁 | Ask your Idol | Audi x FC Bayern Frauen,22535,640,26,FC Bayern Frauen,@ericwimmer1474,toll,1
qrF0BlUIGcQ,„Du quetschst mich aus mit Fragen?“ 😁 | Ask your Idol | Audi x FC Bayern Frauen,22535,640,26,FC Bayern Frauen,@MrIcelander,"Glódís confidently speaking full conversational German is more impressive than most of you may think, because that's not even her 3rd language, let alone 2nd! I say this because in our educative system we have to study two other languages before we ever get to German - if we decide to do German at all. 
I mean, Sveindís still can't do this, nor do I think Karólína could either...",1
qrF0BlUIGcQ,„Du quetschst mich aus mit Fragen?“ 😁 | Ask your Idol | Audi x FC Bayern Frauen,22535,640,26,FC Bayern Frauen,@يومياتزنوبةالمحبوبة,🎉🎉ج,0
qrF0BlUIGcQ,„Du quetschst mich aus mit Fragen?“ 😁 | Ask your Idol | Audi x FC Bayern Frauen,22535,640,26,FC Bayern Frauen,@يومياتزنوبةالمحبوبة,😢,0
qrF0BlUIGcQ,„Du quetschst mich aus mit Fragen?“ 😁 | Ask your Idol | Audi x FC Bayern Frauen,22535,640,26,FC Bayern Frauen,@Marco-j2e,Leider viel zu kurz,1
qrF0BlUIGcQ,„Du quetschst mich aus mit Fragen?“ 😁 | Ask your Idol | Audi x FC Bayern Frauen,22535,640,26,FC Bayern Frauen,@dietmarraffke7326,"Super,dass sich die Bayern Mädels Zeit für junge Talente nehmen. ❤❤❤",1
qrF0BlUIGcQ,„Du quetschst mich aus mit Fragen?“ 😁 | Ask your Idol | Audi x FC Bayern Frauen,22535,640,26,FC Bayern Frauen,@noemiekerschensteiner2561,THEAAAAAA❤️,2
qrF0BlUIGcQ,„Du quetschst mich aus mit Fragen?“ 😁 | Ask your Idol | Audi x FC Bayern Frauen,22535,640,26,FC Bayern Frauen,@mirialichner4572,Hab mich total gefreut Glodis mal auf deutsch zu hören🤩,27
qrF0BlUIGcQ,„Du quetschst mich aus mit Fragen?“ 😁 | Ask your Idol | Audi x FC Bayern Frauen,22535,640,26,FC Bayern Frauen,@almaakraus,theaaaa ❤❤,2
qrF0BlUIGcQ,„Du quetschst mich aus mit Fragen?“ 😁 | Ask your Idol | Audi x FC Bayern Frauen,22535,640,26,FC Bayern Frauen,@michaelschablewski267,"Glodis, wie schön sie deutsch spricht❤❤❤❤❤",17
qrF0BlUIGcQ,„Du quetschst mich aus mit Fragen?“ 😁 | Ask your Idol | Audi x FC Bayern Frauen,22535,640,26,FC Bayern Frauen,@Aditya_Raj123,That touch by Cara at 4:58 was smooth 😍,2
qrF0BlUIGcQ,„Du quetschst mich aus mit Fragen?“ 😁 | Ask your Idol | Audi x FC Bayern Frauen,22535,640,26,FC Bayern Frauen,@Outdoor-Grandpa,"MEGA Aktion!
Diese offene, authentische und nahbare Art ist einfach nur Phantastisch. ❤
Das werden die Kids nie vergessen!!!",5
qrF0BlUIGcQ,„Du quetschst mich aus mit Fragen?“ 😁 | Ask your Idol | Audi x FC Bayern Frauen,22535,640,26,FC Bayern Frauen,@HiViNewsByRegina111,"Ein sehr schönes Format, auch wenn es mit Werbung vermischt ist. Glück🍀Auf aus Dortmund",2
qrF0BlUIGcQ,„Du quetschst mich aus mit Fragen?“ 😁 | Ask your Idol | Audi x FC Bayern Frauen,22535,640,26,FC Bayern Frauen,@karlw.7804,"Glodis sehr, sehr sympathisch 🤗",34
qrF0BlUIGcQ,„Du quetschst mich aus mit Fragen?“ 😁 | Ask your Idol | Audi x FC Bayern Frauen,22535,640,26,FC Bayern Frauen,@JoabKierkegaard,"As a Brazilian guy, for me is always nice to hear Elber's name mention by Bayern players ❤",1
qrF0BlUIGcQ,„Du quetschst mich aus mit Fragen?“ 😁 | Ask your Idol | Audi x FC Bayern Frauen,22535,640,26,FC Bayern Frauen,@samkerrlegend,Wow 😊,1
qrF0BlUIGcQ,„Du quetschst mich aus mit Fragen?“ 😁 | Ask your Idol | Audi x FC Bayern Frauen,22535,640,26,FC Bayern Frauen,@pancakemoon8606,Glodis our icelandic queen 😊,17
qrF0BlUIGcQ,„Du quetschst mich aus mit Fragen?“ 😁 | Ask your Idol | Audi x FC Bayern Frauen,22535,640,26,FC Bayern Frauen,@Frauenfußball_support,😍😍😍,1
qrF0BlUIGcQ,„Du quetschst mich aus mit Fragen?“ 😁 | Ask your Idol | Audi x FC Bayern Frauen,22535,640,26,FC Bayern Frauen,@cybeam1,For the kids a once in a lifetime experience!! So awesome!,4
qrF0BlUIGcQ,„Du quetschst mich aus mit Fragen?“ 😁 | Ask your Idol | Audi x FC Bayern Frauen,22535,640,26,FC Bayern Frauen,@dominikbenz8349,Hammer Video mega cool freu mich Highlight des Tages Video genießen  coole Aktion linda caro glódíis megs hubsch und sympathisch,4
qrF0BlUIGcQ,„Du quetschst mich aus mit Fragen?“ 😁 | Ask your Idol | Audi x FC Bayern Frauen,22535,640,26,FC Bayern Frauen,@carollupus,awesome content and I'm always grateful for the english translation 🙏🏽,4
qrF0BlUIGcQ,„Du quetschst mich aus mit Fragen?“ 😁 | Ask your Idol | Audi x FC Bayern Frauen,22535,640,26,FC Bayern Frauen,@valdanohutapea,Danke for English subtitles 😅,3
8mxFbAQRiI4,𝐂𝐮𝐝𝐝𝐥𝐞𝐭𝐢𝐦𝐞 𝐢𝐧 𝐎𝐬𝐥𝐨! 🥶❤️,3426,250,7,FC Bayern Frauen,@valdanohutapea,Guys can I joined,0
8mxFbAQRiI4,𝐂𝐮𝐝𝐝𝐥𝐞𝐭𝐢𝐦𝐞 𝐢𝐧 𝐎𝐬𝐥𝐨! 🥶❤️,3426,250,7,FC Bayern Frauen,@monikakretschmann7651,❤❤❤❤❤❤❤❤❤❤❤❤😊😊😊😊,0
8mxFbAQRiI4,𝐂𝐮𝐝𝐝𝐥𝐞𝐭𝐢𝐦𝐞 𝐢𝐧 𝐎𝐬𝐥𝐨! 🥶❤️,3426,250,7,FC Bayern Frauen,@liilianfanbayernmunchen,🥰🥰🥰😍 ⚪🔴⚽,0
8mxFbAQRiI4,𝐂𝐮𝐝𝐝𝐥𝐞𝐭𝐢𝐦𝐞 𝐢𝐧 𝐎𝐬𝐥𝐨! 🥶❤️,3426,250,7,FC Bayern Frauen,@sandrapatriciaoriguarios4589,"Aww, so cute!",0
8mxFbAQRiI4,𝐂𝐮𝐝𝐝𝐥𝐞𝐭𝐢𝐦𝐞 𝐢𝐧 𝐎𝐬𝐥𝐨! 🥶❤️,3426,250,7,FC Bayern Frauen,@dominikbenz8349,Dreamteam hubsch ❤,0
8mxFbAQRiI4,𝐂𝐮𝐝𝐝𝐥𝐞𝐭𝐢𝐦𝐞 𝐢𝐧 𝐎𝐬𝐥𝐨! 🥶❤️,3426,250,7,FC Bayern Frauen,@ric007perfekt4,süüüüüüüüß❤❤❤❤❤❤❤❤,0
8mxFbAQRiI4,𝐂𝐮𝐝𝐝𝐥𝐞𝐭𝐢𝐦𝐞 𝐢𝐧 𝐎𝐬𝐥𝐨! 🥶❤️,3426,250,7,FC Bayern Frauen,@hajoos.8360,Tuva Hansen ist bereits bavarisiert.,2
ci9_YqzKOTM,Not as easy as it looks like. Who will win the 𝗹𝗮𝗱𝗱𝗲𝗿 𝗰𝗵𝗮𝗹𝗹𝗲𝗻𝗴𝗲❓🤔,5715,277,2,FC Bayern Frauen,@jodellkesterseegobin2039,Syd has always had supernatural ball control 🥶,0
ci9_YqzKOTM,Not as easy as it looks like. Who will win the 𝗹𝗮𝗱𝗱𝗲𝗿 𝗰𝗵𝗮𝗹𝗹𝗲𝗻𝗴𝗲❓🤔,5715,277,2,FC Bayern Frauen,@sandrapatriciaoriguarios4589,"Lovely, Ana Maria and Sydney!",4
BslHWuWCKMc,Best Friend Challenge | FC Bayern Frauen,31856,546,20,FC Bayern Frauen,@TotoHarry1000,Komm zum VfB liebe Alara.   😁😉👍🏼♥️🍀🥳,0
BslHWuWCKMc,Best Friend Challenge | FC Bayern Frauen,31856,546,20,FC Bayern Frauen,@tobiaskiel9171,"Linda Dallmann, ich will ein Kind von dir!!! ♥️",0
BslHWuWCKMc,Best Friend Challenge | FC Bayern Frauen,31856,546,20,FC Bayern Frauen,@alexanderspaarschuh8628,Bitte eine Fortsetzung,3
BslHWuWCKMc,Best Friend Challenge | FC Bayern Frauen,31856,546,20,FC Bayern Frauen,@Frauenfußball_support,😍😍😍,0
BslHWuWCKMc,Best Friend Challenge | FC Bayern Frauen,31856,546,20,FC Bayern Frauen,@peterstreiff3811,Ich ❤ FC Bayern München Damen!   Grüsse an die *Ladies* aus Glarus 🇨🇭,2
BslHWuWCKMc,Best Friend Challenge | FC Bayern Frauen,31856,546,20,FC Bayern Frauen,@eeeheyebvyfbevbyf,Pls do this with Magda and pernille😂❤,5
BslHWuWCKMc,Best Friend Challenge | FC Bayern Frauen,31856,546,20,FC Bayern Frauen,@andreasvo2992,What a great video. Who always comes up with these funny jokes?,2
BslHWuWCKMc,Best Friend Challenge | FC Bayern Frauen,31856,546,20,FC Bayern Frauen,@jisoobichi1575,beautiful landscape 😮,2
BslHWuWCKMc,Best Friend Challenge | FC Bayern Frauen,31856,546,20,FC Bayern Frauen,@DL18234,"Geiles Video Zartbitterschokolade ist so lecker,gibt es auch als Brotaufstrich bei Rewe",0
BslHWuWCKMc,Best Friend Challenge | FC Bayern Frauen,31856,546,20,FC Bayern Frauen,@Aditya_Raj123,Include english subtitles please 😅🙏🏼,2
BslHWuWCKMc,Best Friend Challenge | FC Bayern Frauen,31856,546,20,FC Bayern Frauen,@ts5688,Franziiiii,0
BslHWuWCKMc,Best Friend Challenge | FC Bayern Frauen,31856,546,20,FC Bayern Frauen,@freundderironie,Der wilde Mix aus deutsch und englisch ohne System ist so geil,60
BslHWuWCKMc,Best Friend Challenge | FC Bayern Frauen,31856,546,20,FC Bayern Frauen,@johannes-josef,Schönes Video vor malerischer Kulisse.,0
BslHWuWCKMc,Best Friend Challenge | FC Bayern Frauen,31856,546,20,FC Bayern Frauen,@dominikbenz8349,Hammer Video mega cool freu mich Highlight des.  Video genießen  coole idee hubsch Dreamteam ❤,5
BslHWuWCKMc,Best Friend Challenge | FC Bayern Frauen,31856,546,20,FC Bayern Frauen,@dominikbenz8349,❤❤,2
BslHWuWCKMc,Best Friend Challenge | FC Bayern Frauen,31856,546,20,FC Bayern Frauen,@يومياتزنوبةالمحبوبة,بايرن ميونخ أفضل نادي في العالم ❤,1
BslHWuWCKMc,Best Friend Challenge | FC Bayern Frauen,31856,546,20,FC Bayern Frauen,@يومياتزنوبةالمحبوبة,❤❤❤,0
l2lLIzdZav0,Pernille Harder & Magdalena Eriksson im Austausch mit „QUEERPASS Bayern“ | FC Bayern Frauen,15566,653,34,FC Bayern Frauen,@CroHerceg88,"Man ist das eine eklige Propaganda. Würde irgendwie Christen odet andere Gruppierungen einen fanclub gründen, würde man das nicht so hochjubeln . Heuchler",0
l2lLIzdZav0,Pernille Harder & Magdalena Eriksson im Austausch mit „QUEERPASS Bayern“ | FC Bayern Frauen,15566,653,34,FC Bayern Frauen,@inefable_6879,"Great rolemodels P and M, and great iniciative the one on this club 😁",6
l2lLIzdZav0,Pernille Harder & Magdalena Eriksson im Austausch mit „QUEERPASS Bayern“ | FC Bayern Frauen,15566,653,34,FC Bayern Frauen,@pancakemoon8606,❤❤ Vorbilder,5
l2lLIzdZav0,Pernille Harder & Magdalena Eriksson im Austausch mit „QUEERPASS Bayern“ | FC Bayern Frauen,15566,653,34,FC Bayern Frauen,@sergiocardona650,Mamasitas lindas ❤🥰😘❤️🇨🇴🇨🇴🇨🇴,3
l2lLIzdZav0,Pernille Harder & Magdalena Eriksson im Austausch mit „QUEERPASS Bayern“ | FC Bayern Frauen,15566,653,34,FC Bayern Frauen,@Frauenfußball_support,Role Models I Love Magda & Phader! ❤ Bester Fanclub,7
l2lLIzdZav0,Pernille Harder & Magdalena Eriksson im Austausch mit „QUEERPASS Bayern“ | FC Bayern Frauen,15566,653,34,FC Bayern Frauen,@hahafalseflag5090,Queerpass?,0
l2lLIzdZav0,Pernille Harder & Magdalena Eriksson im Austausch mit „QUEERPASS Bayern“ | FC Bayern Frauen,15566,653,34,FC Bayern Frauen,@nertqw6047,"Amazing people, thanks for this video! Very important 😊",7
l2lLIzdZav0,Pernille Harder & Magdalena Eriksson im Austausch mit „QUEERPASS Bayern“ | FC Bayern Frauen,15566,653,34,FC Bayern Frauen,@sabine6063,I'm really touched by the QueerPass club. And also so nice that Pernille and Magda met with you. I can say from my 71 years of life that it wasn't easy at all in the world of work. So I say THANK YOU!! ❤,10
l2lLIzdZav0,Pernille Harder & Magdalena Eriksson im Austausch mit „QUEERPASS Bayern“ | FC Bayern Frauen,15566,653,34,FC Bayern Frauen,@alice_hml,"Respect to Bayern and their queer fans, that's really cool.",7
l2lLIzdZav0,Pernille Harder & Magdalena Eriksson im Austausch mit „QUEERPASS Bayern“ | FC Bayern Frauen,15566,653,34,FC Bayern Frauen,@JörgRück-l2y,Zwei sympathische Frauen macht weiter so und habt viel Spaß dabei Viele Grüße der Gärtner aus Hessen Mia son Mia ❤😊❤😊,5
l2lLIzdZav0,Pernille Harder & Magdalena Eriksson im Austausch mit „QUEERPASS Bayern“ | FC Bayern Frauen,15566,653,34,FC Bayern Frauen,@hajoos.8360,Gibt es auch einen Tiefenpaß-Fanclub für Heteros?,1
l2lLIzdZav0,Pernille Harder & Magdalena Eriksson im Austausch mit „QUEERPASS Bayern“ | FC Bayern Frauen,15566,653,34,FC Bayern Frauen,@theresakober8754,Bester Fanclub <3 Bin stolz hier Mitglied zu sein.,10
l2lLIzdZav0,Pernille Harder & Magdalena Eriksson im Austausch mit „QUEERPASS Bayern“ | FC Bayern Frauen,15566,653,34,FC Bayern Frauen,@IsabelPaul-bk7tk,Love it 🥺😍❤️,5
l2lLIzdZav0,Pernille Harder & Magdalena Eriksson im Austausch mit „QUEERPASS Bayern“ | FC Bayern Frauen,15566,653,34,FC Bayern Frauen,@kwrext,"liebe geht raus an queerpass, magda und pernille und den fcb. 
proud to be fan of the club 👏❤",11
l2lLIzdZav0,Pernille Harder & Magdalena Eriksson im Austausch mit „QUEERPASS Bayern“ | FC Bayern Frauen,15566,653,34,FC Bayern Frauen,@brokencardealer1,"Grüße an QUEERPASS Bayern. Tolle Arbeit, es ist wirklich schön euch in der Bayern-Familie zu haben!",26
l2lLIzdZav0,Pernille Harder & Magdalena Eriksson im Austausch mit „QUEERPASS Bayern“ | FC Bayern Frauen,15566,653,34,FC Bayern Frauen,@TheMaxpit,Kurz gesagt.  Einfach zwei tolle Menschen!,13
l2lLIzdZav0,Pernille Harder & Magdalena Eriksson im Austausch mit „QUEERPASS Bayern“ | FC Bayern Frauen,15566,653,34,FC Bayern Frauen,@wincedd,tolle spielerinnen und dazu noch tolle vorbilder,17
l2lLIzdZav0,Pernille Harder & Magdalena Eriksson im Austausch mit „QUEERPASS Bayern“ | FC Bayern Frauen,15566,653,34,FC Bayern Frauen,@k-q8r2g,"Sehr sympathisch die zwei und einfach schön, sie beim FC Bayern zu haben ❤",20
l2lLIzdZav0,Pernille Harder & Magdalena Eriksson im Austausch mit „QUEERPASS Bayern“ | FC Bayern Frauen,15566,653,34,FC Bayern Frauen,@klaus7227,👏👍,5
l2lLIzdZav0,Pernille Harder & Magdalena Eriksson im Austausch mit „QUEERPASS Bayern“ | FC Bayern Frauen,15566,653,34,FC Bayern Frauen,@HarderxEriksson,❤❤,6
l2lLIzdZav0,Pernille Harder & Magdalena Eriksson im Austausch mit „QUEERPASS Bayern“ | FC Bayern Frauen,15566,653,34,FC Bayern Frauen,@striker_l_23,Stark,3
l2lLIzdZav0,Pernille Harder & Magdalena Eriksson im Austausch mit „QUEERPASS Bayern“ | FC Bayern Frauen,15566,653,34,FC Bayern Frauen,@HiViNewsByRegina111,"Immer wieder schön Pernille und Magda zusammen zu sehen, sie haben eine so positive Ausstrahlung. Einen schönen Tag und Glück🍀Auf aus Dortmund",41
l2lLIzdZav0,Pernille Harder & Magdalena Eriksson im Austausch mit „QUEERPASS Bayern“ | FC Bayern Frauen,15566,653,34,FC Bayern Frauen,@dominikbenz8349,Hammer Video mega cool freu mich  Video genießen  Dreamteam  hubsch  feier eure Videos,11
l2lLIzdZav0,Pernille Harder & Magdalena Eriksson im Austausch mit „QUEERPASS Bayern“ | FC Bayern Frauen,15566,653,34,FC Bayern Frauen,@Zossel99,"""Queerpass"" erzeugt genau den gegenteiligen Effekt, den sie eigentlich erreichen wollen.
Ich, als homosexueller Mann, muss nicht durch solche komischen Fanclubs glorifiziert und auf eine andere Stufe als Heteros gestellt werden.
Sexualität darf eben genau keine Rolle spielen, was sie in diesen Club leider tut.
Ich schäme mich für jedes Erleuchten der Allianz Arena in Regenbogenfarben.",1
l2lLIzdZav0,Pernille Harder & Magdalena Eriksson im Austausch mit „QUEERPASS Bayern“ | FC Bayern Frauen,15566,653,34,FC Bayern Frauen,@agnesengs05,❤🤍,6
JFToIVZQ4ZQ,Behind the Scenes in Oslo & Freiburg | FC Bayern Frauen,23719,652,18,FC Bayern Frauen,@davidkhaba2393,❤🎉,0
JFToIVZQ4ZQ,Behind the Scenes in Oslo & Freiburg | FC Bayern Frauen,23719,652,18,FC Bayern Frauen,@samsuar84,Gadis gadis lembut dan manis tapi hebat❤❤❤,0
JFToIVZQ4ZQ,Behind the Scenes in Oslo & Freiburg | FC Bayern Frauen,23719,652,18,FC Bayern Frauen,@hahafalseflag5090,You guys always take a break after you score and that stops you from being dominate.,1
JFToIVZQ4ZQ,Behind the Scenes in Oslo & Freiburg | FC Bayern Frauen,23719,652,18,FC Bayern Frauen,@MariamHidawi,I love you so much this team I follow you on Instagram,1
JFToIVZQ4ZQ,Behind the Scenes in Oslo & Freiburg | FC Bayern Frauen,23719,652,18,FC Bayern Frauen,@Lu-uo7ko,Mega cool! Pls mehr content❤,3
JFToIVZQ4ZQ,Behind the Scenes in Oslo & Freiburg | FC Bayern Frauen,23719,652,18,FC Bayern Frauen,@cybeam1,1:06 谷川萌々子さん、おかえりなさい！共に頑張って楽しましょうね！👋😆,2
JFToIVZQ4ZQ,Behind the Scenes in Oslo & Freiburg | FC Bayern Frauen,23719,652,18,FC Bayern Frauen,@Aditya_Raj123,I love this team ❤.  Mia san mia,2
JFToIVZQ4ZQ,Behind the Scenes in Oslo & Freiburg | FC Bayern Frauen,23719,652,18,FC Bayern Frauen,@oscarvanschijndel4989,"Das UWCL-Spiel gegen die Norwegerinnen war nicht grossartig, dafür ausreichend. Hauptsache: qualifiziert. Jetzt folgt der Kampf um den Gruppensieg mit Arsenal. Das wird schwierig. Arsenal hat das leichtere Programm und kann das ganze für sich entscheiden im Meadow Park.
Aber Gruppensieg ist wichtig, denn so umgeht man vorerst Barcelona, Chelsea oder Lyon. Die sehen schon eine Klasse besser aus. Bin mir nicht sicher ob die FCB auch von diesen Clubs gewinnt. Nunmal hoffen dass in der KO-Phase die Allianz Arena zur Verfügung stehen wird. Die Unterstützung der Heimkulisse wird sehr dringend gebraucht.",4
JFToIVZQ4ZQ,Behind the Scenes in Oslo & Freiburg | FC Bayern Frauen,23719,652,18,FC Bayern Frauen,@Frauenfußball_support,So stolz! Toller Einblick! 🫶🏻😍🤍❤️,2
JFToIVZQ4ZQ,Behind the Scenes in Oslo & Freiburg | FC Bayern Frauen,23719,652,18,FC Bayern Frauen,@davewright8206,"most enjoyable,
thanks from england",2
JFToIVZQ4ZQ,Behind the Scenes in Oslo & Freiburg | FC Bayern Frauen,23719,652,18,FC Bayern Frauen,@davewright8206,does gorgia always play rough 🤣🤣,0
JFToIVZQ4ZQ,Behind the Scenes in Oslo & Freiburg | FC Bayern Frauen,23719,652,18,FC Bayern Frauen,@davewright8206,nice to see tuva playing to the camera,4
JFToIVZQ4ZQ,Behind the Scenes in Oslo & Freiburg | FC Bayern Frauen,23719,652,18,FC Bayern Frauen,@hajoos.8360,"Tja, in Oslo verkackt, in Freiburg mit einem halbblinden Schiri Schwein gehabt. Raffaela stand im Tor & Lea im Abseits. Dafür ein schönes Video.",0
JFToIVZQ4ZQ,Behind the Scenes in Oslo & Freiburg | FC Bayern Frauen,23719,652,18,FC Bayern Frauen,@TobiaaDitze-dz2lu,Ja,1
JFToIVZQ4ZQ,Behind the Scenes in Oslo & Freiburg | FC Bayern Frauen,23719,652,18,FC Bayern Frauen,@dominikbenz8349,Hammer Video mega cool freu mich  coole Eindrucke.  Dreamteam.  Erstmal Video genießen.  Hubsch und sympathisch  passt auf euch auf,9
JFToIVZQ4ZQ,Behind the Scenes in Oslo & Freiburg | FC Bayern Frauen,23719,652,18,FC Bayern Frauen,@robyk6944,FC Bayern. Women are you available to help you with your family and friends with you. 🤳🤳🤳,2
qEFY17dBqvQ,"More than 90 Minutes | Blind Ranking mit Lena Gercke, Kathi Naschenweng und Lena Oberdorf",40250,907,52,FC Bayern Frauen,@AlanCarlosFürst-q5t,Daqui 10 anos os empregos? Vão sumir por robôs.,0
qEFY17dBqvQ,"More than 90 Minutes | Blind Ranking mit Lena Gercke, Kathi Naschenweng und Lena Oberdorf",40250,907,52,FC Bayern Frauen,@AlanCarlosFürst-q5t,Eu compro a vista,0
qEFY17dBqvQ,"More than 90 Minutes | Blind Ranking mit Lena Gercke, Kathi Naschenweng und Lena Oberdorf",40250,907,52,FC Bayern Frauen,@AlanCarlosFürst-q5t,O Brasil tem grandes portos é riquezas.,0
qEFY17dBqvQ,"More than 90 Minutes | Blind Ranking mit Lena Gercke, Kathi Naschenweng und Lena Oberdorf",40250,907,52,FC Bayern Frauen,@AlanCarlosFürst-q5t,Rolex Suíço,0
qEFY17dBqvQ,"More than 90 Minutes | Blind Ranking mit Lena Gercke, Kathi Naschenweng und Lena Oberdorf",40250,907,52,FC Bayern Frauen,@AlanCarlosFürst-q5t,Úrsula. O Brasil é Roubado desde 1500,0
qEFY17dBqvQ,"More than 90 Minutes | Blind Ranking mit Lena Gercke, Kathi Naschenweng und Lena Oberdorf",40250,907,52,FC Bayern Frauen,@AlanCarlosFürst-q5t,Thomas Müller! Disse burro,0
qEFY17dBqvQ,"More than 90 Minutes | Blind Ranking mit Lena Gercke, Kathi Naschenweng und Lena Oberdorf",40250,907,52,FC Bayern Frauen,@AlanCarlosFürst-q5t,Eu não tenho culpa de ser Rico,0
qEFY17dBqvQ,"More than 90 Minutes | Blind Ranking mit Lena Gercke, Kathi Naschenweng und Lena Oberdorf",40250,907,52,FC Bayern Frauen,@heybrunaw,"a cara de decepção da Obi foi a mesma que a minha quando a outra Lena fala que prefere os filhos a cachorros agora... podia ter guardado esse comentário ridículo pra ela né, por favor",0
qEFY17dBqvQ,"More than 90 Minutes | Blind Ranking mit Lena Gercke, Kathi Naschenweng und Lena Oberdorf",40250,907,52,FC Bayern Frauen,@47NAJIM,❤❤💙💙💚💚💛💛💗💗 💫💫💫💫💫💫💫💫💫💫💫,0
qEFY17dBqvQ,"More than 90 Minutes | Blind Ranking mit Lena Gercke, Kathi Naschenweng und Lena Oberdorf",40250,907,52,FC Bayern Frauen,@giglio_arkhamredhood,OBIIIII !!!! 🤩🥰🫶,2
qEFY17dBqvQ,"More than 90 Minutes | Blind Ranking mit Lena Gercke, Kathi Naschenweng und Lena Oberdorf",40250,907,52,FC Bayern Frauen,@amineouelji47,OBI ❤,1
qEFY17dBqvQ,"More than 90 Minutes | Blind Ranking mit Lena Gercke, Kathi Naschenweng und Lena Oberdorf",40250,907,52,FC Bayern Frauen,@ric007perfekt4,super girls❤❤❤❤,1
qEFY17dBqvQ,"More than 90 Minutes | Blind Ranking mit Lena Gercke, Kathi Naschenweng und Lena Oberdorf",40250,907,52,FC Bayern Frauen,@ric007perfekt4,immer toll❤,2
qEFY17dBqvQ,"More than 90 Minutes | Blind Ranking mit Lena Gercke, Kathi Naschenweng und Lena Oberdorf",40250,907,52,FC Bayern Frauen,@Mike-n3q4w,"Sie sehr lieb dich 
Guilia Gwinn vielleicht Freundin ja gut 
Verheiratet ja gut Michael Reiter ❤️",0
qEFY17dBqvQ,"More than 90 Minutes | Blind Ranking mit Lena Gercke, Kathi Naschenweng und Lena Oberdorf",40250,907,52,FC Bayern Frauen,@z8080,Mehr mit Obi!!,2
qEFY17dBqvQ,"More than 90 Minutes | Blind Ranking mit Lena Gercke, Kathi Naschenweng und Lena Oberdorf",40250,907,52,FC Bayern Frauen,@Mike-n3q4w,"Sie sehr lieb dich 
Lachen und ❤️ prima Tolllilly super süß hübscher.",4
qEFY17dBqvQ,"More than 90 Minutes | Blind Ranking mit Lena Gercke, Kathi Naschenweng und Lena Oberdorf",40250,907,52,FC Bayern Frauen,@real-sausia,Obiiiiii❤❤ (Bitte mehr mit ihr),6
qEFY17dBqvQ,"More than 90 Minutes | Blind Ranking mit Lena Gercke, Kathi Naschenweng und Lena Oberdorf",40250,907,52,FC Bayern Frauen,@nilas20,"Jede Menge wunderbare, smarte tolle Frauen. Und Lena Gercke.",5
qEFY17dBqvQ,"More than 90 Minutes | Blind Ranking mit Lena Gercke, Kathi Naschenweng und Lena Oberdorf",40250,907,52,FC Bayern Frauen,@ric007perfekt4,soooo geil alle❤❤❤❤❤ finde es cool das lena gerke bayern fan ist sie weiß was cool ist ❤❤❤❤ich bin überzeugt die mädls verteidigen den titel gegebüber dem vfl😊😊😊🎉🎉,0
qEFY17dBqvQ,"More than 90 Minutes | Blind Ranking mit Lena Gercke, Kathi Naschenweng und Lena Oberdorf",40250,907,52,FC Bayern Frauen,@TotoHarry1000,Lena Gercke mocht ich noch nie so arg sorry...,4
qEFY17dBqvQ,"More than 90 Minutes | Blind Ranking mit Lena Gercke, Kathi Naschenweng und Lena Oberdorf",40250,907,52,FC Bayern Frauen,@Jumo1084,obi wir vermissen dich ich hoffe dir gehts gut <3,3
qEFY17dBqvQ,"More than 90 Minutes | Blind Ranking mit Lena Gercke, Kathi Naschenweng und Lena Oberdorf",40250,907,52,FC Bayern Frauen,@rumpel8037,Giulia Gwinns Einsatz für Hunde und Tierschutz macht sie dann endgültig unendlich sympathisch. 🐕❤ Ganz klar auf die 1.,15
qEFY17dBqvQ,"More than 90 Minutes | Blind Ranking mit Lena Gercke, Kathi Naschenweng und Lena Oberdorf",40250,907,52,FC Bayern Frauen,@marcuslenzen,"Keine Ahnung wer Lena Gercke ist, aber dieses Influencer Gehabe nervt gewaltig. Das wäre spannender gewesen wenn eine Mitspielerin moderiert hätte.",8
qEFY17dBqvQ,"More than 90 Minutes | Blind Ranking mit Lena Gercke, Kathi Naschenweng und Lena Oberdorf",40250,907,52,FC Bayern Frauen,@TobiaaDitze-dz2lu,Ja,1
qEFY17dBqvQ,"More than 90 Minutes | Blind Ranking mit Lena Gercke, Kathi Naschenweng und Lena Oberdorf",40250,907,52,FC Bayern Frauen,@lisabr807,Obi wirkt voll nervös.. kennt man ja gar nicht von ihr,12
qEFY17dBqvQ,"More than 90 Minutes | Blind Ranking mit Lena Gercke, Kathi Naschenweng und Lena Oberdorf",40250,907,52,FC Bayern Frauen,@hajoos.8360,Kickende Comics ist nicht so meins...,0
qEFY17dBqvQ,"More than 90 Minutes | Blind Ranking mit Lena Gercke, Kathi Naschenweng und Lena Oberdorf",40250,907,52,FC Bayern Frauen,@yourfaveditor22,OBIIIIIIIII❤,10
qEFY17dBqvQ,"More than 90 Minutes | Blind Ranking mit Lena Gercke, Kathi Naschenweng und Lena Oberdorf",40250,907,52,FC Bayern Frauen,@roberts.1878,"""kommt drauf an welche stelle"" hahhahah",9
qEFY17dBqvQ,"More than 90 Minutes | Blind Ranking mit Lena Gercke, Kathi Naschenweng und Lena Oberdorf",40250,907,52,FC Bayern Frauen,@Mini-yn9iy,Obi❤❤❤,14
qEFY17dBqvQ,"More than 90 Minutes | Blind Ranking mit Lena Gercke, Kathi Naschenweng und Lena Oberdorf",40250,907,52,FC Bayern Frauen,@brokencardealer1,Warum ist Lena Gercke in diesem Video?,11
qEFY17dBqvQ,"More than 90 Minutes | Blind Ranking mit Lena Gercke, Kathi Naschenweng und Lena Oberdorf",40250,907,52,FC Bayern Frauen,@valdanohutapea,"Hei Gwinn, if you animal protector, i can be your heart protector 😊",1
qEFY17dBqvQ,"More than 90 Minutes | Blind Ranking mit Lena Gercke, Kathi Naschenweng und Lena Oberdorf",40250,907,52,FC Bayern Frauen,@dominikbenz8349,Hammer Video mega cool mehr davon,11
qEFY17dBqvQ,"More than 90 Minutes | Blind Ranking mit Lena Gercke, Kathi Naschenweng und Lena Oberdorf",40250,907,52,FC Bayern Frauen,@florahauschka9560,Bitte mehr mit Obi ❤️‍🔥,57
ZC4Lqw5njQ8,𝐆𝐮𝐞𝐬𝐬 𝐭𝐡𝐞 𝐪𝐮𝐨𝐭𝐞 - documentary edition part 2 🧐,8943,383,2,FC Bayern Frauen,@Matteblak,Please use subtitles in english,0
ZC4Lqw5njQ8,𝐆𝐮𝐞𝐬𝐬 𝐭𝐡𝐞 𝐪𝐮𝐨𝐭𝐞 - documentary edition part 2 🧐,8943,383,2,FC Bayern Frauen,@valdanohutapea,Guys where's my Gwinn? 😅,4
MPNVM7RYj5o,"Giulia #Gwinn always has an eye on everything, not just on the pitch! 👀👌",6960,325,7,FC Bayern Frauen,@d3.production,???,0
MPNVM7RYj5o,"Giulia #Gwinn always has an eye on everything, not just on the pitch! 👀👌",6960,325,7,FC Bayern Frauen,@vikingwarrior2611,My love ❤,0
MPNVM7RYj5o,"Giulia #Gwinn always has an eye on everything, not just on the pitch! 👀👌",6960,325,7,FC Bayern Frauen,@Mike-n3q4w,"Hallo liebe Giulia Gwinn 
Sie sehr lieb dich ❤👍♥️💯",0
MPNVM7RYj5o,"Giulia #Gwinn always has an eye on everything, not just on the pitch! 👀👌",6960,325,7,FC Bayern Frauen,@valdanohutapea,Oh my Gwinn 😊,1
MPNVM7RYj5o,"Giulia #Gwinn always has an eye on everything, not just on the pitch! 👀👌",6960,325,7,FC Bayern Frauen,@CoriNeubauer,🤣👍⚽️❤️,0
MPNVM7RYj5o,"Giulia #Gwinn always has an eye on everything, not just on the pitch! 👀👌",6960,325,7,FC Bayern Frauen,@bernd3781,Giuli is ready for FCB-Marketing now!!🫶👌😅,3
MPNVM7RYj5o,"Giulia #Gwinn always has an eye on everything, not just on the pitch! 👀👌",6960,325,7,FC Bayern Frauen,@freelineskates5180,Hat ja gut geklappt😭💀,8
4UD3OGcfbFw,Twice in a row - Episode 6 | More than 90 Minutes - presented by Allianz,3116,187,1,FC Bayern Frauen,@RonaAlipour,😍😍♥️♥️,0
uWHWhKN8mUc,Behind the Scenes | Juventus Turin - FC Bayern Frauen,23848,771,15,FC Bayern Frauen,@plc20100,01:05 😂,2
uWHWhKN8mUc,Behind the Scenes | Juventus Turin - FC Bayern Frauen,23848,771,15,FC Bayern Frauen,@ArabHaroun,"Ich wunche dieas champion fur die bayern von fussbal frawn gewinen . "" ❤ "" .",2
uWHWhKN8mUc,Behind the Scenes | Juventus Turin - FC Bayern Frauen,23848,771,15,FC Bayern Frauen,@hahafalseflag5090,Can you guys get my girl Magull back on the team?,0
uWHWhKN8mUc,Behind the Scenes | Juventus Turin - FC Bayern Frauen,23848,771,15,FC Bayern Frauen,@Annika30512,Lina forever ❤🤍,0
uWHWhKN8mUc,Behind the Scenes | Juventus Turin - FC Bayern Frauen,23848,771,15,FC Bayern Frauen,@Hannah-qq7uf,Sehr schön gemacht der Beitrag,3
uWHWhKN8mUc,Behind the Scenes | Juventus Turin - FC Bayern Frauen,23848,771,15,FC Bayern Frauen,@Reemoun,Spricht eigentlich irgendeine der Bayern-Spielerinnen italienisch?,0
uWHWhKN8mUc,Behind the Scenes | Juventus Turin - FC Bayern Frauen,23848,771,15,FC Bayern Frauen,@Laura_die_Fußballerin,Sodass von verdient ❤🎉,3
uWHWhKN8mUc,Behind the Scenes | Juventus Turin - FC Bayern Frauen,23848,771,15,FC Bayern Frauen,@Castillo_19,❤️🤍,2
uWHWhKN8mUc,Behind the Scenes | Juventus Turin - FC Bayern Frauen,23848,771,15,FC Bayern Frauen,@Frauenfußball_support,So stolz auf euch 🤍❤️🫶🏻! Weiter so und schön dich zu sehen Lina 🫶🏻,9
uWHWhKN8mUc,Behind the Scenes | Juventus Turin - FC Bayern Frauen,23848,771,15,FC Bayern Frauen,@CoriNeubauer,👍⚽️❤️,1
uWHWhKN8mUc,Behind the Scenes | Juventus Turin - FC Bayern Frauen,23848,771,15,FC Bayern Frauen,@KiGaZw,"""Grias eana"" bei 02:52! Sehr schön! 😊",4
uWHWhKN8mUc,Behind the Scenes | Juventus Turin - FC Bayern Frauen,23848,771,15,FC Bayern Frauen,@dominikbenz8349,Hammer Video mega cool freu mich Highlight des Tages  coole Eindrucke,5
uWHWhKN8mUc,Behind the Scenes | Juventus Turin - FC Bayern Frauen,23848,771,15,FC Bayern Frauen,@Julieee.eeetii,Schön Lina zu sehen!! <3,31
uWHWhKN8mUc,Behind the Scenes | Juventus Turin - FC Bayern Frauen,23848,771,15,FC Bayern Frauen,@JuliusBaumunk,Liebe diese Videos!🤍❤️,11
uWHWhKN8mUc,Behind the Scenes | Juventus Turin - FC Bayern Frauen,23848,771,15,FC Bayern Frauen,@davewright8206,0:10 *waves back yoohoo!,4
H3MBgQsDX80,Pink October Brunch: Das neue Sondertrikot der FC Bayern Frauen,16564,501,19,FC Bayern Frauen,@47NAJIM,❤💙💚💛💗 💫💫💫💫💫,0
H3MBgQsDX80,Pink October Brunch: Das neue Sondertrikot der FC Bayern Frauen,16564,501,19,FC Bayern Frauen,@TobiaaDitze-dz2lu,Ja,1
H3MBgQsDX80,Pink October Brunch: Das neue Sondertrikot der FC Bayern Frauen,16564,501,19,FC Bayern Frauen,@thomaskeyzers3295,es gibt mit Sicherheit wichtigere Themen als Homosexualität . Das sind Randerscheinungen !!,0
H3MBgQsDX80,Pink October Brunch: Das neue Sondertrikot der FC Bayern Frauen,16564,501,19,FC Bayern Frauen,@dietmarraffke7326,"Sieht nicht nur gut aus, sondern durch die Versteigerung wird auch vielen Menschen geholfen. Danke dafür ❤❤❤",1
H3MBgQsDX80,Pink October Brunch: Das neue Sondertrikot der FC Bayern Frauen,16564,501,19,FC Bayern Frauen,@JörgRück-l2y,Finde das eine Super Idee macht weiter so  Klasse gemacht Mädels und derFc Bayern und viel Erfolg und habt viel Spaß dabei Viele Grüße der Gärtner aus Hessen Hessen Mia son Mir ❤😂❤😊,0
H3MBgQsDX80,Pink October Brunch: Das neue Sondertrikot der FC Bayern Frauen,16564,501,19,FC Bayern Frauen,@PasionBayern,"Hoffen wir, dass LEGER in Zukunft auch eine Uniform für Männer und nicht nur für Frauen entwerfen kann.",0
H3MBgQsDX80,Pink October Brunch: Das neue Sondertrikot der FC Bayern Frauen,16564,501,19,FC Bayern Frauen,@nilas20,"Als Fan erwarte ich von allen beteiligten Partnern, also vom FC Bayern, von Adidas und von Frau Gercke, dass sie ALLE auf jegliche Gewinne aus dieser Aktion verzichten und den VOLLSTÄNDIGEN Erlös entweder der Krebshilfe oder einer vergleichbaren sozialkaritativen Organisation spenden.
Unter modischem Aspekt ist dieses Trikot gründlich misslungen. Es sieht einfach grässlich aus.
Passend für einen Aperol-Sprizz-Werbespot mit Olaf Schubert.
Ich befürchte, dass Frau Gercke den Lappen höchstpersönlich entworfen hat.
Aber es kommt freilich auf den sozialkaritativen Aspekt an, wie gesagt.",0
H3MBgQsDX80,Pink October Brunch: Das neue Sondertrikot der FC Bayern Frauen,16564,501,19,FC Bayern Frauen,@CasanOffi,"Coole Aktion und das Trikot find ich auch stark.
Würde es aber cooler finden, wenn es nicht einfach nur ne PR-Aktion wäre.",1
H3MBgQsDX80,Pink October Brunch: Das neue Sondertrikot der FC Bayern Frauen,16564,501,19,FC Bayern Frauen,@Frauenfußball_support,🤍♥️🫶🏻,3
H3MBgQsDX80,Pink October Brunch: Das neue Sondertrikot der FC Bayern Frauen,16564,501,19,FC Bayern Frauen,@peterstreiff3811,Ich bin ein grosser Fan der FC Bayern München *Ladies 💍* .   Grüsse aus der 🇨🇭,8
H3MBgQsDX80,Pink October Brunch: Das neue Sondertrikot der FC Bayern Frauen,16564,501,19,FC Bayern Frauen,@NEW-jm1lf,Fell in love with this team on Wednesday against Arsenal. Then  watched their 90 min episodes loved them even more and now this. Great work to the team behind all of this and spreading all the awareness.🎉,13
H3MBgQsDX80,Pink October Brunch: Das neue Sondertrikot der FC Bayern Frauen,16564,501,19,FC Bayern Frauen,@5dfcp61,Super Aktion,3
H3MBgQsDX80,Pink October Brunch: Das neue Sondertrikot der FC Bayern Frauen,16564,501,19,FC Bayern Frauen,@Castillo_19,❤️🤍,0
H3MBgQsDX80,Pink October Brunch: Das neue Sondertrikot der FC Bayern Frauen,16564,501,19,FC Bayern Frauen,@gertirohrenbacher2950,FC Bayern Auf Jeden Fall Sieg Bundesliga der Frauen❤🤍💋 Mein Tipp Sechs Dein Münchner Freund Manuel Röhrenbach,3
H3MBgQsDX80,Pink October Brunch: Das neue Sondertrikot der FC Bayern Frauen,16564,501,19,FC Bayern Frauen,@wolfgangschwarzer3736,👍🏻,0
H3MBgQsDX80,Pink October Brunch: Das neue Sondertrikot der FC Bayern Frauen,16564,501,19,FC Bayern Frauen,@FCBVIKING1996,Tolles Design,6
UaHSTg2vHE0,𝟏𝟎𝐩𝐥𝐮𝐬𝟏 - Episode 5 | More than 90 Minutes presented by Allianz,3151,231,1,FC Bayern Frauen,@robertsamow5251,Ich mag euch sehr gerne zu sehen bei euch Fußball spiele,0
0_uygamsMoI,Sondertrikot FCB-Frauen 24/25,1966,177,6,FC Bayern Frauen,@SebastianVermohlen,Lovet,0
0_uygamsMoI,Sondertrikot FCB-Frauen 24/25,1966,177,6,FC Bayern Frauen,@ahmadshekhie9781,❤❤❤❤❤❤❤❤❤❤,0
0_uygamsMoI,Sondertrikot FCB-Frauen 24/25,1966,177,6,FC Bayern Frauen,@PasionBayern,Please send it to Mexico City!!!,0
0_uygamsMoI,Sondertrikot FCB-Frauen 24/25,1966,177,6,FC Bayern Frauen,@DL18234,"Danke das ich das erst lesen muss um zu wissen für was das Trikot steht,viele Kanäle und schwammige Aussagen,mann kann auch anders das sondertrikot präsentieren",0
0_uygamsMoI,Sondertrikot FCB-Frauen 24/25,1966,177,6,FC Bayern Frauen,@DL18234,"Sorry,für mich ein Kinder trikot,kein Erwachsenen trikot das trage ich nicht,ist mir zu peinlich",0
0_uygamsMoI,Sondertrikot FCB-Frauen 24/25,1966,177,6,FC Bayern Frauen,@allineedisontheground,"Kommerz, aber cool",0
wrQLTkcWLnQ,Mental Games: Der Umgang der FC Bayern Frauen mit Druck,34302,1087,21,FC Bayern Frauen,@d3.production,Das Thema beim BVB lieber garnicht ansprechen 😂😂😂,0
wrQLTkcWLnQ,Mental Games: Der Umgang der FC Bayern Frauen mit Druck,34302,1087,21,FC Bayern Frauen,@TommyWichmann,Hallo liebe FC Bayern Mädels......ganz tolle Sache das ihr über diese Themen so offen sprecht....die äußere und innere Wahrnehmung ist ein ganz besonderes und wichtiges Thema im professionellen Fußballleben und mentale Stärke zu haben und auch zu zeigen ist gar nicht so einfach...... vielen Dank für diesen Einblick in euren Fußball Alltag....❤❤👍⚽⚽⚽,0
wrQLTkcWLnQ,Mental Games: Der Umgang der FC Bayern Frauen mit Druck,34302,1087,21,FC Bayern Frauen,@inefable_6879,Pernille and Obi in the miniature video: great choices!,2
wrQLTkcWLnQ,Mental Games: Der Umgang der FC Bayern Frauen mit Druck,34302,1087,21,FC Bayern Frauen,@giglio_arkhamredhood,OBI is a hottie 🤩🤤,0
wrQLTkcWLnQ,Mental Games: Der Umgang der FC Bayern Frauen mit Druck,34302,1087,21,FC Bayern Frauen,@haltdieklappe_medienmacher,"Super Thema, hätte noch bisschen mehr in die Tiefe (wissenschaftliche Ansätze, Methoden etc.) gehen können und ich find's sehr langsam geschnitten. Ein paar weniger Talking Heads hätten mich noch mehr abgeholt.",0
wrQLTkcWLnQ,Mental Games: Der Umgang der FC Bayern Frauen mit Druck,34302,1087,21,FC Bayern Frauen,@Phynne85,"""Dare to be vulnerable!"" Wow, that is Gold!",8
wrQLTkcWLnQ,Mental Games: Der Umgang der FC Bayern Frauen mit Druck,34302,1087,21,FC Bayern Frauen,@bilbolaaubitte1233,english sub please 🤞,0
wrQLTkcWLnQ,Mental Games: Der Umgang der FC Bayern Frauen mit Druck,34302,1087,21,FC Bayern Frauen,@yourfavleaa,premium content,0
wrQLTkcWLnQ,Mental Games: Der Umgang der FC Bayern Frauen mit Druck,34302,1087,21,FC Bayern Frauen,@FCBVIKING1996,"So starke Aussagen von unseren Frauen

Dieses Team ist so Wahnsinn mir gegen die Superlativen aus ich Liebe dieses Team einfach",7
wrQLTkcWLnQ,Mental Games: Der Umgang der FC Bayern Frauen mit Druck,34302,1087,21,FC Bayern Frauen,@HiViNewsByRegina111,Mehr von dieser Art Videos. Glueck🍀Auf aus Dortmund,7
wrQLTkcWLnQ,Mental Games: Der Umgang der FC Bayern Frauen mit Druck,34302,1087,21,FC Bayern Frauen,@birgitgrzesik8881,Sehr authentisch. Danke für diese Einblicke❤,21
wrQLTkcWLnQ,Mental Games: Der Umgang der FC Bayern Frauen mit Druck,34302,1087,21,FC Bayern Frauen,@andresortiz6900,Y tienen toda la razón...! Todas son de admirar ❤,2
wrQLTkcWLnQ,Mental Games: Der Umgang der FC Bayern Frauen mit Druck,34302,1087,21,FC Bayern Frauen,@leonieassfalg9784,"Love it❤⚽️, so proud of the girls🥹",3
wrQLTkcWLnQ,Mental Games: Der Umgang der FC Bayern Frauen mit Druck,34302,1087,21,FC Bayern Frauen,@TobiaaDitze-dz2lu,Hier,1
wrQLTkcWLnQ,Mental Games: Der Umgang der FC Bayern Frauen mit Druck,34302,1087,21,FC Bayern Frauen,@annah.9133,Wie haben wir denn so viel Premium- Content aktuell verdient?😍 Das lieb' ich ja sehr!🥰,65
wrQLTkcWLnQ,Mental Games: Der Umgang der FC Bayern Frauen mit Druck,34302,1087,21,FC Bayern Frauen,@Peter-pp6kj,saying the same thing over and over again is a thing now?,2
wrQLTkcWLnQ,Mental Games: Der Umgang der FC Bayern Frauen mit Druck,34302,1087,21,FC Bayern Frauen,@dominikbenz8349,Dreamteam hubsch  stark tolle  Mannschaft  spannend.  Danke fur die Tipps,5
sZTxZOhqwpo,Matter of the head - Episode 4 | More than 90 Minutes - presented by Allianz,4052,239,4,FC Bayern Frauen,@maxmusterfrau3991,Frauen sind eben schlauer 👍,1
sZTxZOhqwpo,Matter of the head - Episode 4 | More than 90 Minutes - presented by Allianz,4052,239,4,FC Bayern Frauen,@manuelawien8090,Vielen Dank ❤,0
sZTxZOhqwpo,Matter of the head - Episode 4 | More than 90 Minutes - presented by Allianz,4052,239,4,FC Bayern Frauen,@dietmarraffke7326,"Die Mädels verdienen einfach zu wenig, sonst müssten sie nicht nebenbei arbeiten",0
sZTxZOhqwpo,Matter of the head - Episode 4 | More than 90 Minutes - presented by Allianz,4052,239,4,FC Bayern Frauen,@Atlantia01,Diese Doku is so eine Wucht ❤️‍🔥🤍🥹,2
DW3kSUEyUgI,Der traditionelle Wiesn-Besuch der FC Bayern Frauen,287106,1427,70,FC Bayern Frauen,@davewright8206,and again !,0
DW3kSUEyUgI,Der traditionelle Wiesn-Besuch der FC Bayern Frauen,287106,1427,70,FC Bayern Frauen,@heribertfassbender5759,0:55 Sydneys Handy einfach mal das gleiche Trauma durchlebt wie Michael Jacksons Baby.,2
DW3kSUEyUgI,Der traditionelle Wiesn-Besuch der FC Bayern Frauen,287106,1427,70,FC Bayern Frauen,@Juracraig,Vielen Dank für das schöne Video!!,3
DW3kSUEyUgI,Der traditionelle Wiesn-Besuch der FC Bayern Frauen,287106,1427,70,FC Bayern Frauen,@willfuchs3689,I had no idea what they were saying but I love women’s football now,2
DW3kSUEyUgI,Der traditionelle Wiesn-Besuch der FC Bayern Frauen,287106,1427,70,FC Bayern Frauen,@rileyxxxx,Was ne stressige musik 😂,0
DW3kSUEyUgI,Der traditionelle Wiesn-Besuch der FC Bayern Frauen,287106,1427,70,FC Bayern Frauen,@FCBVIKING1996,❤,0
DW3kSUEyUgI,Der traditionelle Wiesn-Besuch der FC Bayern Frauen,287106,1427,70,FC Bayern Frauen,@robertpecanac6263,90% DER FUSSBALL FRAUEN SIND LESBEN ! DESHALB FINGER WEG VON DEN EMANZIPIERTEN WEIBERN ! PFUIIIIIIIIIIII,0
DW3kSUEyUgI,Der traditionelle Wiesn-Besuch der FC Bayern Frauen,287106,1427,70,FC Bayern Frauen,@DrEbenezerMO-l1d,Best of lucky 🍀 to you all . 🙏,4
DW3kSUEyUgI,Der traditionelle Wiesn-Besuch der FC Bayern Frauen,287106,1427,70,FC Bayern Frauen,@citycobra5014,"Wenn man sich den Wiesn' Besuch der Bayern Herren anschauen kann, dann kann man das ebenso bei den Damen! Die Damen des FCB sind mindestens ebenso sympathisch wie die Herren.",5
DW3kSUEyUgI,Der traditionelle Wiesn-Besuch der FC Bayern Frauen,287106,1427,70,FC Bayern Frauen,@katieprincesse,Why were some in different outfits. Like Lea and sam?,0
DW3kSUEyUgI,Der traditionelle Wiesn-Besuch der FC Bayern Frauen,287106,1427,70,FC Bayern Frauen,@tomz2204,"スイス嫌い!! ☺️
(帰ってﾔｷﾞ乳でも飲んどけ!! 農村のﾊﾞｶ娘!!)",0
DW3kSUEyUgI,Der traditionelle Wiesn-Besuch der FC Bayern Frauen,287106,1427,70,FC Bayern Frauen,@user-xi7jy8qt,"Die armen - werden alle ausgetauscht, wenn sie zu alt werden, fast so wie ihre Männer im Fußball. xD Und was soll eigentlich diese Trennung von Frauen und Männern? In welchem Jahrhundert lebt ihr bitte?",0
DW3kSUEyUgI,Der traditionelle Wiesn-Besuch der FC Bayern Frauen,287106,1427,70,FC Bayern Frauen,@michaelknoppke7057,"Echt super, die Frauen, weiter so. !!!",3
DW3kSUEyUgI,Der traditionelle Wiesn-Besuch der FC Bayern Frauen,287106,1427,70,FC Bayern Frauen,@kralikkral5560,"Man muss als Hennen nicht alles nachmachen, was die Hähne vormachen - denn die haben sowieso den Verstand im A....",0
DW3kSUEyUgI,Der traditionelle Wiesn-Besuch der FC Bayern Frauen,287106,1427,70,FC Bayern Frauen,@PeymanT-y8o,❤,0
DW3kSUEyUgI,Der traditionelle Wiesn-Besuch der FC Bayern Frauen,287106,1427,70,FC Bayern Frauen,@toniberger7871,Die Frauen einfach 100 mal sympathischer und bodenständiger als die Männer ❤,17
DW3kSUEyUgI,Der traditionelle Wiesn-Besuch der FC Bayern Frauen,287106,1427,70,FC Bayern Frauen,@glucksbringer777,"Brot und Spiele, kann man mal sehen, wie wie verblödet die Menschen in Germany sind..🤣",0
DW3kSUEyUgI,Der traditionelle Wiesn-Besuch der FC Bayern Frauen,287106,1427,70,FC Bayern Frauen,@johannfeindt139,"Frauen im Paulaner Zelt und die Männer ins Käfer Zelt, da kann der FCB ja mal für Gleichberechtigung sorgen",0
DW3kSUEyUgI,Der traditionelle Wiesn-Besuch der FC Bayern Frauen,287106,1427,70,FC Bayern Frauen,@philipp3540,"Vorteil, wenn man in der Frauen-Bundesliga spielt: man kann ohne Security über die Wiesn laufen",1
DW3kSUEyUgI,Der traditionelle Wiesn-Besuch der FC Bayern Frauen,287106,1427,70,FC Bayern Frauen,@manfreddlouhy7197,Waren die Damen auch im Teufelsrad?😂😂,1
DW3kSUEyUgI,Der traditionelle Wiesn-Besuch der FC Bayern Frauen,287106,1427,70,FC Bayern Frauen,@maxmusterfrau3991,"Ist bissl wie 19. Jahrhundert.., naja, Hauptsache es verletzt sich niemand..",1
DW3kSUEyUgI,Der traditionelle Wiesn-Besuch der FC Bayern Frauen,287106,1427,70,FC Bayern Frauen,@CoriNeubauer,❤️⚽️❤️🔝,0
DW3kSUEyUgI,Der traditionelle Wiesn-Besuch der FC Bayern Frauen,287106,1427,70,FC Bayern Frauen,@sonnya.,"Schönes Video, das hat sich das Team auch mehr als verdient. Maß Bier und ein paar andere Leckereien zum Anfang der Woche und die Akkus sind ganz schnell wieder voll.",4
DW3kSUEyUgI,Der traditionelle Wiesn-Besuch der FC Bayern Frauen,287106,1427,70,FC Bayern Frauen,@oliverbjoernrittertrausnit1391,Lederhose wären auch gut Müller Thomas war schliesslich auch schon in Dirndl,2
DW3kSUEyUgI,Der traditionelle Wiesn-Besuch der FC Bayern Frauen,287106,1427,70,FC Bayern Frauen,@Kazuya720,"Die Mädels können noch ganz ungestört auf der Wiesn bummeln gehn, weil sie keiner erkennt. Wäre bei den Herren undenkbar.",0
DW3kSUEyUgI,Der traditionelle Wiesn-Besuch der FC Bayern Frauen,287106,1427,70,FC Bayern Frauen,@Kazuya720,"Boah.. ich hoffe diese hoch geschlossenen altbackenen Dirndl, werden durch schönen, mit großem Dekolleté ausgestatteten Dirndl wieder abgelöst!",1
DW3kSUEyUgI,Der traditionelle Wiesn-Besuch der FC Bayern Frauen,287106,1427,70,FC Bayern Frauen,@manfreddlouhy7197,Wo Sind die Holzhacker von FCB.MUC.,2
DW3kSUEyUgI,Der traditionelle Wiesn-Besuch der FC Bayern Frauen,287106,1427,70,FC Bayern Frauen,@tobagegaagegabot2145,wäre jetzt schön zu wissen welche der damen mit welchen bayernspieler zusammen ist.,0
DW3kSUEyUgI,Der traditionelle Wiesn-Besuch der FC Bayern Frauen,287106,1427,70,FC Bayern Frauen,@vollverweigerer,Das Paulaner Video hat mir Paulaner sehr gut Paulaner gefallen.,5
DW3kSUEyUgI,Der traditionelle Wiesn-Besuch der FC Bayern Frauen,287106,1427,70,FC Bayern Frauen,@olivermeineke9707,"Oh je - mussten sich die Mädels die Lebkuchen-Herzen selber kaufen? 

Btw.: Was war an dem Besuch ""traditionell""? Die Kleidung?",0
DW3kSUEyUgI,Der traditionelle Wiesn-Besuch der FC Bayern Frauen,287106,1427,70,FC Bayern Frauen,@RaptorR0ger,"Muss man sagen, einfach sympathisch! Da wünscht man sich Teil der Mannschaft zu sein.",15
DW3kSUEyUgI,Der traditionelle Wiesn-Besuch der FC Bayern Frauen,287106,1427,70,FC Bayern Frauen,@klauspeter7398,Bockstark Mädels 👌👌👌👌👌,1
DW3kSUEyUgI,Der traditionelle Wiesn-Besuch der FC Bayern Frauen,287106,1427,70,FC Bayern Frauen,@NoName-uz9ct,Haha niemand erkennt die😂,0
DW3kSUEyUgI,Der traditionelle Wiesn-Besuch der FC Bayern Frauen,287106,1427,70,FC Bayern Frauen,@stefanaux,"Der traditionelle, ich muss lachen.",0
DW3kSUEyUgI,Der traditionelle Wiesn-Besuch der FC Bayern Frauen,287106,1427,70,FC Bayern Frauen,@Arsitekbukancoach,Fans Sarah zadrazil,0
DW3kSUEyUgI,Der traditionelle Wiesn-Besuch der FC Bayern Frauen,287106,1427,70,FC Bayern Frauen,@peterstreiff3811,"Tolles Video.  Ich war noch nie am Oktoberfest,welches nach München gehört und nicht nach Zürich !  Leider darf ich kein 🍺 trinken( aus religiösen Gründen),doch ich gönne es den *Ladies* vom FC Bayern",1
DW3kSUEyUgI,Der traditionelle Wiesn-Besuch der FC Bayern Frauen,287106,1427,70,FC Bayern Frauen,@inotoni6148,"Schade, daß L. Oberdorf genau vor dem Saisonstart sich so unglücklich verletzt hat.",15
DW3kSUEyUgI,Der traditionelle Wiesn-Besuch der FC Bayern Frauen,287106,1427,70,FC Bayern Frauen,@Jedmanuel91,"Giulia, my football crush!
Enjoy Oktoberfest ladies!",1
DW3kSUEyUgI,Der traditionelle Wiesn-Besuch der FC Bayern Frauen,287106,1427,70,FC Bayern Frauen,@Frauenfußball_support,Hammer Video Mega freu mich mit ihr seht alle toll aus ihr seit ein tolles Team wir lieben euch 🤍❤️🫶🏻,4
DW3kSUEyUgI,Der traditionelle Wiesn-Besuch der FC Bayern Frauen,287106,1427,70,FC Bayern Frauen,@dryhit7087,1. Wer hat diese Musik ausgesucht und 2. warum so laut? Und 3. Auf geht´s Maderln :),0
DW3kSUEyUgI,Der traditionelle Wiesn-Besuch der FC Bayern Frauen,287106,1427,70,FC Bayern Frauen,@hajoos.8360,Gut schaun's aus.... Frau Schüller mit der Riesen-Brille....,2
DW3kSUEyUgI,Der traditionelle Wiesn-Besuch der FC Bayern Frauen,287106,1427,70,FC Bayern Frauen,@valdanohutapea,I'm drunk with Gwinn cuteness 😊,0
DW3kSUEyUgI,Der traditionelle Wiesn-Besuch der FC Bayern Frauen,287106,1427,70,FC Bayern Frauen,@valdanohutapea,Oh my gwinn 😊,4
DW3kSUEyUgI,Der traditionelle Wiesn-Besuch der FC Bayern Frauen,287106,1427,70,FC Bayern Frauen,@DL18234,"Ich war da Glückwunsch zum Sieg,nächstes Jahr bayern gegen Kiel in der Allianz Arena super hot im Dirndl❤🤍",1
DW3kSUEyUgI,Der traditionelle Wiesn-Besuch der FC Bayern Frauen,287106,1427,70,FC Bayern Frauen,@migg666rot8,niveauloser Jahrmarkt Zirkus.,4
DW3kSUEyUgI,Der traditionelle Wiesn-Besuch der FC Bayern Frauen,287106,1427,70,FC Bayern Frauen,@ohdearnotagain2725,Good o see the new super girl Obi out with the team....hope she is having good progress with the injury!,21
DW3kSUEyUgI,Der traditionelle Wiesn-Besuch der FC Bayern Frauen,287106,1427,70,FC Bayern Frauen,@markusfroba7927,Wo ist eigentlich Erika?!?!😊,1
DW3kSUEyUgI,Der traditionelle Wiesn-Besuch der FC Bayern Frauen,287106,1427,70,FC Bayern Frauen,@iNFiN3,"Giulia, on and off the field, a perfect 10.",5
DW3kSUEyUgI,Der traditionelle Wiesn-Besuch der FC Bayern Frauen,287106,1427,70,FC Bayern Frauen,@alainkeller4763,🙏🙏🙏🙏,1
DW3kSUEyUgI,Der traditionelle Wiesn-Besuch der FC Bayern Frauen,287106,1427,70,FC Bayern Frauen,@dominikbenz8349,Hammer Video mega cool  freu mich mit  Dirndl  sehen Hammer aus steht euch mega . Passt gut auf euch auf ❤,29
DW3kSUEyUgI,Der traditionelle Wiesn-Besuch der FC Bayern Frauen,287106,1427,70,FC Bayern Frauen,@bastieeafc,Klara😍😍😍,9
DW3kSUEyUgI,Der traditionelle Wiesn-Besuch der FC Bayern Frauen,287106,1427,70,FC Bayern Frauen,@TobiaaDitze-dz2lu,Ja,1
DW3kSUEyUgI,Der traditionelle Wiesn-Besuch der FC Bayern Frauen,287106,1427,70,FC Bayern Frauen,@davewright8206,Awesome 🍻,3
oyNBT51W5tY,Restart - Episode 3 | More than 90 minutes presented by Allianz,3874,190,2,FC Bayern Frauen,@DL18234,Hallo und danke für den wunderschön montagabend das war pure Ekstase ❤🤍,0
oyNBT51W5tY,Restart - Episode 3 | More than 90 minutes presented by Allianz,3874,190,2,FC Bayern Frauen,@CoriNeubauer,❤️⚽️❤️,0
guDdeTGkH2w,Sand in the Gears - Episode 2 | More than 90 minutes presented by Allianz,3440,144,2,FC Bayern Frauen,@michaelschablewski267,Geiler Trainer,1
guDdeTGkH2w,Sand in the Gears - Episode 2 | More than 90 minutes presented by Allianz,3440,144,2,FC Bayern Frauen,@dominikbenz8349,Hammer,0
S2RFn5sOtVo,Eternal Rivals - Episode 1 | More than 90 Minutes - presented by Allianz,2626,155,6,FC Bayern Frauen,@SN94511,Wann kommt die zweite Folge?,0
S2RFn5sOtVo,Eternal Rivals - Episode 1 | More than 90 Minutes - presented by Allianz,2626,155,6,FC Bayern Frauen,@robyk6944,😂,1
S2RFn5sOtVo,Eternal Rivals - Episode 1 | More than 90 Minutes - presented by Allianz,2626,155,6,FC Bayern Frauen,@HasyaSyafrudin,Where can I watch full ver?,1
S2RFn5sOtVo,Eternal Rivals - Episode 1 | More than 90 Minutes - presented by Allianz,2626,155,6,FC Bayern Frauen,@dietmarraffke7326,Hoffentlich kommt der Film bald im Fernsehen,2
S2RFn5sOtVo,Eternal Rivals - Episode 1 | More than 90 Minutes - presented by Allianz,2626,155,6,FC Bayern Frauen,@davewright8206,when! where ! i am ready for it,1
Fd2k4YPHdaU,Exklusive Premiere: „Mehr als 90 Minuten presented by Allianz“,13903,491,34,FC Bayern Frauen,@ThomasBodlos,Jawohl Bayern 😊👍⚽️,1
Fd2k4YPHdaU,Exklusive Premiere: „Mehr als 90 Minuten presented by Allianz“,13903,491,34,FC Bayern Frauen,@ThomasBodlos,Jawohl Bayern 😊👍⚽️,2
Fd2k4YPHdaU,Exklusive Premiere: „Mehr als 90 Minuten presented by Allianz“,13903,491,34,FC Bayern Frauen,@gertirohrenbacher2950,Ich Mag 👍💯💋❤💋❤✌💪🙏 Dein Münchner Freund Manuel Röhrenbach,2
Fd2k4YPHdaU,Exklusive Premiere: „Mehr als 90 Minuten presented by Allianz“,13903,491,34,FC Bayern Frauen,@Wuestenfuchs47,"Würde man Frauenfußball dem Markt überlassen, hätte er keine Chance. So muss man eben zwanghaft versuchen, etwas hochzujubeln, was für das breite Publikum nicht interessant ist. Es kämen auch nicht Zehntausende für Matches von Jugendmannschaften in ein Stadion und die haben ein höheres Niveau.",3
Fd2k4YPHdaU,Exklusive Premiere: „Mehr als 90 Minuten presented by Allianz“,13903,491,34,FC Bayern Frauen,@sprudelwasserdeluxe3017,Beste Mannschaft🎉🔥,4
Fd2k4YPHdaU,Exklusive Premiere: „Mehr als 90 Minuten presented by Allianz“,13903,491,34,FC Bayern Frauen,@ric007perfekt4,super GIRLS❤❤❤❤❤❤,4
Fd2k4YPHdaU,Exklusive Premiere: „Mehr als 90 Minuten presented by Allianz“,13903,491,34,FC Bayern Frauen,@ericavanzini6035,Je suis un supporter français de la Mannschaft et de la Bundesliga Frauen et en particulier du Bayern de Woslbourg et l’Entrach hâte d pourvoir avoir ce film merci,8
Fd2k4YPHdaU,Exklusive Premiere: „Mehr als 90 Minuten presented by Allianz“,13903,491,34,FC Bayern Frauen,@peterpetersen2210,"Soo, diese Saison aber mal die Gruppenphase überstehen.
Draws i d Gphase-CL sind nicht wirklich hilfreich.
Seit 1995 gibt es flächendeckend die 3-Punkte-Regel; draws haben drastisch an Wert verloren (Petersen; erzähl 'was Neues).

Muß gestehen, auch ich unterstütze das Team.
Wie das?
Bin zur Allianz-Kfz-Versicherung gewechselt (war 'n faires Angebot - das ist der einzige Grund).",2
Fd2k4YPHdaU,Exklusive Premiere: „Mehr als 90 Minuten presented by Allianz“,13903,491,34,FC Bayern Frauen,@JonasStahr,Herzlichen Glückwunsch zum Film sehr schön ihr seid nach den vor den Männern die besten wie die Post abgeht in allen Wettbewerben 🎉🎉🎉🎉🎉🎉🎉,6
Fd2k4YPHdaU,Exklusive Premiere: „Mehr als 90 Minuten presented by Allianz“,13903,491,34,FC Bayern Frauen,@9321Zico,"Ich kann mir unseren FCB nicht mehr ohne unsere Frauen vorstellen...kluge Transfers in den letzten Jahren,attraktives Spiel auf dem Platz,ihr habt es geschafft,gemeinsam mit den Männern für Erfolg zu stehen🤗❤️",6
Fd2k4YPHdaU,Exklusive Premiere: „Mehr als 90 Minuten presented by Allianz“,13903,491,34,FC Bayern Frauen,@sonnya.,"Ich freue mich schon auf Donnerstag, auf die erste Folge.",5
Fd2k4YPHdaU,Exklusive Premiere: „Mehr als 90 Minuten presented by Allianz“,13903,491,34,FC Bayern Frauen,@pascall4799,"Jetzt mal ehrlich, Herbert Hainer macht doch einfach so viel richtig was den Frauenfussball angeht",8
Fd2k4YPHdaU,Exklusive Premiere: „Mehr als 90 Minuten presented by Allianz“,13903,491,34,FC Bayern Frauen,@lumax3009,Top 👍,4
Fd2k4YPHdaU,Exklusive Premiere: „Mehr als 90 Minuten presented by Allianz“,13903,491,34,FC Bayern Frauen,@chrisforever1255,"Ich bin schon sehr gespannt!
Grüße aus Hamm/Westfalen!",3
Fd2k4YPHdaU,Exklusive Premiere: „Mehr als 90 Minuten presented by Allianz“,13903,491,34,FC Bayern Frauen,@Frauenfußball_support,Sehr cool ! 🤍❤️,3
Fd2k4YPHdaU,Exklusive Premiere: „Mehr als 90 Minuten presented by Allianz“,13903,491,34,FC Bayern Frauen,@ralph6968,Bravo ❤❤❤❤,4
Fd2k4YPHdaU,Exklusive Premiere: „Mehr als 90 Minuten presented by Allianz“,13903,491,34,FC Bayern Frauen,@M4tti87,"wuuuhuuuuu :D Find ich klasse. Ich finde der FC Bayern könnte es sich mit zur Aufgabe machen der Verein zu sein welcher sich am meisten für den Frauenfußball in Europa engagiert. Dann werden wir auch nie ein Problem damit haben die besten Spielerinnen zu bekommen. Für die Zukunft finde ich das eine Win/Win Situation. Finde es auch Klasse, dass unsere Damen nun auch auf dem Rathausbalkon feiern dürfen. Das Social Media und Media Team macht eine sensationelle Arbeit in dem Bereich hier. Ich verfolge unsere Damen nun seit circa 7 Jahren und bin begeistert wie sich das alles entwickelt. Mir macht es richtig Spaß die Mannschaft und ihre Entwicklugn zu verfolgen und ich liebe wie gut sich dei Spielerinnen verstehen. Die leben gerade das Mia san mia in Reinkultur vor. Ich habe eine Frage zur Filmpremiere: Gab es Untertitel oder etwas ähnliches für die Spielerinnen die noch nicht so gut deutsch verstehen? :)",21
Fd2k4YPHdaU,Exklusive Premiere: „Mehr als 90 Minuten presented by Allianz“,13903,491,34,FC Bayern Frauen,@CoriNeubauer,"Sehr cool werde ich mir ansehen.  ❤⚽️
Endlich wird der Frauenfußball auch immer mehr unterstützt. ❤️⚽️❤️💪🔝",8
Fd2k4YPHdaU,Exklusive Premiere: „Mehr als 90 Minuten presented by Allianz“,13903,491,34,FC Bayern Frauen,@ric007perfekt4,wo gibst die DVD❤❤❤❤,2
Fd2k4YPHdaU,Exklusive Premiere: „Mehr als 90 Minuten presented by Allianz“,13903,491,34,FC Bayern Frauen,@davewright8206,i cant wait,2
Fd2k4YPHdaU,Exklusive Premiere: „Mehr als 90 Minuten presented by Allianz“,13903,491,34,FC Bayern Frauen,@dominikbenz8349,Hammer Video mega cool  werde ich mir anschauen  bin gespannt  freu mich,7
9sgFBDD8arQ,FC Bayern Frauen-Doku: „Mehr als 90 Minuten presented by Allianz“,16748,463,14,FC Bayern Frauen,@nilas20,Gibt es diese Doku auch hier auf Youtube?,2
9sgFBDD8arQ,FC Bayern Frauen-Doku: „Mehr als 90 Minuten presented by Allianz“,16748,463,14,FC Bayern Frauen,@abandonedbuildingexplorer,There are many women on your team who I find attractive. Neun to be precise. :),2
9sgFBDD8arQ,FC Bayern Frauen-Doku: „Mehr als 90 Minuten presented by Allianz“,16748,463,14,FC Bayern Frauen,@turbo_moni,Da freue ich mich drauf!,1
9sgFBDD8arQ,FC Bayern Frauen-Doku: „Mehr als 90 Minuten presented by Allianz“,16748,463,14,FC Bayern Frauen,@ralflottkus7204,Freu mich drauf,2
9sgFBDD8arQ,FC Bayern Frauen-Doku: „Mehr als 90 Minuten presented by Allianz“,16748,463,14,FC Bayern Frauen,@nertqw6047,"“Captain Glódís Viggósdóttir, Giulia Gwinn and Pernille Harder were accompanied for well over 100 days of filming in the 2023/24 season for ""More than 90 minutes presented by Allianz"". The result: a six-part documentary series with episodes lasting 30 to 40 minutes each - selected from over 300 hours of film material.” That seems cool! 🎉",1
9sgFBDD8arQ,FC Bayern Frauen-Doku: „Mehr als 90 Minuten presented by Allianz“,16748,463,14,FC Bayern Frauen,@rileyxxxx,"und ich dacht das is die doku, auf einma wars nach 2 min vorbei xD. boah jetz noch bis zum 12. warten. oha...   aber so far, tolle bildaufnahmen! hoffe auf viel behind the scenes material. bin frauenfussballfan, nicht speziell bayern, aber das interessiert mich schon sehr!",1
9sgFBDD8arQ,FC Bayern Frauen-Doku: „Mehr als 90 Minuten presented by Allianz“,16748,463,14,FC Bayern Frauen,@Fanny_177,Freu michh<3,2
9sgFBDD8arQ,FC Bayern Frauen-Doku: „Mehr als 90 Minuten presented by Allianz“,16748,463,14,FC Bayern Frauen,@chrisforever1255,"Uih - da freue ich mich drauf! Ihr Mädels seid echt der Hammer! 
Grüße aus Hamm/Westfalen!
Viel Erfolg!!!",3
9sgFBDD8arQ,FC Bayern Frauen-Doku: „Mehr als 90 Minuten presented by Allianz“,16748,463,14,FC Bayern Frauen,@Calimero444,"Mega. Wo kann man die gucken, hier auf YT ?",5
9sgFBDD8arQ,FC Bayern Frauen-Doku: „Mehr als 90 Minuten presented by Allianz“,16748,463,14,FC Bayern Frauen,@CoriNeubauer,Sehr cool... ❤❤❤,1
9sgFBDD8arQ,FC Bayern Frauen-Doku: „Mehr als 90 Minuten presented by Allianz“,16748,463,14,FC Bayern Frauen,@ric007perfekt4,ist das geeeeil die doku muss ich unbedingt mir runterladen dann❤❤❤❤❤❤❤❤❤❤❤,2
9sgFBDD8arQ,FC Bayern Frauen-Doku: „Mehr als 90 Minuten presented by Allianz“,16748,463,14,FC Bayern Frauen,@M4tti87,Genial :D Unsere Damen verkörpern genau das weshalb ich mich vor knapp über 30 jahren in den Verein verliebt hab und seit meinem ersten eigenen Gehalt 2008 Mitglied im Verein bin.,18
9sgFBDD8arQ,FC Bayern Frauen-Doku: „Mehr als 90 Minuten presented by Allianz“,16748,463,14,FC Bayern Frauen,@CarinaWaibel,Wie cool❤❤❤,6
9sgFBDD8arQ,FC Bayern Frauen-Doku: „Mehr als 90 Minuten presented by Allianz“,16748,463,14,FC Bayern Frauen,@Frauenfußball_support,Megaaa freue mich sehr drauf Mega ! ❤️🤍,5
UAmGkIh-K00,Supercup Siegerinnen 2024,9822,501,31,FC Bayern Frauen,@PPaul1987,Wollen nicht doch  alle dort  denen die Hosen ausziehen?,0
UAmGkIh-K00,Supercup Siegerinnen 2024,9822,501,31,FC Bayern Frauen,@ThomasBodlos,Jawohl Bayern 😊👍⚽️,0
UAmGkIh-K00,Supercup Siegerinnen 2024,9822,501,31,FC Bayern Frauen,@ThomasBodlos,Jawohl Bayern Supercup  Sieger hey hey hey hey 😊👍⚽️🏆,0
UAmGkIh-K00,Supercup Siegerinnen 2024,9822,501,31,FC Bayern Frauen,@peterstreiff3811,❤ Glückwunsch,0
UAmGkIh-K00,Supercup Siegerinnen 2024,9822,501,31,FC Bayern Frauen,@JonasStahr,Sehr guter Start 🎉🎉🎉und den Sieg Potsdam weg zu hauen,0
UAmGkIh-K00,Supercup Siegerinnen 2024,9822,501,31,FC Bayern Frauen,@9321Zico,Im eigentlich persönlich verhaßten Stadion des Vereins meiner Heimatstadt dabei gewesen & mitgefiebert sowie mitgefeiert🥰👍🤗,0
UAmGkIh-K00,Supercup Siegerinnen 2024,9822,501,31,FC Bayern Frauen,@bavaribavari-vi7no,♥♥🌹🌹,0
UAmGkIh-K00,Supercup Siegerinnen 2024,9822,501,31,FC Bayern Frauen,@bavaribavari-vi7no,❤❤❤❤,0
UAmGkIh-K00,Supercup Siegerinnen 2024,9822,501,31,FC Bayern Frauen,@amazonja75,Glückwunsch zum ersten Pokal ❤❤💥👏,3
UAmGkIh-K00,Supercup Siegerinnen 2024,9822,501,31,FC Bayern Frauen,@jangremann4277,Unverdient,0
UAmGkIh-K00,Supercup Siegerinnen 2024,9822,501,31,FC Bayern Frauen,@ric007perfekt4,FCB❤,0
UAmGkIh-K00,Supercup Siegerinnen 2024,9822,501,31,FC Bayern Frauen,@ric007perfekt4,ich bin sooooo glücklich soooo herrlich ❤❤❤❤❤super bayern Girls einfach geil❤❤❤❤❤❤,2
UAmGkIh-K00,Supercup Siegerinnen 2024,9822,501,31,FC Bayern Frauen,@ROI-SALOMON,Bravo ❤❤,4
UAmGkIh-K00,Supercup Siegerinnen 2024,9822,501,31,FC Bayern Frauen,@cymoxx,gute besserung franziska,0
UAmGkIh-K00,Supercup Siegerinnen 2024,9822,501,31,FC Bayern Frauen,@fanvdv382,#MiaSanMia КРАСАВИЦЫ❤,1
UAmGkIh-K00,Supercup Siegerinnen 2024,9822,501,31,FC Bayern Frauen,@pascall4799,Sofieke wieder ganz stark alles,1
UAmGkIh-K00,Supercup Siegerinnen 2024,9822,501,31,FC Bayern Frauen,@Test_ABCDEF,Haben die Bayern Mädels top gemacht. Gratulation.,5
UAmGkIh-K00,Supercup Siegerinnen 2024,9822,501,31,FC Bayern Frauen,@Frank-zu7kl,Ich war im Stadion ❤❤❤,4
UAmGkIh-K00,Supercup Siegerinnen 2024,9822,501,31,FC Bayern Frauen,@davidkhaba2393,Congrats girls ❤❤🎉,2
UAmGkIh-K00,Supercup Siegerinnen 2024,9822,501,31,FC Bayern Frauen,@thomasclaus5009,Glückwunsch den FCB ❤️❤️,8
UAmGkIh-K00,Supercup Siegerinnen 2024,9822,501,31,FC Bayern Frauen,@willyvonfalknerheim4128,proud hopefully we preform in the champions league and win the cup and league,1
UAmGkIh-K00,Supercup Siegerinnen 2024,9822,501,31,FC Bayern Frauen,@DjNicki24,Herzlichen Glückwunsch zum Sieg FC Bayern Frauen,4
UAmGkIh-K00,Supercup Siegerinnen 2024,9822,501,31,FC Bayern Frauen,@يومياتزنوبةالمحبوبة,❤❤❤❤,0
UAmGkIh-K00,Supercup Siegerinnen 2024,9822,501,31,FC Bayern Frauen,@PhilippePenning-sj4kq,Herzlichen Glückwunsch und gute und schnelle Genesung Franzi und allen anderen Verletzten Spielerinnen #Pack Mas 2024  # Mia San Mia,9
UAmGkIh-K00,Supercup Siegerinnen 2024,9822,501,31,FC Bayern Frauen,@Herododt,❤,2
UAmGkIh-K00,Supercup Siegerinnen 2024,9822,501,31,FC Bayern Frauen,@valdanohutapea,😂,0
UAmGkIh-K00,Supercup Siegerinnen 2024,9822,501,31,FC Bayern Frauen,@BlaBla-tt2pn,Glückwunsch meine Mädels 💓,2
UAmGkIh-K00,Supercup Siegerinnen 2024,9822,501,31,FC Bayern Frauen,@hoesijkg6075,Gibt's ein Update zu Kett?,0
UAmGkIh-K00,Supercup Siegerinnen 2024,9822,501,31,FC Bayern Frauen,@marcobode5458,Super Mädels  wir FCB Fans sind so unglaublich stolz auf euch  ! ❤,4
UAmGkIh-K00,Supercup Siegerinnen 2024,9822,501,31,FC Bayern Frauen,@Frauenfußball_support,Wir sind so unglaublich stolz auf euch! 🫶🏻❤️🤍🥇🏆,14
jF_WGKUn7wI,🔴 LIVE: FC Bayern Frauen - Juventus Turin 🏟,67428,1008,12,FC Bayern Frauen,@jimmycastro2293,0-0 full Time,0
jF_WGKUn7wI,🔴 LIVE: FC Bayern Frauen - Juventus Turin 🏟,67428,1008,12,FC Bayern Frauen,@imdeatht4066,4153,0
jF_WGKUn7wI,🔴 LIVE: FC Bayern Frauen - Juventus Turin 🏟,67428,1008,12,FC Bayern Frauen,@imdeatht4066,3409,0
jF_WGKUn7wI,🔴 LIVE: FC Bayern Frauen - Juventus Turin 🏟,67428,1008,12,FC Bayern Frauen,@imdeatht4066,3304,0
jF_WGKUn7wI,🔴 LIVE: FC Bayern Frauen - Juventus Turin 🏟,67428,1008,12,FC Bayern Frauen,@TobiaaDitze-dz2lu,Ja,1
jF_WGKUn7wI,🔴 LIVE: FC Bayern Frauen - Juventus Turin 🏟,67428,1008,12,FC Bayern Frauen,@Rosen111111,Sie hat wirklich nichts anderes an bis auf ihr Gelbes Leibchen ????,2
jF_WGKUn7wI,🔴 LIVE: FC Bayern Frauen - Juventus Turin 🏟,67428,1008,12,FC Bayern Frauen,@michEjo-j4l,Last season Bayern Munich scored well in friendlies and preseason then had a lot of draws in regular season. Hopefully this season we score a lot in regular season,2
jF_WGKUn7wI,🔴 LIVE: FC Bayern Frauen - Juventus Turin 🏟,67428,1008,12,FC Bayern Frauen,@inotoni6148,Da müssen beide Mannschaften einiges zulegen. Chalsea spielt im Vergleich in einer anderen Liga,2
jF_WGKUn7wI,🔴 LIVE: FC Bayern Frauen - Juventus Turin 🏟,67428,1008,12,FC Bayern Frauen,@dominikbenz8349,toll gespielt freu mich mit,1
jF_WGKUn7wI,🔴 LIVE: FC Bayern Frauen - Juventus Turin 🏟,67428,1008,12,FC Bayern Frauen,@enni_küken,Bayern ❤🤍,0
jF_WGKUn7wI,🔴 LIVE: FC Bayern Frauen - Juventus Turin 🏟,67428,1008,12,FC Bayern Frauen,@ThomasBodlos,Jawohl Bayern 😊👍⚽️🇩🇪,0
GM0K4hei_tw,Jovana Damnjanović im Interview zu ihrer Vertragsverlängerung,2625,175,4,FC Bayern Frauen,@klauslangner,"Super,freut mich,tolle Frau....",0
GM0K4hei_tw,Jovana Damnjanović im Interview zu ihrer Vertragsverlängerung,2625,175,4,FC Bayern Frauen,@chicho157,Viel erfolg❤🤍👏🏽,4
GM0K4hei_tw,Jovana Damnjanović im Interview zu ihrer Vertragsverlängerung,2625,175,4,FC Bayern Frauen,@DL18234,"Ich fahre Samstag nach Italien über München und Österreich,werde ein klein Schlenker machen und an der Allianz Arena vorbei fahren und mir das neue cl Trikot kaufen gefällt mir,steht dir sehr gut jovana",4
GM0K4hei_tw,Jovana Damnjanović im Interview zu ihrer Vertragsverlängerung,2625,175,4,FC Bayern Frauen,@Fanny_177,Freut mich sehr dass ihr verlängert habt ✌🏻,6
fUNnwgUtTWo,It's meant to be. ✨  Jovana Damnjanović verlängert bis 2027,3203,219,13,FC Bayern Frauen,@Stinkkäfer,Sehr sympathische Person. Alles Gute weiterhin.,3
fUNnwgUtTWo,It's meant to be. ✨  Jovana Damnjanović verlängert bis 2027,3203,219,13,FC Bayern Frauen,@Matteblak,This new season is going to be lit,1
fUNnwgUtTWo,It's meant to be. ✨  Jovana Damnjanović verlängert bis 2027,3203,219,13,FC Bayern Frauen,@hakanyaman9476,Fc bayern münchen 👍👍,1
fUNnwgUtTWo,It's meant to be. ✨  Jovana Damnjanović verlängert bis 2027,3203,219,13,FC Bayern Frauen,@hajoos.8360,Das heiße Temperament Damnjanovićs tut den kühlen blonden & brünetten Grazien des FC Bayerns richtig gut. Da brennt quasi der Rasen weg.,5
fUNnwgUtTWo,It's meant to be. ✨  Jovana Damnjanović verlängert bis 2027,3203,219,13,FC Bayern Frauen,@TobiaaDitze-dz2lu,Ja😊,4
fUNnwgUtTWo,It's meant to be. ✨  Jovana Damnjanović verlängert bis 2027,3203,219,13,FC Bayern Frauen,@Frauenfußball_support,Jaaaa wir freuen uns sehr auf dich! 🤍❤️❤️‍🔥,6
fUNnwgUtTWo,It's meant to be. ✨  Jovana Damnjanović verlängert bis 2027,3203,219,13,FC Bayern Frauen,@valdanohutapea,😝,3
fUNnwgUtTWo,It's meant to be. ✨  Jovana Damnjanović verlängert bis 2027,3203,219,13,FC Bayern Frauen,@M4tti87,Wuuuuhuuuuu :D,3
fUNnwgUtTWo,It's meant to be. ✨  Jovana Damnjanović verlängert bis 2027,3203,219,13,FC Bayern Frauen,@multikulti_fp,Jovi gehört zum FCB PUNKT!!😍❤️‍🔥🤍,11
M4kI4C0WuQE,It's meant to be. ✨,4786,379,5,FC Bayern Frauen,@Matteblak,"Looks up her bank account.....'$27'......... ""WTF?!""",0
M4kI4C0WuQE,It's meant to be. ✨,4786,379,5,FC Bayern Frauen,@klauslangner,"Super,das du bei Bayern bleibst....❤",1
M4kI4C0WuQE,It's meant to be. ✨,4786,379,5,FC Bayern Frauen,@waldybenner2238,Beste Nachricht der Woche 🎉 👍,1
M4kI4C0WuQE,It's meant to be. ✨,4786,379,5,FC Bayern Frauen,@ahmadshekhie9781,"❤
❤❤❤❤❤❤❤❤❤❤❤❤❤❤❤❤❤❤❤❤❤❤❤❤❤❤❤",3
M4kI4C0WuQE,It's meant to be. ✨,4786,379,5,FC Bayern Frauen,@DL18234,"Super das du verlängerst,tolles Video dafür gemacht gefällt mir,sehr kreativ ❤🤍",9
O_Igh3VZOvo,Grohs und Viggósdóttir bringen Meisterschale ins FC Bayern Museum,6652,298,16,FC Bayern Frauen,@rumpel8037,"Mala Groß ist einfach toll! Naturwissenschaftlerin, Linkshänderin, blitzgescheit, unendlich sympathisch. Bitte ganz schnell wieder ganz gesund werden! 🧡",0
O_Igh3VZOvo,Grohs und Viggósdóttir bringen Meisterschale ins FC Bayern Museum,6652,298,16,FC Bayern Frauen,@rumpel8037,Diese sympathischen Bayern Spielerinnen sind das Beste was dem Image dieses zweifelhaften CSU Verein passieren konnte. Ich wünsche den Bayern Männern um Ulli den Steuerbetrüger nur Niederlagen. Aber der Frauen Truppe nur das Beste!,0
O_Igh3VZOvo,Grohs und Viggósdóttir bringen Meisterschale ins FC Bayern Museum,6652,298,16,FC Bayern Frauen,@ric007perfekt4,ein gaaanz tolles Video❤❤❤❤,2
O_Igh3VZOvo,Grohs und Viggósdóttir bringen Meisterschale ins FC Bayern Museum,6652,298,16,FC Bayern Frauen,@ROI-SALOMON,❤,1
O_Igh3VZOvo,Grohs und Viggósdóttir bringen Meisterschale ins FC Bayern Museum,6652,298,16,FC Bayern Frauen,@Castillo_19,❤️🤍❤️🤍❤️🤍❤️❤️,1
O_Igh3VZOvo,Grohs und Viggósdóttir bringen Meisterschale ins FC Bayern Museum,6652,298,16,FC Bayern Frauen,@Frauenfußball_support,So schön! My Favorite Team ❤♥️🤍🫶🏻 Mala  & Glodis ❤ & wir sind so stolz auf euch! &  Ihr für uns wir für euch zusammen mit unsrer Unterstützung Rocken wir zusammen alles ❤️,4
O_Igh3VZOvo,Grohs und Viggósdóttir bringen Meisterschale ins FC Bayern Museum,6652,298,16,FC Bayern Frauen,@alexanderwalther7302,"Gestern Abend beim Spiel der Mädels gegen die USA hätte man Glodis und Magdalena in der IV dringend gebraucht. Die Frauen des FC Bayern können sich glücklich schätzen Odin's Töchter in der IV zu haben. Dann drücken wir mal die Daumen, dass neben der Meisterschale im nächsten Jahr zumindest der Pokal in die Vitrine des Campus wandert 😊😊",4
O_Igh3VZOvo,Grohs und Viggósdóttir bringen Meisterschale ins FC Bayern Museum,6652,298,16,FC Bayern Frauen,@furiossaga,"Oh wie ist das schön. Oh wie ist das schön.

---- Und die Mädels natürlich auch 😉😉😉",5
O_Igh3VZOvo,Grohs und Viggósdóttir bringen Meisterschale ins FC Bayern Museum,6652,298,16,FC Bayern Frauen,@RaptorR0ger,ohne Glodis wären wir gar nicht hier!,7
O_Igh3VZOvo,Grohs und Viggósdóttir bringen Meisterschale ins FC Bayern Museum,6652,298,16,FC Bayern Frauen,@ric007perfekt4,sooo klasse❤❤❤❤,3
O_Igh3VZOvo,Grohs und Viggósdóttir bringen Meisterschale ins FC Bayern Museum,6652,298,16,FC Bayern Frauen,@jonnyz7907,Schön,1
O_Igh3VZOvo,Grohs und Viggósdóttir bringen Meisterschale ins FC Bayern Museum,6652,298,16,FC Bayern Frauen,@multikulti_fp,😍❤️🤍🫶🏻,3
duAz_ELvfC0,"Servus, Lena | Behind the Scenes bei der Vertragsunterzeichnung",68005,1794,62,FC Bayern Frauen,@otisfresh1983,Ich mag die Frau‼️😊♥️,0
duAz_ELvfC0,"Servus, Lena | Behind the Scenes bei der Vertragsunterzeichnung",68005,1794,62,FC Bayern Frauen,@youssefandyaseen195,Nah she is the next figo,0
duAz_ELvfC0,"Servus, Lena | Behind the Scenes bei der Vertragsunterzeichnung",68005,1794,62,FC Bayern Frauen,@jacobjones2416,"Bei all em Respekt, dass schaust doch um einiges besser aus als dieser komische grün graue Lappen der sich Trikot nennt",0
duAz_ELvfC0,"Servus, Lena | Behind the Scenes bei der Vertragsunterzeichnung",68005,1794,62,FC Bayern Frauen,@giglio_arkhamredhood,Obi is the most beautiful of all 😍😍😍,1
duAz_ELvfC0,"Servus, Lena | Behind the Scenes bei der Vertragsunterzeichnung",68005,1794,62,FC Bayern Frauen,@valdanohutapea,"Guys can we transfer:
-Jule Brandt
-freigang
-berger
-frohms too 🥹😊",0
duAz_ELvfC0,"Servus, Lena | Behind the Scenes bei der Vertragsunterzeichnung",68005,1794,62,FC Bayern Frauen,@yannickpetras7012,"Oh man und jetzt hat sie ein Kreutz und Innenbandriss  , Lena meine liebe bleib stark und halte durch du weißt stärker den je zurück kommen 
Ich weiss wo von ich spreche , ich hatte auch schon einen Kreutzbandriss und zwar zweimal hintereinander im gleichen Knie Lena wird stärker den je zurück kommen 😬❤️⚽",0
duAz_ELvfC0,"Servus, Lena | Behind the Scenes bei der Vertragsunterzeichnung",68005,1794,62,FC Bayern Frauen,@Starify_playz4541,gute Besserung,0
duAz_ELvfC0,"Servus, Lena | Behind the Scenes bei der Vertragsunterzeichnung",68005,1794,62,FC Bayern Frauen,@elte7226,So Schade... Gute Besserung!,0
duAz_ELvfC0,"Servus, Lena | Behind the Scenes bei der Vertragsunterzeichnung",68005,1794,62,FC Bayern Frauen,@valdanohutapea,"Hey FC Bayern Frauen, you never live training, don't be lazy the all team is so development",0
duAz_ELvfC0,"Servus, Lena | Behind the Scenes bei der Vertragsunterzeichnung",68005,1794,62,FC Bayern Frauen,@Cr3epiii,"jawolll, endlich beim richtigem Verein",0
duAz_ELvfC0,"Servus, Lena | Behind the Scenes bei der Vertragsunterzeichnung",68005,1794,62,FC Bayern Frauen,@dominickonrad6920,Und durch gute Transfers verstärken letztens  jahr das traumpaar von Chelsea Ablöse  frei geholt und das jahr davor stanway und in der iv letztes jahr eine gute iv von juve geholt dieses jahr lena für magull top Leistung.. ❤,1
duAz_ELvfC0,"Servus, Lena | Behind the Scenes bei der Vertragsunterzeichnung",68005,1794,62,FC Bayern Frauen,@dominickonrad6920,Gute Leistung  frauen fc bayern das team so gut zusammenhalten wie es geht über jahre hinweg ..,0
duAz_ELvfC0,"Servus, Lena | Behind the Scenes bei der Vertragsunterzeichnung",68005,1794,62,FC Bayern Frauen,@heinerda4768,"Bin mal gespannt welche Position Lena spielt, denn sie wollte sich ja weiterentwickeln.  Wenn man sieht wie viele neue Spielerinnen der Verein für die kommende Saison verpflichtet hat, merkt man das hier langfristig gedacht wird und dass sie aus der Verletztenserie vor 2 Jahren gelernt haben.",0
duAz_ELvfC0,"Servus, Lena | Behind the Scenes bei der Vertragsunterzeichnung",68005,1794,62,FC Bayern Frauen,@quocbao25590,Kit 23/24 ? 😢,0
duAz_ELvfC0,"Servus, Lena | Behind the Scenes bei der Vertragsunterzeichnung",68005,1794,62,FC Bayern Frauen,@nicinat0r,Bodenlos :(,0
duAz_ELvfC0,"Servus, Lena | Behind the Scenes bei der Vertragsunterzeichnung",68005,1794,62,FC Bayern Frauen,@valdanohutapea,"Report, Players to watch :

1. Lindsay Horan - Lyonnais 
2. Guro Reiten - Chelsea",0
duAz_ELvfC0,"Servus, Lena | Behind the Scenes bei der Vertragsunterzeichnung",68005,1794,62,FC Bayern Frauen,@valdanohutapea,"Servus Lena, Will you playing on starting line up for last match women euro qualified, don't be childis honey, i love Wolfsburg too, muach 😊",0
duAz_ELvfC0,"Servus, Lena | Behind the Scenes bei der Vertragsunterzeichnung",68005,1794,62,FC Bayern Frauen,@PumaPunku-vp7zr,Mia san mia,0
duAz_ELvfC0,"Servus, Lena | Behind the Scenes bei der Vertragsunterzeichnung",68005,1794,62,FC Bayern Frauen,@E.A.Luetken,"Nicht nur mit viel Geld alles aufkaufen, sondern auch die Verantwortung für so ein großes Talent übernehmen, FC Bayern. Alles andere wäre fatal für den deutschen Frauenfußball.",1
duAz_ELvfC0,"Servus, Lena | Behind the Scenes bei der Vertragsunterzeichnung",68005,1794,62,FC Bayern Frauen,@adrianschloer3100,"Super, herzlich Willkommen im Team, Lena🎉❤",4
duAz_ELvfC0,"Servus, Lena | Behind the Scenes bei der Vertragsunterzeichnung",68005,1794,62,FC Bayern Frauen,@pierremuller292,Ab in denn männer kader das wäre was 😂,0
duAz_ELvfC0,"Servus, Lena | Behind the Scenes bei der Vertragsunterzeichnung",68005,1794,62,FC Bayern Frauen,@edvonschleck3098,"Oberdord und Stanway in der Zentrale, was eine Zentrale :O",0
duAz_ELvfC0,"Servus, Lena | Behind the Scenes bei der Vertragsunterzeichnung",68005,1794,62,FC Bayern Frauen,@annab.2019,Servus Lena❤,2
duAz_ELvfC0,"Servus, Lena | Behind the Scenes bei der Vertragsunterzeichnung",68005,1794,62,FC Bayern Frauen,@k.und.g,Glücklich sieht sie nicht aus...,1
duAz_ELvfC0,"Servus, Lena | Behind the Scenes bei der Vertragsunterzeichnung",68005,1794,62,FC Bayern Frauen,@flo_rian_HP,Herzlich willkommen in München und bei den Bayern Frauen! ❤🤍,1
duAz_ELvfC0,"Servus, Lena | Behind the Scenes bei der Vertragsunterzeichnung",68005,1794,62,FC Bayern Frauen,@Darius-fn3hw,"ich dachte früher eh die kommt aus Bayern...der Name Oberdorf und vom Aussehen eher süddeutsch und kräftige wadeln eh:)
Jedenfalls ein super Transfer...da ist die ""Holding 6"" für die nächsten 10 Jahre locker!",0
duAz_ELvfC0,"Servus, Lena | Behind the Scenes bei der Vertragsunterzeichnung",68005,1794,62,FC Bayern Frauen,@PhilippePenning-sj4kq,"Bitte lieber FcB lasst die beiden (obi und Stanway) bis zu ihrem Karriereende zusammen das Traum Zentrale Mittelfeld bilden, das beste Mittelfeldduo auf der Welt😍",3
duAz_ELvfC0,"Servus, Lena | Behind the Scenes bei der Vertragsunterzeichnung",68005,1794,62,FC Bayern Frauen,@KG-uq2tq,Wann kommt Xavi?,0
duAz_ELvfC0,"Servus, Lena | Behind the Scenes bei der Vertragsunterzeichnung",68005,1794,62,FC Bayern Frauen,@dietmarraffke7326,Willkommen im Team.  Mit dir holen wir noch mehr Titel ❤❤❤,0
duAz_ELvfC0,"Servus, Lena | Behind the Scenes bei der Vertragsunterzeichnung",68005,1794,62,FC Bayern Frauen,@WaveDover,Willkommen Obi 🥰❤️🤍,1
duAz_ELvfC0,"Servus, Lena | Behind the Scenes bei der Vertragsunterzeichnung",68005,1794,62,FC Bayern Frauen,@bernd3781,"Herzlich Willkommen beim FC BAYERN!! 🫶
 Jetzt hast du es  doch gemerkt, dass die Besten beim FC BAYERN spielen!😅",2
duAz_ELvfC0,"Servus, Lena | Behind the Scenes bei der Vertragsunterzeichnung",68005,1794,62,FC Bayern Frauen,@DL18234,"❤🤍 Moin obi du bist schöner als ein diamant,heißer als ein Vulkan und süßer als Sellerie ich freue mich sehr das du endlich da bist,die neue Saison  kann starten",2
duAz_ELvfC0,"Servus, Lena | Behind the Scenes bei der Vertragsunterzeichnung",68005,1794,62,FC Bayern Frauen,@Alpha_Wolf45,🥺😭,1
duAz_ELvfC0,"Servus, Lena | Behind the Scenes bei der Vertragsunterzeichnung",68005,1794,62,FC Bayern Frauen,@poxi2036,"Willkommen! So schnell sind die ""ich würde nie zum FC Bayern gehen"" oder ""bei BVB gegen FCB war ich trotz Essen Vergangenheit immer für den BVB"" aber nicht vergessen. Zum Glück würdest du doch zu uns wechseln!",1
duAz_ELvfC0,"Servus, Lena | Behind the Scenes bei der Vertragsunterzeichnung",68005,1794,62,FC Bayern Frauen,@TobiaaDitze-dz2lu,Ja,1
duAz_ELvfC0,"Servus, Lena | Behind the Scenes bei der Vertragsunterzeichnung",68005,1794,62,FC Bayern Frauen,@michaelschmidt5025,Servus Lena 😁,1
duAz_ELvfC0,"Servus, Lena | Behind the Scenes bei der Vertragsunterzeichnung",68005,1794,62,FC Bayern Frauen,@zahli1992,sehr geil guter Transfer :),2
duAz_ELvfC0,"Servus, Lena | Behind the Scenes bei der Vertragsunterzeichnung",68005,1794,62,FC Bayern Frauen,@louisdirks,das gute saskia wasser,0
duAz_ELvfC0,"Servus, Lena | Behind the Scenes bei der Vertragsunterzeichnung",68005,1794,62,FC Bayern Frauen,@Niffertysker,Servus!,3
duAz_ELvfC0,"Servus, Lena | Behind the Scenes bei der Vertragsunterzeichnung",68005,1794,62,FC Bayern Frauen,@Mini-yn9iy,"Obi ist und bleibt die beste, einfach Weltklasse ❤❤❤❤",18
duAz_ELvfC0,"Servus, Lena | Behind the Scenes bei der Vertragsunterzeichnung",68005,1794,62,FC Bayern Frauen,@Ariana-zu5hv,Lenaaaa❤️‍🔥,2
duAz_ELvfC0,"Servus, Lena | Behind the Scenes bei der Vertragsunterzeichnung",68005,1794,62,FC Bayern Frauen,@yannickpetras214,"Servus Lena Oberdorf 
Willkommen in München,  
auf eine gute und erfolgreiche Zeit,  und ganz wichtig eine Verletzungsfreie Zeit 😊👍",24
duAz_ELvfC0,"Servus, Lena | Behind the Scenes bei der Vertragsunterzeichnung",68005,1794,62,FC Bayern Frauen,@Mini-yn9iy,"Ich freue mich total, das wird eine mega Saison,  Obi ❤❤❤❤",14
duAz_ELvfC0,"Servus, Lena | Behind the Scenes bei der Vertragsunterzeichnung",68005,1794,62,FC Bayern Frauen,@Mini-yn9iy,😍😍😍😍,0
duAz_ELvfC0,"Servus, Lena | Behind the Scenes bei der Vertragsunterzeichnung",68005,1794,62,FC Bayern Frauen,@sarahstern1,"Die beste Spielerin in ganz Deutschland!
Da wirds für die anderen noch schwerer die Bayern zu schlagen!
So einen 6er würde sich die Männermannschaft wünschen!😄 
Lena Oberdorf wird(so sie gesund bleibt und kein Verletzungspech hat) im Frauenfußball noch Geschichte schreiben!",28
duAz_ELvfC0,"Servus, Lena | Behind the Scenes bei der Vertragsunterzeichnung",68005,1794,62,FC Bayern Frauen,@Frauenfußball_support,Servus Lenaaaaa Herzlichen Willkommen beim FCB Frauen ❤️🤍 wir freuen uns sehr auf dich,59
duAz_ELvfC0,"Servus, Lena | Behind the Scenes bei der Vertragsunterzeichnung",68005,1794,62,FC Bayern Frauen,@hajoos.8360,"2028 gibt Bayern 2027 die Chance noch mal richtig Geld für Oberdorf zu erhalten. Wir werden sehen, wie es läuft. Es bleibt spannend. Vor allem, wer muß auf die Bank....?",0
duAz_ELvfC0,"Servus, Lena | Behind the Scenes bei der Vertragsunterzeichnung",68005,1794,62,FC Bayern Frauen,@psychedelic951,😍,0
duAz_ELvfC0,"Servus, Lena | Behind the Scenes bei der Vertragsunterzeichnung",68005,1794,62,FC Bayern Frauen,@luckputtingthenavagenosecl5033,Luck,0
7zNpc8RmCXc,#Gwinn2027 | Interview mit Giulia Gwinn,8458,317,14,FC Bayern Frauen,@Mike-n3q4w,Sie sehr lieb dich und Ruhe warme Krieg nicht gut 😢Handy zusammen nicht warum ich trauig ja stimmt zufrieden ja gut ❤😊💯,0
7zNpc8RmCXc,#Gwinn2027 | Interview mit Giulia Gwinn,8458,317,14,FC Bayern Frauen,@Mike-n3q4w,Sie sehr lieb dich selbst bis Vertrag 2027 Jahr Wechsel von? Oder zu Hause bleiben Ruhe 💯♥️ beautiful liebe Freundin für Michael Reiter ja oder nein selbst zufrieden?,0
7zNpc8RmCXc,#Gwinn2027 | Interview mit Giulia Gwinn,8458,317,14,FC Bayern Frauen,@benjaminehrentreich,irgendwie sieht sie auf dem platz hübscher aus. alles gute,0
7zNpc8RmCXc,#Gwinn2027 | Interview mit Giulia Gwinn,8458,317,14,FC Bayern Frauen,@valdanohutapea,Where new video honey? 😊,0
7zNpc8RmCXc,#Gwinn2027 | Interview mit Giulia Gwinn,8458,317,14,FC Bayern Frauen,@gerardremmer3284,danke giulia,1
7zNpc8RmCXc,#Gwinn2027 | Interview mit Giulia Gwinn,8458,317,14,FC Bayern Frauen,@Andreas-1979,"Ich wünsche mir (und ihr selbst) auch, dass Giulia gesund bleibt. Sie ist eine tolle Spielerin und macht auch sonst einen sehr sympathischen Eindruck.",0
7zNpc8RmCXc,#Gwinn2027 | Interview mit Giulia Gwinn,8458,317,14,FC Bayern Frauen,@tonodiaz9964,Gut 1:03,0
7zNpc8RmCXc,#Gwinn2027 | Interview mit Giulia Gwinn,8458,317,14,FC Bayern Frauen,@kevgne6889,Menschlich und sportlich einfach im vollem Umgang ein einziger Gwinn,2
7zNpc8RmCXc,#Gwinn2027 | Interview mit Giulia Gwinn,8458,317,14,FC Bayern Frauen,@Frauenfußball_support,Mia san Mia 💪freuen uns soooo sehr das du bleibst! Giulia Gwinn! Ganz viel Kraft und Gesundheit ❤️🤍🫶🏻 freue auf die Neue Saison mit dir !,5
7zNpc8RmCXc,#Gwinn2027 | Interview mit Giulia Gwinn,8458,317,14,FC Bayern Frauen,@dietmarraffke7326,Ein echter Gewinn für den FC  Bayern.  Danke für die Verlängerung ❤❤,4
7zNpc8RmCXc,#Gwinn2027 | Interview mit Giulia Gwinn,8458,317,14,FC Bayern Frauen,@bernd3781,Mia san mia!👌  Weiterhin Viel Glück und  Erfolg! Und vor allem: bleib gesund!!🤞🤞,3
7zNpc8RmCXc,#Gwinn2027 | Interview mit Giulia Gwinn,8458,317,14,FC Bayern Frauen,@DL18234,❤🤍 sehr schöner treue Interview gwinn freue mich auf die neue Saison wünsche dir ganz viel Spaß kraft und gesundheit und bleibt so wie du bist ❤🤍,4
7zNpc8RmCXc,#Gwinn2027 | Interview mit Giulia Gwinn,8458,317,14,FC Bayern Frauen,@kacperkowalczyk487,❤️🤍😍,1
7zNpc8RmCXc,#Gwinn2027 | Interview mit Giulia Gwinn,8458,317,14,FC Bayern Frauen,@mattscoates,❤🤍 #MiaSanMia,1
meWmJ8m4XmY,Giulia Gwinn extends contract until 2027 😍,6751,569,33,FC Bayern Frauen,@AlanCarlosFürst-q5t,Muito obrigado Pela confiança,2
meWmJ8m4XmY,Giulia Gwinn extends contract until 2027 😍,6751,569,33,FC Bayern Frauen,@AlanCarlosFürst-q5t,Essa é minha,0
meWmJ8m4XmY,Giulia Gwinn extends contract until 2027 😍,6751,569,33,FC Bayern Frauen,@AlanCarlosFürst-q5t,Muito obrigado 🫂,1
meWmJ8m4XmY,Giulia Gwinn extends contract until 2027 😍,6751,569,33,FC Bayern Frauen,@AlanCarlosFürst-q5t,Tenho vergonha de perguntar,0
meWmJ8m4XmY,Giulia Gwinn extends contract until 2027 😍,6751,569,33,FC Bayern Frauen,@Mike-n3q4w,"Sie sehr lieb dich ❤️ prima Tolllilly 
Vertag 2027 Jahr Guilin Gwinn zu Hause bleiben Ruhe gut .
Michael Reiter und Guilin Gwinn vielleicht Freundin ja oder nein zufrieden ♥️❤️‍🩹💋💯 💯💯 Tolllilly super süß 😉😍",0
meWmJ8m4XmY,Giulia Gwinn extends contract until 2027 😍,6751,569,33,FC Bayern Frauen,@klauslangner,"Super sympathische,junge Frau...",3
meWmJ8m4XmY,Giulia Gwinn extends contract until 2027 😍,6751,569,33,FC Bayern Frauen,@bavaribavari-vi7no,❤❤🌹🌹😍😍,0
meWmJ8m4XmY,Giulia Gwinn extends contract until 2027 😍,6751,569,33,FC Bayern Frauen,@bavaribavari-vi7no,❤❤❤❤,0
meWmJ8m4XmY,Giulia Gwinn extends contract until 2027 😍,6751,569,33,FC Bayern Frauen,@FelixS1988,Meine Lieblingsspielerin 😍,0
meWmJ8m4XmY,Giulia Gwinn extends contract until 2027 😍,6751,569,33,FC Bayern Frauen,@valdanohutapea,"Ah udah lah komennya, malu pulak nanti dia😂, semangat terus ya Gwinn semoga di kehidupan selanjutnya kita satu negara dan satu kota 😂",0
meWmJ8m4XmY,Giulia Gwinn extends contract until 2027 😍,6751,569,33,FC Bayern Frauen,@valdanohutapea,"Banyak sih di Batam yg gini, tapi getaran nya itu lo beda",0
meWmJ8m4XmY,Giulia Gwinn extends contract until 2027 😍,6751,569,33,FC Bayern Frauen,@valdanohutapea,Harum kali pasti,0
meWmJ8m4XmY,Giulia Gwinn extends contract until 2027 😍,6751,569,33,FC Bayern Frauen,@valdanohutapea,"Tuhan, lahirkan aku kembali di Jerman 😂",0
meWmJ8m4XmY,Giulia Gwinn extends contract until 2027 😍,6751,569,33,FC Bayern Frauen,@valdanohutapea,"Kalau Gwinn pelatih 757 Kepri, daftar aku iya, ku tunjangi semua, gak dapat bola kepala pun jadi 😂",0
meWmJ8m4XmY,Giulia Gwinn extends contract until 2027 😍,6751,569,33,FC Bayern Frauen,@valdanohutapea,"Transfer news : Giulia Gwinn to 757 Kepri Jaya Batam as a headcoach.

If its true Im back on the field for Central Midfield my role style playing is ""the all rounder""",0
meWmJ8m4XmY,Giulia Gwinn extends contract until 2027 😍,6751,569,33,FC Bayern Frauen,@valdanohutapea,Tapi kalau liat cewek apalagi Gwinn ini bikin semangat 😊,0
meWmJ8m4XmY,Giulia Gwinn extends contract until 2027 😍,6751,569,33,FC Bayern Frauen,@valdanohutapea,Kalau sekarang liat muka laki-laki bikin lemas kan,0
meWmJ8m4XmY,Giulia Gwinn extends contract until 2027 😍,6751,569,33,FC Bayern Frauen,@valdanohutapea,"Setia ini woi, yang bisa dapat gak nyesal lah 😂",0
meWmJ8m4XmY,Giulia Gwinn extends contract until 2027 😍,6751,569,33,FC Bayern Frauen,@valdanohutapea,"Cie kemarin kalah, sini peluk 😊",0
meWmJ8m4XmY,Giulia Gwinn extends contract until 2027 😍,6751,569,33,FC Bayern Frauen,@valdanohutapea,"Giliran baper lagi sama cewek, jauh kali lah di Jerman 😅",0
meWmJ8m4XmY,Giulia Gwinn extends contract until 2027 😍,6751,569,33,FC Bayern Frauen,@valdanohutapea,"Woi kalian yang nonton, pas liat dia senyum pasti kalian gerogi kan 😅",0
meWmJ8m4XmY,Giulia Gwinn extends contract until 2027 😍,6751,569,33,FC Bayern Frauen,@valdanohutapea,"Hei admin make the duration for one years, its to short.",0
meWmJ8m4XmY,Giulia Gwinn extends contract until 2027 😍,6751,569,33,FC Bayern Frauen,@valdanohutapea,"Hi Gwinn Will you marry me, oh no Im saying 😊",0
meWmJ8m4XmY,Giulia Gwinn extends contract until 2027 😍,6751,569,33,FC Bayern Frauen,@valdanohutapea,Giulia Gwinn renew contract till i die 😊,0
meWmJ8m4XmY,Giulia Gwinn extends contract until 2027 😍,6751,569,33,FC Bayern Frauen,@lucyairds2490,Un rêve qui est devenu une réalité ! C'est si Inspirant 🥹😍🔥,2
meWmJ8m4XmY,Giulia Gwinn extends contract until 2027 😍,6751,569,33,FC Bayern Frauen,@pascall4799,Gwinn win Situation,8
meWmJ8m4XmY,Giulia Gwinn extends contract until 2027 😍,6751,569,33,FC Bayern Frauen,@Turbolights,🤌🏻💯,0
meWmJ8m4XmY,Giulia Gwinn extends contract until 2027 😍,6751,569,33,FC Bayern Frauen,@sirup3508,"2027 hört sich lange an, ist aber schon in zweieinhalb Jahren.
hoffen wir, das der Vertrag dann weiterhin verlängert wird",5
meWmJ8m4XmY,Giulia Gwinn extends contract until 2027 😍,6751,569,33,FC Bayern Frauen,@sarakannengiesser4395,❤❤❤❤die beste,1
meWmJ8m4XmY,Giulia Gwinn extends contract until 2027 😍,6751,569,33,FC Bayern Frauen,@arminredzovic,Cool,0
meWmJ8m4XmY,Giulia Gwinn extends contract until 2027 😍,6751,569,33,FC Bayern Frauen,@DL18234,❤🤍 super gwinn,4
meWmJ8m4XmY,Giulia Gwinn extends contract until 2027 😍,6751,569,33,FC Bayern Frauen,@ric007perfekt4,geiiiil❤❤❤,0
Bn0ovNKuLmM,Bis 2027 ❤️🤍 Giulia Gwinn und FC Bayern verlängern Vertrag vorzeitig,22347,782,66,FC Bayern Frauen,@AlanCarlosFürst-q5t,"Eu avisei no Condomínio? Pro Maconheiros, não colocar",0
Bn0ovNKuLmM,Bis 2027 ❤️🤍 Giulia Gwinn und FC Bayern verlängern Vertrag vorzeitig,22347,782,66,FC Bayern Frauen,@AlanCarlosFürst-q5t,❤,0
Bn0ovNKuLmM,Bis 2027 ❤️🤍 Giulia Gwinn und FC Bayern verlängern Vertrag vorzeitig,22347,782,66,FC Bayern Frauen,@HartmutReinhardSchneider,"So attraktiv und spielbegabt ,es bereitet Freude beim zuschauen ,aber so geldgierig ,sie findet den FC Hollywood ,gut 😮.",1
Bn0ovNKuLmM,Bis 2027 ❤️🤍 Giulia Gwinn und FC Bayern verlängern Vertrag vorzeitig,22347,782,66,FC Bayern Frauen,@michaelfischer545,Ich bin mir sicher dass sie in München sehr gut aufgehoben ist. Auch wenn sie im Ausland mehr verdienen kann...,0
Bn0ovNKuLmM,Bis 2027 ❤️🤍 Giulia Gwinn und FC Bayern verlängern Vertrag vorzeitig,22347,782,66,FC Bayern Frauen,@Mike-n3q4w,Sie sehr lieb dich ❤️ Vertrag 2027 zu bleiben steht 💌 ja warten zusammen Michael Reiter und Guilin Gwinn vielleicht Freundin ja gut,0
Bn0ovNKuLmM,Bis 2027 ❤️🤍 Giulia Gwinn und FC Bayern verlängern Vertrag vorzeitig,22347,782,66,FC Bayern Frauen,@andrzejbienias2913,Pozdrawiam  zdrowia  życzę  z  okazji  urodzin  qratuluję  noweqo  kontraktu  do  2027   Fan  Dumy  Bawarii  z  Polski  Andrzej  serwus  🤩🤩🤩🤩🤩🤝,0
Bn0ovNKuLmM,Bis 2027 ❤️🤍 Giulia Gwinn und FC Bayern verlängern Vertrag vorzeitig,22347,782,66,FC Bayern Frauen,@gertirohrenbacher2950,Münchens Liebe 💋❤💯👍💪🌹Dein Münchner Gute Manuel Röhrenbach,1
Bn0ovNKuLmM,Bis 2027 ❤️🤍 Giulia Gwinn und FC Bayern verlängern Vertrag vorzeitig,22347,782,66,FC Bayern Frauen,@lenast2534,Herzlichen Glückwunsch,1
Bn0ovNKuLmM,Bis 2027 ❤️🤍 Giulia Gwinn und FC Bayern verlängern Vertrag vorzeitig,22347,782,66,FC Bayern Frauen,@hahafalseflag5090,Congrats to that young lady.. She is professional about her sport.,4
Bn0ovNKuLmM,Bis 2027 ❤️🤍 Giulia Gwinn und FC Bayern verlängern Vertrag vorzeitig,22347,782,66,FC Bayern Frauen,@wokeaf1337,"Mia San Mia, Giulia.",1
Bn0ovNKuLmM,Bis 2027 ❤️🤍 Giulia Gwinn und FC Bayern verlängern Vertrag vorzeitig,22347,782,66,FC Bayern Frauen,@mystxxphantomxx7478,"Sehr Sehr gute Vertragsverlängerung!!!
Gwinn muss bleiben!!!",3
Bn0ovNKuLmM,Bis 2027 ❤️🤍 Giulia Gwinn und FC Bayern verlängern Vertrag vorzeitig,22347,782,66,FC Bayern Frauen,@TorstenAlbers-sq3qh,Mach weiter so ich wünsche dir alles gute,1
Bn0ovNKuLmM,Bis 2027 ❤️🤍 Giulia Gwinn und FC Bayern verlängern Vertrag vorzeitig,22347,782,66,FC Bayern Frauen,@FelixS1988,Mega😍 Das ist ein Gwinn für uns😍,1
Bn0ovNKuLmM,Bis 2027 ❤️🤍 Giulia Gwinn und FC Bayern verlängern Vertrag vorzeitig,22347,782,66,FC Bayern Frauen,@Test_ABCDEF,Na endlich !!!  Was bin ich glücklich dass Sie verlängert hat. Super!,7
Bn0ovNKuLmM,Bis 2027 ❤️🤍 Giulia Gwinn und FC Bayern verlängern Vertrag vorzeitig,22347,782,66,FC Bayern Frauen,@andreasmuhleck9205,"Hallo Giulia, freut mich riesig, dass du bei Bayern verlängert hast.😀",3
Bn0ovNKuLmM,Bis 2027 ❤️🤍 Giulia Gwinn und FC Bayern verlängern Vertrag vorzeitig,22347,782,66,FC Bayern Frauen,@ronnyschmidt5188,"Super Giulia das du weiterhin bei uns bleibst, viel Erfolg in der neuen Saison ;)",5
Bn0ovNKuLmM,Bis 2027 ❤️🤍 Giulia Gwinn und FC Bayern verlängern Vertrag vorzeitig,22347,782,66,FC Bayern Frauen,@AJ-kl7sw,😍😉,2
Bn0ovNKuLmM,Bis 2027 ❤️🤍 Giulia Gwinn und FC Bayern verlängern Vertrag vorzeitig,22347,782,66,FC Bayern Frauen,@dominikbenz8349,hammer stark mega cool freu mich mit Richtig und wichtig°,4
Bn0ovNKuLmM,Bis 2027 ❤️🤍 Giulia Gwinn und FC Bayern verlängern Vertrag vorzeitig,22347,782,66,FC Bayern Frauen,@JuCarlos-ex8ip,She's very talented and beautiful,5
Bn0ovNKuLmM,Bis 2027 ❤️🤍 Giulia Gwinn und FC Bayern verlängern Vertrag vorzeitig,22347,782,66,FC Bayern Frauen,@1stdekor09,"Top Verlängerung!!!
Sie ist eine super Spielerin.",6
Bn0ovNKuLmM,Bis 2027 ❤️🤍 Giulia Gwinn und FC Bayern verlängern Vertrag vorzeitig,22347,782,66,FC Bayern Frauen,@yannickpetras214,"Top,  bleib bitte Verletzungsfrei ,  Zwei Kreutzbandrisse sind definitiv zwei zu viel 
Viel Spaß und Erfolg 😊😊",5
Bn0ovNKuLmM,Bis 2027 ❤️🤍 Giulia Gwinn und FC Bayern verlängern Vertrag vorzeitig,22347,782,66,FC Bayern Frauen,@wernerluks8923,Tolles Mädchen ❤🌹 Glückwunsch  😘,3
Bn0ovNKuLmM,Bis 2027 ❤️🤍 Giulia Gwinn und FC Bayern verlängern Vertrag vorzeitig,22347,782,66,FC Bayern Frauen,@Fanny_177,Freu mich 🤝🏻🎉❤️🤍,3
Bn0ovNKuLmM,Bis 2027 ❤️🤍 Giulia Gwinn und FC Bayern verlängern Vertrag vorzeitig,22347,782,66,FC Bayern Frauen,@FCBVIKING1996,Jawoll guili forever,3
Bn0ovNKuLmM,Bis 2027 ❤️🤍 Giulia Gwinn und FC Bayern verlängern Vertrag vorzeitig,22347,782,66,FC Bayern Frauen,@RaptorR0ger,Wichtig und Richtig!,5
Bn0ovNKuLmM,Bis 2027 ❤️🤍 Giulia Gwinn und FC Bayern verlängern Vertrag vorzeitig,22347,782,66,FC Bayern Frauen,@dietmarstelzner3754,Eine Win Gwinn Situation !,27
Bn0ovNKuLmM,Bis 2027 ❤️🤍 Giulia Gwinn und FC Bayern verlängern Vertrag vorzeitig,22347,782,66,FC Bayern Frauen,@merkelfan420,"Top Entscheidung! Giuli ist eine absolute Säule der Mannschaft und eine tolle Führungspersönlichkeit, schön dass sie dem FCB noch lange erhalten bleibt",17
Bn0ovNKuLmM,Bis 2027 ❤️🤍 Giulia Gwinn und FC Bayern verlängern Vertrag vorzeitig,22347,782,66,FC Bayern Frauen,@DerMitDerWiiTanzt,Richtig und wichtig°,5
Bn0ovNKuLmM,Bis 2027 ❤️🤍 Giulia Gwinn und FC Bayern verlängern Vertrag vorzeitig,22347,782,66,FC Bayern Frauen,@KiGaZw,Das war heute eine der schönen Nachrichten. 😊,3
Bn0ovNKuLmM,Bis 2027 ❤️🤍 Giulia Gwinn und FC Bayern verlängern Vertrag vorzeitig,22347,782,66,FC Bayern Frauen,@Frauenfußball_support,Wir freuen uns sehr ! Liebs 🤍❤️🫶🏻,2
Bn0ovNKuLmM,Bis 2027 ❤️🤍 Giulia Gwinn und FC Bayern verlängern Vertrag vorzeitig,22347,782,66,FC Bayern Frauen,@thomasclaus5009,Mega toll.❤️🤍,3
Bn0ovNKuLmM,Bis 2027 ❤️🤍 Giulia Gwinn und FC Bayern verlängern Vertrag vorzeitig,22347,782,66,FC Bayern Frauen,@klauslangner,"Super,freut mich...❤❤",2
Bn0ovNKuLmM,Bis 2027 ❤️🤍 Giulia Gwinn und FC Bayern verlängern Vertrag vorzeitig,22347,782,66,FC Bayern Frauen,@alexanderbochynski3845,Mir san mir❤️🤍❤️🤍,3
Bn0ovNKuLmM,Bis 2027 ❤️🤍 Giulia Gwinn und FC Bayern verlängern Vertrag vorzeitig,22347,782,66,FC Bayern Frauen,@SalmaaSchwarz,Liebs 🤍❤🫶 JAAA GIULI Wir freuen uns sehr!,5
Bn0ovNKuLmM,Bis 2027 ❤️🤍 Giulia Gwinn und FC Bayern verlängern Vertrag vorzeitig,22347,782,66,FC Bayern Frauen,@SalmaaSchwarz,Liebs JAAAAAAAA Giulia ❤🤍🫶,4
Bn0ovNKuLmM,Bis 2027 ❤️🤍 Giulia Gwinn und FC Bayern verlängern Vertrag vorzeitig,22347,782,66,FC Bayern Frauen,@dominickonrad6920,Super ❤,3
Bn0ovNKuLmM,Bis 2027 ❤️🤍 Giulia Gwinn und FC Bayern verlängern Vertrag vorzeitig,22347,782,66,FC Bayern Frauen,@psychedelic951,🥰🥰🥰,3
Bn0ovNKuLmM,Bis 2027 ❤️🤍 Giulia Gwinn und FC Bayern verlängern Vertrag vorzeitig,22347,782,66,FC Bayern Frauen,@enni_küken,Giuli ❤ 🤍,5
Bn0ovNKuLmM,Bis 2027 ❤️🤍 Giulia Gwinn und FC Bayern verlängern Vertrag vorzeitig,22347,782,66,FC Bayern Frauen,@gerardremmer3284,"viele
danke  giulia",3
Bn0ovNKuLmM,Bis 2027 ❤️🤍 Giulia Gwinn und FC Bayern verlängern Vertrag vorzeitig,22347,782,66,FC Bayern Frauen,@ric007perfekt4,sooooo geil❤❤❤❤❤❤❤ mia san mia ❤❤❤❤❤❤❤❤❤❤❤❤❤❤❤,4
Bn0ovNKuLmM,Bis 2027 ❤️🤍 Giulia Gwinn und FC Bayern verlängern Vertrag vorzeitig,22347,782,66,FC Bayern Frauen,@michelebram387,Mia San Mia ❤🤍❤️🎉🎉,5
Bn0ovNKuLmM,Bis 2027 ❤️🤍 Giulia Gwinn und FC Bayern verlängern Vertrag vorzeitig,22347,782,66,FC Bayern Frauen,@kacperkowalczyk487,❤️🤍,6
Bn0ovNKuLmM,Bis 2027 ❤️🤍 Giulia Gwinn und FC Bayern verlängern Vertrag vorzeitig,22347,782,66,FC Bayern Frauen,@comander95HD,Mega ♥,8
Bn0ovNKuLmM,Bis 2027 ❤️🤍 Giulia Gwinn und FC Bayern verlängern Vertrag vorzeitig,22347,782,66,FC Bayern Frauen,@felixgrimm7728,🎉🎉🎉❤😊,4
Bn0ovNKuLmM,Bis 2027 ❤️🤍 Giulia Gwinn und FC Bayern verlängern Vertrag vorzeitig,22347,782,66,FC Bayern Frauen,@felixgrimm7728,Mia San Mia ❤❤,3
30qIAY--iFc,Top 5 Paraden der Saison 2023/2024 | FC Bayern Frauen,3509,154,8,FC Bayern Frauen,@nertqw6047,"Mala, what a great GK!",1
30qIAY--iFc,Top 5 Paraden der Saison 2023/2024 | FC Bayern Frauen,3509,154,8,FC Bayern Frauen,@valdanohutapea,Hei admin nothing new video?,1
30qIAY--iFc,Top 5 Paraden der Saison 2023/2024 | FC Bayern Frauen,3509,154,8,FC Bayern Frauen,@DerMitDerWiiTanzt,Bayern auf die 1!,3
30qIAY--iFc,Top 5 Paraden der Saison 2023/2024 | FC Bayern Frauen,3509,154,8,FC Bayern Frauen,@hajoos.8360,"Ja, Mala Grohs wurde im Laufe der letzten Saison tatsächlich sicherer. Und weil die Bayern so zufrieden sind, haben Sie Ena Mahmutovic engagiert. Für Frau Grohs wäre ein Wechsel zu ManU zwar formal ein Abstieg, aber Sie könnte ohne fette Bayern-Abwehr im Englischen Mittelfeld (das Pendant zu Hoffenheim quasi) endlich beweisen, was in Ihr steckt. Der Wechsel wäre Frau Grohs also zu wünschen. Allerdings muß man Frau Rech echte Nerven attestieren. Dann mit einem neuen & unerfahrenen Torwart, der letzte Saison 64 Gegentreffer gefangen hat, in die CL einzusteigen, Respekt für Frau Rechs Risikobewußtsein & Personalplanung.",0
30qIAY--iFc,Top 5 Paraden der Saison 2023/2024 | FC Bayern Frauen,3509,154,8,FC Bayern Frauen,@valdanohutapea,"Hi FC Bayern  Frauen team player, are you have a YouTube Chanel personal?",1
30qIAY--iFc,Top 5 Paraden der Saison 2023/2024 | FC Bayern Frauen,3509,154,8,FC Bayern Frauen,@valdanohutapea,Why my Comment its gone?,0
30qIAY--iFc,Top 5 Paraden der Saison 2023/2024 | FC Bayern Frauen,3509,154,8,FC Bayern Frauen,@JuliusBaumunk,"Falls an den United-Gerüchten was dran sein sollte…, die frei gehaltenen Elfer gegen Frankfurt werden für immer in Erinnerung bleiben. Soviel ist sicher.🧱🧱",11
MIKt1LwjfkQ,Top 5 Tore der Saison 2023/2024 | FC Bayern Frauen,5719,226,8,FC Bayern Frauen,@heinerda4768,"Fast nur Tore aus Standards. Warum werden keine toll herausgespielte Tore gezeigt, von denen es ja genug gab? Denn die zeigen doch die ware Leistung!",1
MIKt1LwjfkQ,Top 5 Tore der Saison 2023/2024 | FC Bayern Frauen,5719,226,8,FC Bayern Frauen,@Y_ii_n_x,Der Gwinn-Freistoß war schon Zucker,0
MIKt1LwjfkQ,Top 5 Tore der Saison 2023/2024 | FC Bayern Frauen,5719,226,8,FC Bayern Frauen,@sammySHD,T O R ⚽️  Nr. 5 von Jana Damnjanovic,1
MIKt1LwjfkQ,Top 5 Tore der Saison 2023/2024 | FC Bayern Frauen,5719,226,8,FC Bayern Frauen,@taurus2016,"Für alle, die die Hintergründe kennen, ist natürlich das Tor von Caro Simon,  das Schönste.",3
MIKt1LwjfkQ,Top 5 Tore der Saison 2023/2024 | FC Bayern Frauen,5719,226,8,FC Bayern Frauen,@1stdekor09,Können wir uns 1-2 Frauen für die Männermannschaft ausleihen? Freistöße kann bei uns keiner ...,3
MIKt1LwjfkQ,Top 5 Tore der Saison 2023/2024 | FC Bayern Frauen,5719,226,8,FC Bayern Frauen,@peterstreiff3811,Ich ❤ Frauenfussball/ i ❤️ *LADIES -Soccer* ; Hopp FC Bayern München Frauen ! sportliche Grüsse aus Glarus 🇨🇭,0
MIKt1LwjfkQ,Top 5 Tore der Saison 2023/2024 | FC Bayern Frauen,5719,226,8,FC Bayern Frauen,@hajoos.8360,"Geile Tore, alle aus der Distanz, darunter 3 Standards, 2 gegen Hoffenheim. Natürlich springt das Bayern-Pferd nur so hoch, wie es muß. Eine etwas effizientere Chancen-Ausnutzung wäre nicht nur bei Bayern, sondern in der ganzen Liga wünschenswert. Hier hakt es im Deutschen Frauenfußball....",0
MIKt1LwjfkQ,Top 5 Tore der Saison 2023/2024 | FC Bayern Frauen,5719,226,8,FC Bayern Frauen,@FCBVIKING1996,"Einfach eine wahnsinnige Saison geile Tore

Keine Niederlage mega defensive",2
s42lhIvCF90,"Servus, Ena | FCB-Frauen verpflichten Ena Mahmutovic",22859,600,46,FC Bayern Frauen,@dominickonrad6920,Top bayern,1
s42lhIvCF90,"Servus, Ena | FCB-Frauen verpflichten Ena Mahmutovic",22859,600,46,FC Bayern Frauen,@sven-hansa,Servus Ena😊,1
s42lhIvCF90,"Servus, Ena | FCB-Frauen verpflichten Ena Mahmutovic",22859,600,46,FC Bayern Frauen,@valdanohutapea,Servus Ena 😊,1
s42lhIvCF90,"Servus, Ena | FCB-Frauen verpflichten Ena Mahmutovic",22859,600,46,FC Bayern Frauen,@RespecTheLevYT,Beautiful lady hope she becomes the next Neuer,1
s42lhIvCF90,"Servus, Ena | FCB-Frauen verpflichten Ena Mahmutovic",22859,600,46,FC Bayern Frauen,@klaus7227,"Ich würde bestreiten, dass jedes kleine KInd davon träumt, bei den Bayern zu spielen... Freue mich trotzdem für Ena. Mala kann sich schon mal nach einem neuen Verein umsehen....",2
s42lhIvCF90,"Servus, Ena | FCB-Frauen verpflichten Ena Mahmutovic",22859,600,46,FC Bayern Frauen,@klagot,"mahmutovic ist zu gut, die ist ueber kurz oder lang die nr1 bei bayern, elfmetertoeterin hin oder her. schauen sie sich an, dann weden sie die bayern verstehen, warum man sie geholt hat.",4
s42lhIvCF90,"Servus, Ena | FCB-Frauen verpflichten Ena Mahmutovic",22859,600,46,FC Bayern Frauen,@FCBVIKING1996,Servus Ena,1
s42lhIvCF90,"Servus, Ena | FCB-Frauen verpflichten Ena Mahmutovic",22859,600,46,FC Bayern Frauen,@eva_77x27,Servus! 🤩🤩,1
s42lhIvCF90,"Servus, Ena | FCB-Frauen verpflichten Ena Mahmutovic",22859,600,46,FC Bayern Frauen,@TobiaaDitze-dz2lu,Ja,1
s42lhIvCF90,"Servus, Ena | FCB-Frauen verpflichten Ena Mahmutovic",22859,600,46,FC Bayern Frauen,@FernandinafrancoDiaz,New golkeeper 2:14,0
s42lhIvCF90,"Servus, Ena | FCB-Frauen verpflichten Ena Mahmutovic",22859,600,46,FC Bayern Frauen,@Peter-pp6kj,awww.....,1
s42lhIvCF90,"Servus, Ena | FCB-Frauen verpflichten Ena Mahmutovic",22859,600,46,FC Bayern Frauen,@TurboTobyTube,Mahmutovic + Bayern = Baldige Nummer 1 in der Natio :),8
s42lhIvCF90,"Servus, Ena | FCB-Frauen verpflichten Ena Mahmutovic",22859,600,46,FC Bayern Frauen,@guidokohler5137,Willkommen im Team ❤🤍⚽️🫶,4
s42lhIvCF90,"Servus, Ena | FCB-Frauen verpflichten Ena Mahmutovic",22859,600,46,FC Bayern Frauen,@rautmannalex804,Alles gute,3
s42lhIvCF90,"Servus, Ena | FCB-Frauen verpflichten Ena Mahmutovic",22859,600,46,FC Bayern Frauen,@DL18234,"Hallo Bayern münchen habe es gerade in der Zeitung gelesen echt cool von euch,wünsche mir das sie das in die erste Bundesliga schafft 1000dank an euch",2
s42lhIvCF90,"Servus, Ena | FCB-Frauen verpflichten Ena Mahmutovic",22859,600,46,FC Bayern Frauen,@enni_küken,"Jaa, Ena ❤",3
s42lhIvCF90,"Servus, Ena | FCB-Frauen verpflichten Ena Mahmutovic",22859,600,46,FC Bayern Frauen,@christofliermann399,Viel Erfolg beim FC Bayern München 😊,3
s42lhIvCF90,"Servus, Ena | FCB-Frauen verpflichten Ena Mahmutovic",22859,600,46,FC Bayern Frauen,@hajoos.8360,"Bayern wird Ena Mahmutovic verleihen, das neue Business im Frauenfußball.",2
s42lhIvCF90,"Servus, Ena | FCB-Frauen verpflichten Ena Mahmutovic",22859,600,46,FC Bayern Frauen,@k3ndo751,Viel Erfolg und auf eine gute und verletzungsfreie Saison!,10
s42lhIvCF90,"Servus, Ena | FCB-Frauen verpflichten Ena Mahmutovic",22859,600,46,FC Bayern Frauen,@FrogwomanOrgReloaded,Das wird nen interessanter Konkurrenzkampf! Willkommen beim FCB :-),31
s42lhIvCF90,"Servus, Ena | FCB-Frauen verpflichten Ena Mahmutovic",22859,600,46,FC Bayern Frauen,@MiaSanEuphoria1993,"Willkommen in München, Ena! 😍",4
s42lhIvCF90,"Servus, Ena | FCB-Frauen verpflichten Ena Mahmutovic",22859,600,46,FC Bayern Frauen,@angelikabergmann5297,"Marla hält doch super, leider nicht gegen Wolfsburg ,",1
s42lhIvCF90,"Servus, Ena | FCB-Frauen verpflichten Ena Mahmutovic",22859,600,46,FC Bayern Frauen,@DL18234,Marla Heldin von Frankfurt ist und bleibt die Nummer1,1
s42lhIvCF90,"Servus, Ena | FCB-Frauen verpflichten Ena Mahmutovic",22859,600,46,FC Bayern Frauen,@sammySHD,"herzlich willkommen bei den ❤FC Bayern München ⚽️ Frauen ❤ liebe Ena Mahmutovic 
& alles erdenklich Gute für die fussballerische & persönliche Zukunft sowie viel Kraft, Stärke & Gesundheit und Gottes fetten Segen",13
s42lhIvCF90,"Servus, Ena | FCB-Frauen verpflichten Ena Mahmutovic",22859,600,46,FC Bayern Frauen,@psychedelic951,servus! hoffentlich kann sie marla direkt konkurrenz machen. wir brauchen eine bessere nr.1,6
s42lhIvCF90,"Servus, Ena | FCB-Frauen verpflichten Ena Mahmutovic",22859,600,46,FC Bayern Frauen,@martink.1471,Willkommen Mia San Mia❤️🤍,7
s42lhIvCF90,"Servus, Ena | FCB-Frauen verpflichten Ena Mahmutovic",22859,600,46,FC Bayern Frauen,@DjNicki24,❤ willkommen in unserem Team,13
5XO375E3H9I,Three young footballers meet their idols in the Audi Q6 e-tron - exciting Q&A’s pre-programmed. 😃,5280,199,6,FC Bayern Frauen,@maxmusterfrau3991,Mal ein schöner Werbeblock! Gern wieder! 🚗,1
5XO375E3H9I,Three young footballers meet their idols in the Audi Q6 e-tron - exciting Q&A’s pre-programmed. 😃,5280,199,6,FC Bayern Frauen,@DL18234,"Hallo gwinn habe 6jahre im Verein auf deiner Position gespielt habe mich als Torwart beschützter gesehen,wenn der gegener an mir vor bei ist kann er ein Tor schießen,ans Tore schießen oder traumtor habe ich nie gedacht,ein sehr geiles Freistoß Tor von dir",0
5XO375E3H9I,Three young footballers meet their idols in the Audi Q6 e-tron - exciting Q&A’s pre-programmed. 😃,5280,199,6,FC Bayern Frauen,@sandrapatriciaoriguarios4589,"Haha, I mistook Gwinn for Lia Walti! XD Then remembered that Walti doesn't play for Bayern...",0
5XO375E3H9I,Three young footballers meet their idols in the Audi Q6 e-tron - exciting Q&A’s pre-programmed. 😃,5280,199,6,FC Bayern Frauen,@MTB-pn4gb,Zu München gehört ein BMW,3
L4AgbeTw9kM,DFB-Pokal Highlights: Kickers Offenbach - FC Bayern Frauen,13382,329,11,FC Bayern Frauen,@ThomasBodlos,Jawohl Bayern 😊👍⚽️,0
L4AgbeTw9kM,DFB-Pokal Highlights: Kickers Offenbach - FC Bayern Frauen,13382,329,11,FC Bayern Frauen,@ThomasBodlos,Jawohl Bayern 😊👍⚽️,0
L4AgbeTw9kM,DFB-Pokal Highlights: Kickers Offenbach - FC Bayern Frauen,13382,329,11,FC Bayern Frauen,@sugincuk,Tor von die Nummer 14 war echt cool,1
L4AgbeTw9kM,DFB-Pokal Highlights: Kickers Offenbach - FC Bayern Frauen,13382,329,11,FC Bayern Frauen,@dirkklein-beswick4263,Glückwunsch. Das hätte für die Offenbacherinnen auch ärger ausgehen können.,1
L4AgbeTw9kM,DFB-Pokal Highlights: Kickers Offenbach - FC Bayern Frauen,13382,329,11,FC Bayern Frauen,@CCRrr231,"Cool, dass ihr das übertragen habt und auch noch Highlights raushaut. 🤩Gutes Spiel und die Kickers Offenbach haben sich wirklich super präsentiert und gekämpft",3
L4AgbeTw9kM,DFB-Pokal Highlights: Kickers Offenbach - FC Bayern Frauen,13382,329,11,FC Bayern Frauen,@Wolf0788,"Sehr starke Leistung.
Weiter so 🎉",0
L4AgbeTw9kM,DFB-Pokal Highlights: Kickers Offenbach - FC Bayern Frauen,13382,329,11,FC Bayern Frauen,@thomasclaus5009,Glückwunsch zum Sieg 🔴⚪,1
L4AgbeTw9kM,DFB-Pokal Highlights: Kickers Offenbach - FC Bayern Frauen,13382,329,11,FC Bayern Frauen,@dominikbenz8349,glückwunsch freu mich mit verdient  top spiel,1
L4AgbeTw9kM,DFB-Pokal Highlights: Kickers Offenbach - FC Bayern Frauen,13382,329,11,FC Bayern Frauen,@frodelindberg99,Ein tolles Spiel!💪,0
L4AgbeTw9kM,DFB-Pokal Highlights: Kickers Offenbach - FC Bayern Frauen,13382,329,11,FC Bayern Frauen,@chinesecatfish3171,OFC ❤❤❤,3
L4AgbeTw9kM,DFB-Pokal Highlights: Kickers Offenbach - FC Bayern Frauen,13382,329,11,FC Bayern Frauen,@matbec4719,"Glückwunsch zum super starken Auftritt und souveränen Sieg, Mädels!🥳 Mia San eine Runde weiter🙌🏻",10
3aJ7tit6ZKc,Re-Live: Kickers Offenbach – FC Bayern | DFB-Pokal-Achtelfinale 23/24,87720,1174,7,FC Bayern Frauen,@SakuraHaruno-zo4jw,Mia San Mia forever ❤️,1
3aJ7tit6ZKc,Re-Live: Kickers Offenbach – FC Bayern | DFB-Pokal-Achtelfinale 23/24,87720,1174,7,FC Bayern Frauen,@claudiocereceda4007,Pero mi favorita es Giorgia stanway y para balón de oro,0
3aJ7tit6ZKc,Re-Live: Kickers Offenbach – FC Bayern | DFB-Pokal-Achtelfinale 23/24,87720,1174,7,FC Bayern Frauen,@claudiocereceda4007,La número 14 tiene buen dominio de balón y para que decir de la forma de pegada,0
3aJ7tit6ZKc,Re-Live: Kickers Offenbach – FC Bayern | DFB-Pokal-Achtelfinale 23/24,87720,1174,7,FC Bayern Frauen,@rosti46,Herzlichen Glückwunsch zum Sieg,0
3aJ7tit6ZKc,Re-Live: Kickers Offenbach – FC Bayern | DFB-Pokal-Achtelfinale 23/24,87720,1174,7,FC Bayern Frauen,@markusfroba9443,Bayern Frauen sind die Besten ☆☆🙂,2
3aJ7tit6ZKc,Re-Live: Kickers Offenbach – FC Bayern | DFB-Pokal-Achtelfinale 23/24,87720,1174,7,FC Bayern Frauen,@thomasclaus5009,Glückwunsch zum Sieg,4
3aJ7tit6ZKc,Re-Live: Kickers Offenbach – FC Bayern | DFB-Pokal-Achtelfinale 23/24,87720,1174,7,FC Bayern Frauen,@dominikbenz8349,stark glückwunsch freu mich mit,2
YELEcSfPELk,Behind the Scenes | AS Roma - FC Bayern,14522,416,12,FC Bayern Frauen,@ArabHaroun,"Ich wunche dis a champion league fur die bayrichen fraw , und fur  ""giulia gwin 🎉"" .",1
YELEcSfPELk,Behind the Scenes | AS Roma - FC Bayern,14522,416,12,FC Bayern Frauen,@mvelo6331,I still have hope for you guys to qualify.  🇿🇦,0
YELEcSfPELk,Behind the Scenes | AS Roma - FC Bayern,14522,416,12,FC Bayern Frauen,@hajoos.8360,"Die Bilder & Impressionen der Bayern-Diven sind vom FC-Bayern-TV wieder top eingefangen worden, gute Werbung für den Frauen-Fußball & den FC Bayern. Das 2:1 war halt ein Abwehrfehler, aber das 1:0 hätte, Dank besserer Positionierung ein drittel aller Frauen-Bundesliga-Torwarte gehabt. Mit der besten Abwehr der Liga fällt die permanente Schwäche im Bayern-Kasten nicht auf. Aber da international ein anderer Wind weht, muß man schon sagen, daß die meisten Gegentreffer in der letzten & hiesigen CL-Saison haltbar waren. Das kann sich im Grunde kein Verein mit Ambitionen leisten. Daß die Ladehemmung im Bayern-Sturm aktuell akut ist, wissen die Spieler selbst. Sonst schaut einfach, daß Uli Hoeneß die Klappe hält, seine Tabletten pünktlich nimmt & alles wird gut.",0
YELEcSfPELk,Behind the Scenes | AS Roma - FC Bayern,14522,416,12,FC Bayern Frauen,@pascall4799,Guter Punkt! Leider muss man nun gege PSG alles riskieren,1
YELEcSfPELk,Behind the Scenes | AS Roma - FC Bayern,14522,416,12,FC Bayern Frauen,@annalenalinke9569,❤❤❤,0
YELEcSfPELk,Behind the Scenes | AS Roma - FC Bayern,14522,416,12,FC Bayern Frauen,@lb2419,"Hätte mir ein besseres Ergebnis gewünscht aber ich liebe dieses Video! Toll, dass ihr uns mitnehmt <3",10
YELEcSfPELk,Behind the Scenes | AS Roma - FC Bayern,14522,416,12,FC Bayern Frauen,@Frauenfußball_support,Mega liebe dieses Team so sehr wir stehen immer hinter euch ❤❤so starkes Spiel ❤❤,0
YELEcSfPELk,Behind the Scenes | AS Roma - FC Bayern,14522,416,12,FC Bayern Frauen,@maike3587,Sehr schönes und interessantes Video!😍 Gerne mehr davon,5
YELEcSfPELk,Behind the Scenes | AS Roma - FC Bayern,14522,416,12,FC Bayern Frauen,@D-Jojo,"Love it, thank U FCB ❤🤍",2
YELEcSfPELk,Behind the Scenes | AS Roma - FC Bayern,14522,416,12,FC Bayern Frauen,@vivienmaier3065,War ein spannendes Spiel gestern🤍❤️,1
YELEcSfPELk,Behind the Scenes | AS Roma - FC Bayern,14522,416,12,FC Bayern Frauen,@يومياتزنوبةالمحبوبة,❤❤❤❤,0
YELEcSfPELk,Behind the Scenes | AS Roma - FC Bayern,14522,416,12,FC Bayern Frauen,@يومياتزنوبةالمحبوبة,❤❤❤❤,0
3VYQlChPlN8,Wintertrainingslager der FCB-Frauen | Recap,37539,829,14,FC Bayern Frauen,@damiagunbiade,Looking really good. I love seeing all the stuff being worked on.,0
3VYQlChPlN8,Wintertrainingslager der FCB-Frauen | Recap,37539,829,14,FC Bayern Frauen,@Chris-dg3ns,Frauenfußball? Ich mag beides 😂,0
3VYQlChPlN8,Wintertrainingslager der FCB-Frauen | Recap,37539,829,14,FC Bayern Frauen,@gav7606,'PromoSM',0
3VYQlChPlN8,Wintertrainingslager der FCB-Frauen | Recap,37539,829,14,FC Bayern Frauen,@ric007perfekt4,mega toll❤❤❤❤,0
3VYQlChPlN8,Wintertrainingslager der FCB-Frauen | Recap,37539,829,14,FC Bayern Frauen,@bbjunho,Pernille’s 💪! 😳,12
3VYQlChPlN8,Wintertrainingslager der FCB-Frauen | Recap,37539,829,14,FC Bayern Frauen,@dominikbenz8349,hammer vidoe emga cool dreamteam drück dier daumen,3
3VYQlChPlN8,Wintertrainingslager der FCB-Frauen | Recap,37539,829,14,FC Bayern Frauen,@hajoos.8360,"Es ist schön, wenn Vereine ein bisserl Geld über haben, um auch den Frauen so ein Trainingslager zu gönnen. Man glaubt es echt nicht, wie viel Kraft Frau Harder im Arm hat.....",6
3VYQlChPlN8,Wintertrainingslager der FCB-Frauen | Recap,37539,829,14,FC Bayern Frauen,@opacarophile4716,Blond Fußballverein 👏👏,1
3VYQlChPlN8,Wintertrainingslager der FCB-Frauen | Recap,37539,829,14,FC Bayern Frauen,@yannickpetras7012,"Let's go Mädels
Viel Spaß und Erfolg und vor allem bleibt,s gesund und Verletzungsfrei ihr macht das schon 👍😁⚽",7
3VYQlChPlN8,Wintertrainingslager der FCB-Frauen | Recap,37539,829,14,FC Bayern Frauen,@inefable_6879,Yesss you included the arm westling 😄😄 I love it!,16
3VYQlChPlN8,Wintertrainingslager der FCB-Frauen | Recap,37539,829,14,FC Bayern Frauen,@annalenalinke9569,Bestes Team ❤,3
3VYQlChPlN8,Wintertrainingslager der FCB-Frauen | Recap,37539,829,14,FC Bayern Frauen,@RRR-fp8zz,My girls ❤️🤍,2
3VYQlChPlN8,Wintertrainingslager der FCB-Frauen | Recap,37539,829,14,FC Bayern Frauen,@Kattmatskal,"Vielen Dank für das Recap 😃 Wenn jetzt noch die Chancenverwertungen besser werden als in der Hinrunde, dann passt das 👍 Und natürlich ganz fest Daumen drücken, dass sich nicht noch weitere Spielerinnen verletzen und die verletzten bald wieder zurück sind.",16
3VYQlChPlN8,Wintertrainingslager der FCB-Frauen | Recap,37539,829,14,FC Bayern Frauen,@يومياتزنوبةالمحبوبة,❤❤❤❤,2
mhRgYArKKXw,HIGHLIGHTS: FC Bayern 4 - 0 Granada CF,23011,316,15,FC Bayern Frauen,@maraboo72,"Vielen Dank dafür, dass das Ergebnis im Thumbnail steht. Das erspart mir das Video ansehen zu müssen.",0
mhRgYArKKXw,HIGHLIGHTS: FC Bayern 4 - 0 Granada CF,23011,316,15,FC Bayern Frauen,@wathor,"""sie vergibt die großchance"" . ja das war eh motto der saison bisher.",0
mhRgYArKKXw,HIGHLIGHTS: FC Bayern 4 - 0 Granada CF,23011,316,15,FC Bayern Frauen,@TotoHarry1000,Sydney Lohmann muss dringend an ihrer Chancenverwertung arbeiten das ist nichts neues bei ihr.,1
mhRgYArKKXw,HIGHLIGHTS: FC Bayern 4 - 0 Granada CF,23011,316,15,FC Bayern Frauen,@Frauenfußball_support,Stark so stolz auf euch 🤍🍀🫶🏻❤,0
mhRgYArKKXw,HIGHLIGHTS: FC Bayern 4 - 0 Granada CF,23011,316,15,FC Bayern Frauen,@TheMally11,Bravo Glódís 🇮🇸,1
mhRgYArKKXw,HIGHLIGHTS: FC Bayern 4 - 0 Granada CF,23011,316,15,FC Bayern Frauen,@inefable_6879,"Pernille in the pic of the video, admin knows what's up! 🤩😻",8
mhRgYArKKXw,HIGHLIGHTS: FC Bayern 4 - 0 Granada CF,23011,316,15,FC Bayern Frauen,@dominikbenz8349,hammer stark glückwunsch,0
mhRgYArKKXw,HIGHLIGHTS: FC Bayern 4 - 0 Granada CF,23011,316,15,FC Bayern Frauen,@hajoos.8360,Angemessen. Granada steht auf Platz 15 von 16 in der Spanischen Liga.,0
mhRgYArKKXw,HIGHLIGHTS: FC Bayern 4 - 0 Granada CF,23011,316,15,FC Bayern Frauen,@zoeleonieueckert5761,Wo konnte man das sehen?,1
mhRgYArKKXw,HIGHLIGHTS: FC Bayern 4 - 0 Granada CF,23011,316,15,FC Bayern Frauen,@MrYellowblink182,Bayern ist nicht Bayern ohne Lina,15
mhRgYArKKXw,HIGHLIGHTS: FC Bayern 4 - 0 Granada CF,23011,316,15,FC Bayern Frauen,@ROI-SALOMON,Bravo ❤❤,2
mhRgYArKKXw,HIGHLIGHTS: FC Bayern 4 - 0 Granada CF,23011,316,15,FC Bayern Frauen,@يومياتزنوبةالمحبوبة,❤❤❤❤,0
OhoUVnxeaBg,"Danke, Lina | Abschied von Lina Magull",79054,892,61,FC Bayern Frauen,@fcbayernbasketball,"Mach's gut, Lina! Alles Gute dir! 👋",2
OhoUVnxeaBg,"Danke, Lina | Abschied von Lina Magull",79054,892,61,FC Bayern Frauen,@ingolfreiche9465,Und den Pokal..... Und den Pokal,0
OhoUVnxeaBg,"Danke, Lina | Abschied von Lina Magull",79054,892,61,FC Bayern Frauen,@lb2419,"Werde sie so vermissen. Vielleicht kommt sie eines Tages zurück, in welcher Funktion auch immer. Danke für alles!",1
OhoUVnxeaBg,"Danke, Lina | Abschied von Lina Magull",79054,892,61,FC Bayern Frauen,@angelaharold4339,als was arbeiten die gegnerischen goalis,0
OhoUVnxeaBg,"Danke, Lina | Abschied von Lina Magull",79054,892,61,FC Bayern Frauen,@Captain_Lukas1887,Sie hat alles richtig gemacht weg von so ein Müll Verein wie der FC Hollywood war und ist nicht mal eine Legende 😂,0
OhoUVnxeaBg,"Danke, Lina | Abschied von Lina Magull",79054,892,61,FC Bayern Frauen,@janreher8985,Juckt keinen Schwanz! Weg mit der alden....,2
OhoUVnxeaBg,"Danke, Lina | Abschied von Lina Magull",79054,892,61,FC Bayern Frauen,@ingolfreiche9465,Gute Reise.....,0
OhoUVnxeaBg,"Danke, Lina | Abschied von Lina Magull",79054,892,61,FC Bayern Frauen,@folditullner9464,Eine völlig überschätzte Spielerin…,0
OhoUVnxeaBg,"Danke, Lina | Abschied von Lina Magull",79054,892,61,FC Bayern Frauen,@angelinakramer1061,"Intern Gesetz AK 92 rot, blau weiß.",0
OhoUVnxeaBg,"Danke, Lina | Abschied von Lina Magull",79054,892,61,FC Bayern Frauen,@AM-lt1uh,Lieblingsruhrpottgöre,0
OhoUVnxeaBg,"Danke, Lina | Abschied von Lina Magull",79054,892,61,FC Bayern Frauen,@marckriesel3067,Werde dich vermissen schade❤,1
OhoUVnxeaBg,"Danke, Lina | Abschied von Lina Magull",79054,892,61,FC Bayern Frauen,@chrisdieter9594,Warum?? Ich bin völlig überrascht und vor den Kopf geschlagen??,0
OhoUVnxeaBg,"Danke, Lina | Abschied von Lina Magull",79054,892,61,FC Bayern Frauen,@peterpoteralla,Eine große Persönlichkeit geht nun um eine neue große Zukunft zu erLeben. Viel Erfolg auf dem weiteren Weg. Wir sehen uns bestimmt im TV. Alles Beste.,4
OhoUVnxeaBg,"Danke, Lina | Abschied von Lina Magull",79054,892,61,FC Bayern Frauen,@Annika30512,Lieblingsspielerin 🥺😥,0
OhoUVnxeaBg,"Danke, Lina | Abschied von Lina Magull",79054,892,61,FC Bayern Frauen,@Frauenfußball_support,Alles liebe Lina mein Herz love you forever ❤❤❤,0
OhoUVnxeaBg,"Danke, Lina | Abschied von Lina Magull",79054,892,61,FC Bayern Frauen,@adrianschloer3100,"Mach es gut Lina, wie werden dich alle sehr vermissen 😢. Viel Glück in Italien 😘",0
OhoUVnxeaBg,"Danke, Lina | Abschied von Lina Magull",79054,892,61,FC Bayern Frauen,@dryhit7087,"War abzusehen. Jemand wie Lina akzeptiert nicht, nur sporadisch eingewechselt zu werden. Recht hat sie mit dem Wechsel. Es werden noch andere Spielerinnen die Bayern wieder verlassen. Dumm, wer nur wegen den Namen FC Bayern München bleibt. Das ist wie in Wolfsburg...alles wird von diesen Teams weggeholt und dann hat man so viele Spielerinnen, dass gar nicht alle eingesetzt werden können. Erbärmliches Verhalten der Vereine, da so die eigene Jugend kaum eine Chance hat vorzurücken und gleichzeitig der Markt leergekauft wird, nur um anderen Teams ne lange Nase zu drehen. Lieber würde ich zu einem anderen Verein wechseln, als auf der Bank zu hocken...die ganzen Spielerinnen, die das betrifft aufzuzählen, wäre jetzt aber etwas übertrieben 😉
Mach´s gut Lina und viel Glück 😘",0
OhoUVnxeaBg,"Danke, Lina | Abschied von Lina Magull",79054,892,61,FC Bayern Frauen,@Stanners_obsessed,Tschüss Lina wir werden dich vermissen 😭,3
OhoUVnxeaBg,"Danke, Lina | Abschied von Lina Magull",79054,892,61,FC Bayern Frauen,@horst9537,"eine faßt perfekte fußballerin, das zusehen hat viel spaß gemacht, weiterhin viel erfolg und noch mehr spaß",2
OhoUVnxeaBg,"Danke, Lina | Abschied von Lina Magull",79054,892,61,FC Bayern Frauen,@multikulti_fp,😭❤️🤍,0
OhoUVnxeaBg,"Danke, Lina | Abschied von Lina Magull",79054,892,61,FC Bayern Frauen,@Joseph-ig6sh,Sehr schade! Alles Gute!,1
OhoUVnxeaBg,"Danke, Lina | Abschied von Lina Magull",79054,892,61,FC Bayern Frauen,@DerMitDerWiiTanzt,Lina Magull auf die 1! Eine wahre Legende verabschiedet sich. Alles Gute für Deinen weiteren Weg!,16
OhoUVnxeaBg,"Danke, Lina | Abschied von Lina Magull",79054,892,61,FC Bayern Frauen,@TotoHarry1000,Warum nur???   😥😥😥,2
OhoUVnxeaBg,"Danke, Lina | Abschied von Lina Magull",79054,892,61,FC Bayern Frauen,@saschaorsowa5244,Alles Gute für die Zukunft Lina !!!!,3
OhoUVnxeaBg,"Danke, Lina | Abschied von Lina Magull",79054,892,61,FC Bayern Frauen,@GvW-q7s,😭😭😭😭😭😭😭😭😭😭😭😭😭😭,1
OhoUVnxeaBg,"Danke, Lina | Abschied von Lina Magull",79054,892,61,FC Bayern Frauen,@GvW-q7s,Ich habe dein Original Trikot mit Unterschrift persönlich bekommen ❤,4
OhoUVnxeaBg,"Danke, Lina | Abschied von Lina Magull",79054,892,61,FC Bayern Frauen,@GvW-q7s,Du hast mir es bei dem Spiel gegen Leipzig gegeben,1
OhoUVnxeaBg,"Danke, Lina | Abschied von Lina Magull",79054,892,61,FC Bayern Frauen,@GvW-q7s,Ich muss weinen ❤❤in bin die von der Allianz,1
OhoUVnxeaBg,"Danke, Lina | Abschied von Lina Magull",79054,892,61,FC Bayern Frauen,@GvW-q7s,Ich habe dein Original Trikot bekommen mit Unterschrift,0
OhoUVnxeaBg,"Danke, Lina | Abschied von Lina Magull",79054,892,61,FC Bayern Frauen,@GvW-q7s,Lina bitte nicht,0
OhoUVnxeaBg,"Danke, Lina | Abschied von Lina Magull",79054,892,61,FC Bayern Frauen,@hajoos.8360,"Nach den schlechten Leistungen bei Bayern & der Nationalmannschaft im vergangenen Jahr kann es durchaus hilfreich sein, woanders sich wieder zu finden. Und Inter Mailand ist doch eine respektable Adresse um zu kicken. Das Essen wird da auch besser sein.",5
OhoUVnxeaBg,"Danke, Lina | Abschied von Lina Magull",79054,892,61,FC Bayern Frauen,@enni_küken,Viel Glück Lina🍀,2
OhoUVnxeaBg,"Danke, Lina | Abschied von Lina Magull",79054,892,61,FC Bayern Frauen,@LilithFix,Werd sie vermissen ❤️,0
OhoUVnxeaBg,"Danke, Lina | Abschied von Lina Magull",79054,892,61,FC Bayern Frauen,@patricks04k.5,Viel Glück in Mailand..,1
OhoUVnxeaBg,"Danke, Lina | Abschied von Lina Magull",79054,892,61,FC Bayern Frauen,@sammySHD,vielen lieben DANKEschön liebe Frau Lina Magull (16) dass sie für die FC Bayern München ⚽ Frauen gespielt habe ‼️ DANKE für die schönen & besonderen Momente ‼️🙏,5
OhoUVnxeaBg,"Danke, Lina | Abschied von Lina Magull",79054,892,61,FC Bayern Frauen,@Ariana-zu5hv,Viel Glück Lina❤!!,1
OhoUVnxeaBg,"Danke, Lina | Abschied von Lina Magull",79054,892,61,FC Bayern Frauen,@psychedelic951,"fußballerisch kein großer verlust, wenn man ehrlich ist. deutlich schwächer als noch vor einem jahr, weswegen sie auch kaum noch gespielt hat. haben mitlerweile einfach bessere spielerinnen auf ihrer position, also wahrscheinlich das beste für alle, dass sie geht",3
OhoUVnxeaBg,"Danke, Lina | Abschied von Lina Magull",79054,892,61,FC Bayern Frauen,@bilbolaaubitte1233,Linaaaaa😭a😭a😭a😭a😭a😭a😭a😭a😭a😭a😭😭😭😭,0
OhoUVnxeaBg,"Danke, Lina | Abschied von Lina Magull",79054,892,61,FC Bayern Frauen,@leisermartin6125,Danke lina du wirst uns fehlen bei der FcBayern München frauen unser 16 Lina magull 😢,1
OhoUVnxeaBg,"Danke, Lina | Abschied von Lina Magull",79054,892,61,FC Bayern Frauen,@heimoaigenbauer5206,"Schön langsam sollte ich anfangen tatsächlich Italienisch zu lernen... *grummel, grummel* Mann hats nicht leicht. 😜 Aber könnt ihr euch bitte auf ein paar wenige Vereine verteilen? Bin ja nicht Mr. Fantastic. 😎",1
OhoUVnxeaBg,"Danke, Lina | Abschied von Lina Magull",79054,892,61,FC Bayern Frauen,@FCBVIKING1996,"Das ist so schade

Aber viel Glück bei Inter lina",1
OhoUVnxeaBg,"Danke, Lina | Abschied von Lina Magull",79054,892,61,FC Bayern Frauen,@leonie6547,Sehr schade das du gehst. Wir werden dich vermissen😢 Viel Glück weiterhin❤️❤️,11
OhoUVnxeaBg,"Danke, Lina | Abschied von Lina Magull",79054,892,61,FC Bayern Frauen,@Sara-ls6mv,💔,0
OhoUVnxeaBg,"Danke, Lina | Abschied von Lina Magull",79054,892,61,FC Bayern Frauen,@pascall4799,Eine Leaderin geht.. Echt schade sowas… Bei einem anderen Trainer würde sie mehr Anerkennung bekommen,1
OhoUVnxeaBg,"Danke, Lina | Abschied von Lina Magull",79054,892,61,FC Bayern Frauen,@marlonherr8013,Ich werd sie vermissen 🥺,5
OhoUVnxeaBg,"Danke, Lina | Abschied von Lina Magull",79054,892,61,FC Bayern Frauen,@christofliermann399,Viel Glück Lina du wirst uns fehlen,50
OhoUVnxeaBg,"Danke, Lina | Abschied von Lina Magull",79054,892,61,FC Bayern Frauen,@davewright8206,"i had a feeling this was coming all season , im sorry there is no english translation .  good luck in your future lina",10
OhoUVnxeaBg,"Danke, Lina | Abschied von Lina Magull",79054,892,61,FC Bayern Frauen,@user-bc6kf5oc8k,"Ich wusste nicht, dass sie geht.😢 Wie schade!!! ❤❤❤
Ich wünsche ihr für die Zukunft alles alles Gute! 😊
Sie war eine super Spielerin und hat immer für Stimmung gesorgt!!!
Mach's gut Lina🫶",32
OhoUVnxeaBg,"Danke, Lina | Abschied von Lina Magull",79054,892,61,FC Bayern Frauen,@AlfonsO-x2g,"Es ist sehr schade das Lina geht, aber ihre Situation war wahrscheinlich nicht die einfachste und ich denke eine Veränderung wird ihr gut tun!
Alles Gute Lina ❤",20
OhoUVnxeaBg,"Danke, Lina | Abschied von Lina Magull",79054,892,61,FC Bayern Frauen,@SeBastistuta,😢Godspeed  - Servus Lina! ❤,3
OhoUVnxeaBg,"Danke, Lina | Abschied von Lina Magull",79054,892,61,FC Bayern Frauen,@noahfence03,❤️,3
OhoUVnxeaBg,"Danke, Lina | Abschied von Lina Magull",79054,892,61,FC Bayern Frauen,@zers813,😢,2
BMPrjpvpQ1k,"Servus, Momoko | FC Bayern verpflichtet Momoko Tanikawa",25585,492,16,FC Bayern Frauen,@TibetTsang-rv2im,Check out the 17 years old shin Jo miharu as she is very talented,1
BMPrjpvpQ1k,"Servus, Momoko | FC Bayern verpflichtet Momoko Tanikawa",25585,492,16,FC Bayern Frauen,@idea76,"He said he was going to send her to Scandinavia to get her used to the environment.
As a result, she ended up becoming Sweden's top scorer with 16 goals.",16
BMPrjpvpQ1k,"Servus, Momoko | FC Bayern verpflichtet Momoko Tanikawa",25585,492,16,FC Bayern Frauen,@奥村邦雄,さすが 外国 見る目が違う,6
BMPrjpvpQ1k,"Servus, Momoko | FC Bayern verpflichtet Momoko Tanikawa",25585,492,16,FC Bayern Frauen,@kuwabara7524,世界中のクラブが欲しがるであろう天才を獲得したバイエルンミュンヘンは幸運です。,25
BMPrjpvpQ1k,"Servus, Momoko | FC Bayern verpflichtet Momoko Tanikawa",25585,492,16,FC Bayern Frauen,@mafuyunoorion,バイエルン、楽しみにしててよ！彼女は本物だ,25
BMPrjpvpQ1k,"Servus, Momoko | FC Bayern verpflichtet Momoko Tanikawa",25585,492,16,FC Bayern Frauen,@秋本義章,バイエルンは、世界のサッカー選手が憧れても難しい場、此処に名前が入れただけでも素晴らしい･頑張って下さい❗,23
BMPrjpvpQ1k,"Servus, Momoko | FC Bayern verpflichtet Momoko Tanikawa",25585,492,16,FC Bayern Frauen,@Higawari-Bento81,"She will be one of the best players in the world, and help FC Bayern win the league, cups, and any other titles!",20
BMPrjpvpQ1k,"Servus, Momoko | FC Bayern verpflichtet Momoko Tanikawa",25585,492,16,FC Bayern Frauen,@ポンちゃん-o7z,"アナタは日本の宝
ナデシコのミライ
日本から応援するよ！",5
BMPrjpvpQ1k,"Servus, Momoko | FC Bayern verpflichtet Momoko Tanikawa",25585,492,16,FC Bayern Frauen,@TobiaaDitze-dz2lu,JA TOBIAS 😊,5
BMPrjpvpQ1k,"Servus, Momoko | FC Bayern verpflichtet Momoko Tanikawa",25585,492,16,FC Bayern Frauen,@YouBestDeath,"見つかっちゃったね。日本の次世代の宝ですから。記念撮影に着物で出ていたのは、お母さんでしょうか？似ているし、しかも結構身長もある。萌々子さんが169㎝だったはずなので、お母さんらしい人も160㎝後半はありそう。そして体格も良いので外国人相手にも当たり負けはしないことを既に経験済み。あとは海外では当たり前の相手を抜ききらない位置からの正確で速いクロスを出したり、ボール奪取のスキルを増やすことや、奪ってからの味方へのパススキル、広角な視野を発揮することなど、色々と上手になって世界基準の選手だと証明したいですね。
まずは長身揃いのスウェーデンのリーグでバチバチやってきてください。
バイエルンの皆さん！彼女は熊谷紗希より強くなりますよ！🍑🍑🍑",26
BMPrjpvpQ1k,"Servus, Momoko | FC Bayern verpflichtet Momoko Tanikawa",25585,492,16,FC Bayern Frauen,@norbertmaes6083,"Herzlichen Glückwunsch, tolle Spielerin!",25
BMPrjpvpQ1k,"Servus, Momoko | FC Bayern verpflichtet Momoko Tanikawa",25585,492,16,FC Bayern Frauen,@benilaTV,"Willkommen. ❤

PS. Welche Rückenmummer bekommt Sie? Würde mir ein Trikot dann bestellen.",16
BMPrjpvpQ1k,"Servus, Momoko | FC Bayern verpflichtet Momoko Tanikawa",25585,492,16,FC Bayern Frauen,@thebestianwilman995,Herzlich willkommen Momoko Tanikawa!,24
BMPrjpvpQ1k,"Servus, Momoko | FC Bayern verpflichtet Momoko Tanikawa",25585,492,16,FC Bayern Frauen,@sammySHD,very Welcome in Germany 🇩🇪 and FC Bayern München Miss Momoko Tanikawa 👋 ‼️,33
BMPrjpvpQ1k,"Servus, Momoko | FC Bayern verpflichtet Momoko Tanikawa",25585,492,16,FC Bayern Frauen,@يومياتزنوبةالمحبوبة,❤❤,13
cgrJFdljf3I,Bayerisch-Challenge mit den FCB-Frauen,96575,1143,17,FC Bayern Frauen,@Bernhardist,Georgia ist genial!!!😂🤣😁,0
cgrJFdljf3I,Bayerisch-Challenge mit den FCB-Frauen,96575,1143,17,FC Bayern Frauen,@FaNtAAA1Vitani,Könnte wirklich der Name für eine Wurst sein😅,0
cgrJFdljf3I,Bayerisch-Challenge mit den FCB-Frauen,96575,1143,17,FC Bayern Frauen,@isi7497,"Schöne Grüße aus Österreich. ""Diridari"" war mir neu, aber sonst alles gewusst :D",2
cgrJFdljf3I,Bayerisch-Challenge mit den FCB-Frauen,96575,1143,17,FC Bayern Frauen,@hannesmaier1825,Harder ,12
cgrJFdljf3I,Bayerisch-Challenge mit den FCB-Frauen,96575,1143,17,FC Bayern Frauen,@dryhit7087,Sie sind schon goldig die Mädels 🥰❤🤍,14
cgrJFdljf3I,Bayerisch-Challenge mit den FCB-Frauen,96575,1143,17,FC Bayern Frauen,@TobiaaDitze-dz2lu,Tobias ❤❤❤JA,1
cgrJFdljf3I,Bayerisch-Challenge mit den FCB-Frauen,96575,1143,17,FC Bayern Frauen,@Morgowitch,"Ist halt oft schwer, das überhaupt richtig zu lesen wie bei Schneizdiache. Aber trotzdem sehr gut gemacht und selber auch was gelernt  😁",11
cgrJFdljf3I,Bayerisch-Challenge mit den FCB-Frauen,96575,1143,17,FC Bayern Frauen,@sarahhoffentlich9827,Jill’s deutsch ist schon mega! Respekt,56
cgrJFdljf3I,Bayerisch-Challenge mit den FCB-Frauen,96575,1143,17,FC Bayern Frauen,@nertqw6047,"Ohhhh thanks for the new years present! A video, and with Pernille!! 😊",32
cgrJFdljf3I,Bayerisch-Challenge mit den FCB-Frauen,96575,1143,17,FC Bayern Frauen,@Jeremy_YT1,Georgia 😊,15
cgrJFdljf3I,Bayerisch-Challenge mit den FCB-Frauen,96575,1143,17,FC Bayern Frauen,@ChrissiK91,Sarah und Kathi hätten 10/10 ösideutsch und Bayerisch sind spezls 😜,21
cgrJFdljf3I,Bayerisch-Challenge mit den FCB-Frauen,96575,1143,17,FC Bayern Frauen,@sugincuk,keine Ahnung,0
cgrJFdljf3I,Bayerisch-Challenge mit den FCB-Frauen,96575,1143,17,FC Bayern Frauen,@Janica-n2w,Frohes Neues Jahr,2
cgrJFdljf3I,Bayerisch-Challenge mit den FCB-Frauen,96575,1143,17,FC Bayern Frauen,@TotoHarry1000,Caro Simon  ❤❤❤,8
cgrJFdljf3I,Bayerisch-Challenge mit den FCB-Frauen,96575,1143,17,FC Bayern Frauen,@christopherschafers4521,Moin FCB Frauen wünsche euch ein schönes Frohes neues Jahr 🎊 hoffe ihr seit gut in den Jahr rein gekommen macht so weiter bleib so wie ihr seid und freue mich wieder auf die  Bundesliga ❤🤍,10
WJfq4qXPUv4,Training in a Winter Wonderland! ☃️😂⚽️,19403,922,13,FC Bayern Frauen,@EmiNoe,"Ich glaube wo er Tiktok sportlich gesagt hat, hat das Chiara nicht so gefallen",0
WJfq4qXPUv4,Training in a Winter Wonderland! ☃️😂⚽️,19403,922,13,FC Bayern Frauen,@valdanohutapea,😂,0
WJfq4qXPUv4,Training in a Winter Wonderland! ☃️😂⚽️,19403,922,13,FC Bayern Frauen,@dietmarraffke7326,Im Schnee und trotzdem so heiß,1
WJfq4qXPUv4,Training in a Winter Wonderland! ☃️😂⚽️,19403,922,13,FC Bayern Frauen,@robyk6944,Bayern.   Women'.   😆💪🤣.    Tvchel.       Tvchel.     Roby kante.  Son.      🏡. Hosh.       Ghgh. Kskj.  Sjha,1
WJfq4qXPUv4,Training in a Winter Wonderland! ☃️😂⚽️,19403,922,13,FC Bayern Frauen,@Katongkopf,Komme heute zum Spiel Offenbach gegen FC Bayern München Frauen bin aber in OFC Block,1
WJfq4qXPUv4,Training in a Winter Wonderland! ☃️😂⚽️,19403,922,13,FC Bayern Frauen,@sugincuk,Where's the groundsman?,0
WJfq4qXPUv4,Training in a Winter Wonderland! ☃️😂⚽️,19403,922,13,FC Bayern Frauen,@mcbsquad1220,Hübsche girls ❤,4
WJfq4qXPUv4,Training in a Winter Wonderland! ☃️😂⚽️,19403,922,13,FC Bayern Frauen,@ric007perfekt4,ihr seid soooooo süß!!!! FCB Frauen jaaaaa hoffentlich verteidigt ihr die Schale gegenüber dem VFL❤❤Mia san Mia,1
WJfq4qXPUv4,Training in a Winter Wonderland! ☃️😂⚽️,19403,922,13,FC Bayern Frauen,@fussball_9,😂😂😂❤❤,0
WJfq4qXPUv4,Training in a Winter Wonderland! ☃️😂⚽️,19403,922,13,FC Bayern Frauen,@lukasthereal5011,💩mit 6 Frau ein Tor tragen.. Leistungssport !!!!,0
WJfq4qXPUv4,Training in a Winter Wonderland! ☃️😂⚽️,19403,922,13,FC Bayern Frauen,@braiancordoba5983,🇩🇪🇩🇪🎖🎖🎖🏆🏆🏆⚘⚘⚘😘😘😘🌷🌷🌷🖒🖒,0
WJfq4qXPUv4,Training in a Winter Wonderland! ☃️😂⚽️,19403,922,13,FC Bayern Frauen,@robyk6944,BAYERN 🤣🎄🎁.  Christmas,4
Uxsd5Rs9EFA,Wer ist es? | Runde 2,46233,1200,17,FC Bayern Frauen,@fussball_9,❤❤❤,0
Uxsd5Rs9EFA,Wer ist es? | Runde 2,46233,1200,17,FC Bayern Frauen,@pau_lien_chen,ich liebs wie immer total lustig😂,0
Uxsd5Rs9EFA,Wer ist es? | Runde 2,46233,1200,17,FC Bayern Frauen,@يومياتزنوبةالمحبوبة,❤,0
Uxsd5Rs9EFA,Wer ist es? | Runde 2,46233,1200,17,FC Bayern Frauen,@Luca33600,Ihr habt Lina einfach verkauft 💔,1
Uxsd5Rs9EFA,Wer ist es? | Runde 2,46233,1200,17,FC Bayern Frauen,@TeveliMalik,Giuli hat bei der Skandinavien Frage vergessen Tuva umzudrehen😅,0
Uxsd5Rs9EFA,Wer ist es? | Runde 2,46233,1200,17,FC Bayern Frauen,@MrBayernIngo,Cooles Spiel,1
Uxsd5Rs9EFA,Wer ist es? | Runde 2,46233,1200,17,FC Bayern Frauen,@JonasStahr,Herzlichen Glückwunsch zum spielsieg giulia gwinn und die anderen auch Glückwunsch 🎉🎉😊,0
Uxsd5Rs9EFA,Wer ist es? | Runde 2,46233,1200,17,FC Bayern Frauen,@cikgutinghuaeechannel4782,I can watch this everyday,3
Uxsd5Rs9EFA,Wer ist es? | Runde 2,46233,1200,17,FC Bayern Frauen,@TotoHarry1000,Klasse Format das macht echt Spass.  😊😊😊,1
Uxsd5Rs9EFA,Wer ist es? | Runde 2,46233,1200,17,FC Bayern Frauen,@Nabend1402,"Syd: ""Ich nehm das Spiel ernst!""
Ach Syd: ""Trägt sie hochhackige Schuhe zu ner Gartenparty?""",47
Uxsd5Rs9EFA,Wer ist es? | Runde 2,46233,1200,17,FC Bayern Frauen,@Frauenfußball_support,So stolz auf euch proud Giulia ❤❤,1
Uxsd5Rs9EFA,Wer ist es? | Runde 2,46233,1200,17,FC Bayern Frauen,@SinitaM2023,"Sarah hat das Spiel auf das nächste Level gehoben: Fragen stellen, bei denen man sich bei der Antwort unsicher ist oder sie garnicht weiß. Liebs! ❤💙",42
Uxsd5Rs9EFA,Wer ist es? | Runde 2,46233,1200,17,FC Bayern Frauen,@lb2419,Freue mich jedes Mal solche Videos zu sehen vom Team <3,11
Uxsd5Rs9EFA,Wer ist es? | Runde 2,46233,1200,17,FC Bayern Frauen,@hajoos.8360,Die Schwaben sind schon schlau....,1
Uxsd5Rs9EFA,Wer ist es? | Runde 2,46233,1200,17,FC Bayern Frauen,@Kattmatskal,Lina erstmal schön am Linda verarschen gleich zu Beginn 🤣🤣 Kann nur gut werden 😬 Hoffe es kommen in Zukunft noch mehr solcher Challenge Videos,46
Uxsd5Rs9EFA,Wer ist es? | Runde 2,46233,1200,17,FC Bayern Frauen,@laura_freigangg,I just adore this team with my heart and soul,14
Uxsd5Rs9EFA,Wer ist es? | Runde 2,46233,1200,17,FC Bayern Frauen,@wilhelmspielendorf872,Mit Lina wird immer spannender 😅,9
wz5jbt3p4_Q,Wer ist es? | Runde 1,61676,1540,30,FC Bayern Frauen,@ric007perfekt4,soooo sweet❤❤,0
wz5jbt3p4_Q,Wer ist es? | Runde 1,61676,1540,30,FC Bayern Frauen,@JonasStahr,Herzlichen Glückwunsch zum Klassiker Sieg gegen Wolfsburg 🎉🎉,0
wz5jbt3p4_Q,Wer ist es? | Runde 1,61676,1540,30,FC Bayern Frauen,@pascall4799,"Am I
Tuva: NEIN",0
wz5jbt3p4_Q,Wer ist es? | Runde 1,61676,1540,30,FC Bayern Frauen,@wirecardauditingintern2020,how the fuck ist viggosdottir net blond? xD,1
wz5jbt3p4_Q,Wer ist es? | Runde 1,61676,1540,30,FC Bayern Frauen,@sandrapatriciaoriguarios4589,These videos are always fun to watch. Thanks for posting!,1
wz5jbt3p4_Q,Wer ist es? | Runde 1,61676,1540,30,FC Bayern Frauen,@cap3226,"Irgendwie dachte ich bisher immer, Franzi ist Rechtsfuß😅",2
wz5jbt3p4_Q,Wer ist es? | Runde 1,61676,1540,30,FC Bayern Frauen,@psychedelic951,die mädels sind einfach toll 🥰,1
wz5jbt3p4_Q,Wer ist es? | Runde 1,61676,1540,30,FC Bayern Frauen,@Nabend1402,"Bei Syd zielt jede Frage darauf ab nur eine Spielerin auszuschließen. Schlimme Taktik, wenn sie gewinnen will, aber wir lernen dadurch verdammt viel.😂😂😂",64
wz5jbt3p4_Q,Wer ist es? | Runde 1,61676,1540,30,FC Bayern Frauen,@Nabend1402,"Ich hab noch nie jemanden getroffen, der so trocken und No Nonsense ist wie Lina Magull...😂",5
wz5jbt3p4_Q,Wer ist es? | Runde 1,61676,1540,30,FC Bayern Frauen,@fussball_9,Mega cooles Video ! ❤,3
wz5jbt3p4_Q,Wer ist es? | Runde 1,61676,1540,30,FC Bayern Frauen,@hchnkjhf4660,Schuller 😏,0
wz5jbt3p4_Q,Wer ist es? | Runde 1,61676,1540,30,FC Bayern Frauen,@nertqw6047,"Videos with Pernille, please 🙏",2
wz5jbt3p4_Q,Wer ist es? | Runde 1,61676,1540,30,FC Bayern Frauen,@MaaaXIMuuuZ,Ich frag mich eher was da für 2 spieler im video zu sehen sind??,0
wz5jbt3p4_Q,Wer ist es? | Runde 1,61676,1540,30,FC Bayern Frauen,@stevenalonso4787,Sarah Zadrazil looks like Lieke Martens,2
wz5jbt3p4_Q,Wer ist es? | Runde 1,61676,1540,30,FC Bayern Frauen,@SinitaM2023,Sehe Dallmann&Magull und es kann nur gut werden! 🔴⚪️,8
wz5jbt3p4_Q,Wer ist es? | Runde 1,61676,1540,30,FC Bayern Frauen,@gabyjacobsen8991,So cool❤️❤️,2
wz5jbt3p4_Q,Wer ist es? | Runde 1,61676,1540,30,FC Bayern Frauen,@braiancordoba5983,🌷🌷🌷🇩🇪🇩🇪🏆🏆🏆🎖🎖🎖😘😘😘🖒🖒👏👏,0
wz5jbt3p4_Q,Wer ist es? | Runde 1,61676,1540,30,FC Bayern Frauen,@kartoffelsalat3699,Gutes Editing. Besonders mit der Kartenübersicht :),3
wz5jbt3p4_Q,Wer ist es? | Runde 1,61676,1540,30,FC Bayern Frauen,@Atlantia01,"Linda voll streng 😄☝🏼, möchte aber gern Glodis spanisch sprechen hören 😄",3
wz5jbt3p4_Q,Wer ist es? | Runde 1,61676,1540,30,FC Bayern Frauen,@lilia5051,🤣🤣🤣,0
wz5jbt3p4_Q,Wer ist es? | Runde 1,61676,1540,30,FC Bayern Frauen,@Kattmatskal,"Mega cooles Video 😃 Freu mich schon auf Runde 2 und ihr wisst hoffentlich, dass wir viel mehr solcher Videos brauchen 😉",31
wz5jbt3p4_Q,Wer ist es? | Runde 1,61676,1540,30,FC Bayern Frauen,@jmorgan4725,Lea Schuller speaking English <3,10
wz5jbt3p4_Q,Wer ist es? | Runde 1,61676,1540,30,FC Bayern Frauen,@rl0410,Warum ist Glodis nicht blond😂?,4
wz5jbt3p4_Q,Wer ist es? | Runde 1,61676,1540,30,FC Bayern Frauen,@Mr.Thomtastic,"""Bin ich verpeilt?"" 
""Normal, würde ich sagen."" 
""Okay, dann sind Syd und Klara schonmal raus."" 🤣",125
wz5jbt3p4_Q,Wer ist es? | Runde 1,61676,1540,30,FC Bayern Frauen,@DerMitDerWiiTanzt,"Das wurde hoffentlich schon im Sommer gedreht, sonst wäre es ja gut kalt :D
Aber herrliches Format! Bin gespannt auf Runde 2 :D",8
wz5jbt3p4_Q,Wer ist es? | Runde 1,61676,1540,30,FC Bayern Frauen,@wilhelmspielendorf872,Geil. Warte auf die zweite Folge 😂,5
wz5jbt3p4_Q,Wer ist es? | Runde 1,61676,1540,30,FC Bayern Frauen,@maximilian5094,"Cool ... würd ich auch gerne von den Jungs sehen...👍 

Mia san mia ✌️",2
wz5jbt3p4_Q,Wer ist es? | Runde 1,61676,1540,30,FC Bayern Frauen,@denkmal2931,Cool. Wann kommt Folge 2?,44
z8M9sFNzPn4,Carolin Simon verlängert beim FC Bayern! ✍️,3422,243,16,FC Bayern Frauen,@uwescheffler8008,Caro ist sehr hübsch und sympathisch,0
z8M9sFNzPn4,Carolin Simon verlängert beim FC Bayern! ✍️,3422,243,16,FC Bayern Frauen,@Test_ABCDEF,"Liebe Carolin, danke dass du verlängert hast. Du bist immer super. Sehr schöne Frau und super Fussballspielerin.",1
z8M9sFNzPn4,Carolin Simon verlängert beim FC Bayern! ✍️,3422,243,16,FC Bayern Frauen,@Tribble6hatch,"freu mich extrem das sie bleibt , klasse spielerin !",3
z8M9sFNzPn4,Carolin Simon verlängert beim FC Bayern! ✍️,3422,243,16,FC Bayern Frauen,@1stdekor09,"Toll das sie bleibt, sie ist enorm wichtig für uns!",0
z8M9sFNzPn4,Carolin Simon verlängert beim FC Bayern! ✍️,3422,243,16,FC Bayern Frauen,@wilhelmspielendorf872,Schön dass sie ein weiteres Jahr bei uns bleibt,1
z8M9sFNzPn4,Carolin Simon verlängert beim FC Bayern! ✍️,3422,243,16,FC Bayern Frauen,@roland.f,In Zukunft aber bitte gesund bleiben. Schön dass Sie dem Verein erhalten bleiben.,1
z8M9sFNzPn4,Carolin Simon verlängert beim FC Bayern! ✍️,3422,243,16,FC Bayern Frauen,@braiancordoba5983,🌷🌷🌷🇩🇪🇩🇪🇩🇪🎖🎖🎖🏆🏆🏆😘😘👏👏🖒🖒,0
z8M9sFNzPn4,Carolin Simon verlängert beim FC Bayern! ✍️,3422,243,16,FC Bayern Frauen,@RaptorR0ger,WICHTIG UND RICHTIG!,3
z8M9sFNzPn4,Carolin Simon verlängert beim FC Bayern! ✍️,3422,243,16,FC Bayern Frauen,@benn87,Sie ist auch für die Nationalmannschaft enorm wichtig.,5
z8M9sFNzPn4,Carolin Simon verlängert beim FC Bayern! ✍️,3422,243,16,FC Bayern Frauen,@sammySHD,vielen lieben DANKEschön dass Frau 🇩🇪 Carolin Simon den Vertrag verlängert hat ‼️ DANKE 🙏,7
z8M9sFNzPn4,Carolin Simon verlängert beim FC Bayern! ✍️,3422,243,16,FC Bayern Frauen,@robyk6944,BAYERN 👍👋,3
z8M9sFNzPn4,Carolin Simon verlängert beim FC Bayern! ✍️,3422,243,16,FC Bayern Frauen,@robyk6944,Bayern 🇺🇲🤣🌨️💧,3
z8M9sFNzPn4,Carolin Simon verlängert beim FC Bayern! ✍️,3422,243,16,FC Bayern Frauen,@wolfganghaas6870,Das war die beste Entscheidung 👍 Dank von Bayernfan Wolfgang 👋#MiaSanMia,6
z8M9sFNzPn4,Carolin Simon verlängert beim FC Bayern! ✍️,3422,243,16,FC Bayern Frauen,@bromoneymaker9771,Eine super Spielerin !!!! Super das sie bleibt!!!! MIA SAN MIA,11
DIVwlM_iDPw,#Ad | Set in motion. 🎬 Recap all the excitement from the recent #AudiDrivingExperience. 🤩,9423,494,9,FC Bayern Frauen,@hajoos.8360,E-Cars sind out.,0
DIVwlM_iDPw,#Ad | Set in motion. 🎬 Recap all the excitement from the recent #AudiDrivingExperience. 🤩,9423,494,9,FC Bayern Frauen,@dietmarraffke7326,Coole Sache von den Mädels ❤,1
DIVwlM_iDPw,#Ad | Set in motion. 🎬 Recap all the excitement from the recent #AudiDrivingExperience. 🤩,9423,494,9,FC Bayern Frauen,@RaptorR0ger,Ich hoffe da kommt ein ganzes Video?!,7
DIVwlM_iDPw,#Ad | Set in motion. 🎬 Recap all the excitement from the recent #AudiDrivingExperience. 🤩,9423,494,9,FC Bayern Frauen,@fussball_9,🫶🏻❤️⚽️ cool,0
DIVwlM_iDPw,#Ad | Set in motion. 🎬 Recap all the excitement from the recent #AudiDrivingExperience. 🤩,9423,494,9,FC Bayern Frauen,@MrBayernIngo,Ich will auch mal😊,0
DIVwlM_iDPw,#Ad | Set in motion. 🎬 Recap all the excitement from the recent #AudiDrivingExperience. 🤩,9423,494,9,FC Bayern Frauen,@DragonEyeMedia-ProfessionalFPV,❤🔥🔥🔥 genial  … es war mir eine Ehre mit Euch zu fliegen 🙌,3
jSHYW8WlDiI,Behind the Scenes | #DieLiga Premiere in der Allianz Arena,11966,410,11,FC Bayern Frauen,@oscarvanschijndel4989,"4:39 
DE: DFB der weltweit grösste Sportfachverband, das konnte ich mich nicht vorstellen. Ich dachte, der Verband in Brasilien wäre grösser. Oder der Cricketverband in Indien.

EN: DFB the single largest sports federation in the world, I could not believe it. I always thought the Brazilian football federation is even larger. Or India's cricket federation.

https://en.wikipedia.org/wiki/German_Football_Association",0
jSHYW8WlDiI,Behind the Scenes | #DieLiga Premiere in der Allianz Arena,11966,410,11,FC Bayern Frauen,@يومياتزنوبةالمحبوبة,❤❤❤❤,0
jSHYW8WlDiI,Behind the Scenes | #DieLiga Premiere in der Allianz Arena,11966,410,11,FC Bayern Frauen,@TobiaaDitze-dz2lu,❤,1
jSHYW8WlDiI,Behind the Scenes | #DieLiga Premiere in der Allianz Arena,11966,410,11,FC Bayern Frauen,@Salmaaschwarz-lj1nn,Proud of my Hearts❤️🫂🫶🏻🙏🏻❤️🤍,1
jSHYW8WlDiI,Behind the Scenes | #DieLiga Premiere in der Allianz Arena,11966,410,11,FC Bayern Frauen,@IpekKavlo,Super Spiel da fehlten die tor bitte öffter in der Arena und dann auch live im TV,2
jSHYW8WlDiI,Behind the Scenes | #DieLiga Premiere in der Allianz Arena,11966,410,11,FC Bayern Frauen,@Frauenfußball_support,❤Liebe dieses Team meine Herzen so stolz ❤❤,3
jSHYW8WlDiI,Behind the Scenes | #DieLiga Premiere in der Allianz Arena,11966,410,11,FC Bayern Frauen,@COACHTAMO1,Das nächste mal will ich auch Nah dran sein. Super Tag 😊,1
jSHYW8WlDiI,Behind the Scenes | #DieLiga Premiere in der Allianz Arena,11966,410,11,FC Bayern Frauen,@Sourabhgkulkarni,I was there😊,1
jSHYW8WlDiI,Behind the Scenes | #DieLiga Premiere in der Allianz Arena,11966,410,11,FC Bayern Frauen,@robyk6944,SGE 🖤🦅,3
jSHYW8WlDiI,Behind the Scenes | #DieLiga Premiere in der Allianz Arena,11966,410,11,FC Bayern Frauen,@multikulti_fp,😍❤️🤍,2
jSHYW8WlDiI,Behind the Scenes | #DieLiga Premiere in der Allianz Arena,11966,410,11,FC Bayern Frauen,@robyk6944,SGE ⚫🦅,4
p-hDstteato,Bundesliga-Premiere in der Allianz Arena | 14.10.2023,2651,179,8,FC Bayern Frauen,@Alban_kosov001,Frauen fußball Bockt mehr als die männer Fußball,0
p-hDstteato,Bundesliga-Premiere in der Allianz Arena | 14.10.2023,2651,179,8,FC Bayern Frauen,@sebiontour0073,"Hey 👋 Mädels 
Richtig cool 😎 
Viel Spaß 😉 morgen 
In der Allianz Arena ⚽
Lg Sebi ✌",0
p-hDstteato,Bundesliga-Premiere in der Allianz Arena | 14.10.2023,2651,179,8,FC Bayern Frauen,@annalenalinke9569,❤❤❤,1
p-hDstteato,Bundesliga-Premiere in der Allianz Arena | 14.10.2023,2651,179,8,FC Bayern Frauen,@sammySHD,"Frauen ⚽ Bundesliga der 4. Spieltag: 📺 LIVE in der ARD 📺
❤️ FC Bayern München ❤️ -
💙 Eintracht Frankfurt 💙",3
p-hDstteato,Bundesliga-Premiere in der Allianz Arena | 14.10.2023,2651,179,8,FC Bayern Frauen,@يومياتزنوبةالمحبوبة,❤,2
p-hDstteato,Bundesliga-Premiere in der Allianz Arena | 14.10.2023,2651,179,8,FC Bayern Frauen,@fussball_9,Das wird ein richtig geiles spiel❤fcb forever❤❤❤🫶🏻⚽️,6
p-hDstteato,Bundesliga-Premiere in der Allianz Arena | 14.10.2023,2651,179,8,FC Bayern Frauen,@marinaebnr,Bayern forever❤,1
p-hDstteato,Bundesliga-Premiere in der Allianz Arena | 14.10.2023,2651,179,8,FC Bayern Frauen,@robyk6944,Einacht Frankfort. 🦅⚫,2
OrQrbFxO3eA,It's draft day! 😁 Which team will reach the finish line first on October 17th?  #FCBayern #AudixFCB,7948,393,6,FC Bayern Frauen,@michaelribeiro4818,Team Madgella is the best.,1
OrQrbFxO3eA,It's draft day! 😁 Which team will reach the finish line first on October 17th?  #FCBayern #AudixFCB,7948,393,6,FC Bayern Frauen,@salemberghab,♥️🤍♥️🤍♥️,2
OrQrbFxO3eA,It's draft day! 😁 Which team will reach the finish line first on October 17th?  #FCBayern #AudixFCB,7948,393,6,FC Bayern Frauen,@robyk6944,"SGE.f,🦅⚫♥️MlA SAN MlA ♥️",2
OrQrbFxO3eA,It's draft day! 😁 Which team will reach the finish line first on October 17th?  #FCBayern #AudixFCB,7948,393,6,FC Bayern Frauen,@ric007perfekt4,voll hübsch❤❤❤❤❤ hoffentlich verteidigt ihr den titel gegenüber den Wolfsburgerinnen.. mia san mia❤❤❤,4
G4STXq9N8mA,𝑮𝒆𝒐𝒓𝒈𝒊𝒂 𝑺𝒕𝒂𝒏𝒘𝒂𝒚 𝒖𝒏𝒕𝒊𝒍 2️⃣0️⃣2️⃣6️⃣. ❤️🤍 #MiaSanMia #FCBayern,11434,624,7,FC Bayern Frauen,@martinneuen4992,❤❤❤,2
G4STXq9N8mA,𝑮𝒆𝒐𝒓𝒈𝒊𝒂 𝑺𝒕𝒂𝒏𝒘𝒂𝒚 𝒖𝒏𝒕𝒊𝒍 2️⃣0️⃣2️⃣6️⃣. ❤️🤍 #MiaSanMia #FCBayern,11434,624,7,FC Bayern Frauen,@JuCarlos-ex8ip,She's pretty good and bonita,1
G4STXq9N8mA,𝑮𝒆𝒐𝒓𝒈𝒊𝒂 𝑺𝒕𝒂𝒏𝒘𝒂𝒚 𝒖𝒏𝒕𝒊𝒍 2️⃣0️⃣2️⃣6️⃣. ❤️🤍 #MiaSanMia #FCBayern,11434,624,7,FC Bayern Frauen,@nedajamshidi6981,Stanway is a skilled player👌,1
G4STXq9N8mA,𝑮𝒆𝒐𝒓𝒈𝒊𝒂 𝑺𝒕𝒂𝒏𝒘𝒂𝒚 𝒖𝒏𝒕𝒊𝒍 2️⃣0️⃣2️⃣6️⃣. ❤️🤍 #MiaSanMia #FCBayern,11434,624,7,FC Bayern Frauen,@braiancordoba5983,🏆🏆🏆🏆🖒🖒🖒🎖🎖🎖👏👏😘,1
G4STXq9N8mA,𝑮𝒆𝒐𝒓𝒈𝒊𝒂 𝑺𝒕𝒂𝒏𝒘𝒂𝒚 𝒖𝒏𝒕𝒊𝒍 2️⃣0️⃣2️⃣6️⃣. ❤️🤍 #MiaSanMia #FCBayern,11434,624,7,FC Bayern Frauen,@suwannarak,Im happy 😊,1
G4STXq9N8mA,𝑮𝒆𝒐𝒓𝒈𝒊𝒂 𝑺𝒕𝒂𝒏𝒘𝒂𝒚 𝒖𝒏𝒕𝒊𝒍 2️⃣0️⃣2️⃣6️⃣. ❤️🤍 #MiaSanMia #FCBayern,11434,624,7,FC Bayern Frauen,@Mr.Thomtastic,Awesome! Georgia Stanway was one of our best players in the last season and I hope she'll keep going that strong and successfull!,3
G4STXq9N8mA,𝑮𝒆𝒐𝒓𝒈𝒊𝒂 𝑺𝒕𝒂𝒏𝒘𝒂𝒚 𝒖𝒏𝒕𝒊𝒍 2️⃣0️⃣2️⃣6️⃣. ❤️🤍 #MiaSanMia #FCBayern,11434,624,7,FC Bayern Frauen,@bernd3781,Awesome! Great to have you here at FC Bayern!!🫶,1
xMmL1o0EXLc,"""I'm very happy about it!"" - Glódís Perla Viggósdóttir 2026",5610,237,10,FC Bayern Frauen,@andremesserschmidt4644,"Most pretty, most best FC Bayern player👌🌞😊👍😍",0
xMmL1o0EXLc,"""I'm very happy about it!"" - Glódís Perla Viggósdóttir 2026",5610,237,10,FC Bayern Frauen,@Test_ABCDEF,Ich liebe Sie einfach spielen zu sehen. Perfekte Frau und Playerin.,3
xMmL1o0EXLc,"""I'm very happy about it!"" - Glódís Perla Viggósdóttir 2026",5610,237,10,FC Bayern Frauen,@Test_ABCDEF,"Die Glódí ist schon eine echt coole Frau. Ich mag ihr Spiel sehr gerne. Sie ist eine tolle Frau, nett und immer super drauf. Hoffentlich bleibt Sie für immer beim FCB. Mega toll die Frau.",2
xMmL1o0EXLc,"""I'm very happy about it!"" - Glódís Perla Viggósdóttir 2026",5610,237,10,FC Bayern Frauen,@d_freakin_rey,Sooo überglücklich🥹🥹♥️♥️ die Queen bleibt beim besten Club der Welt❤,4
xMmL1o0EXLc,"""I'm very happy about it!"" - Glódís Perla Viggósdóttir 2026",5610,237,10,FC Bayern Frauen,@ayyndrew,Massive extension,3
xMmL1o0EXLc,"""I'm very happy about it!"" - Glódís Perla Viggósdóttir 2026",5610,237,10,FC Bayern Frauen,@marlieb9444,Yesssssss🎉🎉🎉🎉🎉🎉,5
xMmL1o0EXLc,"""I'm very happy about it!"" - Glódís Perla Viggósdóttir 2026",5610,237,10,FC Bayern Frauen,@sammySHD,very Welcome to 2026 Miss Glodis Viggosdottir ‼️ thank you very much and good luck for the future with ❤️FC Bayern München❤️ Women ⚽ Team,6
xMmL1o0EXLc,"""I'm very happy about it!"" - Glódís Perla Viggósdóttir 2026",5610,237,10,FC Bayern Frauen,@dryhit7087,"One of my favourite players and I love to see, that she signed for 3 more years 🖤🤟",12
xMmL1o0EXLc,"""I'm very happy about it!"" - Glódís Perla Viggósdóttir 2026",5610,237,10,FC Bayern Frauen,@Kattmatskal,Sooooo happy that our captain is staying🤩🥳❤🤍,8
xMmL1o0EXLc,"""I'm very happy about it!"" - Glódís Perla Viggósdóttir 2026",5610,237,10,FC Bayern Frauen,@George378,"Thanks for staying,happy for you. 🙏 ❤",6
ObQO2uWRWeA,Glódís Perla Viggósdóttir - Our Captain Is Here To Stay!,2880,148,6,FC Bayern Frauen,@Test_ABCDEF,"Hallo, Capitän. weiter so. Eiinfach alles super was du so machst. ❤ ❤ ❤",2
ObQO2uWRWeA,Glódís Perla Viggósdóttir - Our Captain Is Here To Stay!,2880,148,6,FC Bayern Frauen,@dominikbenz8349,hammer video mega cool hübsch und sympatisch herzlich wilkommen ery Welcome to 2026 Miss Glodis Viggosdottir pretty stunning queen,2
ObQO2uWRWeA,Glódís Perla Viggósdóttir - Our Captain Is Here To Stay!,2880,148,6,FC Bayern Frauen,@ROI-SALOMON,❤❤ mia san mia,2
ObQO2uWRWeA,Glódís Perla Viggósdóttir - Our Captain Is Here To Stay!,2880,148,6,FC Bayern Frauen,@sammySHD,very Welcome to 2026 Miss Glodis Viggosdottir ‼️ thank you very much and good luck for the future with ❤️FC Bayern München❤️ Women ⚽ Team,5
ObQO2uWRWeA,Glódís Perla Viggósdóttir - Our Captain Is Here To Stay!,2880,148,6,FC Bayern Frauen,@Kattmatskal,Soo happy that she´s stayin 🥳❤,4
ObQO2uWRWeA,Glódís Perla Viggósdóttir - Our Captain Is Here To Stay!,2880,148,6,FC Bayern Frauen,@salemberghab,♥️🤍♥️🤍♥️,3
3Y4XPNOiQHo,Servus Ana María Guzmán!,8202,345,4,FC Bayern Frauen,@juliandiaz1457,Con toda ✌️,0
3Y4XPNOiQHo,Servus Ana María Guzmán!,8202,345,4,FC Bayern Frauen,@Gairosama,Mia san Mia,0
3Y4XPNOiQHo,Servus Ana María Guzmán!,8202,345,4,FC Bayern Frauen,@latgs3871,Con toda Ana Maria Gúzman 💪⚽️,0
3Y4XPNOiQHo,Servus Ana María Guzmán!,8202,345,4,FC Bayern Frauen,@George378,Servus Ana Maria Guzmán 🤝❤,3
RRMJzvhfqcM,Fall. Rise. Gwinn. - Die Dokumentation,189065,4174,118,FC Bayern Frauen,@frankelstner3095,Giulia Gwinn du bist die beste Fußballerin aller Welt mein Schatzi 💖 ich liebe dich,0
RRMJzvhfqcM,Fall. Rise. Gwinn. - Die Dokumentation,189065,4174,118,FC Bayern Frauen,@briankullak3073,Was für eine scheiss Doku wenn man das überhaupt so bezeichnen kann,0
RRMJzvhfqcM,Fall. Rise. Gwinn. - Die Dokumentation,189065,4174,118,FC Bayern Frauen,@martinkunzer4901,😊❤,0
RRMJzvhfqcM,Fall. Rise. Gwinn. - Die Dokumentation,189065,4174,118,FC Bayern Frauen,@horstvendt3789,"Super Doku Giulia, Du hast Dich nach Deiner Verletzung wieder sehr gut ins Team (egal ob Bayern oder Nationalteam) zurück gekämpft und nun auch Capitän bist im Nationalteam.👍 Mögest Du ohne Verletzungen in Zukunft spielen können ❤️",0
RRMJzvhfqcM,Fall. Rise. Gwinn. - Die Dokumentation,189065,4174,118,FC Bayern Frauen,@AlanCarlosFürst-q5t,"O Diabo me segue! Eu segurei essa criança linda no meu colo, eu sou rápido.Eu tinha responsabilidade pra não deixar ela bater a boleira dela. Hoje ela é uma criança linda é feliz com a Família Alemã dela. Eu vou sim. Thomas Müller 7x1. Eu vou a Joinville.",0
RRMJzvhfqcM,Fall. Rise. Gwinn. - Die Dokumentation,189065,4174,118,FC Bayern Frauen,@AlanCarlosFürst-q5t,Eu preciso fazer uma cirurgia. Vou segunda feira. Procura Médicos Profissionais. SUS é uma Porcaria. Eu fui pro Hospital do Rocio em Curitiba. Nunca vi um Hospital tão lindo na minha vida.,0
RRMJzvhfqcM,Fall. Rise. Gwinn. - Die Dokumentation,189065,4174,118,FC Bayern Frauen,@AlanCarlosFürst-q5t,Parabéns se era teu aniversário,0
RRMJzvhfqcM,Fall. Rise. Gwinn. - Die Dokumentation,189065,4174,118,FC Bayern Frauen,@AlanCarlosFürst-q5t,Eu vou assinar o contrato com as minhas condições. Casa contrário eu Mudo de Número é de Pais. Eu constru um império. Ela disse vovô eu te amo.,0
RRMJzvhfqcM,Fall. Rise. Gwinn. - Die Dokumentation,189065,4174,118,FC Bayern Frauen,@StéphanePorsche-x7m,I love you Giulia. ❤❤❤,0
RRMJzvhfqcM,Fall. Rise. Gwinn. - Die Dokumentation,189065,4174,118,FC Bayern Frauen,@SimonBuchmann-g5g,Du bist mein Vorbild ❤🎉,0
RRMJzvhfqcM,Fall. Rise. Gwinn. - Die Dokumentation,189065,4174,118,FC Bayern Frauen,@InsafHeni,GWINN ❤❤MEINE LIEBE LIEGT IN DER INTELLIGENZ ❤ DEM KORPER UND DER POESIE ❤IHRER 3:05 KUNSTLERISCHEN ❤❤PERSONLICHKEIT  VIEL  SPAB   BEIM   ZUSCHAUEN.,0
RRMJzvhfqcM,Fall. Rise. Gwinn. - Die Dokumentation,189065,4174,118,FC Bayern Frauen,@koichiLove.,Strong mentality great role-model and leader she is a fighter Salute to Gwinn one of my favorite player.💪🫡,4
RRMJzvhfqcM,Fall. Rise. Gwinn. - Die Dokumentation,189065,4174,118,FC Bayern Frauen,@rileyxxxx,muss schon nach ner minute heulen.,0
RRMJzvhfqcM,Fall. Rise. Gwinn. - Die Dokumentation,189065,4174,118,FC Bayern Frauen,@samsuar84,Aku penggemar berat anda gwinn  anda pemain hebat dan panutan gadis gadis lainnya,0
RRMJzvhfqcM,Fall. Rise. Gwinn. - Die Dokumentation,189065,4174,118,FC Bayern Frauen,@tiiihonen24,"Sie kommt immer wieder stärker zurück,..Heute ist sie Kapitänin der Nationalmannschaft! Führungsspielerin pur!",2
RRMJzvhfqcM,Fall. Rise. Gwinn. - Die Dokumentation,189065,4174,118,FC Bayern Frauen,@Mike-n3q4w,Guilia Gwinn lernen Sport machen ja gut ❤🎉💯💯💯💪👋,0
RRMJzvhfqcM,Fall. Rise. Gwinn. - Die Dokumentation,189065,4174,118,FC Bayern Frauen,@Feodora1801,Was für eine Traumfrau.. möchte aber bitte keinen dritten Teil mehr sehen - könnt lieber eine andere Doku machen.. 👸,0
RRMJzvhfqcM,Fall. Rise. Gwinn. - Die Dokumentation,189065,4174,118,FC Bayern Frauen,@michaelschmidt5025,Wirklich eine sehr Starke Persönlichkeit 😊,0
RRMJzvhfqcM,Fall. Rise. Gwinn. - Die Dokumentation,189065,4174,118,FC Bayern Frauen,@o0pinkdino0o,"One of my fave female players. Spirit, determination, passion and fire. Great player. Great leader. Great inspiration.",11
RRMJzvhfqcM,Fall. Rise. Gwinn. - Die Dokumentation,189065,4174,118,FC Bayern Frauen,@kaithomas7920,"Wenn man sieht, wie gut sie jetzt wieder in der Nationalelf dabei ist und wie cool sie die Elfer verwandelt, kann man kaum noch glauben, dass sie so schwer verletzt war. Hoffen wir mal, dass sie mit den Mädels bei Olympia Gold holt 👍",7
RRMJzvhfqcM,Fall. Rise. Gwinn. - Die Dokumentation,189065,4174,118,FC Bayern Frauen,@christiank3539,"Nachdem ich mir beim Handball das Kreuzband gerissen habe, bin ich jetzt am Anfang der Reha. Oft ist der Wille größer als das was schon wieder geht. Eine solche Doku und Giulia jetzt wieder erfolgreich spielen zu sehen ist unglaublich aufbauend. Danke!",2
RRMJzvhfqcM,Fall. Rise. Gwinn. - Die Dokumentation,189065,4174,118,FC Bayern Frauen,@Kayako93,"Ich hoffe die Frau gewinnt einen großen Titel mit der Nationalmannschaft, ich würde es ihr so sehr gönnen",3
RRMJzvhfqcM,Fall. Rise. Gwinn. - Die Dokumentation,189065,4174,118,FC Bayern Frauen,@isengard1778,Ist ja keiner gestorben. Also Ball ein bisschen flacher halten.,0
RRMJzvhfqcM,Fall. Rise. Gwinn. - Die Dokumentation,189065,4174,118,FC Bayern Frauen,@guidokohler5137,❤️🤍🫶⚽️ 7,0
RRMJzvhfqcM,Fall. Rise. Gwinn. - Die Dokumentation,189065,4174,118,FC Bayern Frauen,@thkoy1911,"Auch als eingefleischter HSV-Fan, finde ich die Doku wirklich super gelungen und ich habe sie mir gerne angeschaut.",17
RRMJzvhfqcM,Fall. Rise. Gwinn. - Die Dokumentation,189065,4174,118,FC Bayern Frauen,@hannes0967,Hübsches und sympathisches Mädel😊,7
RRMJzvhfqcM,Fall. Rise. Gwinn. - Die Dokumentation,189065,4174,118,FC Bayern Frauen,@Pascal23hsv,Eine wundervolle Doku❤😢,1
RRMJzvhfqcM,Fall. Rise. Gwinn. - Die Dokumentation,189065,4174,118,FC Bayern Frauen,@emeraldrhyme5634,"Welcome back, Giulia! Your fans have missed seeing you play, but we're thrilled that you're back in action. Take your time, and know that we're all cheering you on from the sidelines. You've got this",4
RRMJzvhfqcM,Fall. Rise. Gwinn. - Die Dokumentation,189065,4174,118,FC Bayern Frauen,@mia_x4168,Du bist mein Größtes Vorbild 🥹❤️😍,3
RRMJzvhfqcM,Fall. Rise. Gwinn. - Die Dokumentation,189065,4174,118,FC Bayern Frauen,@mia_x4168,❤️❤️🥹🥹😍😍,0
RRMJzvhfqcM,Fall. Rise. Gwinn. - Die Dokumentation,189065,4174,118,FC Bayern Frauen,@pascall4799,Da kann man nur Fan sein von ihr,1
RRMJzvhfqcM,Fall. Rise. Gwinn. - Die Dokumentation,189065,4174,118,FC Bayern Frauen,@widodo2924,Giulia Gwinn is Beautiful blonde girl,1
RRMJzvhfqcM,Fall. Rise. Gwinn. - Die Dokumentation,189065,4174,118,FC Bayern Frauen,@ShkorretiMartin,Wir können stolz auf dich sein! Giuli!,4
RRMJzvhfqcM,Fall. Rise. Gwinn. - Die Dokumentation,189065,4174,118,FC Bayern Frauen,@norbertstarick4196,"gute Fussballerin, huebsche junge Frau,sehr sympathisch",3
RRMJzvhfqcM,Fall. Rise. Gwinn. - Die Dokumentation,189065,4174,118,FC Bayern Frauen,@thomaslowery3009,"Excellent photo and film clips. Great winter clips from the munich campus!🙂👍my honest opinion, most of myself doesn't want guilia back on the field again, fears that she may suffer permanant nerve leg damage. Let her retire. And people should respect that.",1
RRMJzvhfqcM,Fall. Rise. Gwinn. - Die Dokumentation,189065,4174,118,FC Bayern Frauen,@van4life_,"Unfassbar gut gestaltet die Doku! Vor allem, wenn man selber vom Bodensee kommt. Großer Respekt an Giulia, wie sie sich zurück gekämpft hat!",4
RRMJzvhfqcM,Fall. Rise. Gwinn. - Die Dokumentation,189065,4174,118,FC Bayern Frauen,@SvenWeidler-l7r,Schade das du so lange verletzt warst du bist und bleibst für mich die besste Spielerin der Welt ich bin ein riesengroße und begeisterter Fan von dir und wünsche dir alles Gute für die Zukunft,12
RRMJzvhfqcM,Fall. Rise. Gwinn. - Die Dokumentation,189065,4174,118,FC Bayern Frauen,@florianmuller1645,"Ich fühle so mit dir, nach Kreuzband und Meniskus auf beiden Seiten.... Die Doku spiegelt alles wieder.",1
RRMJzvhfqcM,Fall. Rise. Gwinn. - Die Dokumentation,189065,4174,118,FC Bayern Frauen,@SebastianVermohlen,Bisschen pipi in den Augen vielen Dank das du eine Kämpferin bist,1
RRMJzvhfqcM,Fall. Rise. Gwinn. - Die Dokumentation,189065,4174,118,FC Bayern Frauen,@FCBVIKING1996,Ich hoffe so sehr das sie jetzt endlich mal fit bleibt sie ist so eine wichtige Spielerinn für Bayern und die Natio,5
RRMJzvhfqcM,Fall. Rise. Gwinn. - Die Dokumentation,189065,4174,118,FC Bayern Frauen,@blaznsoccer3997,"How is it a fall when every footballer gets injured, she is young and has alot of future ahead of her positive attitude wins champions",3
RRMJzvhfqcM,Fall. Rise. Gwinn. - Die Dokumentation,189065,4174,118,FC Bayern Frauen,@ArabHaroun,Viva fc bayern munchen und ich wunche nimmt deutche meister .,0
RRMJzvhfqcM,Fall. Rise. Gwinn. - Die Dokumentation,189065,4174,118,FC Bayern Frauen,@sebiontour0073,"Sehr schön 🤩 die Doku 
Über Giulia und ihre Verletzung 😇
Dann wünsche ich dir das jetzt aktiv Deutscher Meister wirst 💪🏽
Lg Sebi ✌",2
RRMJzvhfqcM,Fall. Rise. Gwinn. - Die Dokumentation,189065,4174,118,FC Bayern Frauen,@ingolfreiche9465,😇😇😇😇😇😇,0
RRMJzvhfqcM,Fall. Rise. Gwinn. - Die Dokumentation,189065,4174,118,FC Bayern Frauen,@ingolfreiche9465,"Aber KEIN Kniescheibenanbruch, nur 4 Wochen Pause und ein Jahr Schmerzen",1
RRMJzvhfqcM,Fall. Rise. Gwinn. - Die Dokumentation,189065,4174,118,FC Bayern Frauen,@MariusKnepper,"Sehr beeindruckend, wie sie kämpfte. Eine Frau die sich zurück brachte und trotz der Diagnose nie zweifelte.",8
RRMJzvhfqcM,Fall. Rise. Gwinn. - Die Dokumentation,189065,4174,118,FC Bayern Frauen,@Florinator06,jetzt braucht sie nur noch nen coolen Verein...😆😉😂,0
RRMJzvhfqcM,Fall. Rise. Gwinn. - Die Dokumentation,189065,4174,118,FC Bayern Frauen,@FrankHenke-y5u,Sehr gute Doku. Die zeigt das Spitzensportler auch normale Menschen sind. Alles Gute für die Zukunft.,3
RRMJzvhfqcM,Fall. Rise. Gwinn. - Die Dokumentation,189065,4174,118,FC Bayern Frauen,@chesah,"Ich wusste zwar, dass dies ihr zweiter Kreuzbandriss war, aber nicht, dass es schon zum ersten ne Doku gab. Das bleibt dann aber hoffentlich die letzte! Allgemein hoffe ich, dass bald immer weniger Frauen betroffen sein werden.🙏🏾",2
RRMJzvhfqcM,Fall. Rise. Gwinn. - Die Dokumentation,189065,4174,118,FC Bayern Frauen,@olivermeineke9707,"Was für eine Verschwendung. Statt sich alle paar Monate schwer zu verletzen, sollte sie lieber ein paar Kinder bekommen.",0
RRMJzvhfqcM,Fall. Rise. Gwinn. - Die Dokumentation,189065,4174,118,FC Bayern Frauen,@Hachebert,Einfach ne sympatische! Hoffe sie bleibt fit und geht ihren weg! Immer weiter !!!,6
RRMJzvhfqcM,Fall. Rise. Gwinn. - Die Dokumentation,189065,4174,118,FC Bayern Frauen,@andreasgauglitz1706,Ich kenne es zu gut hab’s mir auch zweimal gerissen. Danach ist erstmal Kopf und alles leer aber es muss ja weitergehen und dann kämpft man sich wieder hoch. Maximalen Respekt für diesen Willen,8
RRMJzvhfqcM,Fall. Rise. Gwinn. - Die Dokumentation,189065,4174,118,FC Bayern Frauen,@thomasschwoerer299,"Eine tolle Frau die extrem sympathisch ist. Man merkt, dass sie in einer tollen Familie aufwachsen konnte. Auf und neben dem Platz eine Persönlichkeit die ihre Leidenschaft lebt. Ein sportliches und menschliches Vorbild für Kinder. Wünsche für die Zukunft alles Gute und Freude.",37
RRMJzvhfqcM,Fall. Rise. Gwinn. - Die Dokumentation,189065,4174,118,FC Bayern Frauen,@CeBraXx,Ich bin so happy das sie jetzt wieder spielen kann und hoffe das es lange hält. So eine sympatische Spielerin. Alles gute dir für die Zukunft. 🥰,8
RRMJzvhfqcM,Fall. Rise. Gwinn. - Die Dokumentation,189065,4174,118,FC Bayern Frauen,@_steezy439,Geile sau,0
RRMJzvhfqcM,Fall. Rise. Gwinn. - Die Dokumentation,189065,4174,118,FC Bayern Frauen,@hahafalseflag5090,I happen to be in Europe here first stint with the national team and could sense the love for her from the German people.. not sure if she know how many people support her there.,0
RRMJzvhfqcM,Fall. Rise. Gwinn. - Die Dokumentation,189065,4174,118,FC Bayern Frauen,@hessen_hessennordhessen8264,Mit einer der besten Spielerinnen Deutschlands mega talent nur leider im falschen Verein. Würde sie in Wolfsburg sehen. Aber geile Doku über sie.,1
RRMJzvhfqcM,Fall. Rise. Gwinn. - Die Dokumentation,189065,4174,118,FC Bayern Frauen,@patricklang97,"Heul nicht Rum,das Risiko muss man eingehen!!!! Gibt schlimmeres",0
RRMJzvhfqcM,Fall. Rise. Gwinn. - Die Dokumentation,189065,4174,118,FC Bayern Frauen,@potdog1000,"i watched her against Freiburg and it was like she'd never been away, BTW i am an Englishman who loves the German women's team almost as much as i love the Lionesses .",2
RRMJzvhfqcM,Fall. Rise. Gwinn. - Die Dokumentation,189065,4174,118,FC Bayern Frauen,@jefe1366,Sportinvadilität droht. Hoffentlich gibt es einen Plan B.,0
RRMJzvhfqcM,Fall. Rise. Gwinn. - Die Dokumentation,189065,4174,118,FC Bayern Frauen,@michaelskofilld7776,❤❤❤,0
RRMJzvhfqcM,Fall. Rise. Gwinn. - Die Dokumentation,189065,4174,118,FC Bayern Frauen,@produktionmerlin9701,"schöne doku, gott hab dich selig und Gute Besserung",0
RRMJzvhfqcM,Fall. Rise. Gwinn. - Die Dokumentation,189065,4174,118,FC Bayern Frauen,@narasantos117,"Ich hoffe, dass es ihr ohne Verletzungen weiterhin gut geht. Eine Spielerin mit so viel Talent hat es nicht verdient, so große Schwierigkeiten durchzumachen.",11
RRMJzvhfqcM,Fall. Rise. Gwinn. - Die Dokumentation,189065,4174,118,FC Bayern Frauen,@jessica_crew,Was für eine emotionale und doch noch soo eine schöne Doku 🥹🥹,2
RRMJzvhfqcM,Fall. Rise. Gwinn. - Die Dokumentation,189065,4174,118,FC Bayern Frauen,@George378,Acl is if not the worse is one the worse injury for any player.Glad that you're okay now Freuen.Let's go💪🤩🔴⚪️,0
RRMJzvhfqcM,Fall. Rise. Gwinn. - Die Dokumentation,189065,4174,118,FC Bayern Frauen,@dominickohler8847,"Sehr schöne Doku, stark! Danke dafür, viel Erfolg 🍀",3
RRMJzvhfqcM,Fall. Rise. Gwinn. - Die Dokumentation,189065,4174,118,FC Bayern Frauen,@sarakannengiesser4395,Das war schwer aber du hast es geschafft du bist so stark geworden das hast du super gemacht ❤❤❤du bist super,2
RRMJzvhfqcM,Fall. Rise. Gwinn. - Die Dokumentation,189065,4174,118,FC Bayern Frauen,@yannickpetras7012,"Noch ein kleiner Kommentar an alle die sich das KREUZBAND schon ein zweites Mal gerissen haben , nur die Besten reißen sich das KREUZBAND zweimal kleiner Scherz gibt niemals auf auch wenn ihr noch so weit am Boden seit das wird alles wieder ich Rede aus Erfahrung",2
RRMJzvhfqcM,Fall. Rise. Gwinn. - Die Dokumentation,189065,4174,118,FC Bayern Frauen,@rpaou,Vielen Dank für diesen großartigen Beitrag.,5
RRMJzvhfqcM,Fall. Rise. Gwinn. - Die Dokumentation,189065,4174,118,FC Bayern Frauen,@SuperStraubi,Sympathische Frau 💪🏽,2
RRMJzvhfqcM,Fall. Rise. Gwinn. - Die Dokumentation,189065,4174,118,FC Bayern Frauen,@dome_30_65,Beste Spielerin kommt halt vom Bodensee hoffentlich sieht man Giuli balt wieder in der Deutschen Nationalmannschaft,3
RRMJzvhfqcM,Fall. Rise. Gwinn. - Die Dokumentation,189065,4174,118,FC Bayern Frauen,@yannickpetras7012,"Du wirst es wieder schaffen, Giulia mech witter so schlimm es sich auch anhören mag ich hatte 2016 auch zwei Kreutzband risse, ich fühle so mit ihr dass ist einfach nur schrecklich na ja SCHEISSE Trift es besser , ja es ist nur das KREUZBAND,  du wirst wieder und vor allem stärker zurück kommen als ja mals zu vor sie wird wieder zurück kommen stärker als jemals zuvor sie ist Großartig Giulia Gib bitte nie mals auf Let,s go Giulia du packst das wir denken an dich ⚽ glaub mir ich weiß von was ich rede sie Packt das",0
RRMJzvhfqcM,Fall. Rise. Gwinn. - Die Dokumentation,189065,4174,118,FC Bayern Frauen,@xcbnblue1996,Sehr Gute Doku von Gwinn,1
RRMJzvhfqcM,Fall. Rise. Gwinn. - Die Dokumentation,189065,4174,118,FC Bayern Frauen,@Frauenfußball_support,Giuli so proud of 😊her ❤❤❤,0
RRMJzvhfqcM,Fall. Rise. Gwinn. - Die Dokumentation,189065,4174,118,FC Bayern Frauen,@Frauenfußball_support,So eine schöne Doku liebe sie so sehr mein Herz ❤❤❤❤❤,0
RRMJzvhfqcM,Fall. Rise. Gwinn. - Die Dokumentation,189065,4174,118,FC Bayern Frauen,@JonasStahr,Aber trotzdem eine tolle Doku und die Landschaft und Campus Anlage,0
RRMJzvhfqcM,Fall. Rise. Gwinn. - Die Dokumentation,189065,4174,118,FC Bayern Frauen,@JonasStahr,Ich war traurig das giulia gwinn nicht spielen konnte Ende der Saison und WM 😢aber jetzt bin ich froh das sie wieder anwesend war gegen Freiburg aber das reinkommen ist wieder ein Problem das man sich wieder gewöhnen muss wie mann wieder im Rhythmus kommt 😮 mann versucht das😊🎉,1
RRMJzvhfqcM,Fall. Rise. Gwinn. - Die Dokumentation,189065,4174,118,FC Bayern Frauen,@barriemohammedlamin9599,Glad to see you back playing,0
RRMJzvhfqcM,Fall. Rise. Gwinn. - Die Dokumentation,189065,4174,118,FC Bayern Frauen,@kpyannick,Ich habe so mitgeführt hatte es auch mal ❤,2
RRMJzvhfqcM,Fall. Rise. Gwinn. - Die Dokumentation,189065,4174,118,FC Bayern Frauen,@benjaminrebhan3123,Und heute gleich wieder ein gutes Spiel gemacht ! Stark bleiben und weiter Kämpfen 😊,4
RRMJzvhfqcM,Fall. Rise. Gwinn. - Die Dokumentation,189065,4174,118,FC Bayern Frauen,@hajoos.8360,Keine WM verpaßt.,2
RRMJzvhfqcM,Fall. Rise. Gwinn. - Die Dokumentation,189065,4174,118,FC Bayern Frauen,@lisabreuer5986,"Sie ist ein großes Vorbild für mich! Ich stecke gerade genau in dem gleichen Dilemma.. vor 3 1/2 Wochen meine Op gehabt. Giulia gibt einem Hoffnung, das man alles schaffen kann. Natürlich hat sie bessere Physiotherapie, aber ich geb nicht auf. 
Schöne Doku ❤",14
RRMJzvhfqcM,Fall. Rise. Gwinn. - Die Dokumentation,189065,4174,118,FC Bayern Frauen,@naisadeior,Sie ist so toll <3,2
RRMJzvhfqcM,Fall. Rise. Gwinn. - Die Dokumentation,189065,4174,118,FC Bayern Frauen,@karincarstens2496,"So eine starke, schöne und emotionale Doku. Giuli ist halt eine Kämpferin.💪🔥😍❤🤞🏼",6
RRMJzvhfqcM,Fall. Rise. Gwinn. - Die Dokumentation,189065,4174,118,FC Bayern Frauen,@wilhelmspielendorf872,Tolle Doku. Herzlichen Dank und Ich wünsche ihr eine karriere ohne Verletzungen.,3
RRMJzvhfqcM,Fall. Rise. Gwinn. - Die Dokumentation,189065,4174,118,FC Bayern Frauen,@Nothin-but-the-blues,"Hier zeigt sich einer der Vorteile, die Spielerinnen haben die bei Mannschaften mit erfolgreichen Herrenmannschaften spielen: Die Infrastruktur. Dass diese bei den Bayern mit ihrem 
Riesencampus inkl. dem riesigen Reha-/Physiozentrum, ihren Verbindungen zu Top-Ärzten für jede Art von Verletzung/Krankheit und die finanzielle Absicherung der Spielerinnen eine ganz 
andere ist als bei reinen Frauenvereine, die oft genug nur von der Hand in den Mund leben (obwohl dies bei einigen Herrenmannschaften bzw. deren Vereinen auch so ist, diese aber einen 
ganz anderen finanziellen Spielraum haben). 
Hoffen wir, dass sie bald wieder verletzungsfrei spielen kann. Zu gönnen ist es ein so harten Kämpferin auf alle Fälle! Tolle, eindrucksvolle Doku!",0
RRMJzvhfqcM,Fall. Rise. Gwinn. - Die Dokumentation,189065,4174,118,FC Bayern Frauen,@VfLWolfsburg,"Starke Doku! Freuen uns mit dir wieder auf dem Platz, um den Sieg zu ringen. 🤝",536
RRMJzvhfqcM,Fall. Rise. Gwinn. - Die Dokumentation,189065,4174,118,FC Bayern Frauen,@se_lina6820,Eine schöne und emotionale Doku😍🥺 Giuli ist eine echte Kämpferin⚽️❤️,25
RRMJzvhfqcM,Fall. Rise. Gwinn. - Die Dokumentation,189065,4174,118,FC Bayern Frauen,@shanghai72,"Gute Doku! Hoffe das damit ,das Thema schwere Verletzungen für Giulia abgeschlossen ist.",15
RRMJzvhfqcM,Fall. Rise. Gwinn. - Die Dokumentation,189065,4174,118,FC Bayern Frauen,@FrogwomanOrgReloaded,Eine schöne Doku! Hoffentlich bleibt sie in Zukunft (besonders) von solchen schweren Verletzungen verschont.,48
RRMJzvhfqcM,Fall. Rise. Gwinn. - Die Dokumentation,189065,4174,118,FC Bayern Frauen,@08CS,So eine starke Kämpferin❤,24
RRMJzvhfqcM,Fall. Rise. Gwinn. - Die Dokumentation,189065,4174,118,FC Bayern Frauen,@gravedigger8414,"Beten wir, dass sie jetzt ihre Karriere ohne noch so eine große Verletzung spielen kann. Verdient hätte sie es 1000%. So eine starke und tolle Spielerin, Vorbild nicht nur für junge Mädels. Daumen sind gedrückt.",211
RRMJzvhfqcM,Fall. Rise. Gwinn. - Die Dokumentation,189065,4174,118,FC Bayern Frauen,@sonnya.,"Schöne Doku, kann man sich auf jeden Fall auch ein zweites Mal anschauen.",11
RRMJzvhfqcM,Fall. Rise. Gwinn. - Die Dokumentation,189065,4174,118,FC Bayern Frauen,@barryrossevans7236,LEGEND LEGEND LEGEND LEGEND,9
RRMJzvhfqcM,Fall. Rise. Gwinn. - Die Dokumentation,189065,4174,118,FC Bayern Frauen,@annalenalinke9569,So eine schöne und mitfühlende Doku ❤,58
RRMJzvhfqcM,Fall. Rise. Gwinn. - Die Dokumentation,189065,4174,118,FC Bayern Frauen,@alicia_k23,So eine schöne und emotionale Doku!🥹❤️🤍🫶🏻,85
RRMJzvhfqcM,Fall. Rise. Gwinn. - Die Dokumentation,189065,4174,118,FC Bayern Frauen,@benediktbecker03,Erster aber geile Doku,11
n4ozr_mIBAk,Meisterschale der FCB-Frauen im FC Bayern Museum,4857,228,9,FC Bayern Frauen,@Fcsilver20,3 Schalen kann man tauschen gegen 1 cl,0
n4ozr_mIBAk,Meisterschale der FCB-Frauen im FC Bayern Museum,4857,228,9,FC Bayern Frauen,@سيمون-ر5ص,❤❤,1
n4ozr_mIBAk,Meisterschale der FCB-Frauen im FC Bayern Museum,4857,228,9,FC Bayern Frauen,@ShahidKhan-rx2ry,It girl´s,1
n4ozr_mIBAk,Meisterschale der FCB-Frauen im FC Bayern Museum,4857,228,9,FC Bayern Frauen,@سناباتحوري,❤,1
n4ozr_mIBAk,Meisterschale der FCB-Frauen im FC Bayern Museum,4857,228,9,FC Bayern Frauen,@Q2712g,❤,1
n4ozr_mIBAk,Meisterschale der FCB-Frauen im FC Bayern Museum,4857,228,9,FC Bayern Frauen,@bernd3781,"Ehre wem Ehre gebührt! 
Wohl verdient Mädels!!🫶",3
n4ozr_mIBAk,Meisterschale der FCB-Frauen im FC Bayern Museum,4857,228,9,FC Bayern Frauen,@onkeldodo29,Glückwunsch nochmal !!!! FCB Frauen ole ole 🥳🥳🥳🎊🎊🎊🎉🎉,3
n4ozr_mIBAk,Meisterschale der FCB-Frauen im FC Bayern Museum,4857,228,9,FC Bayern Frauen,@earnhard,Super!!!,2
n4ozr_mIBAk,Meisterschale der FCB-Frauen im FC Bayern Museum,4857,228,9,FC Bayern Frauen,@lauralan.,Wie cool 😊😊,5
X06202H1UxI,FC Bayern verpflichtet Anna Wellmann,6090,230,8,FC Bayern Frauen,@逆信用創造,❤,0
X06202H1UxI,FC Bayern verpflichtet Anna Wellmann,6090,230,8,FC Bayern Frauen,@hajoos.8360,Hoffentlich performt Sie besser als die unzuverlässige Mala Grohs.,1
X06202H1UxI,FC Bayern verpflichtet Anna Wellmann,6090,230,8,FC Bayern Frauen,@fussball_9,Servus Anna ❤️❤️❤️🤍🤍🤍,2
X06202H1UxI,FC Bayern verpflichtet Anna Wellmann,6090,230,8,FC Bayern Frauen,@waldfee168,Alles Gute Liebe Anna❤,6
X06202H1UxI,FC Bayern verpflichtet Anna Wellmann,6090,230,8,FC Bayern Frauen,@ROI-SALOMON,❤❤,3
X06202H1UxI,FC Bayern verpflichtet Anna Wellmann,6090,230,8,FC Bayern Frauen,@sammySHD,herzlich willkommen beim FC Bayern München ⚽ Frauen liebe Frau 🇩🇪 Anna Wellmann ‼️👍,6
X06202H1UxI,FC Bayern verpflichtet Anna Wellmann,6090,230,8,FC Bayern Frauen,@salemberghab,♥️🤍♥️🤍♥️,5
X06202H1UxI,FC Bayern verpflichtet Anna Wellmann,6090,230,8,FC Bayern Frauen,@Estikaay,Mega 🫶,3
YaqHg5RPrHY,Interview | Pernille Harder und Magdalena Eriksson,32635,923,38,FC Bayern Frauen,@MrPackoTV,"Pernille und Magdalena, Bayern und ich lieben euch beide. Ihr helft Bayern ungemein weiterzukommen. Dank an euch. Und dabei sind die beiden erst auf 40% Leistungslevel. Das wird noch echt spannend bei Bayern, mit den beiden.",1
YaqHg5RPrHY,Interview | Pernille Harder und Magdalena Eriksson,32635,923,38,FC Bayern Frauen,@TobiaaDitze-dz2lu,Tobias,1
YaqHg5RPrHY,Interview | Pernille Harder und Magdalena Eriksson,32635,923,38,FC Bayern Frauen,@Test_ABCDEF,"WOW. Ich bin immer noch hin und weg von den beiden, dass die nun bei uns spielen. Perfekter geht es einfach nicht. Hoffentlich bleiben die beiden für immer beim FCB. Sehr nette und kompetente Persönlichkeiten. Ich mag beide sehr gerne. Wartet mal ab, wenn die hier mal was eingespielt sind. Die beiden werden wie eine Rakete abgehen.",1
YaqHg5RPrHY,Interview | Pernille Harder und Magdalena Eriksson,32635,923,38,FC Bayern Frauen,@annsouthcott5485,It always come across that magdalena isn't as excited about having moved on from Chelsea. I wonder how much of the move was down to pernile wanting to leave chelsea.,0
YaqHg5RPrHY,Interview | Pernille Harder und Magdalena Eriksson,32635,923,38,FC Bayern Frauen,@Le.freee_,Already missing them at Chelsea 😔,6
YaqHg5RPrHY,Interview | Pernille Harder und Magdalena Eriksson,32635,923,38,FC Bayern Frauen,@olafsager6056,"Kære Pernille, 
hvad fanden snakker du om? Jeg troede, du spillede i Wolfsburg før, og så kommer du med dit dårlige engelsk, som jeg ikke rigtig kan forstå.
Och att du har tagit med din svenska flickvän Magdalena är riktigt trevligt. Jag hoppas för hennes skull att hon kan sätta något i öronen för den bayerska accenten är riktigt ful ibland.
Jeg håber, du vinder Champions League, og jeg vil have dig til at vide, at Bayerns motto er noget i retning af ""Mia er Mia"", hvilket betyder, at du skal være trofast og ikke med to kvinder i sengen midt om natten.",0
YaqHg5RPrHY,Interview | Pernille Harder und Magdalena Eriksson,32635,923,38,FC Bayern Frauen,@benjaminbirkefeld4430,Servus in München,2
YaqHg5RPrHY,Interview | Pernille Harder und Magdalena Eriksson,32635,923,38,FC Bayern Frauen,@ASM_19-j3f,Get back in the kitchen,0
YaqHg5RPrHY,Interview | Pernille Harder und Magdalena Eriksson,32635,923,38,FC Bayern Frauen,@sabine6063,"Italy and the mountains are not far away ... because munich is a village .... they even do not speak german ... but a lot ""mir san mir ..."". Wonder, if you fit in Dirndl clothes ...  😅 GOOD LUCK!!! 🙃❤🙃❤",3
YaqHg5RPrHY,Interview | Pernille Harder und Magdalena Eriksson,32635,923,38,FC Bayern Frauen,@balbuenabar,Kann man die Spiele irgendwo live verfolgen oder kann man die Spiele zeitversetzt auf dem YouTube-Kanal verfolgen? N,3
YaqHg5RPrHY,Interview | Pernille Harder und Magdalena Eriksson,32635,923,38,FC Bayern Frauen,@MartaComplex,Gutted that I won't get to see these two in the WSL anymore! Wish them lots of luck at Bayern. It's a great club and I'm sure they will thrive.,15
YaqHg5RPrHY,Interview | Pernille Harder und Magdalena Eriksson,32635,923,38,FC Bayern Frauen,@faceymagee1283,Now I’m a new subscriber and a fan!!!,2
YaqHg5RPrHY,Interview | Pernille Harder und Magdalena Eriksson,32635,923,38,FC Bayern Frauen,@little_smile4687,Goldwert für die Bundesliga!,14
YaqHg5RPrHY,Interview | Pernille Harder und Magdalena Eriksson,32635,923,38,FC Bayern Frauen,@giovannimartinez2014,"A lot of Swedish love Bayern. First Rolfo, Ilestedt, Glas, Jakobson, and now Magna. Big Swedish players that love Bayern so much",15
YaqHg5RPrHY,Interview | Pernille Harder und Magdalena Eriksson,32635,923,38,FC Bayern Frauen,@alrikmustermann6418,Was für ein überragener Doppel-Transfer 💪🏻❤️,40
YaqHg5RPrHY,Interview | Pernille Harder und Magdalena Eriksson,32635,923,38,FC Bayern Frauen,@onkeldodo29,Welcome❤,2
YaqHg5RPrHY,Interview | Pernille Harder und Magdalena Eriksson,32635,923,38,FC Bayern Frauen,@wathor,damit nun sicher guter mix aus internationaler erfahrung und nationalen talenten,36
YaqHg5RPrHY,Interview | Pernille Harder und Magdalena Eriksson,32635,923,38,FC Bayern Frauen,@Q2712g,Servus❤️,1
YaqHg5RPrHY,Interview | Pernille Harder und Magdalena Eriksson,32635,923,38,FC Bayern Frauen,@يومياتزنوبةالمحبوبة,❤,1
YaqHg5RPrHY,Interview | Pernille Harder und Magdalena Eriksson,32635,923,38,FC Bayern Frauen,@LinhNguyen-kt3xr,❤❤❤,1
YaqHg5RPrHY,Interview | Pernille Harder und Magdalena Eriksson,32635,923,38,FC Bayern Frauen,@saftigknaftig5633,💪❤️🤍🔥🔥🔥,1
YaqHg5RPrHY,Interview | Pernille Harder und Magdalena Eriksson,32635,923,38,FC Bayern Frauen,@susannesundin9659,Lycka till nu❤ lite nervös för er fast jag vet det kommer gå bra. 😊 Håller tummarna för er varje match.,6
YaqHg5RPrHY,Interview | Pernille Harder und Magdalena Eriksson,32635,923,38,FC Bayern Frauen,@bee23458,"Ich hoffe, dass auch die Talentförderung nicht zu kurz kommt…",10
YaqHg5RPrHY,Interview | Pernille Harder und Magdalena Eriksson,32635,923,38,FC Bayern Frauen,@lusianatan8314,"Looking forward to watch the games.  Next, initiation video please? 😂",3
YaqHg5RPrHY,Interview | Pernille Harder und Magdalena Eriksson,32635,923,38,FC Bayern Frauen,@marlieb9444,Servus ❤❤❤❤❤,3
YaqHg5RPrHY,Interview | Pernille Harder und Magdalena Eriksson,32635,923,38,FC Bayern Frauen,@zenrocks2584,Let's go P And M😊,8
YaqHg5RPrHY,Interview | Pernille Harder und Magdalena Eriksson,32635,923,38,FC Bayern Frauen,@zahnbustarhymez341,Pernille Harder looks slightly like Sophia Thiel,4
YaqHg5RPrHY,Interview | Pernille Harder und Magdalena Eriksson,32635,923,38,FC Bayern Frauen,@pixelony44,"Ich finde auch, immer mehr ausländische Spielerinnen nach Deutschland, auf das die jungen Talente in der U17 und U20 versauern.....Hoch lebe der Weitblick.......oder hab ich da was verwechselt???😂😯",2
YaqHg5RPrHY,Interview | Pernille Harder und Magdalena Eriksson,32635,923,38,FC Bayern Frauen,@Kattmatskal,I'm really looking forward to the new season 😃 Can't wait to see both of  you on the field together with the other girls 🥳,43
YaqHg5RPrHY,Interview | Pernille Harder und Magdalena Eriksson,32635,923,38,FC Bayern Frauen,@leni874,Wow die Beiden bringen so viel mit! Bayern wird alles zerreißen 💪🏼 Hab so Bock und freu mich auf die neue Saison ❤️🤍,48
I6Flgl5zFDA,Abschiede 2023 | FC Bayern Frauen,13139,363,33,FC Bayern Frauen,@يومياتزنوبةالمحبوبة,❤,1
I6Flgl5zFDA,Abschiede 2023 | FC Bayern Frauen,13139,363,33,FC Bayern Frauen,@Miragexxx,Kennt man eh alle net 😂🤣,1
I6Flgl5zFDA,Abschiede 2023 | FC Bayern Frauen,13139,363,33,FC Bayern Frauen,@MartaComplex,"Interested to see where they all end up. Emelyne Laurent really didn't get a fair chance, so hopefully she is contracted somewhere where she will be developed properly.",3
I6Flgl5zFDA,Abschiede 2023 | FC Bayern Frauen,13139,363,33,FC Bayern Frauen,@wathor,weiß ja nicht ob man fr. danner gerecht wird wenn man sie mit nem verurteiltem steuerhinterzieher vergleicht...,2
I6Flgl5zFDA,Abschiede 2023 | FC Bayern Frauen,13139,363,33,FC Bayern Frauen,@bobesch13,Schade schade benkhart und rudelic hätte ich behalten,1
I6Flgl5zFDA,Abschiede 2023 | FC Bayern Frauen,13139,363,33,FC Bayern Frauen,@dkanover,Saki Kumagai should have stayed 😢😢😢,7
I6Flgl5zFDA,Abschiede 2023 | FC Bayern Frauen,13139,363,33,FC Bayern Frauen,@chinopuyol5,😊 1:12,1
I6Flgl5zFDA,Abschiede 2023 | FC Bayern Frauen,13139,363,33,FC Bayern Frauen,@ROI-SALOMON,Mia san mia,3
I6Flgl5zFDA,Abschiede 2023 | FC Bayern Frauen,13139,363,33,FC Bayern Frauen,@fussball_9,Bitte antwortet,0
I6Flgl5zFDA,Abschiede 2023 | FC Bayern Frauen,13139,363,33,FC Bayern Frauen,@fussball_9,Danke ihr vier❤,10
I6Flgl5zFDA,Abschiede 2023 | FC Bayern Frauen,13139,363,33,FC Bayern Frauen,@robyk6944,Bayern ❤😂,4
6SEMnIuAzhw,FC Bayern verpflichtet Sam Mary Kerr,22883,631,32,FC Bayern Frauen,@يومياتزنوبةالمحبوبة,❤,0
6SEMnIuAzhw,FC Bayern verpflichtet Sam Mary Kerr,22883,631,32,FC Bayern Frauen,@30greenways,Sorry to see you leave Ibrox - but Bayern Munich is an opportunity to develop your game and I am sure you will bring your energetic qualities into the midfield for this bigger stage. WATP,1
6SEMnIuAzhw,FC Bayern verpflichtet Sam Mary Kerr,22883,631,32,FC Bayern Frauen,@chrisdieter9594,We welcome you with open arms!!!..💖,4
6SEMnIuAzhw,FC Bayern verpflichtet Sam Mary Kerr,22883,631,32,FC Bayern Frauen,@wathor,"looks, sounds, seems like a superb player and personality",4
6SEMnIuAzhw,FC Bayern verpflichtet Sam Mary Kerr,22883,631,32,FC Bayern Frauen,@Ollie46y,Weiß jemand ob pernilla harder jetzt zu Bayern wechselt?,1
6SEMnIuAzhw,FC Bayern verpflichtet Sam Mary Kerr,22883,631,32,FC Bayern Frauen,@JanozMaliskjevic,Sam Mary WER? Paralympics interessieren nicht!,1
6SEMnIuAzhw,FC Bayern verpflichtet Sam Mary Kerr,22883,631,32,FC Bayern Frauen,@alexandra-oz5vc,"Ich dachte, die holen declan rice...dann ist auf einmal einer da, den keiner kennt...",0
6SEMnIuAzhw,FC Bayern verpflichtet Sam Mary Kerr,22883,631,32,FC Bayern Frauen,@alexanderwalther7302,"Welcome Samantha, have a good time in Munich 😊😊",6
6SEMnIuAzhw,FC Bayern verpflichtet Sam Mary Kerr,22883,631,32,FC Bayern Frauen,@bernd3781,"Very warm welcome to 
FC BAYERN!!",11
6SEMnIuAzhw,FC Bayern verpflichtet Sam Mary Kerr,22883,631,32,FC Bayern Frauen,@SharonTheDexterGeorge,"Is this a fake Sam Kerr? Not the Chelsea one, ehh",2
6SEMnIuAzhw,FC Bayern verpflichtet Sam Mary Kerr,22883,631,32,FC Bayern Frauen,@chinopuyol5,Samantha kerr england was bbetter for you thanks 2:03,0
6SEMnIuAzhw,FC Bayern verpflichtet Sam Mary Kerr,22883,631,32,FC Bayern Frauen,@Tribble6hatch,WOW !!! <3,2
6SEMnIuAzhw,FC Bayern verpflichtet Sam Mary Kerr,22883,631,32,FC Bayern Frauen,@ROI-SALOMON,💝 Mia San Mia,3
6SEMnIuAzhw,FC Bayern verpflichtet Sam Mary Kerr,22883,631,32,FC Bayern Frauen,@pixelony44,"...und das tolle an der Geschichte ist, das die guten deutschen  Nachwuchstalente irgendwo versauern.... Hoch lebe der deusche Frauenfussball  mit internationale Beteiligung......so what...",0
6SEMnIuAzhw,FC Bayern verpflichtet Sam Mary Kerr,22883,631,32,FC Bayern Frauen,@JonasN90,"Herzlich Willkommen, alles Gute und viel Spaß hier bei Bayern München.",17
6SEMnIuAzhw,FC Bayern verpflichtet Sam Mary Kerr,22883,631,32,FC Bayern Frauen,@rsknoah739,Wann kommt eriksson und harder,5
6SEMnIuAzhw,FC Bayern verpflichtet Sam Mary Kerr,22883,631,32,FC Bayern Frauen,@sonnya.,"Schottlands Fußballerin des Jahres 2022 und das mit 24 Jahren, das hört sich richtig gut an. Ich wünsche ihr viel Erfolg.",42
6SEMnIuAzhw,FC Bayern verpflichtet Sam Mary Kerr,22883,631,32,FC Bayern Frauen,@saraselisn,Servus Sam,5
6SEMnIuAzhw,FC Bayern verpflichtet Sam Mary Kerr,22883,631,32,FC Bayern Frauen,@Q2712g,Welcome!,4
6SEMnIuAzhw,FC Bayern verpflichtet Sam Mary Kerr,22883,631,32,FC Bayern Frauen,@amazonja75,She looks like a mix between Georgia and Glodis,48
6SEMnIuAzhw,FC Bayern verpflichtet Sam Mary Kerr,22883,631,32,FC Bayern Frauen,@hajoos.8360,Jetzt haben die Lederhosen aber mal richtig hingelangt.,2
6SEMnIuAzhw,FC Bayern verpflichtet Sam Mary Kerr,22883,631,32,FC Bayern Frauen,@marlonherr8013,"Wer dachte noch zuetst das wär die von Chelsea?

Who else thought 1st it would be the one from Chelsea",13
6SEMnIuAzhw,FC Bayern verpflichtet Sam Mary Kerr,22883,631,32,FC Bayern Frauen,@Kattmatskal,"Hey Sam, welcome to Munich 👏☺",22
6SEMnIuAzhw,FC Bayern verpflichtet Sam Mary Kerr,22883,631,32,FC Bayern Frauen,@sammySHD,"my name is Samuel 👋
hello and Welcome in munich Sam Marie Kerr ‼️",6
6SEMnIuAzhw,FC Bayern verpflichtet Sam Mary Kerr,22883,631,32,FC Bayern Frauen,@lusianatan8314,Harder and eriksson announcement?,17
h0IqylZrOEY,Deutscher Meister 2023,10927,481,21,FC Bayern Frauen,@theoflieger1086,"Damit kann ich leben, weil dort wirklich
tolle Frauen spielen, allen voran 
Sydney Lohmann.
Wenn jetzt noch Laura Freigang kommt,
werde ich noch Bayern Fan, aber nur bei
den Frauen.",0
h0IqylZrOEY,Deutscher Meister 2023,10927,481,21,FC Bayern Frauen,@M4tti87,Dieses Jahr bitte wieder den Balkon für die Damen freimachen :D Egal ob die Jungs die CL gewinnen oder nicht.,1
h0IqylZrOEY,Deutscher Meister 2023,10927,481,21,FC Bayern Frauen,@سيمون-ر5ص,😂,1
h0IqylZrOEY,Deutscher Meister 2023,10927,481,21,FC Bayern Frauen,@rl0410,"Herzlichen Glückwunsch Mädels
Habt ihr euch so erkämpft und hart verdient❤🤍",4
h0IqylZrOEY,Deutscher Meister 2023,10927,481,21,FC Bayern Frauen,@peterstreiff3811,❤ Gratulation zum 🇩🇪🏆 an die *LADIES* des FC Bayern München! Liebe Grüsse aus der 🇨🇭,5
h0IqylZrOEY,Deutscher Meister 2023,10927,481,21,FC Bayern Frauen,@bennyklietzing900,🎉🎉🎉🎉,4
h0IqylZrOEY,Deutscher Meister 2023,10927,481,21,FC Bayern Frauen,@gurnoorsinghrandhawa3713,❤️🤍🔴⚪️,1
h0IqylZrOEY,Deutscher Meister 2023,10927,481,21,FC Bayern Frauen,@jonhyosbourne,What a incredible season for FC Bayern two-time champions of Bundesliga! This is our mentality WIN! 🏆🏆🔥,5
h0IqylZrOEY,Deutscher Meister 2023,10927,481,21,FC Bayern Frauen,@wilhelmspielendorf872,Glückwunsch Mädels zum Meistertitel und hoffe dass Ihr mehr erreichen könnt.,6
h0IqylZrOEY,Deutscher Meister 2023,10927,481,21,FC Bayern Frauen,@sammySHD,"❤️ FC Bayern München ⚽ Frauen ❤️ 👍 ‼️ deutsche Meisterinnen 2022-2023
DANKEschön & sonnige Grüße von der Nordseeküste",6
h0IqylZrOEY,Deutscher Meister 2023,10927,481,21,FC Bayern Frauen,@Q2712g,❤❤❤,5
h0IqylZrOEY,Deutscher Meister 2023,10927,481,21,FC Bayern Frauen,@wolfganghaas6870,Die Bayernmädels verzaubern uns auf und neben dem Platz. Toller Teamgeist sympathisch und immer mit vollem Ehrgeiz bei der Sache. Ich freue mich schon auf die WM mit euch. Gruß an alle Fans der Bayern Mädels ❤️👋😘⚽🇩🇪#MiaDanMia.,11
h0IqylZrOEY,Deutscher Meister 2023,10927,481,21,FC Bayern Frauen,@ROI-SALOMON,bravo mia san mia,4
h0IqylZrOEY,Deutscher Meister 2023,10927,481,21,FC Bayern Frauen,@bernd3781,"Congrats Ladies!! Champions of Germany - simply the Best!!🫶🫶🫶
Now let's try to rock Europe!!",7
h0IqylZrOEY,Deutscher Meister 2023,10927,481,21,FC Bayern Frauen,@hajoos.8360,"Auch die Bayern dürfen sich mal freuen, vollkommen in Ordnung. Nicht so langweilig, wie in der Männerliga. Ist immer witzig, Frau Gwinn quiekt am lautesten. Schönes Video übrigens, FCBayern-TV. Ich persönlich bin froh, daß Frau Lohmann nach der letzten Verletzung bis hier unverletzt durchgekommen ist. Im Bayern-Kader ist Sie diejenige, die mit dem stärksten Einsatz & unbändigem Willen kämpft. Da kommt in der gesamten Liga nur noch Frau Popp mit.",1
h0IqylZrOEY,Deutscher Meister 2023,10927,481,21,FC Bayern Frauen,@psychedelic951,"großartige saison mädels. und in der neuen saison wird richtig angegriffen, besonders in der champions league. ihr schafft das",22
h0IqylZrOEY,Deutscher Meister 2023,10927,481,21,FC Bayern Frauen,@salemberghab,♥️🤍♥️🤍♥️,5
h0IqylZrOEY,Deutscher Meister 2023,10927,481,21,FC Bayern Frauen,@dominikbenz8349,Hammer Video mega cool freue mich mit Glückwunsch,8
h0IqylZrOEY,Deutscher Meister 2023,10927,481,21,FC Bayern Frauen,@Tinka-wc5nr,Nice gemacht.hab auch mit meiner Mannschaft die Liga geholt .irgendwann will ich auch Bundesligen spielen,4
h0IqylZrOEY,Deutscher Meister 2023,10927,481,21,FC Bayern Frauen,@chrisforever1255,"Bravo Mädels - das habt Ihr Euch richtig verdient!
Grüße aus Westfalen!",11
93q0YEy5JLY,Bis 2024 | Maxi Rall verlängert Vertrag,3458,220,13,FC Bayern Frauen,@rileyxxxx,gut zu sehen dass sie in chicago stammspielerin ist.,0
93q0YEy5JLY,Bis 2024 | Maxi Rall verlängert Vertrag,3458,220,13,FC Bayern Frauen,@يومياتزنوبةالمحبوبة,😢😊,0
93q0YEy5JLY,Bis 2024 | Maxi Rall verlängert Vertrag,3458,220,13,FC Bayern Frauen,@ASM_19-j3f,Use me as a ☕ button,1
93q0YEy5JLY,Bis 2024 | Maxi Rall verlängert Vertrag,3458,220,13,FC Bayern Frauen,@hajoos.8360,"1,80 Größe können nur wenige Spieler in der Frauen-Liga vorweisen, nur Camilla Köver, die von Frankfurt nach Wolfsburg wechselt, ist mit 1,84 noch etwas größer. Daß Frau Rall extrem kopfballstark ist, bleibt sicher wichtig für den FC Bayern.",1
93q0YEy5JLY,Bis 2024 | Maxi Rall verlängert Vertrag,3458,220,13,FC Bayern Frauen,@chaosknight1899,Unglaublich wichtig,3
93q0YEy5JLY,Bis 2024 | Maxi Rall verlängert Vertrag,3458,220,13,FC Bayern Frauen,@martinsalfer450,Warum nur ein Jahr?,2
93q0YEy5JLY,Bis 2024 | Maxi Rall verlängert Vertrag,3458,220,13,FC Bayern Frauen,@domenikmannig8665,Eine schöne Nachricht,3
93q0YEy5JLY,Bis 2024 | Maxi Rall verlängert Vertrag,3458,220,13,FC Bayern Frauen,@sonnya.,"Top, das freut mich😊",2
93q0YEy5JLY,Bis 2024 | Maxi Rall verlängert Vertrag,3458,220,13,FC Bayern Frauen,@rl0410,Jawoll😍,4
93q0YEy5JLY,Bis 2024 | Maxi Rall verlängert Vertrag,3458,220,13,FC Bayern Frauen,@xKillahz,Maxi 💪,6
93q0YEy5JLY,Bis 2024 | Maxi Rall verlängert Vertrag,3458,220,13,FC Bayern Frauen,@lucki_metal6850,Richtig und Wichtig! 👍👍👍,7
93q0YEy5JLY,Bis 2024 | Maxi Rall verlängert Vertrag,3458,220,13,FC Bayern Frauen,@Fragnicht22,Beste Nachricht des Tages! 🥹🤩🔴⚪️🔥💪,14
eg-5uw9Selw,"1:1 Talk mit Abteilungsleiterin Bianca „Jay"" Rech",2547,134,4,FC Bayern Frauen,@carolinapopovic2129,💣💣💣💣💣💣💣💣,0
eg-5uw9Selw,"1:1 Talk mit Abteilungsleiterin Bianca „Jay"" Rech",2547,134,4,FC Bayern Frauen,@hajoos.8360,"Ja, man hat es geschafft, die Synergie beim FC Bayern für die Frauen im Trainingsbereich zu nutzen. Allerdings muß man festhalten, daß es Frau Rech nicht geschafft hat, Bundesliga-Spitzenspiele aus dem Campus weg zu verlegen. Man spielt gegen den VFL oder die Eintracht vor 2.500 Zuschauern, das ist ein schlechter Witz, auch für die Frauen-Mannschaft selbst. Mehr direkte Reichweite wäre möglich, wird aber nicht genutzt. Es muß ja nicht die Allianz-Arena sein. 1860 oder die B-Mannschaft der Bayern-Herren spielen im Grünwalder Stadion. Das wäre auch für Spitzenspiele der Frauenbundesliga angemessen. Desweiteren spart der Verein an der Torwart-Position. Wenn der Trainer der Meinung ist, Frau Benkarth sei nicht gut genug, seine Entscheidung. Aber Frau Grohs ist es auch nicht. Sie ist zwar ein Talent, aber, wohl aufgrund des Alters noch zu unsicher. Das fällt bei der besten Abwehr der Liga zwar bei Liga-Spielen nicht so auf, aber international ist da Schluß mit lustig. 1 oder 2 fette Klopper in jedem Spiel kann sich da bei dieser Position kein Verein leisten. Abseits von Frau Frohms, gibt es locker 3 oder 4 weibliche Torwarte in der Liga, die aktuell noch stetigere Leistungen bringen als Frau Grohs, zB Frau Johannes von Eintracht Frankfurt kommt in der Spielweise Frau Frohms am nächsten. Das Rückrunden-Spiel gegen den VFL auf dem Campus zeigte doch deutlich, was ein Weltklasse-Torwart für einen Unterschied macht. Abgesehen davon, daß das 1:0 glücklich war, denn der größte Treter der Liga, Frau Viggósdóttir, hätte beim Einsatz gegen Frau Waßmuth im Bayern-16er Rot sehen müssen + 11Meter. Der VFL spielte beschissen. Aber wäre Frau Grohs im VFL-Tor gestanden, hätte der FC Bayern locker, also locker mit 4:0, bzw. 4:1 gewonnen.",0
eg-5uw9Selw,"1:1 Talk mit Abteilungsleiterin Bianca „Jay"" Rech",2547,134,4,FC Bayern Frauen,@Kattmatskal,Schöner Talk mit Jay. Danke dafür 😃,4
eg-5uw9Selw,"1:1 Talk mit Abteilungsleiterin Bianca „Jay"" Rech",2547,134,4,FC Bayern Frauen,@fussball_9,Fc Bayern deutscher meister❤🤍💙 bitte antwortet😂,9
HWAks9BGxxI,"Karin Danner: Pionierin, Strategin, Visionärin | Dokumentation",3487,201,10,FC Bayern Frauen,@ROI-SALOMON,mia san mia,0
HWAks9BGxxI,"Karin Danner: Pionierin, Strategin, Visionärin | Dokumentation",3487,201,10,FC Bayern Frauen,@FrogwomanOrgReloaded,Danke für die interessante Doku!,2
HWAks9BGxxI,"Karin Danner: Pionierin, Strategin, Visionärin | Dokumentation",3487,201,10,FC Bayern Frauen,@The_punisher-z3k,Respekt an diese Frau 😢,1
HWAks9BGxxI,"Karin Danner: Pionierin, Strategin, Visionärin | Dokumentation",3487,201,10,FC Bayern Frauen,@kstube7874,"Vielen Dank für den unermüdlichen Einsatz für den Frauenfußball und viele Grüße aus Worms. Würde mich freuen, diese am Sonntag auch persönlich überbringen zu können.",0
HWAks9BGxxI,"Karin Danner: Pionierin, Strategin, Visionärin | Dokumentation",3487,201,10,FC Bayern Frauen,@MartaComplex,"Amazing woman and pioneer. This was a very moving documentary. It took real bravery to play in those early days and the struggle is still ongoing, as we continue to face rampant sexism and entrenched inequalities within women's football. Karin's drive and determination is an inspiration. She found a way when all doors seemed to be shut. Alles Gute Karin und viel Glück",4
HWAks9BGxxI,"Karin Danner: Pionierin, Strategin, Visionärin | Dokumentation",3487,201,10,FC Bayern Frauen,@bernd3781,"Riesen Respekt!! Pionier(innen) sind halt immer ihrer Zeit weit voraus! 
Alles Gute & liebe Grüße!!🫶",2
HWAks9BGxxI,"Karin Danner: Pionierin, Strategin, Visionärin | Dokumentation",3487,201,10,FC Bayern Frauen,@gerdguellmar7168,Niemals geht man so ganz.,4
HWAks9BGxxI,"Karin Danner: Pionierin, Strategin, Visionärin | Dokumentation",3487,201,10,FC Bayern Frauen,@leamayer5643,❤❤,2
HWAks9BGxxI,"Karin Danner: Pionierin, Strategin, Visionärin | Dokumentation",3487,201,10,FC Bayern Frauen,@bennyklietzing900,❤❤❤,2
HWAks9BGxxI,"Karin Danner: Pionierin, Strategin, Visionärin | Dokumentation",3487,201,10,FC Bayern Frauen,@robyk6944,Servss. Bayern ❤👋,5
CSLZggn6m5c,1:1 Talk mit Glódís und Karólína auf Deutsch,33864,932,42,FC Bayern Frauen,@archstanton4365,Pustekuken,0
CSLZggn6m5c,1:1 Talk mit Glódís und Karólína auf Deutsch,33864,932,42,FC Bayern Frauen,@plc20100,💓,0
CSLZggn6m5c,1:1 Talk mit Glódís und Karólína auf Deutsch,33864,932,42,FC Bayern Frauen,@StefanB-vv5eu,"Bin zwar Wölfinnen Fan 💚🐺💚 aber eben auch ein Riesenfan von Glodis und Karolina. Freue mich schon wie Bolle, die Beiden in der neuen Saison im Karli wieder live zu sehen. Zähle schon die Tage bis zum 30. August",1
CSLZggn6m5c,1:1 Talk mit Glódís und Karólína auf Deutsch,33864,932,42,FC Bayern Frauen,@Test_ABCDEF,"@MrPackoTV
vor 7 Monaten
Die 2 sind echt süss. Mega tolles Interview.",4
CSLZggn6m5c,1:1 Talk mit Glódís und Karólína auf Deutsch,33864,932,42,FC Bayern Frauen,@LarsNeuhaus-x4r,Beide sprechen ein sehr gutes Deutsch und sind sehr sympathisch ❤❤❤❤,3
CSLZggn6m5c,1:1 Talk mit Glódís und Karólína auf Deutsch,33864,932,42,FC Bayern Frauen,@kevinschrempf6568,Karolina ist so süß 😍😍😍,1
CSLZggn6m5c,1:1 Talk mit Glódís und Karólína auf Deutsch,33864,932,42,FC Bayern Frauen,@JonasStahr,Vigosdottir ist echt cool am Ball Villjansdottir war gut bei bayern war schön euch in Potsdam letzte sassion auf dem Feld sehen zu können 😊,0
CSLZggn6m5c,1:1 Talk mit Glódís und Karólína auf Deutsch,33864,932,42,FC Bayern Frauen,@axelsalinas4623,Te amo Lea:),1
CSLZggn6m5c,1:1 Talk mit Glódís und Karólína auf Deutsch,33864,932,42,FC Bayern Frauen,@pancakemoon8606,"Sie sprechen so gut Deutsch, wahnsinn !",7
CSLZggn6m5c,1:1 Talk mit Glódís und Karólína auf Deutsch,33864,932,42,FC Bayern Frauen,@helmer9769,"wirklich sehr sympathisch, hab ich fast schon ein schlechtes gewissen das ich frauenfussball nix abgewinnen kann.",1
CSLZggn6m5c,1:1 Talk mit Glódís und Karólína auf Deutsch,33864,932,42,FC Bayern Frauen,@larsrunge3537,Sehr gutes Deutsch.,4
CSLZggn6m5c,1:1 Talk mit Glódís und Karólína auf Deutsch,33864,932,42,FC Bayern Frauen,@edwardfranz2640,So Beautiful ❤❤❤,3
CSLZggn6m5c,1:1 Talk mit Glódís und Karólína auf Deutsch,33864,932,42,FC Bayern Frauen,@chambreleon,"Chapeau, so ein Gutes Deutsch habe ich wirklich nicht erwartet. 
Dazu noch beide super sympathisch, bodenständig und natürlich, offen und humorvoll. Tolles Video und danke für die Interviews. 
Gerne auch mehr davon 😊
Tolles video",9
CSLZggn6m5c,1:1 Talk mit Glódís und Karólína auf Deutsch,33864,932,42,FC Bayern Frauen,@bernd2220,"Klingt jetzt vielleicht komisch, doch ich schaue mir Frauen-Fußball nicht nur wegen der wirklich sehenswerten Spielzüge und ständig besser werdenden Technik an, sondern auch wegen meines Eindrucks, dass hier Menschen agieren, die einen hervorragenden Charakter und eine tolle Lebenseinstellung mitbringen. Die beiden Isländerinnen vermitteln das eindrucksvoll, wobei man viele weitere Spielerinnen von Bayern und allen anderen Vereinen als Beispiel heranziehen könnte ✌🏼. Sie strahlen unendlich viel Lebensfreude und Tiefgang aus 👍🏼.
Hoffentlich hält der Aufschwung im Frauen-Fußball weiterhin an 🙏🏻. Es wurde höchste Zeit…",11
CSLZggn6m5c,1:1 Talk mit Glódís und Karólína auf Deutsch,33864,932,42,FC Bayern Frauen,@bernd3781,"Respekt! Euer Hochdeutsch ist besser als meins!!😅 
Sehr sympathisch, und ab Samstag ""Deutsche Meister(innen)!!""🫶🫶",5
CSLZggn6m5c,1:1 Talk mit Glódís und Karólína auf Deutsch,33864,932,42,FC Bayern Frauen,@fussball_9,Fc Bayern Frauen ❤💙🤍,3
CSLZggn6m5c,1:1 Talk mit Glódís und Karólína auf Deutsch,33864,932,42,FC Bayern Frauen,@sonnya.,"Zwei tolle Personen und Fußballspielerinnen. Viggósdóttir ist aus der Bayern Mannschaft nicht mehr wegzudenken, dazu ist sie  noch Islands Fußballerin des Jahres 2022. Für die beiden Spielerinnen zwei ❤❤ von mir.",6
CSLZggn6m5c,1:1 Talk mit Glódís und Karólína auf Deutsch,33864,932,42,FC Bayern Frauen,@MrIcelander,Öhm...Sveindís?? 😉,1
CSLZggn6m5c,1:1 Talk mit Glódís und Karólína auf Deutsch,33864,932,42,FC Bayern Frauen,@klaus7227,Sehr sympathisch. Mit diesem guten Deutsch sollten sie mal Sveindis coachen. 😊💚,8
CSLZggn6m5c,1:1 Talk mit Glódís und Karólína auf Deutsch,33864,932,42,FC Bayern Frauen,@hajoos.8360,Ich würde Glódís Viggósdóttir nicht wirklich für PR nutzen. Sie ist der größte Treter in der Bundesliga.,0
CSLZggn6m5c,1:1 Talk mit Glódís und Karólína auf Deutsch,33864,932,42,FC Bayern Frauen,@Q2712g,❤❤❤,1
CSLZggn6m5c,1:1 Talk mit Glódís und Karólína auf Deutsch,33864,932,42,FC Bayern Frauen,@lou1samarie,"bin wolfsburg fan aber finde karólína so toll auf und neben dem platz, sie ist so eine gute und sympathische fußballerin und ich hoffe, dass sie in zukunft mehr spielzeit bekommt",8
CSLZggn6m5c,1:1 Talk mit Glódís und Karólína auf Deutsch,33864,932,42,FC Bayern Frauen,@davewright8206,"glodis the viking , she is a great defender",7
CSLZggn6m5c,1:1 Talk mit Glódís und Karólína auf Deutsch,33864,932,42,FC Bayern Frauen,@Kattmatskal,Super sympathisch die beiden Mädels 🤩. Lasst die Beiden bloß niemals gehen @FC Bayern Frauen ☺,20
CSLZggn6m5c,1:1 Talk mit Glódís und Karólína auf Deutsch,33864,932,42,FC Bayern Frauen,@jurgenrosenberg4748,Top Mädels. Weiterhin verletzungsfreie und erfolgreiche Saison ❤für die Aussage lieber Titel mit Heimatland brauch man [ Frau] sich nicht entschuldigen,13
CSLZggn6m5c,1:1 Talk mit Glódís und Karólína auf Deutsch,33864,932,42,FC Bayern Frauen,@Jeremy_YT1,Die beiden sind so toll 😊,8
CSLZggn6m5c,1:1 Talk mit Glódís und Karólína auf Deutsch,33864,932,42,FC Bayern Frauen,@JoseAvila-oi5bg,🇪🇸👑👑🙏🙏👋👋😃😃,3
CSLZggn6m5c,1:1 Talk mit Glódís und Karólína auf Deutsch,33864,932,42,FC Bayern Frauen,@gabrielsirialevario3505,❤😍,5
CSLZggn6m5c,1:1 Talk mit Glódís und Karólína auf Deutsch,33864,932,42,FC Bayern Frauen,@yannickpetras214,Karolina finde ich echt süß  und sehr sympathisch ❤😊,29
CSLZggn6m5c,1:1 Talk mit Glódís und Karólína auf Deutsch,33864,932,42,FC Bayern Frauen,@lottabienert8064,Die beiden sind unglaublich sympathisch und bodenständig 🥰 und großartige Fußballerinnen ☺️,71
CSLZggn6m5c,1:1 Talk mit Glódís und Karólína auf Deutsch,33864,932,42,FC Bayern Frauen,@jorg4443,"Ich bin 🐺💚 Fan, aber ich liebe Bayern und ich bin glücklich, dass Bayern so viel in den Fußball ⚽ der Frauen steckt! Auf viele Duelle more to come ❤️❤️❤️",55
CSLZggn6m5c,1:1 Talk mit Glódís und Karólína auf Deutsch,33864,932,42,FC Bayern Frauen,@frankdemmer9808,Respekt - beide sprechen richtig gutes Deutsch👍 und jetzt erstmal die Meisterschaft gewinnen. In der nächsten Saison kann man sich dann gerne dem Ziel Triple widmen 😉,60
CSLZggn6m5c,1:1 Talk mit Glódís und Karólína auf Deutsch,33864,932,42,FC Bayern Frauen,@Justin-ii6xh,Beide sprechen sehr gut.,26
CSLZggn6m5c,1:1 Talk mit Glódís und Karólína auf Deutsch,33864,932,42,FC Bayern Frauen,@Salz1usTox1cus,Wikinger Frauen 💪💪💪,9
Or6KuL7zXV0,INSIDE MEXICO | FC Bayern Women's Tour,9337,400,9,FC Bayern Frauen,@يومياتزنوبةالمحبوبة,❤😊,0
Or6KuL7zXV0,INSIDE MEXICO | FC Bayern Women's Tour,9337,400,9,FC Bayern Frauen,@PasionBayern,Uno de los mejores dias para Fc Bayern Ciudad de México 🇲🇽😍,2
Or6KuL7zXV0,INSIDE MEXICO | FC Bayern Women's Tour,9337,400,9,FC Bayern Frauen,@CausaFuroris,Great video -- thanks!,1
Or6KuL7zXV0,INSIDE MEXICO | FC Bayern Women's Tour,9337,400,9,FC Bayern Frauen,@احمدالخفاجيإبنالناصرية,❤❤❤,1
Or6KuL7zXV0,INSIDE MEXICO | FC Bayern Women's Tour,9337,400,9,FC Bayern Frauen,@inotoni6148,"War erstaunlich zu sehen, daß Tigres dominierend war und auch gewonnen haben. Die hatten eine Leichtigkeit, Präzision und Schnelligkeit, die bei deutschen Manschaften fehlt. Vielleicht könnten sie einige Dinge von den Mexikanerinnen übernehmen um in Europa vorne zu sein",4
Or6KuL7zXV0,INSIDE MEXICO | FC Bayern Women's Tour,9337,400,9,FC Bayern Frauen,@NJ_Junior,Mehr solcher Dokumentationen 🥰 schaue ich mir immer wieder gerne an,14
Or6KuL7zXV0,INSIDE MEXICO | FC Bayern Women's Tour,9337,400,9,FC Bayern Frauen,@heikeweinberg6823,❤❤❤ so sympathisch die FC Bayern Frauen❤❤❤,8
eBQjEDh1EOI,Behind the Scenes | FC Bayern - Arsenal WFC | Allianz Arena,8467,416,9,FC Bayern Frauen,@rebeccabonet4359,"Cooles Video :)
Das Spiel wirkt so viel schneller, bei dieser anderen Kameraführung, krass 😅",0
eBQjEDh1EOI,Behind the Scenes | FC Bayern - Arsenal WFC | Allianz Arena,8467,416,9,FC Bayern Frauen,@finnbogivikar1292,Glódís Perla Viggósdóttir was solid,1
eBQjEDh1EOI,Behind the Scenes | FC Bayern - Arsenal WFC | Allianz Arena,8467,416,9,FC Bayern Frauen,@fratbebe-lt7ol,Mia San Mia ❤️🤍,1
eBQjEDh1EOI,Behind the Scenes | FC Bayern - Arsenal WFC | Allianz Arena,8467,416,9,FC Bayern Frauen,@kaneda_otomo,Packmas girls 🫶,1
eBQjEDh1EOI,Behind the Scenes | FC Bayern - Arsenal WFC | Allianz Arena,8467,416,9,FC Bayern Frauen,@framesofabrick6201,"Ich war da, ein absolut Wahnsinns-Erlebnis! Jetzt macht am Mittwoch das Halbfinale klar!❤🤍",7
eBQjEDh1EOI,Behind the Scenes | FC Bayern - Arsenal WFC | Allianz Arena,8467,416,9,FC Bayern Frauen,@sammySHD,❤ B A Y E R N ⚽ Frauen ‼️,2
eBQjEDh1EOI,Behind the Scenes | FC Bayern - Arsenal WFC | Allianz Arena,8467,416,9,FC Bayern Frauen,@thomasclaus5009,Viel Erfolg und Glück ihr 🔴⚪,5
eBQjEDh1EOI,Behind the Scenes | FC Bayern - Arsenal WFC | Allianz Arena,8467,416,9,FC Bayern Frauen,@hajoos.8360,Die Bilder sind gut eingefangen.....,1
eBQjEDh1EOI,Behind the Scenes | FC Bayern - Arsenal WFC | Allianz Arena,8467,416,9,FC Bayern Frauen,@bennyklietzing900,Unser Mädel gewinnt  das Spiel,5
8QiAR_Gn39U,Rot gegen Rassismus | FC Bayern - FC Arsenal am internationalen Tag gegen Rassismus,3714,254,8,FC Bayern Frauen,@johnrambo8404,Habt ihr seit Katar nichts gelernt? Macht ihr immer noch weiter mit diesen sinnlosen Scheiß Aktionen.,0
8QiAR_Gn39U,Rot gegen Rassismus | FC Bayern - FC Arsenal am internationalen Tag gegen Rassismus,3714,254,8,FC Bayern Frauen,@hajoos.8360,"Vereine sollten sich aus der Politik raushalten. Das macht den Sport auch weniger verwundbar gegen politische Entscheidungen. Rassismus gegen Weiße ist am meisten legitimiert. Und Uli Hoeneß hat sich am Nockherberg nicht gerade mit Ruhm bekleckert, wenn er an den falschen Stellen klatscht.",4
8QiAR_Gn39U,Rot gegen Rassismus | FC Bayern - FC Arsenal am internationalen Tag gegen Rassismus,3714,254,8,FC Bayern Frauen,@kofiabakah7959,"Great team, Danke",5
8QiAR_Gn39U,Rot gegen Rassismus | FC Bayern - FC Arsenal am internationalen Tag gegen Rassismus,3714,254,8,FC Bayern Frauen,@robyk6944,BVB🇩🇪,1
8QiAR_Gn39U,Rot gegen Rassismus | FC Bayern - FC Arsenal am internationalen Tag gegen Rassismus,3714,254,8,FC Bayern Frauen,@robyk6944,Bayern 🇩🇪,5
O-i8KtmUf28,FCB-Frauen vs. FC Arsenal | 21.03. in der Allianz Arena,3598,203,10,FC Bayern Frauen,@keekkrdkdk8590,Für Stadt und Verein❤️🤍,0
O-i8KtmUf28,FCB-Frauen vs. FC Arsenal | 21.03. in der Allianz Arena,3598,203,10,FC Bayern Frauen,@naturfilmerdrohne,Hab schon Tickets in der Südkurve,0
O-i8KtmUf28,FCB-Frauen vs. FC Arsenal | 21.03. in der Allianz Arena,3598,203,10,FC Bayern Frauen,@hajoos.8360,"Wir können es kaum erwarten. Frauenfußball ist wie Weihnachten, mal gucken, was drinne ist in den Geschenken, beim auspacken. Und die Päckchen sind einfach noch mit Liebe gemacht, etwas, was ich beim Männersport vermisse.",0
O-i8KtmUf28,FCB-Frauen vs. FC Arsenal | 21.03. in der Allianz Arena,3598,203,10,FC Bayern Frauen,@nicogottschalck1703,Mädels ihr packt das 👍👍👍 Liebe Grüsse aus Wolfsburg 💚 wir spielen dann das Traumfinale,1
O-i8KtmUf28,FCB-Frauen vs. FC Arsenal | 21.03. in der Allianz Arena,3598,203,10,FC Bayern Frauen,@Frauenfußball_support,Lest Go Mädels holt euch den Sieg ich freue mich schon ❤,1
O-i8KtmUf28,FCB-Frauen vs. FC Arsenal | 21.03. in der Allianz Arena,3598,203,10,FC Bayern Frauen,@sammySHD,B A Y E R N ⚽ Frauen‼️,3
O-i8KtmUf28,FCB-Frauen vs. FC Arsenal | 21.03. in der Allianz Arena,3598,203,10,FC Bayern Frauen,@thomasclaus5009,Das könnt ihr schaffen 🔴⚪,3
O-i8KtmUf28,FCB-Frauen vs. FC Arsenal | 21.03. in der Allianz Arena,3598,203,10,FC Bayern Frauen,@wolfganghaas6870,"Mädels Ihr packt das 👍 mit Kampf, Ehrgeiz, Einstellung und Siegeswillen. Forever number one. Wir stehen zusammen und fallen zusammen. Nur der Stern des Südens nicht. #MiaSanMia",2
O-i8KtmUf28,FCB-Frauen vs. FC Arsenal | 21.03. in der Allianz Arena,3598,203,10,FC Bayern Frauen,@ROI-SALOMON,Mia San Mia ❤️ ❤️,3
O-i8KtmUf28,FCB-Frauen vs. FC Arsenal | 21.03. in der Allianz Arena,3598,203,10,FC Bayern Frauen,@aliganyiraherbert5713,"🔥🔥🔥 #more respect # Bavarian Gold 🏅🏅
@ team Bayern Munich forever 🇩🇪🇩🇪🇩🇪
🤝⚽️⚽️football is a life giver",2
rBy63C4ezz8,"Danke, Carry | FC Bayern verabschiedet Carina Wenninger",5025,246,10,FC Bayern Frauen,@roland.f,Viel Glück auf deinem weiteren Weg und danke für die lange Zeit im Club.,0
rBy63C4ezz8,"Danke, Carry | FC Bayern verabschiedet Carina Wenninger",5025,246,10,FC Bayern Frauen,@sammySHD,"Vielen lieben DANKEschön für deine / ihre Zeit,die Spiele, die Hingabe für die ❤️FC Bayern München ⚽ Frauen & Gottes reichen Segen für ihren weiteren Lebensweg liebe Carina Wenninger 👍",2
rBy63C4ezz8,"Danke, Carry | FC Bayern verabschiedet Carina Wenninger",5025,246,10,FC Bayern Frauen,@fussball_9,Alles gute⚽️⚽️🧡🧡🧡❤,1
rBy63C4ezz8,"Danke, Carry | FC Bayern verabschiedet Carina Wenninger",5025,246,10,FC Bayern Frauen,@braiancordoba5983,🇩🇪🇩🇪🏆🏆🏆🏅🏅🌷🌷🌷🖒🖒🖒,0
rBy63C4ezz8,"Danke, Carry | FC Bayern verabschiedet Carina Wenninger",5025,246,10,FC Bayern Frauen,@Kattmatskal,"Danke für alles, Carina und nur das Beste für deinen weiteren Weg ☺",3
rBy63C4ezz8,"Danke, Carry | FC Bayern verabschiedet Carina Wenninger",5025,246,10,FC Bayern Frauen,@ROI-SALOMON,Mia San Mia ❤️❤️,2
rBy63C4ezz8,"Danke, Carry | FC Bayern verabschiedet Carina Wenninger",5025,246,10,FC Bayern Frauen,@hajoos.8360,"Wie so viele Kickerinnen, ein schöner Mensch...",4
rBy63C4ezz8,"Danke, Carry | FC Bayern verabschiedet Carina Wenninger",5025,246,10,FC Bayern Frauen,@wolfganghaas6870,"Hi Carina, wünsche dir alles gute auf deinem weiteren Lebensweg. Danke für deinen Einsatz über die vielen schönen erfolgreichen Jahre 😘🙋👋 #MiaSanMia",3
rBy63C4ezz8,"Danke, Carry | FC Bayern verabschiedet Carina Wenninger",5025,246,10,FC Bayern Frauen,@aliganyiraherbert5713,"Wow...💪💪💪 Congratulations # team the Germany dream 🇩🇪🇩🇪🇩🇪#
More respect @🤝peace and love",3
rBy63C4ezz8,"Danke, Carry | FC Bayern verabschiedet Carina Wenninger",5025,246,10,FC Bayern Frauen,@chrisforever1255,"Alles Gute Carina und vielen Dank für Deinen jahrelangen Einsatz!
Grüße aus Westfalen",13
U8InCpF6T7c,INSIDE | FCB-Frauen Trainingslager,18765,608,17,FC Bayern Frauen,@tobiasdiese2257,Tobias Diese,1
U8InCpF6T7c,INSIDE | FCB-Frauen Trainingslager,18765,608,17,FC Bayern Frauen,@fratbebe-lt7ol,Love ❤️🤍,0
U8InCpF6T7c,INSIDE | FCB-Frauen Trainingslager,18765,608,17,FC Bayern Frauen,@سناباتحوري,حصريا,0
U8InCpF6T7c,INSIDE | FCB-Frauen Trainingslager,18765,608,17,FC Bayern Frauen,@renemeier6103,Ich hoffe die sch... verlieren gegen Hoffenheim. Haben mich 1500 Euro gekostet weil sie scheisse Fussballerinnern sind. Das die Geld für den Dreck bezahlt bekommen ist ne Frechheit gegenüber allen Menschen die Arbeiten.,0
U8InCpF6T7c,INSIDE | FCB-Frauen Trainingslager,18765,608,17,FC Bayern Frauen,@renemeier6103,Leider noch lange keine gute Mannschaft. Zeigt das Pokalspiel gerade. Mit so ner schlechten Leistung auf Platz 2 is schon lächerlich.,0
U8InCpF6T7c,INSIDE | FCB-Frauen Trainingslager,18765,608,17,FC Bayern Frauen,@AndreasGamesTV,Herzlichen Glückwunsch dem FCB zum Geburtstag 🐞🍀,0
U8InCpF6T7c,INSIDE | FCB-Frauen Trainingslager,18765,608,17,FC Bayern Frauen,@yannickpetras214,Ja da wäre ich auch gerne dabei gewesen 😄⚽️,1
U8InCpF6T7c,INSIDE | FCB-Frauen Trainingslager,18765,608,17,FC Bayern Frauen,@Frauenfußball_support,Love ich liebe diese Mannschaft ❤,2
U8InCpF6T7c,INSIDE | FCB-Frauen Trainingslager,18765,608,17,FC Bayern Frauen,@sammySHD,4:37 🇬🇧 Georgia Stanway,2
U8InCpF6T7c,INSIDE | FCB-Frauen Trainingslager,18765,608,17,FC Bayern Frauen,@riccieugenio7342,When will Giulia Gwinn come back?,2
U8InCpF6T7c,INSIDE | FCB-Frauen Trainingslager,18765,608,17,FC Bayern Frauen,@sammySHD,"❤️ FC Bayern München ⚽ Frauen ‼️
0:24 🇦🇹 Sarah Zadrazil (unsere 25)",2
U8InCpF6T7c,INSIDE | FCB-Frauen Trainingslager,18765,608,17,FC Bayern Frauen,@hajoos.8360,"Bayern macht es besser. Mit Mädels aus Katar, einem offensichtlich anderem Kulturraum, zu kicken ist besser, als sich über den Sponsor Saudi-Arabien zu beschweren. Die Bayern-Diven sind immer sympathisch, immer ein Hingucker. Die Verpflichtung von Georgia Stanway ist immer noch ein gelungener Coup. Seit ein paar hundert Jahren kann ich endlich wieder mal einen Engländer sehr sympathisch finden. Danke Bayern. Syd, Syd, Syd, gib Ball..... Carol Simon hat wirklich einen Blick für bewegte Bilder.... jetzt müßt Ihr den Insulanern erstmal zeigen wo die Weißwurscht zuhause ist. Ich werde mitfiebern.......",4
U8InCpF6T7c,INSIDE | FCB-Frauen Trainingslager,18765,608,17,FC Bayern Frauen,@bernd3781,"Congrats! No pain, no gain! Bring the action! 💪💪",5
U8InCpF6T7c,INSIDE | FCB-Frauen Trainingslager,18765,608,17,FC Bayern Frauen,@ASFMitchelProductions,"Good morning from a fan in Indiana, USA",2
U8InCpF6T7c,INSIDE | FCB-Frauen Trainingslager,18765,608,17,FC Bayern Frauen,@NJ_Junior,Mehr davon! Diese Videos mag ich am meisten,18
U8InCpF6T7c,INSIDE | FCB-Frauen Trainingslager,18765,608,17,FC Bayern Frauen,@سيمون-ر5ص,حصريا,1
U8InCpF6T7c,INSIDE | FCB-Frauen Trainingslager,18765,608,17,FC Bayern Frauen,@Kattmatskal,Vielen Dank für die Einblicke ins Trainingslager der Mädels 😃 Freu mich schon auf weiteren Content 🥳,19
n9np4pWvjN8,🔴 LIVE: Tigres Femenil vs. FC Bayern | Friendly (with Spanish commentary),74004,1414,48,FC Bayern Frauen,@blasgarcia6156,Tigres masculino qedo en la final con baller Munich y la femenyl lla Les gano,0
n9np4pWvjN8,🔴 LIVE: Tigres Femenil vs. FC Bayern | Friendly (with Spanish commentary),74004,1414,48,FC Bayern Frauen,@conillet,"El comentarista nunca se entera de que en la segunda mitad la portera del Bayern no era Laura Benkhart sino Maria Luisa Grohs.
Me han gustado mucho las Tigres, hay talento en este equipo.",1
n9np4pWvjN8,🔴 LIVE: Tigres Femenil vs. FC Bayern | Friendly (with Spanish commentary),74004,1414,48,FC Bayern Frauen,@احمدالخفاجيإبنالناصرية,حاليا مباشر,1
n9np4pWvjN8,🔴 LIVE: Tigres Femenil vs. FC Bayern | Friendly (with Spanish commentary),74004,1414,48,FC Bayern Frauen,@franciscodenvertigre1ramir695,"Tigres DE MÉXICO 👏 👏 👏 
Bayern 👏 👏 👏  ambos great game and a solid friendship 👏  Congratulations to both 👏 teams",2
n9np4pWvjN8,🔴 LIVE: Tigres Femenil vs. FC Bayern | Friendly (with Spanish commentary),74004,1414,48,FC Bayern Frauen,@lf2131,Ole FCB Ole Bavaria Ole Mexiko 👏👏👏,2
n9np4pWvjN8,🔴 LIVE: Tigres Femenil vs. FC Bayern | Friendly (with Spanish commentary),74004,1414,48,FC Bayern Frauen,@ravenfl,"los fanaticos alemanes  del bayer, los veo raros esos alemanes se ven como mexicanos, pero bueno han de ser nepalies o la india ahi hay muchos de esos jejeje",0
n9np4pWvjN8,🔴 LIVE: Tigres Femenil vs. FC Bayern | Friendly (with Spanish commentary),74004,1414,48,FC Bayern Frauen,@memoreyes4183,Buen partido de los dos equipos,1
n9np4pWvjN8,🔴 LIVE: Tigres Femenil vs. FC Bayern | Friendly (with Spanish commentary),74004,1414,48,FC Bayern Frauen,@gregorioalfa156,La Niña velen cruz del estado de guerrero también muy buena jugadora,2
n9np4pWvjN8,🔴 LIVE: Tigres Femenil vs. FC Bayern | Friendly (with Spanish commentary),74004,1414,48,FC Bayern Frauen,@gregorioalfa156,Esa Yaqui ovalle tira el balón muy buenos ángulos tiene estilo la nena,0
n9np4pWvjN8,🔴 LIVE: Tigres Femenil vs. FC Bayern | Friendly (with Spanish commentary),74004,1414,48,FC Bayern Frauen,@joselaguilar7051,"Todo el equipo se vio muy bien, Exelente para el rival que se enfrentaron ., mención aparte Cristina ferrral   Y Jackie ovalle que buenas jugadoras son están varios pasos arriba de las demás saludos desde 🇺🇸 🇺🇸 USA",1
n9np4pWvjN8,🔴 LIVE: Tigres Femenil vs. FC Bayern | Friendly (with Spanish commentary),74004,1414,48,FC Bayern Frauen,@cotomcoft9450,Copa amazonas y no hay ningún país de amazonas nada que ver el nombre 😂,2
n9np4pWvjN8,🔴 LIVE: Tigres Femenil vs. FC Bayern | Friendly (with Spanish commentary),74004,1414,48,FC Bayern Frauen,@noeliacervantes2572,Soy chiva de corazon pero 💯 Tigeres nuestro orgullo ❤,8
n9np4pWvjN8,🔴 LIVE: Tigres Femenil vs. FC Bayern | Friendly (with Spanish commentary),74004,1414,48,FC Bayern Frauen,@Hansgonzles,No lo creo!! el Bayern femenino perdió 🤯,5
n9np4pWvjN8,🔴 LIVE: Tigres Femenil vs. FC Bayern | Friendly (with Spanish commentary),74004,1414,48,FC Bayern Frauen,@PropositionJoe2292,"Como fan del Barcelona, me alegro de ver al Bayern femenino que es un gran equipo jugar en México, porque me consta que está mejorando mucho la liga mexicana y esto siempre ayuda a darle visibilidad, sigan así 👍",17
n9np4pWvjN8,🔴 LIVE: Tigres Femenil vs. FC Bayern | Friendly (with Spanish commentary),74004,1414,48,FC Bayern Frauen,@jorgiano5aol,"Que horrible narración, porque no ponen a alguien que sepa hacer bien este trabajo esta persona ni conoce los nombres de las jugadoras ni emociona con su narración,  pésimo servicio",1
n9np4pWvjN8,🔴 LIVE: Tigres Femenil vs. FC Bayern | Friendly (with Spanish commentary),74004,1414,48,FC Bayern Frauen,@norbertocabrera9911,La U de Nuevo León 🐯,3
n9np4pWvjN8,🔴 LIVE: Tigres Femenil vs. FC Bayern | Friendly (with Spanish commentary),74004,1414,48,FC Bayern Frauen,@leahkoenig7946,Gibt es auch ne deutsche Version vom Spiel?,5
n9np4pWvjN8,🔴 LIVE: Tigres Femenil vs. FC Bayern | Friendly (with Spanish commentary),74004,1414,48,FC Bayern Frauen,@sammySHD,26:49 Tor ⚽ Goal,4
n9np4pWvjN8,🔴 LIVE: Tigres Femenil vs. FC Bayern | Friendly (with Spanish commentary),74004,1414,48,FC Bayern Frauen,@AndreasGamesTV,Mia San Mia😍,3
n9np4pWvjN8,🔴 LIVE: Tigres Femenil vs. FC Bayern | Friendly (with Spanish commentary),74004,1414,48,FC Bayern Frauen,@hajoos.8360,"German anthem is not correct, should have played the bavarian anthem.",4
n9np4pWvjN8,🔴 LIVE: Tigres Femenil vs. FC Bayern | Friendly (with Spanish commentary),74004,1414,48,FC Bayern Frauen,@wfootie,Tigres with a solid defense and Bayern with solid attacking. Great game . Congratulations to tigres ❤,17
n9np4pWvjN8,🔴 LIVE: Tigres Femenil vs. FC Bayern | Friendly (with Spanish commentary),74004,1414,48,FC Bayern Frauen,@humbertopantle5699,De pura casualidad janaron,1
n9np4pWvjN8,🔴 LIVE: Tigres Femenil vs. FC Bayern | Friendly (with Spanish commentary),74004,1414,48,FC Bayern Frauen,@andresmurcar9888,FELICIDADES TIGRES FEMENIL,14
n9np4pWvjN8,🔴 LIVE: Tigres Femenil vs. FC Bayern | Friendly (with Spanish commentary),74004,1414,48,FC Bayern Frauen,@enrykehernandez8448,Mucha felicidades 👏,9
n9np4pWvjN8,🔴 LIVE: Tigres Femenil vs. FC Bayern | Friendly (with Spanish commentary),74004,1414,48,FC Bayern Frauen,@aliciavazquez1765,Quien ganó?,5
n9np4pWvjN8,🔴 LIVE: Tigres Femenil vs. FC Bayern | Friendly (with Spanish commentary),74004,1414,48,FC Bayern Frauen,@derneyjimenez7120,De i gual manera que el america i monterrei lo hicieron  le espera un gran futuro ala liga mx trayendo extranjeras i enfrentandose ageandes e quipo de europa,3
n9np4pWvjN8,🔴 LIVE: Tigres Femenil vs. FC Bayern | Friendly (with Spanish commentary),74004,1414,48,FC Bayern Frauen,@clipswood1-g4w,A huevo,5
n9np4pWvjN8,🔴 LIVE: Tigres Femenil vs. FC Bayern | Friendly (with Spanish commentary),74004,1414,48,FC Bayern Frauen,@derneyjimenez7120,Mis repeto para tigres esta poniendo el nombre de mexico mui alto i hace grande ala liga mx femenil enfrentarse con gran rival como el valler,20
tMwJRaUYaK4,FC Bayern verpflichtet Katharina Naschenweng,11140,387,22,FC Bayern Frauen,@sammySHD,🤔 also 🤔 ich muss erstmal beim ❤️FC Bayern München ❤️ Fanshop anrufen um mir ein Trikot mit dem schönen Namen von 🇦🇹 Katharina Naschenweng zu besorgen ‼️,1
tMwJRaUYaK4,FC Bayern verpflichtet Katharina Naschenweng,11140,387,22,FC Bayern Frauen,@سناباتحوري,حصريا,0
tMwJRaUYaK4,FC Bayern verpflichtet Katharina Naschenweng,11140,387,22,FC Bayern Frauen,@hajoos.8360,"Naschenweng kickt schon ganz gut, wurde aber gegen Wolfsburg von Jule Brand quasi stehen gelassen. Man kann sich zwar auch langsame Spieler erlauben, aber die müssen dann herausragende Qualitäten haben, wie zB Carol Simon, neben Feli Rauch, der einzig nennenswerte Linksfuß der Liga (was kommt danach, wenn beide abtreten, echt ein Nachwuchsproblem). Das sehe ich bei Naschenweng jetzt nicht. Sonst braucht man eher Flitzer, wie Lea Schüller oder Klara Bühl, die auch Kampfgewicht in die Waagschale legen können.",0
tMwJRaUYaK4,FC Bayern verpflichtet Katharina Naschenweng,11140,387,22,FC Bayern Frauen,@aliganyiraherbert5713,"More respect... 💪💪💪💪 
#team Bayern Munich 🇩🇪🇩🇪# football is a life giver @🤝peace and love",0
tMwJRaUYaK4,FC Bayern verpflichtet Katharina Naschenweng,11140,387,22,FC Bayern Frauen,@durbulcam8067,"Friends, as you know, there is a war in Russia and Ukraine, the culprit of this war.
England
United States of America",0
tMwJRaUYaK4,FC Bayern verpflichtet Katharina Naschenweng,11140,387,22,FC Bayern Frauen,@AndreasGamesTV,Herzlich Willkommen beim FC Bayern Frauen! Mia San Mia ❤️,1
tMwJRaUYaK4,FC Bayern verpflichtet Katharina Naschenweng,11140,387,22,FC Bayern Frauen,@elmago1415,sehr guter transfer !,2
tMwJRaUYaK4,FC Bayern verpflichtet Katharina Naschenweng,11140,387,22,FC Bayern Frauen,@d_freakin_rey,Herzlich willkommen in München freue mich mega das du zu uns kommst🥰🥰,2
tMwJRaUYaK4,FC Bayern verpflichtet Katharina Naschenweng,11140,387,22,FC Bayern Frauen,@klaus7227,"Wow, das ist echt eine tolle Verpflichtung - sehr talentierte Spielerin, die - nebenbei bemerkt - auch noch sehr sympatisch und hübsch ist.",6
tMwJRaUYaK4,FC Bayern verpflichtet Katharina Naschenweng,11140,387,22,FC Bayern Frauen,@wolfganghaas6870,Willkommen Kathi in München 🙋. Super Entscheidung von Dir 👍. Du wirst die Entscheidung nicht bereuen. Nicht nur bei den Männern auch bei den Frauen machen die Verantwortlichen einen top(!) Job 👍 um eine starke Truppe aufzustellen. Also noch mal herzlich Willkommen 😘👍🙋👋#MiaSanMia,8
tMwJRaUYaK4,FC Bayern verpflichtet Katharina Naschenweng,11140,387,22,FC Bayern Frauen,@ROI-SALOMON,Bienvenue Mia San Mia ❤️ ❤️,5
tMwJRaUYaK4,FC Bayern verpflichtet Katharina Naschenweng,11140,387,22,FC Bayern Frauen,@heikeweinberg6823,Servus,4
tMwJRaUYaK4,FC Bayern verpflichtet Katharina Naschenweng,11140,387,22,FC Bayern Frauen,@jodellkesterseegobin2039,"I can't believe it, I'm so happy! I've been wishing for this signing for awhile because I thought it would make a lot of sense. I'm so glad Bianca thought the same. 
Servus Katharina!!! ❤️🤍❤️",4
tMwJRaUYaK4,FC Bayern verpflichtet Katharina Naschenweng,11140,387,22,FC Bayern Frauen,@andrefcbayerntv1692,Servus katharina,4
tMwJRaUYaK4,FC Bayern verpflichtet Katharina Naschenweng,11140,387,22,FC Bayern Frauen,@Phynne85,MaschenPeng!,5
tMwJRaUYaK4,FC Bayern verpflichtet Katharina Naschenweng,11140,387,22,FC Bayern Frauen,@sammySHD,herzlich Willkommen beim FC Bayern München Frauen ⚽ Team liebe 🇦🇹 Katharina Naschenweng‼️👍,15
tMwJRaUYaK4,FC Bayern verpflichtet Katharina Naschenweng,11140,387,22,FC Bayern Frauen,@kofiabakah7959,Servus katharina,3
tMwJRaUYaK4,FC Bayern verpflichtet Katharina Naschenweng,11140,387,22,FC Bayern Frauen,@krituationyt9161,Starker Neuzugang 👌🏻,5
GGoRPF_k72Y,Fußballtennis FC Bayern x FCB-Frauen | Magull & Gnabry vs. Simon & Kimmich,112001,2429,66,FC Bayern Frauen,@احمدعباسالكشوشي,واحد مخرب المقطع,0
GGoRPF_k72Y,Fußballtennis FC Bayern x FCB-Frauen | Magull & Gnabry vs. Simon & Kimmich,112001,2429,66,FC Bayern Frauen,@stoneandiron7359,Cooles Video,0
GGoRPF_k72Y,Fußballtennis FC Bayern x FCB-Frauen | Magull & Gnabry vs. Simon & Kimmich,112001,2429,66,FC Bayern Frauen,@msamuel2857,"Bad hair style, but great act to follow, Gnab! those black must cut their hair short like i am.",0
GGoRPF_k72Y,Fußballtennis FC Bayern x FCB-Frauen | Magull & Gnabry vs. Simon & Kimmich,112001,2429,66,FC Bayern Frauen,@X31b0rg,"Die Simon spielt aber nicht professionell, oder?",0
GGoRPF_k72Y,Fußballtennis FC Bayern x FCB-Frauen | Magull & Gnabry vs. Simon & Kimmich,112001,2429,66,FC Bayern Frauen,@christophsahm810,Jeder überdurchschnittliche Freizeitkicker hat eine bessere Technik als Frau Simon. Das ist ja grauenhaft.,1
GGoRPF_k72Y,Fußballtennis FC Bayern x FCB-Frauen | Magull & Gnabry vs. Simon & Kimmich,112001,2429,66,FC Bayern Frauen,@laviniadkhar8846,Great guys,0
GGoRPF_k72Y,Fußballtennis FC Bayern x FCB-Frauen | Magull & Gnabry vs. Simon & Kimmich,112001,2429,66,FC Bayern Frauen,@aliganyiraherbert5713,"Wow... have really enjoyed  the play, very interesting to watch . I love the bicycle kick, from magull # team Bayern Munich forever #@✌more respect Gnabry, kimmich and Lina",0
GGoRPF_k72Y,Fußballtennis FC Bayern x FCB-Frauen | Magull & Gnabry vs. Simon & Kimmich,112001,2429,66,FC Bayern Frauen,@yannickpetras214,Da hätte ich jetzt auch echt Bock 🐏drauf wenn man das so sieht 😄😭👍⚽️,1
GGoRPF_k72Y,Fußballtennis FC Bayern x FCB-Frauen | Magull & Gnabry vs. Simon & Kimmich,112001,2429,66,FC Bayern Frauen,@Sandrito0108,Man merkt sofort das gnarby von der Fashion week kommt,1
GGoRPF_k72Y,Fußballtennis FC Bayern x FCB-Frauen | Magull & Gnabry vs. Simon & Kimmich,112001,2429,66,FC Bayern Frauen,@canoali1986,frauen und fussball ai ai ai ai,0
GGoRPF_k72Y,Fußballtennis FC Bayern x FCB-Frauen | Magull & Gnabry vs. Simon & Kimmich,112001,2429,66,FC Bayern Frauen,@سناباتحوري,حصريا,0
GGoRPF_k72Y,Fußballtennis FC Bayern x FCB-Frauen | Magull & Gnabry vs. Simon & Kimmich,112001,2429,66,FC Bayern Frauen,@jonasyumper5651,Wie sie sich über tennis lustig machen mit den geräuschen hahah,2
GGoRPF_k72Y,Fußballtennis FC Bayern x FCB-Frauen | Magull & Gnabry vs. Simon & Kimmich,112001,2429,66,FC Bayern Frauen,@heiligeskanonenrohr9747,Verdienen alle gleich viel?,0
GGoRPF_k72Y,Fußballtennis FC Bayern x FCB-Frauen | Magull & Gnabry vs. Simon & Kimmich,112001,2429,66,FC Bayern Frauen,@AndreasGamesTV,Mia San Mia ❤️,0
GGoRPF_k72Y,Fußballtennis FC Bayern x FCB-Frauen | Magull & Gnabry vs. Simon & Kimmich,112001,2429,66,FC Bayern Frauen,@mikelober2240,Unfassbar gut wie Lina gespielt hat und das auch noch mit so einer guten Technik 👌,21
GGoRPF_k72Y,Fußballtennis FC Bayern x FCB-Frauen | Magull & Gnabry vs. Simon & Kimmich,112001,2429,66,FC Bayern Frauen,@Cordezs,in doha? dislike,0
GGoRPF_k72Y,Fußballtennis FC Bayern x FCB-Frauen | Magull & Gnabry vs. Simon & Kimmich,112001,2429,66,FC Bayern Frauen,@marlon-jl4ge,Die clowns in Action,0
GGoRPF_k72Y,Fußballtennis FC Bayern x FCB-Frauen | Magull & Gnabry vs. Simon & Kimmich,112001,2429,66,FC Bayern Frauen,@Estrellatina,Caro deckt die meiste Zeit nur 1qm vom Feld ab 😅,0
GGoRPF_k72Y,Fußballtennis FC Bayern x FCB-Frauen | Magull & Gnabry vs. Simon & Kimmich,112001,2429,66,FC Bayern Frauen,@trapzkar9881,Ganz krass Niveau auf beiden Seiten 😳😍,1
GGoRPF_k72Y,Fußballtennis FC Bayern x FCB-Frauen | Magull & Gnabry vs. Simon & Kimmich,112001,2429,66,FC Bayern Frauen,@Fortnitegirl-d1x,Frauen sollten kein Fußbal. spielen,0
GGoRPF_k72Y,Fußballtennis FC Bayern x FCB-Frauen | Magull & Gnabry vs. Simon & Kimmich,112001,2429,66,FC Bayern Frauen,@heinerda4768,"Echt spannend bis zum Schluss!
Und  ein gutes Konditionstraining für Gnabry, oder? 😉😄",5
GGoRPF_k72Y,Fußballtennis FC Bayern x FCB-Frauen | Magull & Gnabry vs. Simon & Kimmich,112001,2429,66,FC Bayern Frauen,@ojolux633,"super! Sowohl, dass Männer und Frauen zusammen spielen, als auch, dass weder Moderator, noch nervige Musik oder Schnitte dabei sind!:)",7
GGoRPF_k72Y,Fußballtennis FC Bayern x FCB-Frauen | Magull & Gnabry vs. Simon & Kimmich,112001,2429,66,FC Bayern Frauen,@tobiasbluml72,Vom Bartwuchs her passt der Kümmelkimmich gut zum Frauenteam nur sein mkmimimimi ist zu viel von dem kleinen Bub,1
GGoRPF_k72Y,Fußballtennis FC Bayern x FCB-Frauen | Magull & Gnabry vs. Simon & Kimmich,112001,2429,66,FC Bayern Frauen,@DieblaueTomate,"Extremely entertainent. Ein wahrlich epischer Sport. 😉👍🏼 Beim nächsten Match gerne noch mit einer Kommentatorin und/oder einem Kommentator aus Euren Reihen, falls von Euch jemand dazu Lust hat. 😂 Sehe diesbezüglich großes Potential beim Thomas aka Mr. Radio Müller. 🙂 Freut mich sehr, dass es fußballbezogen bald wieder losgeht. 🥳",12
GGoRPF_k72Y,Fußballtennis FC Bayern x FCB-Frauen | Magull & Gnabry vs. Simon & Kimmich,112001,2429,66,FC Bayern Frauen,@nicogottschalck1703,Und ja mehr Presenz ist cool und wichtig aber dazu brauchen sie die Männer nicht im Gegenteil sie sollten zeigen das sie mindestens Moralisch besser sind,0
GGoRPF_k72Y,Fußballtennis FC Bayern x FCB-Frauen | Magull & Gnabry vs. Simon & Kimmich,112001,2429,66,FC Bayern Frauen,@nicogottschalck1703,das ist KEIN Fortschritt für den Frauenfussball ich hoffe die Arroganz und Gier färbt nicht auf euch ab,0
GGoRPF_k72Y,Fußballtennis FC Bayern x FCB-Frauen | Magull & Gnabry vs. Simon & Kimmich,112001,2429,66,FC Bayern Frauen,@CapitalBraFanPage,Wahre Freundschaft MiaSanMia ❤️🤍🙌,2
GGoRPF_k72Y,Fußballtennis FC Bayern x FCB-Frauen | Magull & Gnabry vs. Simon & Kimmich,112001,2429,66,FC Bayern Frauen,@ame._411,Mega cooles Video gerne so was öfter,7
GGoRPF_k72Y,Fußballtennis FC Bayern x FCB-Frauen | Magull & Gnabry vs. Simon & Kimmich,112001,2429,66,FC Bayern Frauen,@يومياتزنوبةالمحبوبة,😱,0
GGoRPF_k72Y,Fußballtennis FC Bayern x FCB-Frauen | Magull & Gnabry vs. Simon & Kimmich,112001,2429,66,FC Bayern Frauen,@يومياتزنوبةالمحبوبة,💋,0
GGoRPF_k72Y,Fußballtennis FC Bayern x FCB-Frauen | Magull & Gnabry vs. Simon & Kimmich,112001,2429,66,FC Bayern Frauen,@hubertlettenbauer7894,Sooo stark dass ihr sowas macht! 🤩 Genau auch dafür seid ihr mein Verein!!! ❤🤍❤️👍,14
GGoRPF_k72Y,Fußballtennis FC Bayern x FCB-Frauen | Magull & Gnabry vs. Simon & Kimmich,112001,2429,66,FC Bayern Frauen,@hajoos.8360,"Die Netzregel ist eigenartig. Technisch ist kein Unterschied feststellbar, die Herren haben Vorteile bei der Athletik, normal. Aber wieso müssen jetzt die Bayern-Diven die häßlichen Kerle der männlichen A-Mannschaft aufwerten? Wenn Frau Simon nicht 2x mit dem starken linken Fuß geschwächelt hätte, wäre das Ding längst durch gewesen...",0
GGoRPF_k72Y,Fußballtennis FC Bayern x FCB-Frauen | Magull & Gnabry vs. Simon & Kimmich,112001,2429,66,FC Bayern Frauen,@mr.topcomment577,Cooles Video,1
GGoRPF_k72Y,Fußballtennis FC Bayern x FCB-Frauen | Magull & Gnabry vs. Simon & Kimmich,112001,2429,66,FC Bayern Frauen,@carinahrzg,wie coooool,4
GGoRPF_k72Y,Fußballtennis FC Bayern x FCB-Frauen | Magull & Gnabry vs. Simon & Kimmich,112001,2429,66,FC Bayern Frauen,@inotoni6148,Magull fast Fehlerfrei. Sehr stark,69
GGoRPF_k72Y,Fußballtennis FC Bayern x FCB-Frauen | Magull & Gnabry vs. Simon & Kimmich,112001,2429,66,FC Bayern Frauen,@Mrmoneyforfun,Tolles video,4
GGoRPF_k72Y,Fußballtennis FC Bayern x FCB-Frauen | Magull & Gnabry vs. Simon & Kimmich,112001,2429,66,FC Bayern Frauen,@esmer2061,lina was amazing,21
GGoRPF_k72Y,Fußballtennis FC Bayern x FCB-Frauen | Magull & Gnabry vs. Simon & Kimmich,112001,2429,66,FC Bayern Frauen,@harleyquiinnnn,Lina geht ab,8
GGoRPF_k72Y,Fußballtennis FC Bayern x FCB-Frauen | Magull & Gnabry vs. Simon & Kimmich,112001,2429,66,FC Bayern Frauen,@harleyquiinnnn,🤝🏼🤝🏼,2
GGoRPF_k72Y,Fußballtennis FC Bayern x FCB-Frauen | Magull & Gnabry vs. Simon & Kimmich,112001,2429,66,FC Bayern Frauen,@rennendeente077,Voll cool wenn die Männer und Frauen gemeinsam was machen so sollte es sein,28
GGoRPF_k72Y,Fußballtennis FC Bayern x FCB-Frauen | Magull & Gnabry vs. Simon & Kimmich,112001,2429,66,FC Bayern Frauen,@brokencardealer,Mixed Matches feier ich total! Bitte mehr davon und noch ein gutes Neues an alle Bayern Spieler und Fans egal welches Gender;),118
GGoRPF_k72Y,Fußballtennis FC Bayern x FCB-Frauen | Magull & Gnabry vs. Simon & Kimmich,112001,2429,66,FC Bayern Frauen,@FCBVIKING1996,Sehr geil,10
GGoRPF_k72Y,Fußballtennis FC Bayern x FCB-Frauen | Magull & Gnabry vs. Simon & Kimmich,112001,2429,66,FC Bayern Frauen,@ralflottkus7204,Ruhig mehr gemeinsame Videos.,235
GGoRPF_k72Y,Fußballtennis FC Bayern x FCB-Frauen | Magull & Gnabry vs. Simon & Kimmich,112001,2429,66,FC Bayern Frauen,@ROI-SALOMON,Mia San Mia ❤️ ❤️,5
GGoRPF_k72Y,Fußballtennis FC Bayern x FCB-Frauen | Magull & Gnabry vs. Simon & Kimmich,112001,2429,66,FC Bayern Frauen,@mrmrmrmr3254,"Enges Match, krasses Niveau, richtig gut. Wir haben eine so gute Damenmannschaft, ich freue mich extrem, dass die Mädels endlich mehr Präsenz bekommen. Super-Format, bitte mehr davon!",200
GGoRPF_k72Y,Fußballtennis FC Bayern x FCB-Frauen | Magull & Gnabry vs. Simon & Kimmich,112001,2429,66,FC Bayern Frauen,@matildas.4131,"ich finds super, dass die Männer und Frauen zusammen Sachen machen 👍",202
qnQ-1CtlTGI,Bis 2024: Carolin Simon verlängert mit den FCB-Frauen,5956,329,36,FC Bayern Frauen,@Julius955,"Mit dem linken Fuß schießt sie Traumtore,mit der rechten Hand unterschreibt sie Verträge.",2
qnQ-1CtlTGI,Bis 2024: Carolin Simon verlängert mit den FCB-Frauen,5956,329,36,FC Bayern Frauen,@AndreasGamesTV,"Glückwunsch  ! Gute Entscheidung, zu verlängern!  ! #MiaSanMia",1
qnQ-1CtlTGI,Bis 2024: Carolin Simon verlängert mit den FCB-Frauen,5956,329,36,FC Bayern Frauen,@luizguilhermemoreirasales1548,HELLO BAYERN HERE BRASIL 🇧🇷😎🙏,0
qnQ-1CtlTGI,Bis 2024: Carolin Simon verlängert mit den FCB-Frauen,5956,329,36,FC Bayern Frauen,@ralflottkus7204,Super Sache,0
qnQ-1CtlTGI,Bis 2024: Carolin Simon verlängert mit den FCB-Frauen,5956,329,36,FC Bayern Frauen,@ric007perfekt4,jeah super caro💪🏼💪🏼💪🏼🤗🤗🤗fc bayern girls juhu mia san mia..❤🤍👍👍👍👍Carolin Simon kommt auch aus Baunatal genau wie ich💪🏼💪🏼💪🏼💪🏼,1
qnQ-1CtlTGI,Bis 2024: Carolin Simon verlängert mit den FCB-Frauen,5956,329,36,FC Bayern Frauen,@Johnny-rs2qq,Mach weiter so mia san mia,3
qnQ-1CtlTGI,Bis 2024: Carolin Simon verlängert mit den FCB-Frauen,5956,329,36,FC Bayern Frauen,@hajoos.8360,"Auch wenn Frau Simon mit 30 Lenzen für Kicker quasi schon ""alt"" & nicht mehr die Schnellste ist, so muß man festhalten, daß man solch einen expliziten, professionellen Linksfuß, ähnlich Frau Rauch von Wolfsburg, weder einfach herbeizaubern, noch herbeiwünschen kann. Alleine dieses besondere Talent & die Erfahrung, die Frau Simon mitbringt, sind einen Vertrag bei Bayern München wert.",17
qnQ-1CtlTGI,Bis 2024: Carolin Simon verlängert mit den FCB-Frauen,5956,329,36,FC Bayern Frauen,@angi-1902,Dir besten news des Tages😍🤍❤️,5
qnQ-1CtlTGI,Bis 2024: Carolin Simon verlängert mit den FCB-Frauen,5956,329,36,FC Bayern Frauen,@ROI-SALOMON,Mia San Mia ❤️ ❤️,4
qnQ-1CtlTGI,Bis 2024: Carolin Simon verlängert mit den FCB-Frauen,5956,329,36,FC Bayern Frauen,@TotoHarry1000,Super sympathisch die Caro.  ❤️❤️❤️,8
qnQ-1CtlTGI,Bis 2024: Carolin Simon verlängert mit den FCB-Frauen,5956,329,36,FC Bayern Frauen,@hanskranz7839,nice,3
qnQ-1CtlTGI,Bis 2024: Carolin Simon verlängert mit den FCB-Frauen,5956,329,36,FC Bayern Frauen,@wolfganghaas6870,Glückwunsch sehr gute Entscheidung von Dir 👍😘👋🙋#MiaSanMia,5
qnQ-1CtlTGI,Bis 2024: Carolin Simon verlängert mit den FCB-Frauen,5956,329,36,FC Bayern Frauen,@Estikaay,Bin stolz auf dich! Mach weiter so 👍,10
OXKv8Y_ZSaY,FCB-Frauen Challenges: Speeddating,46515,1383,34,FC Bayern Frauen,@06angannyam85,Can't get my eyes off #Karolina Lea❤,0
OXKv8Y_ZSaY,FCB-Frauen Challenges: Speeddating,46515,1383,34,FC Bayern Frauen,@AlanCarlosFürst-q5t,Quando fechar os olhos! Olhem pra dentro da Alma,0
OXKv8Y_ZSaY,FCB-Frauen Challenges: Speeddating,46515,1383,34,FC Bayern Frauen,@sincyfavfan,Beers and Burgers,0
OXKv8Y_ZSaY,FCB-Frauen Challenges: Speeddating,46515,1383,34,FC Bayern Frauen,@RodrigoDelaTorre-p6l,Porque Karolina se fue a Leverkusen 😢,1
OXKv8Y_ZSaY,FCB-Frauen Challenges: Speeddating,46515,1383,34,FC Bayern Frauen,@djkemi_,"Schließe mich den (vor)Kommentatoren sehr gerne an, Die Mädels sind umwerfend symphatisch ! ❤❤",0
OXKv8Y_ZSaY,FCB-Frauen Challenges: Speeddating,46515,1383,34,FC Bayern Frauen,@ame._411,Ich find es ja lustig das Sarah und Georgia gerade über die Dinos mit dem langen Hals reden du Georgia genau so einen auf ihrem Arm hat 😂,0
OXKv8Y_ZSaY,FCB-Frauen Challenges: Speeddating,46515,1383,34,FC Bayern Frauen,@Mr.Edd3905,so cute <3,0
OXKv8Y_ZSaY,FCB-Frauen Challenges: Speeddating,46515,1383,34,FC Bayern Frauen,@aliganyiraherbert5713,"It's true... you can never go wrong with pizza 
More respect...💪💪💪@ football is a life giver 🇩🇪🤝thanks, peace and love",0
OXKv8Y_ZSaY,FCB-Frauen Challenges: Speeddating,46515,1383,34,FC Bayern Frauen,@aliganyiraherbert5713,"More respect... 💪💪
@✌peace and love # team Bayern Munich forever #",0
OXKv8Y_ZSaY,FCB-Frauen Challenges: Speeddating,46515,1383,34,FC Bayern Frauen,@dashuntas.m4045,No Lina Magull no party! 😊,1
OXKv8Y_ZSaY,FCB-Frauen Challenges: Speeddating,46515,1383,34,FC Bayern Frauen,@AndreasGamesTV,Mia San Mia ❤️,0
OXKv8Y_ZSaY,FCB-Frauen Challenges: Speeddating,46515,1383,34,FC Bayern Frauen,@diariodeumportuguesnasuica,https://youtu.be/PoNxvADzDqU,0
OXKv8Y_ZSaY,FCB-Frauen Challenges: Speeddating,46515,1383,34,FC Bayern Frauen,@Baduel1904,Karolina so ne süße 🥰,4
OXKv8Y_ZSaY,FCB-Frauen Challenges: Speeddating,46515,1383,34,FC Bayern Frauen,@Deku614-TCG,Zadi ist ab heute der Bronto oder apatosaurus hahaha,3
OXKv8Y_ZSaY,FCB-Frauen Challenges: Speeddating,46515,1383,34,FC Bayern Frauen,@chaardoMusic,IShowSpeedDating 😂,1
OXKv8Y_ZSaY,FCB-Frauen Challenges: Speeddating,46515,1383,34,FC Bayern Frauen,@bernd3781,Cool Ladies!!👌,1
OXKv8Y_ZSaY,FCB-Frauen Challenges: Speeddating,46515,1383,34,FC Bayern Frauen,@dominikbenz8349,hammer vidoe emga cool hübsch gerne öfters,2
OXKv8Y_ZSaY,FCB-Frauen Challenges: Speeddating,46515,1383,34,FC Bayern Frauen,@hollynichol2494,Stanway didn’t even answer any questions. I was waiting the whole time,19
OXKv8Y_ZSaY,FCB-Frauen Challenges: Speeddating,46515,1383,34,FC Bayern Frauen,@wolfganghaas6870,"Sympathische ( süße ) Mädels, coole Mannschaft, saugeiler Verein wer hätte mit denen nicht gern ein speeddating. Macht weiter so.",10
OXKv8Y_ZSaY,FCB-Frauen Challenges: Speeddating,46515,1383,34,FC Bayern Frauen,@Kattmatskal,"Ich hoffe es geht so weiter mit dem Content der Mädels. Wie hier schon gesagt wurde, gerne noch viel mehr davon :)",17
OXKv8Y_ZSaY,FCB-Frauen Challenges: Speeddating,46515,1383,34,FC Bayern Frauen,@Q2712g,❤️,6
OXKv8Y_ZSaY,FCB-Frauen Challenges: Speeddating,46515,1383,34,FC Bayern Frauen,@FCBVIKING1996,Sarah and goergia zusammen zum anbeten,1
OXKv8Y_ZSaY,FCB-Frauen Challenges: Speeddating,46515,1383,34,FC Bayern Frauen,@siristevo,"Wenn ihr die Namen zu den Spielerinnen noch einblenden würdet, könnte man sie noch besser kennenlernen ;-)",24
OXKv8Y_ZSaY,FCB-Frauen Challenges: Speeddating,46515,1383,34,FC Bayern Frauen,@Salziger_Hund,A very nice Video!!! ❤🤍,5
OXKv8Y_ZSaY,FCB-Frauen Challenges: Speeddating,46515,1383,34,FC Bayern Frauen,@ralflottkus7204,Es darf da viel mehr kommen. Die Mädels sind mega sympathisch.,60
OXKv8Y_ZSaY,FCB-Frauen Challenges: Speeddating,46515,1383,34,FC Bayern Frauen,@Velociraptor99100,loving the dinosaur question :D <3,10
OXKv8Y_ZSaY,FCB-Frauen Challenges: Speeddating,46515,1383,34,FC Bayern Frauen,@charlotted9250,"I love Glodís so much, she is so adorable 😍🥺 and Sarah&G, what a great duo!!",16
OXKv8Y_ZSaY,FCB-Frauen Challenges: Speeddating,46515,1383,34,FC Bayern Frauen,@teslabrishagen5481,Mach das bitte öfter? Es macht so viel Spaß zuzusehen🤪❤️❤️,36
OXKv8Y_ZSaY,FCB-Frauen Challenges: Speeddating,46515,1383,34,FC Bayern Frauen,@hajoos.8360,"Zu kurz, im Ernst. Bayern-TV ist zu faul.",11
OXKv8Y_ZSaY,FCB-Frauen Challenges: Speeddating,46515,1383,34,FC Bayern Frauen,@47NAJIM,2️⃣🅿️🅰️©️Ⓜ️🤍N💫,1
OXKv8Y_ZSaY,FCB-Frauen Challenges: Speeddating,46515,1383,34,FC Bayern Frauen,@Clara53846,Also die Chemie zwischen den Pärchen hier ist schonmal echt nicht schlecht 😂❤️,40
OXKv8Y_ZSaY,FCB-Frauen Challenges: Speeddating,46515,1383,34,FC Bayern Frauen,@NJ_Junior,Mehr Videos von dieser tollen Mannschaft 🥰,26
1mlI2rexQRY,FCB-Frauen Challenges: Bilder raten,158718,3453,74,FC Bayern Frauen,@AlanCarlosFürst-q5t,Ninguém vai me matar na Alemanha,0
1mlI2rexQRY,FCB-Frauen Challenges: Bilder raten,158718,3453,74,FC Bayern Frauen,@DennisSchubert-ek4bz,💯💯💯💪,0
1mlI2rexQRY,FCB-Frauen Challenges: Bilder raten,158718,3453,74,FC Bayern Frauen,@ichnichtdu1234,i hätt do amol a bledi frog. wieso san ba die stutzn loch drinnen? is des serienmässig oder schneit de wer eini? lg,0
1mlI2rexQRY,FCB-Frauen Challenges: Bilder raten,158718,3453,74,FC Bayern Frauen,@juliasilverstone2626,"Es gibt in der Bundesliga wirklich so viele attraktive, sympathisch und charismatische Frauen... aber für mich, persönlich... IST SIE EINFACH UMWERFEND SCHÖN! Ich finde, Sie hat eine solche Ausstrahlung... eine tolle Art/ Wesen, eine schöne Stimme/ Lachen, viel Humor... und ist zudem auch optisch sehr attraktiv! Tolle Augen & Grübchen, schöne Zähne und Haare sowie einen super durchtrainierten Körper... [+Füße, wie wir eben gelernt haben] 😍WOW! Wenn ich es einer Dame SO richtig gönne... glücklich verheiratet, gesund und lebensfroh zu sein, dann Ihr...☯✝☮🛐💟",1
1mlI2rexQRY,FCB-Frauen Challenges: Bilder raten,158718,3453,74,FC Bayern Frauen,@tandre1975,Eine lustige Truppe 😂,0
1mlI2rexQRY,FCB-Frauen Challenges: Bilder raten,158718,3453,74,FC Bayern Frauen,@derregenmacher6517,"Leider ist Lina Magull ja nicht mehr hier😞. Bin grosser Fan von Klara- sie ist ausserhalb des Platzes so nett und bescheiden und trotzdem eine Riesen-Kämpferin auf dem Platz. Ich vermute, dass Bayern München die nächsten Jahre den deutschen Frauenfussball dominieren werden. Wie seit 30 Jahren bei den männlichen Kollegen kauft Bayern die besten Spielerinnen anderen Clubs weg. Man muss leider sagen: auch bei den Damen-Kickerinnen : Geld regiert die Welt.",1
1mlI2rexQRY,FCB-Frauen Challenges: Bilder raten,158718,3453,74,FC Bayern Frauen,@jonasfilmstudio,4:18 😂😂😂,0
1mlI2rexQRY,FCB-Frauen Challenges: Bilder raten,158718,3453,74,FC Bayern Frauen,@يومياتزنوبةالمحبوبة,❤❤❤❤,0
1mlI2rexQRY,FCB-Frauen Challenges: Bilder raten,158718,3453,74,FC Bayern Frauen,@Totos_channel161,Die Frauen Kirche hab sogar ich gewusst 😌🤓😂,0
1mlI2rexQRY,FCB-Frauen Challenges: Bilder raten,158718,3453,74,FC Bayern Frauen,@sw-jh5kf,Thanks for the eng sub!!,2
1mlI2rexQRY,FCB-Frauen Challenges: Bilder raten,158718,3453,74,FC Bayern Frauen,@JonasStahr,Mehr challenge  zum raten und lachen 😊😅,2
1mlI2rexQRY,FCB-Frauen Challenges: Bilder raten,158718,3453,74,FC Bayern Frauen,@timtom6375,Sympathische Frauen,1
1mlI2rexQRY,FCB-Frauen Challenges: Bilder raten,158718,3453,74,FC Bayern Frauen,@يومياتزنوبةالمحبوبة,❤,0
1mlI2rexQRY,FCB-Frauen Challenges: Bilder raten,158718,3453,74,FC Bayern Frauen,@sounkalodiarra3705,🥰🥰🥰🥰🥰🥰🥰🥰🥰👸🏼👸🏼,0
1mlI2rexQRY,FCB-Frauen Challenges: Bilder raten,158718,3453,74,FC Bayern Frauen,@SaraxAdam,thanks for the captions! the girlies brought such good vibes,0
1mlI2rexQRY,FCB-Frauen Challenges: Bilder raten,158718,3453,74,FC Bayern Frauen,@ric007perfekt4,ihr seid süüüüß!,0
1mlI2rexQRY,FCB-Frauen Challenges: Bilder raten,158718,3453,74,FC Bayern Frauen,@jogopoulos1831,das ist aber ne kommische begrüssung am anfang .....hääääää...sehn die sich nicht oft ..oder beim training ....das war ja so förmlich ....boa ey,0
1mlI2rexQRY,FCB-Frauen Challenges: Bilder raten,158718,3453,74,FC Bayern Frauen,@pascalvogelpoth9742,Klara einfach die beste,2
1mlI2rexQRY,FCB-Frauen Challenges: Bilder raten,158718,3453,74,FC Bayern Frauen,@احمدالخفاجيإبنالناصرية,حاليا مباشر,1
1mlI2rexQRY,FCB-Frauen Challenges: Bilder raten,158718,3453,74,FC Bayern Frauen,@احمدالخفاجيإبنالناصرية,حاليا مباشر,1
1mlI2rexQRY,FCB-Frauen Challenges: Bilder raten,158718,3453,74,FC Bayern Frauen,@aliganyiraherbert5713,# MORE RESPECT #  💪💪💪 team Bayern Munich forever... 🔥🔥✌peace and love,0
1mlI2rexQRY,FCB-Frauen Challenges: Bilder raten,158718,3453,74,FC Bayern Frauen,@earlybert1003,Und nochmal: wer ist die witzige Dinosaurier-Imitatorin die mit Sydney Lohmann spielt? Und warum findet man sie nicht auf der offiziellen Website der Damenmannschaft?? Weiß das jemand?,0
1mlI2rexQRY,FCB-Frauen Challenges: Bilder raten,158718,3453,74,FC Bayern Frauen,@BestBallGames,😂😂😂😂😂😂,0
1mlI2rexQRY,FCB-Frauen Challenges: Bilder raten,158718,3453,74,FC Bayern Frauen,@supportkommentar6304,Supportkommentar,2
1mlI2rexQRY,FCB-Frauen Challenges: Bilder raten,158718,3453,74,FC Bayern Frauen,@luizguilhermemoreirasales1548,CONGRATULATIONS FOR THE GIRLS HERE BRASIL 🇧🇷😎👌,3
1mlI2rexQRY,FCB-Frauen Challenges: Bilder raten,158718,3453,74,FC Bayern Frauen,@سيمون-ر5ص,حصريا,0
1mlI2rexQRY,FCB-Frauen Challenges: Bilder raten,158718,3453,74,FC Bayern Frauen,@theferryman4916,Byern Fan zu sein ist Charakterschwäche.,0
1mlI2rexQRY,FCB-Frauen Challenges: Bilder raten,158718,3453,74,FC Bayern Frauen,@diariodeumportuguesnasuica,https://youtu.be/BD0YNgeSrcs,0
1mlI2rexQRY,FCB-Frauen Challenges: Bilder raten,158718,3453,74,FC Bayern Frauen,@siristevo,"""Da hab ich mit gefeiert, da lag ich zuhause auch im Teppich""
Was für ein cooler Spruch :-D",58
1mlI2rexQRY,FCB-Frauen Challenges: Bilder raten,158718,3453,74,FC Bayern Frauen,@bernd3781,Cool Ladies!!👌,3
1mlI2rexQRY,FCB-Frauen Challenges: Bilder raten,158718,3453,74,FC Bayern Frauen,@Mr.Thomtastic,"Gott, ist das ein geiles Video 😂 Bitte mehr davon!",7
1mlI2rexQRY,FCB-Frauen Challenges: Bilder raten,158718,3453,74,FC Bayern Frauen,@fsch123,Ich nutze 11:08 mal für meine Milchreis Agenda,0
1mlI2rexQRY,FCB-Frauen Challenges: Bilder raten,158718,3453,74,FC Bayern Frauen,@sammySHD,11:43 Hanna Glas mit dem Dino Schrei,6
1mlI2rexQRY,FCB-Frauen Challenges: Bilder raten,158718,3453,74,FC Bayern Frauen,@ROI-SALOMON,Mia San Mia ❤️ ❤️,4
1mlI2rexQRY,FCB-Frauen Challenges: Bilder raten,158718,3453,74,FC Bayern Frauen,@Q2712g,❤️,5
1mlI2rexQRY,FCB-Frauen Challenges: Bilder raten,158718,3453,74,FC Bayern Frauen,@Velociraptor99100,11:45 das ist erstaunlich gut :D sehr cooles Video :-),5
1mlI2rexQRY,FCB-Frauen Challenges: Bilder raten,158718,3453,74,FC Bayern Frauen,@Daniel____04,Mehr davon biiiitte😂🥰,10
1mlI2rexQRY,FCB-Frauen Challenges: Bilder raten,158718,3453,74,FC Bayern Frauen,@charly2110,Bitte mehr von so lustigen Videos 😂🤗🤍,7
1mlI2rexQRY,FCB-Frauen Challenges: Bilder raten,158718,3453,74,FC Bayern Frauen,@Deku614-TCG,Dinosaurier🤣🤣🤣🤣🤣,0
1mlI2rexQRY,FCB-Frauen Challenges: Bilder raten,158718,3453,74,FC Bayern Frauen,@lucki_metal6850,Hanna Glas Ehrenfrau! 💪😂,11
1mlI2rexQRY,FCB-Frauen Challenges: Bilder raten,158718,3453,74,FC Bayern Frauen,@mariustv3452,"Mega geiles Video. 😍
Bitte viel mehr davon 😍🙏",13
1mlI2rexQRY,FCB-Frauen Challenges: Bilder raten,158718,3453,74,FC Bayern Frauen,@kathiricke269,Wir brauchen mehr solcher Videos!!!,9
1mlI2rexQRY,FCB-Frauen Challenges: Bilder raten,158718,3453,74,FC Bayern Frauen,@liiisakf9698,🤣😊👍🏼,4
1mlI2rexQRY,FCB-Frauen Challenges: Bilder raten,158718,3453,74,FC Bayern Frauen,@dominikbenz8349,hammer vidoe emga cool hübsch lustig mehr davon,5
1mlI2rexQRY,FCB-Frauen Challenges: Bilder raten,158718,3453,74,FC Bayern Frauen,@axbill,Mil gracias por los subtitulos en español. Grandes chicas saludos,10
1mlI2rexQRY,FCB-Frauen Challenges: Bilder raten,158718,3453,74,FC Bayern Frauen,@user-tn5fm3oj1n,I. Need. More.,7
1mlI2rexQRY,FCB-Frauen Challenges: Bilder raten,158718,3453,74,FC Bayern Frauen,@Eagles123,I agree with the comments please produce more content like this and interviews. Thanks for the subtitles!,23
1mlI2rexQRY,FCB-Frauen Challenges: Bilder raten,158718,3453,74,FC Bayern Frauen,@marlieb9444,❤❤❤❤❤❤,5
1mlI2rexQRY,FCB-Frauen Challenges: Bilder raten,158718,3453,74,FC Bayern Frauen,@jurgenrosenberg4748,"Top Mädels, geile Truppe. Allen weiterhin verletzungsfreie und erfolgreiche Saison",48
1mlI2rexQRY,FCB-Frauen Challenges: Bilder raten,158718,3453,74,FC Bayern Frauen,@carolperry7695,loved this😘very funny🤣,8
1mlI2rexQRY,FCB-Frauen Challenges: Bilder raten,158718,3453,74,FC Bayern Frauen,@marlieb9444,Mega 😂,4
1mlI2rexQRY,FCB-Frauen Challenges: Bilder raten,158718,3453,74,FC Bayern Frauen,@Kattmatskal,Wir brauchen viiiieeeeel mehr Videos von den Mädels mit Challenges oder gerne auch Interviews usw :),282
1mlI2rexQRY,FCB-Frauen Challenges: Bilder raten,158718,3453,74,FC Bayern Frauen,@michelle.s04,klara und syd<3,15
1mlI2rexQRY,FCB-Frauen Challenges: Bilder raten,158718,3453,74,FC Bayern Frauen,@franziskatilly8286,Lachflash in dauerschleife😅❤,30
1mlI2rexQRY,FCB-Frauen Challenges: Bilder raten,158718,3453,74,FC Bayern Frauen,@weinendeweintraube,"Sehr cool, wie gut Hanna schon Deutch spricht🥰🙌🏻",91
1mlI2rexQRY,FCB-Frauen Challenges: Bilder raten,158718,3453,74,FC Bayern Frauen,@mirkokleine2909,Cool und lustig besonders dann auch einen Dinosaurier Ton nachzumachen.,11
1mlI2rexQRY,FCB-Frauen Challenges: Bilder raten,158718,3453,74,FC Bayern Frauen,@marawiese5374,Dauer lachflash😂,29
1mlI2rexQRY,FCB-Frauen Challenges: Bilder raten,158718,3453,74,FC Bayern Frauen,@diehappy023,Bitte mehr davon!,19
1mlI2rexQRY,FCB-Frauen Challenges: Bilder raten,158718,3453,74,FC Bayern Frauen,@larasophie4091,Liebe den Humor von Linda 😂🫶🏼,81
1mlI2rexQRY,FCB-Frauen Challenges: Bilder raten,158718,3453,74,FC Bayern Frauen,@sophietulowitzki7043,die combi klara und syd>>,42
1mlI2rexQRY,FCB-Frauen Challenges: Bilder raten,158718,3453,74,FC Bayern Frauen,@celineentrup6845,Ich lieb’s😅,9
1mlI2rexQRY,FCB-Frauen Challenges: Bilder raten,158718,3453,74,FC Bayern Frauen,@christopherschafers4521,Coole Challenge bitte Mehr davon 👍❤️🤍,37
1mlI2rexQRY,FCB-Frauen Challenges: Bilder raten,158718,3453,74,FC Bayern Frauen,@christopherschafers4521,Sidney Lohmann 🤍❤️,34
1mlI2rexQRY,FCB-Frauen Challenges: Bilder raten,158718,3453,74,FC Bayern Frauen,@Estikaay,Klara Bühl ❤,37
xXTdJdIAQM0,Top 5 Tore: Bisherige Saison 2022/2023,4506,259,9,FC Bayern Frauen,@markusfroba9443,Linda Dallmann's absolutes Traumtor gegen Bremen fehlt!!!!!!!!!😢,1
xXTdJdIAQM0,Top 5 Tore: Bisherige Saison 2022/2023,4506,259,9,FC Bayern Frauen,@sarakannengiesser4395,Das ist die besten Tor . Der von Giulia Gwinn war geil 🥳🥳🥳sie muss wieder kommen das macht sie auch,1
xXTdJdIAQM0,Top 5 Tore: Bisherige Saison 2022/2023,4506,259,9,FC Bayern Frauen,@DerTranceUP,"Echt ein cooles Team diese Jahr, aber der VFL hat diese Saison wahrscheinlich das beste Team in Europa, wenn nicht sogar der Welt.",0
xXTdJdIAQM0,Top 5 Tore: Bisherige Saison 2022/2023,4506,259,9,FC Bayern Frauen,@davewright8206,i love you guys 🥰,0
xXTdJdIAQM0,Top 5 Tore: Bisherige Saison 2022/2023,4506,259,9,FC Bayern Frauen,@klaus7227,"Auch als VfL-Fan muss ich gestehen, dass die Bayern-Frauen eine tolle Saison spielen und klasse Tore schießen. Sydney wird immer stärker und die Abwehr steht, trotz diverser Ausfälle. Respekt!",2
xXTdJdIAQM0,Top 5 Tore: Bisherige Saison 2022/2023,4506,259,9,FC Bayern Frauen,@berattekdas720,Schöne Tore,1
xXTdJdIAQM0,Top 5 Tore: Bisherige Saison 2022/2023,4506,259,9,FC Bayern Frauen,@deez7793,☕️☕️☕️☕️☕️☕️,0
xXTdJdIAQM0,Top 5 Tore: Bisherige Saison 2022/2023,4506,259,9,FC Bayern Frauen,@berniegunther9791,"Tolle und auch für den Spielverlauf entscheidende Tore. Vom Weitschusshammer in den fernen Torwinkel von Carolin Simon, über den tricky Übersteiger von Lina Magull bis zum platzierten Fernschuss ins lange Eck zum so wichtigen 3-2 bei Benfica von Georgia Stanway. Nicht zu vergessen der schön platzierte Kopfball von Leah Schüller und die direkt verwandelte Ecke von Giulia Gwinn...weiter  so FC Bayern-Frauen!!!",5
xXTdJdIAQM0,Top 5 Tore: Bisherige Saison 2022/2023,4506,259,9,FC Bayern Frauen,@iLoveJessiii,Danke für dieses phantastische Jahr! <3,4
e78Hn6-_Fl0,FC Bayern verpflichtet Tuva Hansen,9528,303,11,FC Bayern Frauen,@benjasine3472,We miss tuva in brann,0
e78Hn6-_Fl0,FC Bayern verpflichtet Tuva Hansen,9528,303,11,FC Bayern Frauen,@احمدالخفاجيإبنالناصرية,حاليا مباشر,0
e78Hn6-_Fl0,FC Bayern verpflichtet Tuva Hansen,9528,303,11,FC Bayern Frauen,@fanvdv382,#MiaSanMia❤️,0
e78Hn6-_Fl0,FC Bayern verpflichtet Tuva Hansen,9528,303,11,FC Bayern Frauen,@ROI-SALOMON,Mia San Mia ❤️ ❤️,3
e78Hn6-_Fl0,FC Bayern verpflichtet Tuva Hansen,9528,303,11,FC Bayern Frauen,@pixelony44,"...und wieder ein Startplatz weniger für deutsche Nachwuchstalente, siehe nach U17 Nachwuchs  z.b......",0
e78Hn6-_Fl0,FC Bayern verpflichtet Tuva Hansen,9528,303,11,FC Bayern Frauen,@JonasN90,Willkommen Tuva Hansen hier in Deutschland. Auf den Erfolg und das Vergnügen hier im Lande. 🥂,6
e78Hn6-_Fl0,FC Bayern verpflichtet Tuva Hansen,9528,303,11,FC Bayern Frauen,@Tribble6hatch,"ich schau gern  die norwegische liga , Tuva kenn ich daher schon gut , aber ich hatte null ahnung das sie zu uns wechselt ! wie hammer nice  is das denn !!! super spielerin ❤❤ und ein echter sonnenschein !",12
e78Hn6-_Fl0,FC Bayern verpflichtet Tuva Hansen,9528,303,11,FC Bayern Frauen,@hajoos.8360,it is dangerous to cross the Weisswurst-equator..... maybe Mr. Straus will regret that soon....,2
e78Hn6-_Fl0,FC Bayern verpflichtet Tuva Hansen,9528,303,11,FC Bayern Frauen,@dkanover,Servus Hansen,5
e78Hn6-_Fl0,FC Bayern verpflichtet Tuva Hansen,9528,303,11,FC Bayern Frauen,@sammySHD,Welcome in Germany 🇩🇪 at FC Bayern München ⚽ Ladies Miss Tuva Hansen,15
e78Hn6-_Fl0,FC Bayern verpflichtet Tuva Hansen,9528,303,11,FC Bayern Frauen,@kofiabakah7959,Servus Hansen,8
hJEF4-a0GXE,UEFA Women's Champions League in der Allianz Arena,1820,102,1,FC Bayern Frauen,@flaeckeljack4571,Cant wait ✊,3
nObKOJ8TMgk,Behind the scenes | FC Bayern Frauen - FC Barcelona,3934,176,8,FC Bayern Frauen,@eternityfreeblue6377,Schöne Bayern-frauen,0
nObKOJ8TMgk,Behind the scenes | FC Bayern Frauen - FC Barcelona,3934,176,8,FC Bayern Frauen,@hytech7162,Wen juckt der scheiß bitte?,1
nObKOJ8TMgk,Behind the scenes | FC Bayern Frauen - FC Barcelona,3934,176,8,FC Bayern Frauen,@ROI-SALOMON,Mia San Mia ❤️ ❤️,4
nObKOJ8TMgk,Behind the scenes | FC Bayern Frauen - FC Barcelona,3934,176,8,FC Bayern Frauen,@domenikmannig8665,Viel Erfolg,4
nObKOJ8TMgk,Behind the scenes | FC Bayern Frauen - FC Barcelona,3934,176,8,FC Bayern Frauen,@santamariamaggiore2967,viel Erfolg!,5
nObKOJ8TMgk,Behind the scenes | FC Bayern Frauen - FC Barcelona,3934,176,8,FC Bayern Frauen,@Phynne85,"Macht die weg, Mädels!",5
nObKOJ8TMgk,Behind the scenes | FC Bayern Frauen - FC Barcelona,3934,176,8,FC Bayern Frauen,@يومياتزنوبةالمحبوبة,💖,1
nObKOJ8TMgk,Behind the scenes | FC Bayern Frauen - FC Barcelona,3934,176,8,FC Bayern Frauen,@robyk6944,fC  Bayern 👋😂👍😍,4
jWdSotUyf0U,Sarah Zadrazil verlängert bis 2026,6710,331,16,FC Bayern Frauen,@hchnkjhf4660,💯💯👍👍,1
jWdSotUyf0U,Sarah Zadrazil verlängert bis 2026,6710,331,16,FC Bayern Frauen,@olikoen,"Diese Nachricht hat mich sehr gefreut, weiter  immer weiter (so) 🙂",4
jWdSotUyf0U,Sarah Zadrazil verlängert bis 2026,6710,331,16,FC Bayern Frauen,@B0russe,Juckt?,0
jWdSotUyf0U,Sarah Zadrazil verlängert bis 2026,6710,331,16,FC Bayern Frauen,@alexanderwalther7302,"Wieder eine Leistungsträgerin die verlängert hat ☺☺👍👍 sehr gut für die Bayernmädels. Sarah hat eine ausgezeichnete Spielintelligenz. Sie weiss wann Tempo ins oder aus dem Spiel zu nehmen ist. Ergänzt sich hervorragend mit Lina Magull und Georgia Stanway. Dann hoffen wir das Sarah verletzungsfrei bleibt und uns mit ihrem Spiel Freude bereitet.
Mit sportlichen Grüssen, Alex ☺☺⚽⚽
P.S. schade das die Bayernmädels im Pokal auf Wolfsburg stossen. Wäre schöner als Finale gewesen",3
jWdSotUyf0U,Sarah Zadrazil verlängert bis 2026,6710,331,16,FC Bayern Frauen,@Kattmatskal,"Schön zu sehen, dass nach Lea nun auch Sarah bis 2026 verlängert hat. Da können sich sehr gerne noch ein paar der Mädels anschließen :)",6
jWdSotUyf0U,Sarah Zadrazil verlängert bis 2026,6710,331,16,FC Bayern Frauen,@Tribble6hatch,"ja ist denn scho weihnacht :D !!! lea , sarah jetzt hoffendlich bald linda ! ich platz gleich so happy bin ich !",4
jWdSotUyf0U,Sarah Zadrazil verlängert bis 2026,6710,331,16,FC Bayern Frauen,@bennyklietzing900,Dass ist super,7
jWdSotUyf0U,Sarah Zadrazil verlängert bis 2026,6710,331,16,FC Bayern Frauen,@hajoos.8360,Die südbayerische Granate,4
jWdSotUyf0U,Sarah Zadrazil verlängert bis 2026,6710,331,16,FC Bayern Frauen,@mgcoinone,Sarah ist sehr wichtig für unser Spiel. Schön dass sie bleibt ♥️,18
jWdSotUyf0U,Sarah Zadrazil verlängert bis 2026,6710,331,16,FC Bayern Frauen,@nicksen187,Ja mann 👌👌👌,6
jWdSotUyf0U,Sarah Zadrazil verlängert bis 2026,6710,331,16,FC Bayern Frauen,@sammySHD,meine 🇦🇹 österreichische lieblings Frauenfußball ⚽ Spielerin Sarah Zadrazil‼️,10
jWdSotUyf0U,Sarah Zadrazil verlängert bis 2026,6710,331,16,FC Bayern Frauen,@يومياتزنوبةالمحبوبة,🌹🌹🌹,3
MiI1khpTurw,FCB-Frauen vs. FC Barcelona | 07.12. in der Allianz Arena,2948,151,6,FC Bayern Frauen,@santamariamaggiore2967,"ich hoffe, dass Tainara spielen wird",0
MiI1khpTurw,FCB-Frauen vs. FC Barcelona | 07.12. in der Allianz Arena,2948,151,6,FC Bayern Frauen,@maracaruso9571,Wo wird das übertragen???,0
MiI1khpTurw,FCB-Frauen vs. FC Barcelona | 07.12. in der Allianz Arena,2948,151,6,FC Bayern Frauen,@Phynne85,"Heiß wie Frittenfett! Hautsewech, Mädels! LG aus Nordwest-🇩🇪 !",0
MiI1khpTurw,FCB-Frauen vs. FC Barcelona | 07.12. in der Allianz Arena,2948,151,6,FC Bayern Frauen,@leonienowotny6152,Let's Go 💪 bin schon sehr hyped❤️🤍,2
MiI1khpTurw,FCB-Frauen vs. FC Barcelona | 07.12. in der Allianz Arena,2948,151,6,FC Bayern Frauen,@ROI-SALOMON,Bon courage Mia San Mia ❤️ ❤️ ❤️,1
MiI1khpTurw,FCB-Frauen vs. FC Barcelona | 07.12. in der Allianz Arena,2948,151,6,FC Bayern Frauen,@framesofabrick6201,Hab schon lange Tickets und freue mich extrem darauf💪,7
Ayc7ifmmVLQ,One Word Challenge mit Sarah Zadrazil & Caro Simon! 😄 #UWCL am 07.12. in der Allianz Arena!,33721,1501,20,FC Bayern Frauen,@TobiaaDitze-dz2lu,Ja😊😊😊😊😊,0
Ayc7ifmmVLQ,One Word Challenge mit Sarah Zadrazil & Caro Simon! 😄 #UWCL am 07.12. in der Allianz Arena!,33721,1501,20,FC Bayern Frauen,@ReneJuchert,Ja❤❤❤❤,0
Ayc7ifmmVLQ,One Word Challenge mit Sarah Zadrazil & Caro Simon! 😄 #UWCL am 07.12. in der Allianz Arena!,33721,1501,20,FC Bayern Frauen,@wilburzote6177,Quién sabe que dijeron pero se oye chistoso 😃,2
Ayc7ifmmVLQ,One Word Challenge mit Sarah Zadrazil & Caro Simon! 😄 #UWCL am 07.12. in der Allianz Arena!,33721,1501,20,FC Bayern Frauen,@robyk6944,Bayerb. Women s  👋🤣👍. SERVVS,2
Ayc7ifmmVLQ,One Word Challenge mit Sarah Zadrazil & Caro Simon! 😄 #UWCL am 07.12. in der Allianz Arena!,33721,1501,20,FC Bayern Frauen,@h_a_n_d_1,Habt ihr frauen schon kane getroffen 😊,1
Ayc7ifmmVLQ,One Word Challenge mit Sarah Zadrazil & Caro Simon! 😄 #UWCL am 07.12. in der Allianz Arena!,33721,1501,20,FC Bayern Frauen,@tobiasdiese2257,Tobias23,1
Ayc7ifmmVLQ,One Word Challenge mit Sarah Zadrazil & Caro Simon! 😄 #UWCL am 07.12. in der Allianz Arena!,33721,1501,20,FC Bayern Frauen,@s.b.2628,Haha,1
Ayc7ifmmVLQ,One Word Challenge mit Sarah Zadrazil & Caro Simon! 😄 #UWCL am 07.12. in der Allianz Arena!,33721,1501,20,FC Bayern Frauen,@christianeschubert9428,Ihr rockt das Spiel !!! Klasse Idee so ein Video zu posten 😅😅,5
Ayc7ifmmVLQ,One Word Challenge mit Sarah Zadrazil & Caro Simon! 😄 #UWCL am 07.12. in der Allianz Arena!,33721,1501,20,FC Bayern Frauen,@TotoHarry1000,Ich finde beide einfach toll.   ❤️❤️❤️❤️,3
Ayc7ifmmVLQ,One Word Challenge mit Sarah Zadrazil & Caro Simon! 😄 #UWCL am 07.12. in der Allianz Arena!,33721,1501,20,FC Bayern Frauen,@Tribble6hatch,"Sarah is immer extrem geistesgegenwärtig :D lasst euch von barca nix vormachen  die könn nix, hust ... :D viel erfolg !",5
Ayc7ifmmVLQ,One Word Challenge mit Sarah Zadrazil & Caro Simon! 😄 #UWCL am 07.12. in der Allianz Arena!,33721,1501,20,FC Bayern Frauen,@sammySHD,"da ist sie wieder, meine 🇦🇹 österreichische lieblings Frauen ⚽ Spielerin Sarah Zadrazil 💛 ‼️",13
Ayc7ifmmVLQ,One Word Challenge mit Sarah Zadrazil & Caro Simon! 😄 #UWCL am 07.12. in der Allianz Arena!,33721,1501,20,FC Bayern Frauen,@Melanie-yh5dc,Chrige,1
Ayc7ifmmVLQ,One Word Challenge mit Sarah Zadrazil & Caro Simon! 😄 #UWCL am 07.12. in der Allianz Arena!,33721,1501,20,FC Bayern Frauen,@nilskorn9505,¹,3
JXAELASbJZo,Lea Schüller verlängert bis 2026,10278,478,17,FC Bayern Frauen,@hchnkjhf4660,💯💯👍👍,3
JXAELASbJZo,Lea Schüller verlängert bis 2026,10278,478,17,FC Bayern Frauen,@احمدالخفاجيإبنالناصرية,حاليا مباشر,0
JXAELASbJZo,Lea Schüller verlängert bis 2026,10278,478,17,FC Bayern Frauen,@adrianazyberaj2008,Geil ich freue mich das Lea schüller verlängert hat ich Sehe  dich als mein Vorbild ich freue mich immer wenn du spielst ❤ ich habe so Bock  die Jahre mit euch zu verbringen ❤❤❤❤❤❤😍🥰,5
JXAELASbJZo,Lea Schüller verlängert bis 2026,10278,478,17,FC Bayern Frauen,@framesofabrick6201,So wichtig!!🥳 Freut mich total :D,8
JXAELASbJZo,Lea Schüller verlängert bis 2026,10278,478,17,FC Bayern Frauen,@robertzander9723,"Eine sehr gute Nachricht, freut mich sehr.",10
JXAELASbJZo,Lea Schüller verlängert bis 2026,10278,478,17,FC Bayern Frauen,@Tribble6hatch,der tag kann kaum noch besser werden !!! Lea ftw !!!,9
JXAELASbJZo,Lea Schüller verlängert bis 2026,10278,478,17,FC Bayern Frauen,@Kattmatskal,"Freut mich riesig für die FCB Damen, dass Lea verlängert hat 😃. Hoffe andere Spielerinnen machen es ihr nach, damit das Team immer mehr zusammen findet. Gerade auch mit den Neuzugängen wie Georgia usw 😊",13
JXAELASbJZo,Lea Schüller verlängert bis 2026,10278,478,17,FC Bayern Frauen,@sydk3337,Yay🎉❤🤍,5
JXAELASbJZo,Lea Schüller verlängert bis 2026,10278,478,17,FC Bayern Frauen,@ROI-SALOMON,Mia San Mia ❤️ ❤️,7
JXAELASbJZo,Lea Schüller verlängert bis 2026,10278,478,17,FC Bayern Frauen,@NormenSchmidt,Sehr gut 🥳,9
JXAELASbJZo,Lea Schüller verlängert bis 2026,10278,478,17,FC Bayern Frauen,@bennyklietzing900,Dass ist super,9
JXAELASbJZo,Lea Schüller verlängert bis 2026,10278,478,17,FC Bayern Frauen,@Deku614-TCG,Lea Schüller >>> Timo Werner,21
JXAELASbJZo,Lea Schüller verlängert bis 2026,10278,478,17,FC Bayern Frauen,@agentxy4372,🥳🥳🥰🥰🥳🥳,6
JXAELASbJZo,Lea Schüller verlängert bis 2026,10278,478,17,FC Bayern Frauen,@Phynne85,Hurra! Ich freue mich!,10
JXAELASbJZo,Lea Schüller verlängert bis 2026,10278,478,17,FC Bayern Frauen,@يومياتزنوبةالمحبوبة,♥️♥️♥️,10
iXkpWp7t4vY,Behind the scenes: Día de Muertos,3674,169,2,FC Bayern Frauen,@axbill,quienes vendran cual sera su once inicial? Saludos,0
iXkpWp7t4vY,Behind the scenes: Día de Muertos,3674,169,2,FC Bayern Frauen,@sammySHD,"Tainara 🇧🇷, Goalkeeper 🇮🇸 Cecilía Rán Rúnarsdóttir and 🇮🇸 Glódís Perla Viggósdóttir‼️",1
eVTSq5jY-O4,FC Bayern Frauen - 1. FC Köln | Highlights,14970,667,6,FC Bayern Frauen,@marieenning1131,Das erste Tor einfach genau so wie jetzt gegen Wolfsburg,0
eVTSq5jY-O4,FC Bayern Frauen - 1. FC Köln | Highlights,14970,667,6,FC Bayern Frauen,@catharinarawe2811,Cool,0
eVTSq5jY-O4,FC Bayern Frauen - 1. FC Köln | Highlights,14970,667,6,FC Bayern Frauen,@sarakannengiesser4395,Das war sehr gut ❤❤❤,3
eVTSq5jY-O4,FC Bayern Frauen - 1. FC Köln | Highlights,14970,667,6,FC Bayern Frauen,@mariadelrosario7147,💛,3
eVTSq5jY-O4,FC Bayern Frauen - 1. FC Köln | Highlights,14970,667,6,FC Bayern Frauen,@frans-els,Für immer FCB ❤🤍 #MiaSanMia,4
eVTSq5jY-O4,FC Bayern Frauen - 1. FC Köln | Highlights,14970,667,6,FC Bayern Frauen,@mgcoinone,Wichtiger Sieg! War schön wieder im Stadion gewesen zu sein😄,8
vKaePO6pW6U,1:1 Talk mit Torhüterin Mala Grohs,13623,434,15,FC Bayern Frauen,@TobiaaDitze-dz2lu,Ja,1
vKaePO6pW6U,1:1 Talk mit Torhüterin Mala Grohs,13623,434,15,FC Bayern Frauen,@vroni2000,Mala ist einfach grohsartig,4
vKaePO6pW6U,1:1 Talk mit Torhüterin Mala Grohs,13623,434,15,FC Bayern Frauen,@ahmedaswan7031,حصريا,0
vKaePO6pW6U,1:1 Talk mit Torhüterin Mala Grohs,13623,434,15,FC Bayern Frauen,@سيمون-ر5ص,حصريا حصريا,0
vKaePO6pW6U,1:1 Talk mit Torhüterin Mala Grohs,13623,434,15,FC Bayern Frauen,@jbietmann,Das münsteraner Mädel!!😎✌,4
vKaePO6pW6U,1:1 Talk mit Torhüterin Mala Grohs,13623,434,15,FC Bayern Frauen,@hajoos.8360,"Ganz typisch für die Frauenliga, authentisch, natürlich, echt, bodenständig.",8
vKaePO6pW6U,1:1 Talk mit Torhüterin Mala Grohs,13623,434,15,FC Bayern Frauen,@domenikmannig8665,Eine tolle Tor Hüterin,7
vKaePO6pW6U,1:1 Talk mit Torhüterin Mala Grohs,13623,434,15,FC Bayern Frauen,@jodellkesterseegobin2039,"Guys, I hope you start adding translated subtitles to your videos. You have fans all over the world 🥰",11
vKaePO6pW6U,1:1 Talk mit Torhüterin Mala Grohs,13623,434,15,FC Bayern Frauen,@frans-els,Love this team. Für immer FCB ❤🤍 #MiaSanMia,4
vKaePO6pW6U,1:1 Talk mit Torhüterin Mala Grohs,13623,434,15,FC Bayern Frauen,@stefanb2113,Starke Leistung wie sich Mala bei der starken Konkurrenz im Tor durchgesetzt hat und das in ihrem jungen Alter. Da geht noch Einiges 👍👍👍,31
vKaePO6pW6U,1:1 Talk mit Torhüterin Mala Grohs,13623,434,15,FC Bayern Frauen,@lina1133,super sympathisch! & großes Talent🫶🏼,6
vKaePO6pW6U,1:1 Talk mit Torhüterin Mala Grohs,13623,434,15,FC Bayern Frauen,@Tobi-ze9or,"Für uns die Nummer 1
🔴⚪️",8
vKaePO6pW6U,1:1 Talk mit Torhüterin Mala Grohs,13623,434,15,FC Bayern Frauen,@يومياتزنوبةالمحبوبة,🤔,0
vKaePO6pW6U,1:1 Talk mit Torhüterin Mala Grohs,13623,434,15,FC Bayern Frauen,@kofiabakah7959,Our finest goalie,7
vKaePO6pW6U,1:1 Talk mit Torhüterin Mala Grohs,13623,434,15,FC Bayern Frauen,@robyk6944,FC. Bayern. 🇩🇪🖐️🛫,7
-mjsLMvoqJk,#EsSchüllert: 50 Tore von Lea Schüller für den FC Bayern,9047,390,21,FC Bayern Frauen,@baymax6196,Lea schuller-future ballon d'or winner🔥,0
-mjsLMvoqJk,#EsSchüllert: 50 Tore von Lea Schüller für den FC Bayern,9047,390,21,FC Bayern Frauen,@rebeccabonet4359,Wow 🥰,0
-mjsLMvoqJk,#EsSchüllert: 50 Tore von Lea Schüller für den FC Bayern,9047,390,21,FC Bayern Frauen,@checkercheck7987,"Früher hat's "" gemüllert "" , heute "" geschüllert"" 👍👍⚽👍👍👍",0
-mjsLMvoqJk,#EsSchüllert: 50 Tore von Lea Schüller für den FC Bayern,9047,390,21,FC Bayern Frauen,@FCBVIKING1996,Hoffenheim wohl Lieblings Gegner,1
-mjsLMvoqJk,#EsSchüllert: 50 Tore von Lea Schüller für den FC Bayern,9047,390,21,FC Bayern Frauen,@يومياتزنوبةالمحبوبة,💋,0
-mjsLMvoqJk,#EsSchüllert: 50 Tore von Lea Schüller für den FC Bayern,9047,390,21,FC Bayern Frauen,@احمدالخفاجيإبنالناصرية,حاليا مباشر,0
-mjsLMvoqJk,#EsSchüllert: 50 Tore von Lea Schüller für den FC Bayern,9047,390,21,FC Bayern Frauen,@Bayernfan2810,Auf weitere 50,1
-mjsLMvoqJk,#EsSchüllert: 50 Tore von Lea Schüller für den FC Bayern,9047,390,21,FC Bayern Frauen,@tanjapelster5526,Herzlichen Glückwunsch zum 50ten! Weiter so!,1
-mjsLMvoqJk,#EsSchüllert: 50 Tore von Lea Schüller für den FC Bayern,9047,390,21,FC Bayern Frauen,@ROI-SALOMON,Bravo Mia San Mia ❤️ ❤️,1
-mjsLMvoqJk,#EsSchüllert: 50 Tore von Lea Schüller für den FC Bayern,9047,390,21,FC Bayern Frauen,@dominikbenz8349,hammer vidoe top glückwunsch,2
-mjsLMvoqJk,#EsSchüllert: 50 Tore von Lea Schüller für den FC Bayern,9047,390,21,FC Bayern Frauen,@يومياتزنوبةالمحبوبة,💕,0
-mjsLMvoqJk,#EsSchüllert: 50 Tore von Lea Schüller für den FC Bayern,9047,390,21,FC Bayern Frauen,@sebastianpfluger7620,Da hat’s schon 50 mal geschüllert ganz stark Lea weiter so❤️💪💪,3
-mjsLMvoqJk,#EsSchüllert: 50 Tore von Lea Schüller für den FC Bayern,9047,390,21,FC Bayern Frauen,@heinerda4768,"Sauber 👏 - kopfballstark wie Hrubesch und die Knipsermentalität von Thomas (Gerd) Müller - perfekte Mischung 🥇👍
Schade, dass bei den meisten Tore die Zeitlupe fehlt ...",6
-mjsLMvoqJk,#EsSchüllert: 50 Tore von Lea Schüller für den FC Bayern,9047,390,21,FC Bayern Frauen,@sabine6063,Lea hat den Siebten Sinn! Steht immer richtig!,18
-mjsLMvoqJk,#EsSchüllert: 50 Tore von Lea Schüller für den FC Bayern,9047,390,21,FC Bayern Frauen,@sneakywatcher,😍😍😍,4
-mjsLMvoqJk,#EsSchüllert: 50 Tore von Lea Schüller für den FC Bayern,9047,390,21,FC Bayern Frauen,@TakeasRealm,"auf die nächsten 50!
Schülli for the win!",3
-mjsLMvoqJk,#EsSchüllert: 50 Tore von Lea Schüller für den FC Bayern,9047,390,21,FC Bayern Frauen,@alfredomarea928,Una de tantas jugadoras buenas que se tienen en el Bayern y en la selección alemana hay que buscar de sacarle el mayor provecho posible para que gane títulos a nivel de club selección y de manera personal esos son pocos goles ya que todavía le falta meter muchos más todavía felicidades por esa cifra,3
-mjsLMvoqJk,#EsSchüllert: 50 Tore von Lea Schüller für den FC Bayern,9047,390,21,FC Bayern Frauen,@qoctv,"Wie GEIL ist das denn bitte?! Gratulation, Lea! Nr 18 und 25 sind meine Favoriten! Weiter so!",8
-mjsLMvoqJk,#EsSchüllert: 50 Tore von Lea Schüller für den FC Bayern,9047,390,21,FC Bayern Frauen,@mahstanners,Fantastic player!,3
-mjsLMvoqJk,#EsSchüllert: 50 Tore von Lea Schüller für den FC Bayern,9047,390,21,FC Bayern Frauen,@maximilianhammerschmidt6661,Erster👌💪,1
2nnU3iqyo54,Heimspiel am FC Bayern Campus | FC Bayern - SV Werder Bremen,3300,153,6,FC Bayern Frauen,@stefanb2113,"Wie ich sehen kann hat sich Georgia nicht nur schon gut in die Mannschaft integriert,  die Fans haben sie auch schon gut aufgenommen und tragen das Trikot mit der 31 😉👍👍👍",5
2nnU3iqyo54,Heimspiel am FC Bayern Campus | FC Bayern - SV Werder Bremen,3300,153,6,FC Bayern Frauen,@lf2131,Ole 🤘,1
2nnU3iqyo54,Heimspiel am FC Bayern Campus | FC Bayern - SV Werder Bremen,3300,153,6,FC Bayern Frauen,@kofiabakah7959,"Great video,hope this continues",1
2nnU3iqyo54,Heimspiel am FC Bayern Campus | FC Bayern - SV Werder Bremen,3300,153,6,FC Bayern Frauen,@يومياتزنوبةالمحبوبة,😋😋😋,1
jf7Vgo49kX8,Mannschaftsfoto - Behind the scenes 👀🔴⚪️,15613,789,6,FC Bayern Frauen,@dietmarraffke7326,Eine coole Truppe ❤❤❤,1
jf7Vgo49kX8,Mannschaftsfoto - Behind the scenes 👀🔴⚪️,15613,789,6,FC Bayern Frauen,@tobiasdiese2257,JA,1
jf7Vgo49kX8,Mannschaftsfoto - Behind the scenes 👀🔴⚪️,15613,789,6,FC Bayern Frauen,@rebeccabonet4359,😂,0
jf7Vgo49kX8,Mannschaftsfoto - Behind the scenes 👀🔴⚪️,15613,789,6,FC Bayern Frauen,@sarakannengiesser4395,Mia San Mia für immer ❤️❤️ Giulia Gwinn 🥳,1
jf7Vgo49kX8,Mannschaftsfoto - Behind the scenes 👀🔴⚪️,15613,789,6,FC Bayern Frauen,@macvansMofid,Mia San Mia💪💪,4
jf7Vgo49kX8,Mannschaftsfoto - Behind the scenes 👀🔴⚪️,15613,789,6,FC Bayern Frauen,@zvoneloncar1346,1,1
dyiMXJ8rZsw,FC Bayern - Atlético Madrid | Testspiel FC Bayern Frauen,33474,515,13,FC Bayern Frauen,@bernardvera5200,Bravo les madrilènes très bon match 👏👏👏👏👍👍💙💙💙💙💙💙💙💙♥️,0
dyiMXJ8rZsw,FC Bayern - Atlético Madrid | Testspiel FC Bayern Frauen,33474,515,13,FC Bayern Frauen,@سناباتحوري,Good morning 🌻,0
dyiMXJ8rZsw,FC Bayern - Atlético Madrid | Testspiel FC Bayern Frauen,33474,515,13,FC Bayern Frauen,@سيمون-ر5ص,جديد,0
dyiMXJ8rZsw,FC Bayern - Atlético Madrid | Testspiel FC Bayern Frauen,33474,515,13,FC Bayern Frauen,@ahmedaswan7031,واو,0
dyiMXJ8rZsw,FC Bayern - Atlético Madrid | Testspiel FC Bayern Frauen,33474,515,13,FC Bayern Frauen,@يومياتزنوبةالمحبوبة,🤪,0
dyiMXJ8rZsw,FC Bayern - Atlético Madrid | Testspiel FC Bayern Frauen,33474,515,13,FC Bayern Frauen,@mashin9215,"Natürlich wäre es am besten, wenn die Mannschaft die Bereiche, die korrigiert werden müssen, finden und verbessern könnte, während sie Spiele gewinnt.
Obwohl ...
Da es sich um ein Testspiel handelt, geht es mehr um die Analyse dessen, was richtig getestet wurde, als um den Sieg. Und auf der Grundlage der Ergebnisse soll geklärt werden, in welchen Bereichen die Teamtaktik geändert oder überarbeitet werden muss.
Außerdem muss geklärt werden, welche Leistung von den einzelnen Spielern verlangt wird. Die Auswirkungen einer Niederlage können sich positiv auf die Spieler selbst auswirken, indem sie ihnen ein Gefühl der Dringlichkeit vermitteln und sie ermutigen, ihre eigene Leistung zu verbessern.
Es liegt nun am Trainer und an der Mannschaft, aus diesem Verlust das Beste für die Zukunft zu machen.
Herausragende individuelle Fähigkeiten werden weiterhin einer der Faktoren für den Sieg sein.
Doch genau wie in der Männerwelt beginnt auch in der Frauenwelt eine Ära des Kampfes als Organisation.
Es ist die organisatorische Stärke eines Teams, das sich gegen herausragende Einzelpersonen behaupten kann.
Dies erfordert die Fähigkeit des Trainers, des Trainerstabs und der Spieler, das Spiel zu lesen.",0
dyiMXJ8rZsw,FC Bayern - Atlético Madrid | Testspiel FC Bayern Frauen,33474,515,13,FC Bayern Frauen,@daylight2905,"Auch wenn es ""nur"" ein Testspiel war, da muss mehr kommen. Für eine Generalprobe ganz klar zu wenig. So wird man wieder Wolfsburg nicht mal annähernd das Wasser reichen können. Was mir die größten Sorgenfalten bereitet ist unsere Keeperin. Bei allen beiden Gegentoren sah sie wirklich nicht gut aus. Hoffe mal das Laura so bald wie möglich wieder fit wird, sonst hab ich sogar Angst für die Champions League Quali.",3
dyiMXJ8rZsw,FC Bayern - Atlético Madrid | Testspiel FC Bayern Frauen,33474,515,13,FC Bayern Frauen,@ROI-SALOMON,mia san mia,4
dyiMXJ8rZsw,FC Bayern - Atlético Madrid | Testspiel FC Bayern Frauen,33474,515,13,FC Bayern Frauen,@akomolehinbidemi6305,Our ajibade representing,5
dyiMXJ8rZsw,FC Bayern - Atlético Madrid | Testspiel FC Bayern Frauen,33474,515,13,FC Bayern Frauen,@milagrosgiron5092,AÚPA ATLETI 🇲🇨🇲🇨🇲🇨🇲🇨🇲🇨🇲🇨💪,3
dyiMXJ8rZsw,FC Bayern - Atlético Madrid | Testspiel FC Bayern Frauen,33474,515,13,FC Bayern Frauen,@siebenberger,"Am Ende kommt es nicht auf die Generalprobe sondern auf die offiziellen Spiele an. Wichtig ist, dass man aus diesem Spiel lernt und die nötigen Umstellungen durchführt. Viel Glück FC Bayern Frauen.",3
IEHmdRJSQvc,Cecilía Rán Rúnarsdóttir unterschreibt bis 2026,3816,166,6,FC Bayern Frauen,@Tribble6hatch,Fantastisch !,1
IEHmdRJSQvc,Cecilía Rán Rúnarsdóttir unterschreibt bis 2026,3816,166,6,FC Bayern Frauen,@timwernig1207,"Es müssen unbedingt Chat Moderatoren für den Livestream geschaffen werden, diese Frauenfeindlichkeit ist nicht auszuhalten!!!!",5
IEHmdRJSQvc,Cecilía Rán Rúnarsdóttir unterschreibt bis 2026,3816,166,6,FC Bayern Frauen,@allanawanyo4966,More Icelandic players please they’re so peaceful,2
IEHmdRJSQvc,Cecilía Rán Rúnarsdóttir unterschreibt bis 2026,3816,166,6,FC Bayern Frauen,@ahmedaswan7031,حلووو,1
IEHmdRJSQvc,Cecilía Rán Rúnarsdóttir unterschreibt bis 2026,3816,166,6,FC Bayern Frauen,@1stdekor09,Toll das sie bleibt! :),4
IEHmdRJSQvc,Cecilía Rán Rúnarsdóttir unterschreibt bis 2026,3816,166,6,FC Bayern Frauen,@michaelhomolle4559,Icj freue mich das runa beliebt,6
Se_RC4sCJC0,Sydney Lohmann und Satou Sabally im Talk,6260,183,8,FC Bayern Frauen,@donjo3722,satouuu ❤,0
Se_RC4sCJC0,Sydney Lohmann und Satou Sabally im Talk,6260,183,8,FC Bayern Frauen,@frankstenger5685,"Sehr informativer Austausch, tolle Informationen, tolle Spielerinnen in ihrer Sportart.",1
Se_RC4sCJC0,Sydney Lohmann und Satou Sabally im Talk,6260,183,8,FC Bayern Frauen,@ahmedaswan7031,حلوو,0
Se_RC4sCJC0,Sydney Lohmann und Satou Sabally im Talk,6260,183,8,FC Bayern Frauen,@caseyrose7274,"Love this!! Please do more soccer/WNBA collabs, we need to hear more conversations between women hanging the game 🙏😍",4
Se_RC4sCJC0,Sydney Lohmann und Satou Sabally im Talk,6260,183,8,FC Bayern Frauen,@richieoreilly6,"Great players, even better people 👏",1
Se_RC4sCJC0,Sydney Lohmann und Satou Sabally im Talk,6260,183,8,FC Bayern Frauen,@Krautski,"great conversation/exchange of thoughts by two awesome and strong women. they touch on exactly the right points that need to get addressed in today's society...  Thank you for creating this content, FC Bayern Frauen... and perhaps conversations between players and fans can take place at some point so that the torch can be carried on and society educated...",5
Se_RC4sCJC0,Sydney Lohmann und Satou Sabally im Talk,6260,183,8,FC Bayern Frauen,@eva_77x27,Sehr informativer und interessanter Talk zwischen Syd und Satou. Gerne mehr davon! 👍,5
Se_RC4sCJC0,Sydney Lohmann und Satou Sabally im Talk,6260,183,8,FC Bayern Frauen,@courtneywissler7983,I love this.,1
EYAKhsALnh4,Jovana Damnjanović verlängert bis 2025,6417,189,13,FC Bayern Frauen,@يومياتزنوبةالمحبوبة,💞💞💞,0
EYAKhsALnh4,Jovana Damnjanović verlängert bis 2025,6417,189,13,FC Bayern Frauen,@jorg4443,👍💪 Viel Erfolg bei der Champions League in dieser Saison! #TeamJovana,1
EYAKhsALnh4,Jovana Damnjanović verlängert bis 2025,6417,189,13,FC Bayern Frauen,@ahmedaswan7031,حلووو,0
EYAKhsALnh4,Jovana Damnjanović verlängert bis 2025,6417,189,13,FC Bayern Frauen,@wetzer90,"Wow Jovi, sowas is Balsam für die Seele eines Bayernfans. Wenn nur bei den Männern auch mal einer sowas sagen würde",0
EYAKhsALnh4,Jovana Damnjanović verlängert bis 2025,6417,189,13,FC Bayern Frauen,@christianschreiner2657,Glückwunsch nach München 🙂 Ich bin auf den Kampf zwischen unseren Wölfinnen und euch gespannt.,3
EYAKhsALnh4,Jovana Damnjanović verlängert bis 2025,6417,189,13,FC Bayern Frauen,@Ofenbaguette,"Super Neuigkeiten! Je länger, desto besser!",3
EYAKhsALnh4,Jovana Damnjanović verlängert bis 2025,6417,189,13,FC Bayern Frauen,@ROI-SALOMON,Mia San Mia ❤️❤️,3
EYAKhsALnh4,Jovana Damnjanović verlängert bis 2025,6417,189,13,FC Bayern Frauen,@1stdekor09,"top!
freut mich das sie bleibt :) .",1
EYAKhsALnh4,Jovana Damnjanović verlängert bis 2025,6417,189,13,FC Bayern Frauen,@robinsonsalcedo9329,Excelente una buena delantera aporta mucho bayer,0
EYAKhsALnh4,Jovana Damnjanović verlängert bis 2025,6417,189,13,FC Bayern Frauen,@michaelhomolle4559,Bleibt nur die Frage wer den Job an der Seitenlinie übernimmt,0
EYAKhsALnh4,Jovana Damnjanović verlängert bis 2025,6417,189,13,FC Bayern Frauen,,"beste Bayern-Stürmerin in diesem Jahr. Toll, dass sie bleibt",8
EYAKhsALnh4,Jovana Damnjanović verlängert bis 2025,6417,189,13,FC Bayern Frauen,@michaelhomolle4559,Ich freue mich damit bleibt Feuer auf dem Platz,4
VaZ1JeswgWc,Tainara de Souza da Silva unterschreibt bei den FC Bayern Frauen,3245,130,10,FC Bayern Frauen,@michaellevitschnig7535,Wir brauchen dich in der Verteidigung.wann kommst du zurück ? Boa Sorte ..ein Fan Brasil Football 🎉,0
VaZ1JeswgWc,Tainara de Souza da Silva unterschreibt bei den FC Bayern Frauen,3245,130,10,FC Bayern Frauen,@احمدالخفاجيإبنالناصرية,حاليا مباشر,0
VaZ1JeswgWc,Tainara de Souza da Silva unterschreibt bei den FC Bayern Frauen,3245,130,10,FC Bayern Frauen,@Brene12345,Bisschen schade dass im Männerteam gar keine Brasilianer mehr sind.,2
VaZ1JeswgWc,Tainara de Souza da Silva unterschreibt bei den FC Bayern Frauen,3245,130,10,FC Bayern Frauen,@allanawanyo4966,Elber😄,0
VaZ1JeswgWc,Tainara de Souza da Silva unterschreibt bei den FC Bayern Frauen,3245,130,10,FC Bayern Frauen,@michaellevitschnig7535,Oi Boa Tempo aupci in Alemanha ciao Miguel,0
VaZ1JeswgWc,Tainara de Souza da Silva unterschreibt bei den FC Bayern Frauen,3245,130,10,FC Bayern Frauen,@ahmedaswan7031,حلووو,0
VaZ1JeswgWc,Tainara de Souza da Silva unterschreibt bei den FC Bayern Frauen,3245,130,10,FC Bayern Frauen,@renaninaciobelo,"Que felicidade ver uma brasileira no Bayern, espero que Tainara consiga trilhar um caminho de sucesso. Vou comprar a minha camisa com o seu nome!",5
VaZ1JeswgWc,Tainara de Souza da Silva unterschreibt bei den FC Bayern Frauen,3245,130,10,FC Bayern Frauen,@yasminqueiroz2009,"Omg, so happy to see a brazilian in Munich ❤️🇧🇷 Welcome Tainara",2
VaZ1JeswgWc,Tainara de Souza da Silva unterschreibt bei den FC Bayern Frauen,3245,130,10,FC Bayern Frauen,@GOLF_GTI_CLUBSPORT,Bem vinda 🇬🇱💚,0
VaZ1JeswgWc,Tainara de Souza da Silva unterschreibt bei den FC Bayern Frauen,3245,130,10,FC Bayern Frauen,@domenikmannig8665,Herzlichen willkommen bei uns,1
fXYLSBzjUUw,Emelyne Laurent unterschreibt bei den FC Bayern Frauen,2188,114,7,FC Bayern Frauen,@يومياتزنوبةالمحبوبة,🌷,0
fXYLSBzjUUw,Emelyne Laurent unterschreibt bei den FC Bayern Frauen,2188,114,7,FC Bayern Frauen,@allanawanyo4966,Welcome home,0
fXYLSBzjUUw,Emelyne Laurent unterschreibt bei den FC Bayern Frauen,2188,114,7,FC Bayern Frauen,@ahmedaswan7031,حلووو,0
fXYLSBzjUUw,Emelyne Laurent unterschreibt bei den FC Bayern Frauen,2188,114,7,FC Bayern Frauen,@1stdekor09,Herzlich Willkommen in der Familie :) .,0
fXYLSBzjUUw,Emelyne Laurent unterschreibt bei den FC Bayern Frauen,2188,114,7,FC Bayern Frauen,@domenikmannig8665,Herzlichen willkommen bei uns,0
fXYLSBzjUUw,Emelyne Laurent unterschreibt bei den FC Bayern Frauen,2188,114,7,FC Bayern Frauen,@kofiabakah7959,"Great signing,welcome to the biggest sports family in the world...servus Emelyne",2
fXYLSBzjUUw,Emelyne Laurent unterschreibt bei den FC Bayern Frauen,2188,114,7,FC Bayern Frauen,@derschrotti8923,Herzlich willkommen. Hoffentlich fühlst du dich wohl in München und kannst der Mannschaft weiterhelfen,2
mLFo4-VyVnQ,"FCB-Isländerinnen | Challenge mit Glódís, Karólína und Cecilía",34115,829,48,FC Bayern Frauen,@yannickpetras214,Karolina ist eine echt süße Maus 🐁❤❤❤❤❤❤❤❤❤❤❤🐭🐁😊😊😊,0
mLFo4-VyVnQ,"FCB-Isländerinnen | Challenge mit Glódís, Karólína und Cecilía",34115,829,48,FC Bayern Frauen,@arnoldcohis772,"Super schönes fräulein, ❤❤❤❤",0
mLFo4-VyVnQ,"FCB-Isländerinnen | Challenge mit Glódís, Karólína und Cecilía",34115,829,48,FC Bayern Frauen,@MrIcelander,"So glad that last game was included, it was starting to feel very 'off' somehow to watch three Icelandic people talk to each other in English!",0
mLFo4-VyVnQ,"FCB-Isländerinnen | Challenge mit Glódís, Karólína und Cecilía",34115,829,48,FC Bayern Frauen,@sounkalodiarra3705,❤❤❤❤❤❤❤❤❤❤❤❤❤,0
mLFo4-VyVnQ,"FCB-Isländerinnen | Challenge mit Glódís, Karólína und Cecilía",34115,829,48,FC Bayern Frauen,@pauldack5129,I'm always amazed how well all the players from different countries speak English so well. As an American I speak only 1 language.,2
mLFo4-VyVnQ,"FCB-Isländerinnen | Challenge mit Glódís, Karólína und Cecilía",34115,829,48,FC Bayern Frauen,@migg666rot8,Absolut sympathische Isländerinnen😃😃😃,1
mLFo4-VyVnQ,"FCB-Isländerinnen | Challenge mit Glódís, Karólína und Cecilía",34115,829,48,FC Bayern Frauen,@TotoHarry1000,Boah ist die riesig die eine Isländerin.  😮😮😮,1
mLFo4-VyVnQ,"FCB-Isländerinnen | Challenge mit Glódís, Karólína und Cecilía",34115,829,48,FC Bayern Frauen,@milanistasemper9779,Karolina ist einfach eine Traumfrau,14
mLFo4-VyVnQ,"FCB-Isländerinnen | Challenge mit Glódís, Karólína und Cecilía",34115,829,48,FC Bayern Frauen,@hajoos.8360,"Schöne Wikinger-Damen, die Besiedlung Island ist erst gut 1.000 alt. Waren große Umweltsünder. Am Beginn der Besiedlung war Island im Prinzip komplett bewaldet. Heitur pottur klingt schon sehr germanisch, eine heißgefüllte Badewanne.....",0
mLFo4-VyVnQ,"FCB-Isländerinnen | Challenge mit Glódís, Karólína und Cecilía",34115,829,48,FC Bayern Frauen,@Daniel____04,"""Deutsche Wörter"" Das bayrische verstehe nicht mal ich 🤣",1
mLFo4-VyVnQ,"FCB-Isländerinnen | Challenge mit Glódís, Karólína und Cecilía",34115,829,48,FC Bayern Frauen,@heinerda4768,"Krass, wie ein solch kleines Land soviele Talente und gute Spielerin auf Topniveau hat 👏👍",22
mLFo4-VyVnQ,"FCB-Isländerinnen | Challenge mit Glódís, Karólína und Cecilía",34115,829,48,FC Bayern Frauen,@stefanb2113,Der isländische Akzent macht die ohnehin super charmanten Mädels noch charmanter. Liebe diesen Akzent.,2
mLFo4-VyVnQ,"FCB-Isländerinnen | Challenge mit Glódís, Karólína und Cecilía",34115,829,48,FC Bayern Frauen,@ahmedaswan7031,حلووو,0
mLFo4-VyVnQ,"FCB-Isländerinnen | Challenge mit Glódís, Karólína und Cecilía",34115,829,48,FC Bayern Frauen,@allanawanyo4966,Carolina has been here long she should be beating the other girls,0
mLFo4-VyVnQ,"FCB-Isländerinnen | Challenge mit Glódís, Karólína und Cecilía",34115,829,48,FC Bayern Frauen,@merryphillips3915,👌 𝐩𝓻Ỗ𝓂Ø𝓈Ｍ,0
mLFo4-VyVnQ,"FCB-Isländerinnen | Challenge mit Glódís, Karólína und Cecilía",34115,829,48,FC Bayern Frauen,@ropi7267,Great video. Hope to see more like that in the future. <3,1
mLFo4-VyVnQ,"FCB-Isländerinnen | Challenge mit Glódís, Karólína und Cecilía",34115,829,48,FC Bayern Frauen,@Farooq_Bhai_,These videos are so great!!,2
mLFo4-VyVnQ,"FCB-Isländerinnen | Challenge mit Glódís, Karólína und Cecilía",34115,829,48,FC Bayern Frauen,@zetoland3127,Uy yaaaa,0
mLFo4-VyVnQ,"FCB-Isländerinnen | Challenge mit Glódís, Karólína und Cecilía",34115,829,48,FC Bayern Frauen,@entenjammer,Hackbraten ist bayrisches Gericht? Dann ist Fussball ein Berliner Sport.,1
mLFo4-VyVnQ,"FCB-Isländerinnen | Challenge mit Glódís, Karólína und Cecilía",34115,829,48,FC Bayern Frauen,@rhosnerbollozos101,Mia san mia!,0
mLFo4-VyVnQ,"FCB-Isländerinnen | Challenge mit Glódís, Karólína und Cecilía",34115,829,48,FC Bayern Frauen,@elmago1415,"Was fun to watch ,!!:)",0
mLFo4-VyVnQ,"FCB-Isländerinnen | Challenge mit Glódís, Karólína und Cecilía",34115,829,48,FC Bayern Frauen,@Morgowitch,Kann ich die drei einfach bisschen isländisch reden hören? Klingt einfach so nice.,13
mLFo4-VyVnQ,"FCB-Isländerinnen | Challenge mit Glódís, Karólína und Cecilía",34115,829,48,FC Bayern Frauen,@sammySHD,Glodis Viggosdottir my favorite Island 🇮🇸 women soccer Player ‼️,3
mLFo4-VyVnQ,"FCB-Isländerinnen | Challenge mit Glódís, Karólína und Cecilía",34115,829,48,FC Bayern Frauen,@eva_77x27,"""Get Saki here"" 😂😂",3
mLFo4-VyVnQ,"FCB-Isländerinnen | Challenge mit Glódís, Karólína und Cecilía",34115,829,48,FC Bayern Frauen,@3556hatesyou,"Bitte mehr Videos dieser Art😂 am besten die Summer Games in der Frauen Version, wäre mega👍🏻😂",29
mLFo4-VyVnQ,"FCB-Isländerinnen | Challenge mit Glódís, Karólína und Cecilía",34115,829,48,FC Bayern Frauen,@Manu-jy6dm,"Die ""Wiener Staatsoper"" erinnert irgendwie sehr an Dresden 🤔",2
mLFo4-VyVnQ,"FCB-Isländerinnen | Challenge mit Glódís, Karólína und Cecilía",34115,829,48,FC Bayern Frauen,@yasminqueiroz2009,I loved it ❤️😂,4
mLFo4-VyVnQ,"FCB-Isländerinnen | Challenge mit Glódís, Karólína und Cecilía",34115,829,48,FC Bayern Frauen,@yusuf-by2vf,"Die 3 schönsten Frauen der Welt❣️😌
❣️🇩🇪❣️ BAYERN ❤️",6
mLFo4-VyVnQ,"FCB-Isländerinnen | Challenge mit Glódís, Karólína und Cecilía",34115,829,48,FC Bayern Frauen,@domenikmannig8665,Ich würde gerne mal gerne jede  Frau gerne mal privat kennenlernen lernen,1
mLFo4-VyVnQ,"FCB-Isländerinnen | Challenge mit Glódís, Karólína und Cecilía",34115,829,48,FC Bayern Frauen,@hawiemettel8355,Mag die Drei😊 Island ist auch ein tolles Land❤️🇮🇸,27
mLFo4-VyVnQ,"FCB-Isländerinnen | Challenge mit Glódís, Karólína und Cecilía",34115,829,48,FC Bayern Frauen,@Kattmatskal,Super sympathisch die Mädels :),9
mLFo4-VyVnQ,"FCB-Isländerinnen | Challenge mit Glódís, Karólína und Cecilía",34115,829,48,FC Bayern Frauen,@husseinali1991,im here for the girls only welcome to iraq 🇮🇶,1
mLFo4-VyVnQ,"FCB-Isländerinnen | Challenge mit Glódís, Karólína und Cecilía",34115,829,48,FC Bayern Frauen,@lucca3762,Einfach drei coole Socken😂,37
mLFo4-VyVnQ,"FCB-Isländerinnen | Challenge mit Glódís, Karólína und Cecilía",34115,829,48,FC Bayern Frauen,@robyk6944,FC Bayern.  👍😍😁👍✌️💪🖐️Kdkdjdjdndjd,1
1r_Xk1NFyfY,FC Bayern Frauen - Paris Saint-Germain | Allianz Arena - Here We Come,3488,160,5,FC Bayern Frauen,@يومياتزنوبةالمحبوبة,🙏,0
1r_Xk1NFyfY,FC Bayern Frauen - Paris Saint-Germain | Allianz Arena - Here We Come,3488,160,5,FC Bayern Frauen,@ahmedaswan7031,حلووو,0
1r_Xk1NFyfY,FC Bayern Frauen - Paris Saint-Germain | Allianz Arena - Here We Come,3488,160,5,FC Bayern Frauen,@mareikemuller7133,Ich freu mich schon,4
1r_Xk1NFyfY,FC Bayern Frauen - Paris Saint-Germain | Allianz Arena - Here We Come,3488,160,5,FC Bayern Frauen,@katiusciafabello4296,"Fc BAYERN FRAUEN 🌹
Lets go Girl😀
Mia San Mia ❤",7
rDYd3myBIiw,Audi x FCB: eine zukunftsweisende neue Partnerschaft,2387,99,1,FC Bayern Frauen,@يومياتزنوبةالمحبوبة,🤣,1
rHMfM8KaajQ,Die Abschlusspressekonferenz mit Jens Scheuer und Hanna Glas vor dem UWCL-Spiel gegen BK Häcken,2378,72,3,FC Bayern Frauen,@ahmedaswan7031,جلوو,0
rHMfM8KaajQ,Die Abschlusspressekonferenz mit Jens Scheuer und Hanna Glas vor dem UWCL-Spiel gegen BK Häcken,2378,72,3,FC Bayern Frauen,@ROI-SALOMON,Mia san mia ❤,1
rHMfM8KaajQ,Die Abschlusspressekonferenz mit Jens Scheuer und Hanna Glas vor dem UWCL-Spiel gegen BK Häcken,2378,72,3,FC Bayern Frauen,@robertzander9723,Alles Gute und viel Erfolg ✌️👍,1
KCOdbS9osz8,"""Gänsehaut!"" 🏆 Deutscher Meister 2021 - der große Rückblick!",29310,703,16,FC Bayern Frauen,@احمدالخفاجيإبنالناصرية,❤,0
KCOdbS9osz8,"""Gänsehaut!"" 🏆 Deutscher Meister 2021 - der große Rückblick!",29310,703,16,FC Bayern Frauen,@سناباتحوري,حصريا,0
KCOdbS9osz8,"""Gänsehaut!"" 🏆 Deutscher Meister 2021 - der große Rückblick!",29310,703,16,FC Bayern Frauen,@ralf-peterborrmann9649,"So sieht das aus, wenn die Mannschaft eine Mannschaft ist. Herrlich.",0
KCOdbS9osz8,"""Gänsehaut!"" 🏆 Deutscher Meister 2021 - der große Rückblick!",29310,703,16,FC Bayern Frauen,@يومياتزنوبةالمحبوبة,😉,1
KCOdbS9osz8,"""Gänsehaut!"" 🏆 Deutscher Meister 2021 - der große Rückblick!",29310,703,16,FC Bayern Frauen,@سناباتحوري,Good,1
KCOdbS9osz8,"""Gänsehaut!"" 🏆 Deutscher Meister 2021 - der große Rückblick!",29310,703,16,FC Bayern Frauen,@ahmedaswan7031,حلوو,0
KCOdbS9osz8,"""Gänsehaut!"" 🏆 Deutscher Meister 2021 - der große Rückblick!",29310,703,16,FC Bayern Frauen,@andreasfreudenberg8853,"Ich finds schade, daß die Stadien bei den Mädels fast leer sind. Dabei spielen die so einen geilen Fußball. 👍😘",10
KCOdbS9osz8,"""Gänsehaut!"" 🏆 Deutscher Meister 2021 - der große Rückblick!",29310,703,16,FC Bayern Frauen,@ric007perfekt4,Ihr seid sooo super😍😍😍😍😍👍👍👍👍👍👍,3
KCOdbS9osz8,"""Gänsehaut!"" 🏆 Deutscher Meister 2021 - der große Rückblick!",29310,703,16,FC Bayern Frauen,@felssibylle927,", einfach stark!",2
KCOdbS9osz8,"""Gänsehaut!"" 🏆 Deutscher Meister 2021 - der große Rückblick!",29310,703,16,FC Bayern Frauen,@iLoveJessiii,Einfach stark Mädels! Mia san Mia <3,5
KCOdbS9osz8,"""Gänsehaut!"" 🏆 Deutscher Meister 2021 - der große Rückblick!",29310,703,16,FC Bayern Frauen,@jonny-ph6jx,Dieses Team ist einfach so toll❤️,12
KCOdbS9osz8,"""Gänsehaut!"" 🏆 Deutscher Meister 2021 - der große Rückblick!",29310,703,16,FC Bayern Frauen,@bastinowak3396,Gänsehaut 🙂 Fc Bayern❤️ Frauen ❤️ 😊 Ihr Seit Die Besten,5
KCOdbS9osz8,"""Gänsehaut!"" 🏆 Deutscher Meister 2021 - der große Rückblick!",29310,703,16,FC Bayern Frauen,@ROI-SALOMON,Bravo bon courage ❤❤,3
KCOdbS9osz8,"""Gänsehaut!"" 🏆 Deutscher Meister 2021 - der große Rückblick!",29310,703,16,FC Bayern Frauen,@benilaTV,wahre super Bayern! =),5
KCOdbS9osz8,"""Gänsehaut!"" 🏆 Deutscher Meister 2021 - der große Rückblick!",29310,703,16,FC Bayern Frauen,@txmo14,Das ist so Gänsehaut pur,16
R5oy1vnLJpE,"Football or Baseball? 🏈⚾ ""This or That"" USA Edition | FC Bayern Frauen",12695,334,7,FC Bayern Frauen,@يومياتزنوبةالمحبوبة,😏,0
R5oy1vnLJpE,"Football or Baseball? 🏈⚾ ""This or That"" USA Edition | FC Bayern Frauen",12695,334,7,FC Bayern Frauen,@allanawanyo4966,It looks almost like Karolina Lea is just copying what the others are saying 😅😅😅,0
R5oy1vnLJpE,"Football or Baseball? 🏈⚾ ""This or That"" USA Edition | FC Bayern Frauen",12695,334,7,FC Bayern Frauen,@danielh8659,So Cheeseburgers served by Beyonce at a Footballmatch it is then....,7
R5oy1vnLJpE,"Football or Baseball? 🏈⚾ ""This or That"" USA Edition | FC Bayern Frauen",12695,334,7,FC Bayern Frauen,@vhngfijk8nn4rny97,😂😂😂😂,2
R5oy1vnLJpE,"Football or Baseball? 🏈⚾ ""This or That"" USA Edition | FC Bayern Frauen",12695,334,7,FC Bayern Frauen,@jonny-ph6jx,"""I don't understand the rules of either""😂😂😂😂😂😂 same Vivi same",12
R5oy1vnLJpE,"Football or Baseball? 🏈⚾ ""This or That"" USA Edition | FC Bayern Frauen",12695,334,7,FC Bayern Frauen,@ROI-SALOMON,❤,3
R5oy1vnLJpE,"Football or Baseball? 🏈⚾ ""This or That"" USA Edition | FC Bayern Frauen",12695,334,7,FC Bayern Frauen,@jjjtpln,I love that none of the women seem to give a crap about American anything. Seriously.,5
MW9GabAxSFc,Finale in Toulouse 🏆 Highlights AS Roma - FC Bayern | AMOS Women's French Cup,13364,284,11,FC Bayern Frauen,@slelslelsllwlLLoa123,bühl goat,0
MW9GabAxSFc,Finale in Toulouse 🏆 Highlights AS Roma - FC Bayern | AMOS Women's French Cup,13364,284,11,FC Bayern Frauen,@ikhsanudin8156,Amazing Bayern ❤️,1
MW9GabAxSFc,Finale in Toulouse 🏆 Highlights AS Roma - FC Bayern | AMOS Women's French Cup,13364,284,11,FC Bayern Frauen,@MartinSJ0,Herzlichen Glückwunsch,2
MW9GabAxSFc,Finale in Toulouse 🏆 Highlights AS Roma - FC Bayern | AMOS Women's French Cup,13364,284,11,FC Bayern Frauen,@HPHSGermany2010,#miasanmia,0
MW9GabAxSFc,Finale in Toulouse 🏆 Highlights AS Roma - FC Bayern | AMOS Women's French Cup,13364,284,11,FC Bayern Frauen,@hchnkjhf4660,Lina oberdorf should be brought in,0
MW9GabAxSFc,Finale in Toulouse 🏆 Highlights AS Roma - FC Bayern | AMOS Women's French Cup,13364,284,11,FC Bayern Frauen,@hchnkjhf4660,We want the champions league this time,1
MW9GabAxSFc,Finale in Toulouse 🏆 Highlights AS Roma - FC Bayern | AMOS Women's French Cup,13364,284,11,FC Bayern Frauen,@leonhusemann4630,Super,4
MW9GabAxSFc,Finale in Toulouse 🏆 Highlights AS Roma - FC Bayern | AMOS Women's French Cup,13364,284,11,FC Bayern Frauen,@vhngfijk8nn4rny97,Bravo ❤❤❤,1
MW9GabAxSFc,Finale in Toulouse 🏆 Highlights AS Roma - FC Bayern | AMOS Women's French Cup,13364,284,11,FC Bayern Frauen,@davidedavid8179,Mortacci vostra,0
MW9GabAxSFc,Finale in Toulouse 🏆 Highlights AS Roma - FC Bayern | AMOS Women's French Cup,13364,284,11,FC Bayern Frauen,@blackadder9633,Klara Bühl is a fantastic player.,5
MW9GabAxSFc,Finale in Toulouse 🏆 Highlights AS Roma - FC Bayern | AMOS Women's French Cup,13364,284,11,FC Bayern Frauen,@ROI-SALOMON,"Bravo ❤ bon courage 😀 Mia San Mia 
Super bayern super bayern hey hey",2
RyVPHwq5_B8,Mia san Meister! Pressekonferenz mit Jens Scheuer,4673,125,3,FC Bayern Frauen,@robyk6944,Jsbsjsb,1
RyVPHwq5_B8,Mia san Meister! Pressekonferenz mit Jens Scheuer,4673,125,3,FC Bayern Frauen,@sammySHD,"❤️ herzlichen Glückwunsch zur Frauen Fussball Bundesliga Meisterschaft,
DANKE lieber Jens Scheuer,
DANKE an die ganze Mannschaft,
DANKE für die tolle Saison,
👍 Vielen lieben Dank ‼️",7
RyVPHwq5_B8,Mia san Meister! Pressekonferenz mit Jens Scheuer,4673,125,3,FC Bayern Frauen,@robinsonsalcedo9329,Felicitaciones bendiciones éxitos 4 vez seguidas conseguir título Bayer Múnich femenino saludos desde Colombia,5
-B3srYPzAFA,Simone sagt Servus! ❤️ Weltmeisterin Laudehr beendet ihre Frußball-Karriere,9014,321,16,FC Bayern Frauen,@ridgeone_blvn1600,Absolute Lieblingsspielerin. Danke. Alles Gute Simon ;),0
-B3srYPzAFA,Simone sagt Servus! ❤️ Weltmeisterin Laudehr beendet ihre Frußball-Karriere,9014,321,16,FC Bayern Frauen,@thebestianwilman995,Du hast dich gesund verabschiedet und nur das zählt! Alles Gute Simone!,0
-B3srYPzAFA,Simone sagt Servus! ❤️ Weltmeisterin Laudehr beendet ihre Frußball-Karriere,9014,321,16,FC Bayern Frauen,@Phynne85,Meine Lieblingsspielerin. Weltklasse. Top-Athletin. Simone Laudehr.,0
-B3srYPzAFA,Simone sagt Servus! ❤️ Weltmeisterin Laudehr beendet ihre Frußball-Karriere,9014,321,16,FC Bayern Frauen,@stefanieeschenbacher2928,Simon Legende 👍👍👍❤👍👍,0
-B3srYPzAFA,Simone sagt Servus! ❤️ Weltmeisterin Laudehr beendet ihre Frußball-Karriere,9014,321,16,FC Bayern Frauen,@steveklotzer7855,😘,0
-B3srYPzAFA,Simone sagt Servus! ❤️ Weltmeisterin Laudehr beendet ihre Frußball-Karriere,9014,321,16,FC Bayern Frauen,@westend37,"Glückwunsch fuer deinen letzten Titel als Spielerin.Neben Inka warst du die allergroesste,die jemals fuer""uns"" beim FCR Duisburg gespielt hat.Umso trauriger die jetzige Entwicklung bei uns. Unvergessen noch heute mein Interview mit dir waehrend einer Autogrammstunde,da warst du 22.Viel Erfolg nach der Spielerkarriere wuenscht MSV Fan Udo aus Oberhausen.Servus,Simon und Danke fuer alles.",2
-B3srYPzAFA,Simone sagt Servus! ❤️ Weltmeisterin Laudehr beendet ihre Frußball-Karriere,9014,321,16,FC Bayern Frauen,@OldCarger,Vielen Dank Simone. Viel Glück für deine Zukunft. Mia San Mia Forever.,0
-B3srYPzAFA,Simone sagt Servus! ❤️ Weltmeisterin Laudehr beendet ihre Frußball-Karriere,9014,321,16,FC Bayern Frauen,@albertweber4423,"Tolle Karriere, Simone war immer ein Gewinn für jede Mannschaft. Alles Gute. Toller Beitrag mit einer sehr schönen Hintergrundmusik.
Ganz liebe Grüße aus Frankfurt",1
-B3srYPzAFA,Simone sagt Servus! ❤️ Weltmeisterin Laudehr beendet ihre Frußball-Karriere,9014,321,16,FC Bayern Frauen,@hippiehopper,"klasse, Vielen Dank für all die Jahre und alles Gute für die Zukunft!",1
-B3srYPzAFA,Simone sagt Servus! ❤️ Weltmeisterin Laudehr beendet ihre Frußball-Karriere,9014,321,16,FC Bayern Frauen,@fabianstelzl1362,Ich glaub sollte Fußball-Karriere heißen im Titel und nicht Frußball 😅 aber nichtsdestotrotz grandiose Karriere,1
-B3srYPzAFA,Simone sagt Servus! ❤️ Weltmeisterin Laudehr beendet ihre Frußball-Karriere,9014,321,16,FC Bayern Frauen,@joachimgollasch7938,Jetzt noch ein einziges Spiel!! :(Und dann hat Sie ALLES gewonnen! Als Schwabe und Freiburg Fan gönne ich ihrs von ganzenm Herzen!! Danke für Alles!!,2
-B3srYPzAFA,Simone sagt Servus! ❤️ Weltmeisterin Laudehr beendet ihre Frußball-Karriere,9014,321,16,FC Bayern Frauen,@katiusciafabello4296,"DANKE 😍
UND
ALLES GUTE 😃
MIA SAN MIA ❤",4
-B3srYPzAFA,Simone sagt Servus! ❤️ Weltmeisterin Laudehr beendet ihre Frußball-Karriere,9014,321,16,FC Bayern Frauen,@benilaTV,Danke das du für uns gespielt hast. Ich hoffe du bleibst in Zukunft auch weiterhin irgendwie dem Verein erhalten. =(,9
-B3srYPzAFA,Simone sagt Servus! ❤️ Weltmeisterin Laudehr beendet ihre Frußball-Karriere,9014,321,16,FC Bayern Frauen,@ROI-SALOMON,Danke Mia San Mia ❤,2
-B3srYPzAFA,Simone sagt Servus! ❤️ Weltmeisterin Laudehr beendet ihre Frußball-Karriere,9014,321,16,FC Bayern Frauen,@michelledippold4687,"Richtig geile Karriere 
Viel Glück für deine Karriere nach der Karriere",2
-B3srYPzAFA,Simone sagt Servus! ❤️ Weltmeisterin Laudehr beendet ihre Frußball-Karriere,9014,321,16,FC Bayern Frauen,@leni874,"LEGENDE 🙌! Ganz viel Freude, Gesundheit und Erfolg auf deinem nächsten Lebensabschnitt ✌☀️",15
aMTIYp6SBQ0,Showdown am letzten Spieltag! Pressetalk mit Simone Laudehr & Jens Scheuer,1241,45,2,FC Bayern Frauen,@يومياتزنوبةالمحبوبة,😭,0
aMTIYp6SBQ0,Showdown am letzten Spieltag! Pressetalk mit Simone Laudehr & Jens Scheuer,1241,45,2,FC Bayern Frauen,@taurus2016,"Es wäre nett, wenn ihr Simones Namen in der Beschreibung korrigieren würdet. Auch wenn sie gelegentlich etwas LAUTER wird.😉",2
zebY9jKZ44Q,UWCL-Halbfinale | Chelsea FC vs. FC Bayern - Highlights,12349,195,16,FC Bayern Frauen,@يومياتزنوبةالمحبوبة,😏,0
zebY9jKZ44Q,UWCL-Halbfinale | Chelsea FC vs. FC Bayern - Highlights,12349,195,16,FC Bayern Frauen,@michaelafrancis1361,"It tickles me that the commentator keeps calling the Chelsea players the ""Englanderinnen"" (The English women). In fact there were only four English players in the starting eleven.",0
zebY9jKZ44Q,UWCL-Halbfinale | Chelsea FC vs. FC Bayern - Highlights,12349,195,16,FC Bayern Frauen,@betplayersportwetten1931,https://youtu.be/GBtgrZRH3_E,0
zebY9jKZ44Q,UWCL-Halbfinale | Chelsea FC vs. FC Bayern - Highlights,12349,195,16,FC Bayern Frauen,@nicklasfeiertag3347,Stark gekämpft weiter immer weiter& Kopf hoch!! Btw krasses Tor zum 1:1,4
zebY9jKZ44Q,UWCL-Halbfinale | Chelsea FC vs. FC Bayern - Highlights,12349,195,16,FC Bayern Frauen,@mustafa8920,Emma Hayes > Julian naglesman,1
zebY9jKZ44Q,UWCL-Halbfinale | Chelsea FC vs. FC Bayern - Highlights,12349,195,16,FC Bayern Frauen,@domoetker3967,Tzz Bayern.,1
zebY9jKZ44Q,UWCL-Halbfinale | Chelsea FC vs. FC Bayern - Highlights,12349,195,16,FC Bayern Frauen,@owencrompton3713,great effort from bayern was a great game to watch very tense in the final minutes,2
zebY9jKZ44Q,UWCL-Halbfinale | Chelsea FC vs. FC Bayern - Highlights,12349,195,16,FC Bayern Frauen,@Mo-wv7tc,Schelsea,6
zebY9jKZ44Q,UWCL-Halbfinale | Chelsea FC vs. FC Bayern - Highlights,12349,195,16,FC Bayern Frauen,@reisdabola984,Come back stronger in Die Liga! Mia San Mia,1
zebY9jKZ44Q,UWCL-Halbfinale | Chelsea FC vs. FC Bayern - Highlights,12349,195,16,FC Bayern Frauen,@arwenstern8625,Schade schade aber das letzte Tor hätte nicht sein müssen warum war das Tor 😫leer ?,0
zebY9jKZ44Q,UWCL-Halbfinale | Chelsea FC vs. FC Bayern - Highlights,12349,195,16,FC Bayern Frauen,@leni874,"Kopf hoch!!! Ihr habt mega abgeliefert, leider hat es nicht gereicht. Es ist zwar saumäßig bitter und es tut echt weh aber ihr habt gezeigt was für eine mega Mannschaft ihr seid und was ihr traufhabt ❤🤍🦾! Schom allein das Tor von Sarah Zadrazil sagt alles was ein unglaubliches Niveau die Frauen haben🔥💯",10
zebY9jKZ44Q,UWCL-Halbfinale | Chelsea FC vs. FC Bayern - Highlights,12349,195,16,FC Bayern Frauen,@agatalissi525,Zadrazil goal was amazing but it wasn't enough to arrive to the final❤️,15
zebY9jKZ44Q,UWCL-Halbfinale | Chelsea FC vs. FC Bayern - Highlights,12349,195,16,FC Bayern Frauen,@ROI-SALOMON,Mia San Mia,3
6Cg-3WFsBXo,Come back stronger! So geht es FC Bayern-Stürmerin Jovana Damnjanović in der Reha,4409,186,11,FC Bayern Frauen,@يومياتزنوبةالمحبوبة,😢,0
6Cg-3WFsBXo,Come back stronger! So geht es FC Bayern-Stürmerin Jovana Damnjanović in der Reha,4409,186,11,FC Bayern Frauen,@katharinabaacke3088,Wo her kommst du den,0
6Cg-3WFsBXo,Come back stronger! So geht es FC Bayern-Stürmerin Jovana Damnjanović in der Reha,4409,186,11,FC Bayern Frauen,@V.Angelova9,I love her. So tough and talented! ❤❤🔥🔥😍😍,1
6Cg-3WFsBXo,Come back stronger! So geht es FC Bayern-Stürmerin Jovana Damnjanović in der Reha,4409,186,11,FC Bayern Frauen,@owencrompton3713,unfortunately not strong enough,0
6Cg-3WFsBXo,Come back stronger! So geht es FC Bayern-Stürmerin Jovana Damnjanović in der Reha,4409,186,11,FC Bayern Frauen,@danny7308,Weiterhin gute Genesung 🥳,1
6Cg-3WFsBXo,Come back stronger! So geht es FC Bayern-Stürmerin Jovana Damnjanović in der Reha,4409,186,11,FC Bayern Frauen,@user-lq4jl,könnt ihr das gleiche nochmal mit giuli machen ? ;),9
6Cg-3WFsBXo,Come back stronger! So geht es FC Bayern-Stürmerin Jovana Damnjanović in der Reha,4409,186,11,FC Bayern Frauen,@ROI-SALOMON,❤  mia san mia,1
6Cg-3WFsBXo,Come back stronger! So geht es FC Bayern-Stürmerin Jovana Damnjanović in der Reha,4409,186,11,FC Bayern Frauen,@annalena7672,Weiter so Jovi du bist eine Maschine wir freuen uns wenn du wieder zurück bist 🔴⚪💪🏻#brovi#MiaSanMia,1
6Cg-3WFsBXo,Come back stronger! So geht es FC Bayern-Stürmerin Jovana Damnjanović in der Reha,4409,186,11,FC Bayern Frauen,@michaelschilke6611,❤❤🔥🔥😍😍👍👍,2
6Cg-3WFsBXo,Come back stronger! So geht es FC Bayern-Stürmerin Jovana Damnjanović in der Reha,4409,186,11,FC Bayern Frauen,@jasongreulich4541,Unglaublich starke Frau 🤩🥰,11
PMIzwY7BAu4,UWCL-Achtelfinal-Rückspiel: FC Bayern gegen BIIK Kazygurt | Die Highlights,1047,65,4,FC Bayern Frauen,@يومياتزنوبةالمحبوبة,🙏,0
PMIzwY7BAu4,UWCL-Achtelfinal-Rückspiel: FC Bayern gegen BIIK Kazygurt | Die Highlights,1047,65,4,FC Bayern Frauen,@starkermann8119,"Schade, dass die Aufmerksamkeit und Achtung der Gesellschaft von einem Penis zwischen den Beinen abhängig ist.",0
PMIzwY7BAu4,UWCL-Achtelfinal-Rückspiel: FC Bayern gegen BIIK Kazygurt | Die Highlights,1047,65,4,FC Bayern Frauen,@axbill,"It was a Great game, I like every member of the team, but Magull Ilested was Awesome!!!!  Greetings from Mexico",1
PMIzwY7BAu4,UWCL-Achtelfinal-Rückspiel: FC Bayern gegen BIIK Kazygurt | Die Highlights,1047,65,4,FC Bayern Frauen,@leni874,"Mega Spiel von den Frauen! Verdient gewonnen. Jetzt weiter ins Viertelfinale gegen Fc Rosenguård, ihr packt das 💯❤",3
Xfx4zrYJDP4,„Willkommene Abwechslung“ - Ausflug der FC Bayern Frauen zum Golfplatz,12058,300,6,FC Bayern Frauen,@ahmedaswan7031,😝😝😚😚,0
Xfx4zrYJDP4,„Willkommene Abwechslung“ - Ausflug der FC Bayern Frauen zum Golfplatz,12058,300,6,FC Bayern Frauen,@reisdabola984,Super Bayern!,1
Xfx4zrYJDP4,„Willkommene Abwechslung“ - Ausflug der FC Bayern Frauen zum Golfplatz,12058,300,6,FC Bayern Frauen,@lanine130,Gern auch mehr Trainingseingmheiten zeigen🥰😍 ich liebes die Videos anzuschauen bzw vielleicht draus zu lernen🥰 Ich spiele nämlich selbst auch Fussball. Ihr seit der Hammer💞😎✌🏼👍🥰,4
Xfx4zrYJDP4,„Willkommene Abwechslung“ - Ausflug der FC Bayern Frauen zum Golfplatz,12058,300,6,FC Bayern Frauen,@Kattmatskal,Gerne viel mehr Videos von und mit den Mädels 😀,10
Xfx4zrYJDP4,„Willkommene Abwechslung“ - Ausflug der FC Bayern Frauen zum Golfplatz,12058,300,6,FC Bayern Frauen,@nicoundlucaoficialyoutubec8719,Schön zu sehen wie die Mädels den Golfplatz rocken,2
Xfx4zrYJDP4,„Willkommene Abwechslung“ - Ausflug der FC Bayern Frauen zum Golfplatz,12058,300,6,FC Bayern Frauen,@domenicogrieco7187,😍😍😍😍,2
CLGU4V7s2X8,Die Highlights vom UWCL-Viertelfinale der FC Bayern Frauen gegen Olympique Lyon,5553,171,7,FC Bayern Frauen,@يومياتزنوبةالمحبوبة,😁,0
CLGU4V7s2X8,Die Highlights vom UWCL-Viertelfinale der FC Bayern Frauen gegen Olympique Lyon,5553,171,7,FC Bayern Frauen,@jodellkesterseegobin2039,"Bayern definitely could've won, and at least they put up a better fight than Wolfsburg. Oh well, the girls will win it eventually, they've got a great team and amazing players! Mia san mia!",0
CLGU4V7s2X8,Die Highlights vom UWCL-Viertelfinale der FC Bayern Frauen gegen Olympique Lyon,5553,171,7,FC Bayern Frauen,@anonymeperson6458,"Bitteres Ergebnis, aber nicht überraschend",3
CLGU4V7s2X8,Die Highlights vom UWCL-Viertelfinale der FC Bayern Frauen gegen Olympique Lyon,5553,171,7,FC Bayern Frauen,@anonymeperson6458,Schade,1
CLGU4V7s2X8,Die Highlights vom UWCL-Viertelfinale der FC Bayern Frauen gegen Olympique Lyon,5553,171,7,FC Bayern Frauen,@anonymeperson6458,Sehr spannend,1
CLGU4V7s2X8,Die Highlights vom UWCL-Viertelfinale der FC Bayern Frauen gegen Olympique Lyon,5553,171,7,FC Bayern Frauen,@domaq123,1,2
4Pv9WiqnQJk,UEFA visiting FC Bayern Women's Team in Munich,18207,389,5,FC Bayern Frauen,@يومياتزنوبةالمحبوبة,😘,0
4Pv9WiqnQJk,UEFA visiting FC Bayern Women's Team in Munich,18207,389,5,FC Bayern Frauen,@BayernNow,Can't wait for the Frauen Roten back next season. I actually enjoyed them very much in the champions league last year.,3
4Pv9WiqnQJk,UEFA visiting FC Bayern Women's Team in Munich,18207,389,5,FC Bayern Frauen,@moklonglakpan6503,I request FC Bayern Frauen youtube channel to update the live coverage match of FCB women's  here so that we can watch here...I guess today they are playing too.My earnest request please🙏🙏🙏,2
4Pv9WiqnQJk,UEFA visiting FC Bayern Women's Team in Munich,18207,389,5,FC Bayern Frauen,@ondrejkastak8287,Ich liebe euch❤,6
Dx3hAWB8Fe4,"FC Bayern Frauen: Doha 2020 - Hartes Training, Wüsten-Rally & viel gute Laune!",5278,150,2,FC Bayern Frauen,@يومياتزنوبةالمحبوبة,🙏,0
Dx3hAWB8Fe4,"FC Bayern Frauen: Doha 2020 - Hartes Training, Wüsten-Rally & viel gute Laune!",5278,150,2,FC Bayern Frauen,@robinsonsalcedo2184,Excelente ver más cosas de Bayer Munich femenino ojalá ver partido de la liga saludos desde Colombia soy admirador del fútbol femenino,2
3MLTia8ye2s,Skills & Tricks Challenge - FC Bayern Women,6368,227,6,FC Bayern Frauen,@يومياتزنوبةالمحبوبة,👍😭,0
3MLTia8ye2s,Skills & Tricks Challenge - FC Bayern Women,6368,227,6,FC Bayern Frauen,@darrelmahere6339,Mia San Mia,1
3MLTia8ye2s,Skills & Tricks Challenge - FC Bayern Women,6368,227,6,FC Bayern Frauen,@aliiuu789,"Wow, richtig gut!! 🔥😃",4
3MLTia8ye2s,Skills & Tricks Challenge - FC Bayern Women,6368,227,6,FC Bayern Frauen,@e-mikele2144,Hi can one Challenge for my channel too thx,0
NVoZc-Tevp8,Action in der Wüste: Die FC Bayern Frauen in Doha,3420,122,5,FC Bayern Frauen,@يومياتزنوبةالمحبوبة,❤️❤️❤️,0
NVoZc-Tevp8,Action in der Wüste: Die FC Bayern Frauen in Doha,3420,122,5,FC Bayern Frauen,@reisdabola984,Super Bayern Frauen!,2
NVoZc-Tevp8,Action in der Wüste: Die FC Bayern Frauen in Doha,3420,122,5,FC Bayern Frauen,@dkanover,In February gegen die Olympique de Lyon,2
NVoZc-Tevp8,Action in der Wüste: Die FC Bayern Frauen in Doha,3420,122,5,FC Bayern Frauen,@dkanover,Go FCBF,0
L-cT8IWPyZQ,Strahlende Kinderaugen: FCB-Frauen trainieren mit Mädchen aus Doha,2696,120,3,FC Bayern Frauen,@wulfloki0576,Sehr schön. Weiter so FC Bayern.,3
L-cT8IWPyZQ,Strahlende Kinderaugen: FCB-Frauen trainieren mit Mädchen aus Doha,2696,120,3,FC Bayern Frauen,@fcbayernmunchen21,Baaaayern!,1
L-cT8IWPyZQ,Strahlende Kinderaugen: FCB-Frauen trainieren mit Mädchen aus Doha,2696,120,3,FC Bayern Frauen,@reisdabola984,Super Bayern Frauen,3
O9EiY6qQy1g,Vertrag bis 2022: Laura Benkarth verlängert beim FC Bayern München,3046,89,2,FC Bayern Frauen,@BenTaskur7521,Laura sollte bei beiden Stammtorhüter werden sowohl bei den FCB Frauen als auch bei der Nationalmannschafft. Einmal wechseln bitte Almut Schult direkt raus und Benkarth rann,1
O9EiY6qQy1g,Vertrag bis 2022: Laura Benkarth verlängert beim FC Bayern München,3046,89,2,FC Bayern Frauen,@Leonie.18,Ganz stark💪🏽❤,6
_0DdjtC5how,2019 - Der Jahresrückblick der FC Bayern Frauen,3410,141,4,FC Bayern Frauen,@يومياتزنوبةالمحبوبة,🌷,0
_0DdjtC5how,2019 - Der Jahresrückblick der FC Bayern Frauen,3410,141,4,FC Bayern Frauen,@dkanover,"Vamos Bayern Frauen, que podemos ganarles al Lyon en Champions. Ya lo hicimos una vez, a conseguirlo de nuevo 🔥🔥🔥🔥🔥🔥",3
_0DdjtC5how,2019 - Der Jahresrückblick der FC Bayern Frauen,3410,141,4,FC Bayern Frauen,@robinsonsalcedo2184,Sería genial ver más fútbol femenino del Bayern femenino en su liga o partido en vivo,1
_0DdjtC5how,2019 - Der Jahresrückblick der FC Bayern Frauen,3410,141,4,FC Bayern Frauen,@annalenaheck7802,❤❤❤,0
o5MU6vNC_eQ,FC Bayern Women's Team - Thank You & Merry Christmas!,3177,128,10,FC Bayern Frauen,@fordelianas5469,Amanda i love you baby,0
o5MU6vNC_eQ,FC Bayern Women's Team - Thank You & Merry Christmas!,3177,128,10,FC Bayern Frauen,@swatgamerslynx6380,You’re welcome we always got your back ❤️❤️❤️❤️😊😊😊😊✌🏻✌🏻✌🏻✌🏻💪🏻💪🏻💪🏻💪🏻🏆🏆🏆🏆🥇🥇🥇🥇,0
o5MU6vNC_eQ,FC Bayern Women's Team - Thank You & Merry Christmas!,3177,128,10,FC Bayern Frauen,@sarahsmuda7989,❤😊,0
o5MU6vNC_eQ,FC Bayern Women's Team - Thank You & Merry Christmas!,3177,128,10,FC Bayern Frauen,@schroder1972utrecht,"Thanks, lets make 2020 a sporty gesund and happy year.....💯🔥❤️",0
o5MU6vNC_eQ,FC Bayern Women's Team - Thank You & Merry Christmas!,3177,128,10,FC Bayern Frauen,@subeeshvasudevan8714,Mia San Mia,0
o5MU6vNC_eQ,FC Bayern Women's Team - Thank You & Merry Christmas!,3177,128,10,FC Bayern Frauen,@brunamachado3203,"Mia San Mia ❤ 
Hugs from Brazil",2
o5MU6vNC_eQ,FC Bayern Women's Team - Thank You & Merry Christmas!,3177,128,10,FC Bayern Frauen,@reisdabola984,Bayern fan Brasiiil!,0
o5MU6vNC_eQ,FC Bayern Women's Team - Thank You & Merry Christmas!,3177,128,10,FC Bayern Frauen,@ivesnatan,Respect from Brasil!,3
o5MU6vNC_eQ,FC Bayern Women's Team - Thank You & Merry Christmas!,3177,128,10,FC Bayern Frauen,@axbill,"WE ARE ONE FAMILY, THAT I´M IN MEXICO, DOESN´T MATTER! MERRY CHRISTMAS !!!",0
v4k9tAkiAwc,Von Herzen Danke! Die FC Bayern Frauen wünschen ihren Fans Frohe Weihnachten,9141,403,28,FC Bayern Frauen,@RALFDick-p9y,Der fc bayern frauen mannschaft 😂❤😊hir sei die besten spielerfrauen auf der welt,1
v4k9tAkiAwc,Von Herzen Danke! Die FC Bayern Frauen wünschen ihren Fans Frohe Weihnachten,9141,403,28,FC Bayern Frauen,@RALFDick-p9y,Machst ihr  so weiter in diese Jahr 2024 weiter auch in den nächsten Jahr 2025,0
v4k9tAkiAwc,Von Herzen Danke! Die FC Bayern Frauen wünschen ihren Fans Frohe Weihnachten,9141,403,28,FC Bayern Frauen,@hamidparck7927,Je te passe un message pour vous aujourd'hui que mon message pour toi que je veux apprendre les nouveaux que je pardonner pour jouer j'attends ucer mon projet que je dois parler de la télé de vous je donne seulement pour vous y a pas de l'image faut que je veux parler de vous que je vois dans les sacs que je dois donner avec justification c'est pour vous c'est pas pour moi parce que tout le monde qui va chercher ta place tu es une zone pour si une femme de l'Est c'est pas toi qui va communiquer avec moi c'est moi qui dois communiquer avec toi que je vois on est vraiment pour vous je te donne une parole pour vous vous avez des hommes qui va parler c'est pas nous qui vont et équipe de baiser OK je te donne une seule réponse ou tu vas partir quand je veux parler avec vous ils vont partir mettre vous avez vous avez un atelier et vous êtes correct tu vas partir loin qui va chercher le titre que je veux parler de vous c'est parti on va chercher avec avec un maquereau qui va chercher le titre qu'il va choqué je vois plus vite pour toi je connais toute l'extérieur que je vois parler avec vous tout ce qu'il va dominer c'est vous qui va dormir c'est grave Clara c'est la fin de la femme de Klein que je vois plus vite pour toi je te donne l'histoire de Clara que je vois dans déclara vous êtes closer à vendre avec Sarah avec un dos avec frankline avec Gainsbourg avec Badro avec haricots tout ce qui sont en cours pour c'est ça et je te donne pour vous si Julia paroles donner pour l'expérience pour choisis Wembley Wembley à tes yeux que je veux parler la fortune que je veux parler de ça pour balader ce que je veux parler que je vois pas les femmes que je te donne vous avez des femmes qui va financer pour pour vous pourcents que je dois prouver pour toi vous avez fini avec son boulot que je vois un médecin tout ce qui va chercher la place de Julien tout ce qu'il va loin de toi qu'il va faire découvrir pas de couverture aujourd'hui chaque jour nounou au four Klein c'est ça que je t'en prie nous qui va rien toucher des best que je veux croiser franchement pour vous et pour les femmes qui va rester avec vous réponse moi,0
v4k9tAkiAwc,Von Herzen Danke! Die FC Bayern Frauen wünschen ihren Fans Frohe Weihnachten,9141,403,28,FC Bayern Frauen,@annacouteller974,Ouah juste ouah. Votre vidéo est vraiment géniale. On vous soutient toujours. ⚪🔴,0
v4k9tAkiAwc,Von Herzen Danke! Die FC Bayern Frauen wünschen ihren Fans Frohe Weihnachten,9141,403,28,FC Bayern Frauen,@thomaswerrlich921,Ich bin stolz auf Euch immer weiter ihr seit super!!!!,2
v4k9tAkiAwc,Von Herzen Danke! Die FC Bayern Frauen wünschen ihren Fans Frohe Weihnachten,9141,403,28,FC Bayern Frauen,@franziheck6971,Habe es mir 10 mal angesehen ist sooo toll❤️❤️❤️,0
v4k9tAkiAwc,Von Herzen Danke! Die FC Bayern Frauen wünschen ihren Fans Frohe Weihnachten,9141,403,28,FC Bayern Frauen,@annalenaheck7802,Es ist ein wunderschönes Video❤  Dieses Video bedeutet mir sehr viel❤ ihr seit einfach die Beste Mannschaft die es gibt 🥰 Und ich bin euch so dankbar für das tolle Jahr 2019❤😊,3
v4k9tAkiAwc,Von Herzen Danke! Die FC Bayern Frauen wünschen ihren Fans Frohe Weihnachten,9141,403,28,FC Bayern Frauen,@dossard15,Die geilste Truppe der Welt. MIA SAN MIA.,7
v4k9tAkiAwc,Von Herzen Danke! Die FC Bayern Frauen wünschen ihren Fans Frohe Weihnachten,9141,403,28,FC Bayern Frauen,@sarah_0648,"Das kann ich euch nur zurückgeben. Danke, dass es euch gibt❤️",2
v4k9tAkiAwc,Von Herzen Danke! Die FC Bayern Frauen wünschen ihren Fans Frohe Weihnachten,9141,403,28,FC Bayern Frauen,@MiaSanEuphoria1993,Das ist schön ❤ Euch frohe Weihnachten und viel Erfolg in der restlichen Saison. Wir stehen hinter euch! #MiaSanMia,2
v4k9tAkiAwc,Von Herzen Danke! Die FC Bayern Frauen wünschen ihren Fans Frohe Weihnachten,9141,403,28,FC Bayern Frauen,@Wh1teBro,"Вы лучшие, Вам большое спасибо! Веселого Рождества и Счастливого Нового года!",0
v4k9tAkiAwc,Von Herzen Danke! Die FC Bayern Frauen wünschen ihren Fans Frohe Weihnachten,9141,403,28,FC Bayern Frauen,@Tvonline-l1o,Giulia gwinn beautiful,2
v4k9tAkiAwc,Von Herzen Danke! Die FC Bayern Frauen wünschen ihren Fans Frohe Weihnachten,9141,403,28,FC Bayern Frauen,@Ofenbaguette,"Kurz, knackig und auf den Punkt gebracht! Mehr braucht es nicht!
Schöne Feiertage :-)",3
v4k9tAkiAwc,Von Herzen Danke! Die FC Bayern Frauen wünschen ihren Fans Frohe Weihnachten,9141,403,28,FC Bayern Frauen,@teaboe_,Es war ein sehr schönes Video. Frohe Weihnachten und einen guten Rutsch ins neue Jahr. Wir sehen uns in 2020,9
v4k9tAkiAwc,Von Herzen Danke! Die FC Bayern Frauen wünschen ihren Fans Frohe Weihnachten,9141,403,28,FC Bayern Frauen,@michaelschilke6611,Frohe Weihnachten ❤🎄🔴⚪,0
v4k9tAkiAwc,Von Herzen Danke! Die FC Bayern Frauen wünschen ihren Fans Frohe Weihnachten,9141,403,28,FC Bayern Frauen,@hannaharter6651,😍😍😍,0
v4k9tAkiAwc,Von Herzen Danke! Die FC Bayern Frauen wünschen ihren Fans Frohe Weihnachten,9141,403,28,FC Bayern Frauen,@julibo2962,"Ich werde euch immer unterstützen, egal was passiert. Das war ein sehr schönes Video, ich wünsche euch allen frohe Weihnachten von viel Glück im Jahr 2020",2
v4k9tAkiAwc,Von Herzen Danke! Die FC Bayern Frauen wünschen ihren Fans Frohe Weihnachten,9141,403,28,FC Bayern Frauen,@emdi6211,So schön❤️❤️,0
v4k9tAkiAwc,Von Herzen Danke! Die FC Bayern Frauen wünschen ihren Fans Frohe Weihnachten,9141,403,28,FC Bayern Frauen,@stefanheinrich2106,"Wow das war wunderschön. Ich wünsche euch auch frohe Weihnachten und ein gesundes neues Jahr. Ich freu mich über diese Ansprache von euch, das bedeutet mir warscheinlich genau so viel wie euch unsere Fahngesänge. Ich freu mich auf das neue Jahr und auf euch. Bleibt gesund oder werdet es schnell wieder damit wir im neuen Jahr wieder zusammen gehen können.",16
v4k9tAkiAwc,Von Herzen Danke! Die FC Bayern Frauen wünschen ihren Fans Frohe Weihnachten,9141,403,28,FC Bayern Frauen,@bennyklietzing900,ich soll bei der Rückrunde hole,0
v4k9tAkiAwc,Von Herzen Danke! Die FC Bayern Frauen wünschen ihren Fans Frohe Weihnachten,9141,403,28,FC Bayern Frauen,@lenaforster4943,Danke❤️ ❄️ Und kommt auch ihr gut in das neue Jahr 2020💭 Danke für die schönen Wort❤️🥺Wir sehen uns in den nächsten Spielen wieder bis dahin Merry Christmas❄️ FC Bayern Frauen ❤️,7
v4k9tAkiAwc,Von Herzen Danke! Die FC Bayern Frauen wünschen ihren Fans Frohe Weihnachten,9141,403,28,FC Bayern Frauen,@Leonie.18,Merry Christmas🎄🎁,0
v4k9tAkiAwc,Von Herzen Danke! Die FC Bayern Frauen wünschen ihren Fans Frohe Weihnachten,9141,403,28,FC Bayern Frauen,@alea4016,❤️🥺,0
v4k9tAkiAwc,Von Herzen Danke! Die FC Bayern Frauen wünschen ihren Fans Frohe Weihnachten,9141,403,28,FC Bayern Frauen,@djtassiloheyden3501,Kerry Christmas,0
v4k9tAkiAwc,Von Herzen Danke! Die FC Bayern Frauen wünschen ihren Fans Frohe Weihnachten,9141,403,28,FC Bayern Frauen,@frankarbogast3098,frohe weinachten  Frank Arbogast aus wesel,0
v4k9tAkiAwc,Von Herzen Danke! Die FC Bayern Frauen wünschen ihren Fans Frohe Weihnachten,9141,403,28,FC Bayern Frauen,@vroniloose5995,:) Frohe Weihnachten! 💚,2
v4k9tAkiAwc,Von Herzen Danke! Die FC Bayern Frauen wünschen ihren Fans Frohe Weihnachten,9141,403,28,FC Bayern Frauen,@nellystx18,👌🏻👌🏻,0
Rrw5WK5rmTY,Vertrag bis 2022: Lina Magull verlängert vorzeitig beim FC Bayern München,4734,191,7,FC Bayern Frauen,@يومياتزنوبةالمحبوبة,😏,0
Rrw5WK5rmTY,Vertrag bis 2022: Lina Magull verlängert vorzeitig beim FC Bayern München,4734,191,7,FC Bayern Frauen,@monte4prasident378,Cool,1
Rrw5WK5rmTY,Vertrag bis 2022: Lina Magull verlängert vorzeitig beim FC Bayern München,4734,191,7,FC Bayern Frauen,@alex-cd1cj,"Lina Magull, Mag Ulli Hoeneß?",0
Rrw5WK5rmTY,Vertrag bis 2022: Lina Magull verlängert vorzeitig beim FC Bayern München,4734,191,7,FC Bayern Frauen,@b0t466,Magull is the best,1
Rrw5WK5rmTY,Vertrag bis 2022: Lina Magull verlängert vorzeitig beim FC Bayern München,4734,191,7,FC Bayern Frauen,@lotte6469,Mega 2022🙏🙏❤❤✔🍀,2
Rrw5WK5rmTY,Vertrag bis 2022: Lina Magull verlängert vorzeitig beim FC Bayern München,4734,191,7,FC Bayern Frauen,@benilaTV,"Super, Glückwunsch an alle Parteien des Vertrags und an uns FCB Fans! :D",6
Rrw5WK5rmTY,Vertrag bis 2022: Lina Magull verlängert vorzeitig beim FC Bayern München,4734,191,7,FC Bayern Frauen,@Leonie.18,Mega🥳🔴⚪❤,7
RXxRyTZPIPk,Geschenk mit Herz: FC Bayern Frauen wollen Kindern eine Freude machen,3417,122,4,FC Bayern Frauen,@يومياتزنوبةالمحبوبة,🌷,0
RXxRyTZPIPk,Geschenk mit Herz: FC Bayern Frauen wollen Kindern eine Freude machen,3417,122,4,FC Bayern Frauen,@uwehollmann6356,"Frage wie muss das Päckchen verpackt sein könnte mir vielleicht jemand es sagen. Falls möglich sehr bald ich mache mich schon um Mitternacht auf den Weg nach München
Werden auch Kleinigkeiten angenommen zu einen habe ich selber nicht viel Geld leider konnte ich nur 10 E ausgeben
Wo gibt man die Päckchen ab",0
RXxRyTZPIPk,Geschenk mit Herz: FC Bayern Frauen wollen Kindern eine Freude machen,3417,122,4,FC Bayern Frauen,@dynamo-julien,Immer wieder schön das zusehen Das ihr Kindern helfen tut dies nicht so gut haben dafür müsstet Ihr einen Preis kriegen😘😊,0
RXxRyTZPIPk,Geschenk mit Herz: FC Bayern Frauen wollen Kindern eine Freude machen,3417,122,4,FC Bayern Frauen,@lotte6469,Mega Aktion mädels super einfall❤❤❤❤❤❤🔝🙏,4
McHjIjRj3po,Das sagen FC Bayern-Trainer und Spielerinnen vor dem Pokal-Achtelfinale gegen Wolfsburg,3490,134,8,FC Bayern Frauen,@يومياتزنوبةالمحبوبة,😋,0
McHjIjRj3po,Das sagen FC Bayern-Trainer und Spielerinnen vor dem Pokal-Achtelfinale gegen Wolfsburg,3490,134,8,FC Bayern Frauen,@babsbambi8560,نحبك بايرن ميونخ,0
McHjIjRj3po,Das sagen FC Bayern-Trainer und Spielerinnen vor dem Pokal-Achtelfinale gegen Wolfsburg,3490,134,8,FC Bayern Frauen,@Booksurfs,please make one of Caro!,2
McHjIjRj3po,Das sagen FC Bayern-Trainer und Spielerinnen vor dem Pokal-Achtelfinale gegen Wolfsburg,3490,134,8,FC Bayern Frauen,@alecrow8977,"Zwei spiel gegen Wolfsburg, ein von Pókal und ein von Bundesliga!!",2
McHjIjRj3po,Das sagen FC Bayern-Trainer und Spielerinnen vor dem Pokal-Achtelfinale gegen Wolfsburg,3490,134,8,FC Bayern Frauen,@Leonie.18,Wo ist Melly😥🔴⚪,3
McHjIjRj3po,Das sagen FC Bayern-Trainer und Spielerinnen vor dem Pokal-Achtelfinale gegen Wolfsburg,3490,134,8,FC Bayern Frauen,@fabi_016,FC Bayern Frauen beste Fußballmannschaft der Welt💪❤,5
McHjIjRj3po,Das sagen FC Bayern-Trainer und Spielerinnen vor dem Pokal-Achtelfinale gegen Wolfsburg,3490,134,8,FC Bayern Frauen,@JoJo-wk1yv,"Viel Erfolg gegen Wolfsburg! 
Kann man das Spiel irgendwo sehen?",6
ZSPZwrAuM2A,Einzug der FC Bayern Frauen ins UWCL-Viertelfinale: Die Highlights vom Achtelfinal-Rückspiel,3117,92,1,FC Bayern Frauen,@يومياتزنوبةالمحبوبة,😢,1
RH6kegJAbTM,FCB-Frauen: 5:0-Sieg gegen BIIK Kazygurt im UWCL-Achtelfinal-Hinspiel,4465,104,7,FC Bayern Frauen,@kapitanlechuck9767,veröffentlicht bitte weiterhin die spiele go Bayern !!!***,0
RH6kegJAbTM,FCB-Frauen: 5:0-Sieg gegen BIIK Kazygurt im UWCL-Achtelfinal-Hinspiel,4465,104,7,FC Bayern Frauen,@monsterstudios8629,War das noch Linda Dallmann die auf Magull spielt beim 3:0... zumindest sieht es aus wie Dallmann,1
RH6kegJAbTM,FCB-Frauen: 5:0-Sieg gegen BIIK Kazygurt im UWCL-Achtelfinal-Hinspiel,4465,104,7,FC Bayern Frauen,@reisdabola984,Super Bayern!,0
RH6kegJAbTM,FCB-Frauen: 5:0-Sieg gegen BIIK Kazygurt im UWCL-Achtelfinal-Hinspiel,4465,104,7,FC Bayern Frauen,@zjrw9017,Jaaaaa go Bayern Frauen!!!,1
KmvLSndmGqc,Die FC Bayern Frauen auf dem Oktoberfest 2019,23942,330,10,FC Bayern Frauen,@omar-vosrb2013,🧬 women Eglies 🌱👱‍♀️⛪🧚‍♀️🌹🔬😍💭 Salim 🤝👱‍♀️🧚‍♀️🌹🛡✅⁉️⁉️ 🚫gabli 🥀🧟‍♀️🍂🚫,1
KmvLSndmGqc,Die FC Bayern Frauen auf dem Oktoberfest 2019,23942,330,10,FC Bayern Frauen,@omar-vosrb2013,Google zombie arabe gabli 🦎🏳️‍🌈💩🎓🤝⚖0💨🤝🎨women gabli 🧟‍♀️🧠0?🔬🙁💭🧬 women gabli 26 🧟‍♀️🧠0➡️ 🥀🧟‍♀️⛪?🍂🛡?🔬🙁💭gabli ➡️🥀🧟‍♀️⛪🍂⁉️,1
KmvLSndmGqc,Die FC Bayern Frauen auf dem Oktoberfest 2019,23942,330,10,FC Bayern Frauen,@Phynne85,"Kein Fan der Herren, aber der Damen! ⚽️🥅",0
KmvLSndmGqc,Die FC Bayern Frauen auf dem Oktoberfest 2019,23942,330,10,FC Bayern Frauen,@TeoOktoberfest,Hübsch hübsch 😅😅🍻🍻🍻,2
KmvLSndmGqc,Die FC Bayern Frauen auf dem Oktoberfest 2019,23942,330,10,FC Bayern Frauen,@TeoOktoberfest,HB 😍😍😍,2
KmvLSndmGqc,Die FC Bayern Frauen auf dem Oktoberfest 2019,23942,330,10,FC Bayern Frauen,@notactive3085,das ist doch schlimm anzusehen,0
KmvLSndmGqc,Die FC Bayern Frauen auf dem Oktoberfest 2019,23942,330,10,FC Bayern Frauen,@hanswurst8338,"Titel FC Bayern II Frauen auf der Wiesn würde es wohl besser treffen, aber sind auch nett anzusehen...…… *bg*",5
KmvLSndmGqc,Die FC Bayern Frauen auf dem Oktoberfest 2019,23942,330,10,FC Bayern Frauen,@cf7214,Mir wird schlecht!!!,2
KmvLSndmGqc,Die FC Bayern Frauen auf dem Oktoberfest 2019,23942,330,10,FC Bayern Frauen,@adityaprabhaswara560,Happy Oktoberfest 2019 FC Bayern München Freuen 🍺,5
BISCTZIeDZo,Danke Thomas Wörle! Der Erfolgstrainer der FC Bayern Frauen sagt Servus,3460,103,6,FC Bayern Frauen,@يومياتزنوبةالمحبوبة,💖,0
BISCTZIeDZo,Danke Thomas Wörle! Der Erfolgstrainer der FC Bayern Frauen sagt Servus,3460,103,6,FC Bayern Frauen,@Jan_R,"Ulm-Fan hier, der nachschauen will, wer dieser Mann ist.",3
BISCTZIeDZo,Danke Thomas Wörle! Der Erfolgstrainer der FC Bayern Frauen sagt Servus,3460,103,6,FC Bayern Frauen,@benilaTV,#Ehrenmann,0
BISCTZIeDZo,Danke Thomas Wörle! Der Erfolgstrainer der FC Bayern Frauen sagt Servus,3460,103,6,FC Bayern Frauen,@feli560,"1 .Like,1. Kommentar",0
BISCTZIeDZo,Danke Thomas Wörle! Der Erfolgstrainer der FC Bayern Frauen sagt Servus,3460,103,6,FC Bayern Frauen,@feli560,Thom Danke für die erfolgreiche Zeit wir haben alle gesehen wie du die Bayern Frauen voran gebracht hast du bist e guter Trainer schon seit Anfang an.Nun Mist du leider Gottes gehen,1
3-pEofQZ3oA,Ende einer legendären Karriere: Melanie Behringer sagt Servus,3352,110,1,FC Bayern Frauen,@chris.v.5418,Ob sie beim FC Bayern im Frauenbereich einen Job bekommt????,3
yZbJI6qAKxo,UEFA Women's Champions League: Die FC Bayern Frauen empfangen den FC Barcelona!,1055,47,2,FC Bayern Frauen,@ilyannce9756,Erster und bin morgen da👍🏽👍🏽⚽️,0
fGapHrvaBko,FC Bayern Frauen: Große Freude über den Halbfinal-Einzug in der UEFA Women's Champions League,4960,156,10,FC Bayern Frauen,@alvarolargo,"Go Princess, GO.",1
fGapHrvaBko,FC Bayern Frauen: Große Freude über den Halbfinal-Einzug in der UEFA Women's Champions League,4960,156,10,FC Bayern Frauen,@bakitinguiba9057,cool,0
fGapHrvaBko,FC Bayern Frauen: Große Freude über den Halbfinal-Einzug in der UEFA Women's Champions League,4960,156,10,FC Bayern Frauen,@niklasmutzke7127,Wow 57 zu 0 likes,0
fGapHrvaBko,FC Bayern Frauen: Große Freude über den Halbfinal-Einzug in der UEFA Women's Champions League,4960,156,10,FC Bayern Frauen,@guennicopter,"Glück gehabt nicht vor dem Finale Lyon zu bekommen, 2 Spiele gegen Lyon zu gewinnen wird schwer aber im Finale ein Lucky punch wäre möglich!",0
fGapHrvaBko,FC Bayern Frauen: Große Freude über den Halbfinal-Einzug in der UEFA Women's Champions League,4960,156,10,FC Bayern Frauen,@lisath4027,Soo geil wars,0
fGapHrvaBko,FC Bayern Frauen: Große Freude über den Halbfinal-Einzug in der UEFA Women's Champions League,4960,156,10,FC Bayern Frauen,@Ofenbaguette,"Glückwunsch an den Trainer, an das Team und vor allem an die Mädels! War ein klasse Spiel gegen Prag! ^^",1
fGapHrvaBko,FC Bayern Frauen: Große Freude über den Halbfinal-Einzug in der UEFA Women's Champions League,4960,156,10,FC Bayern Frauen,@seauxmean4074,Let's get that champions league trophy !,1
HTBgrg1GHxI,Historische Champions-League-Nacht: FC Bayern Frauen stehen erstmals im Halbfinale!,11994,217,6,FC Bayern Frauen,@يومياتزنوبةالمحبوبة,❤️,0
HTBgrg1GHxI,Historische Champions-League-Nacht: FC Bayern Frauen stehen erstmals im Halbfinale!,11994,217,6,FC Bayern Frauen,@ab-wd2py,Die erste ecke war doch klar abseits oder nicht?,0
HTBgrg1GHxI,Historische Champions-League-Nacht: FC Bayern Frauen stehen erstmals im Halbfinale!,11994,217,6,FC Bayern Frauen,@harrie205,deshlab gucke ich keine Regionalliga,2
HTBgrg1GHxI,Historische Champions-League-Nacht: FC Bayern Frauen stehen erstmals im Halbfinale!,11994,217,6,FC Bayern Frauen,@pascalbeisswenger8682,😍😍👍,1
HTBgrg1GHxI,Historische Champions-League-Nacht: FC Bayern Frauen stehen erstmals im Halbfinale!,11994,217,6,FC Bayern Frauen,@nicolasgabriel2020,😍,4
HTBgrg1GHxI,Historische Champions-League-Nacht: FC Bayern Frauen stehen erstmals im Halbfinale!,11994,217,6,FC Bayern Frauen,@miaherrlich1341,💯🔥,4
_WmmXFspikw,1:1 im UWCL-Viertelfinal-Hinspiel Slavia Prag - FC Bayern,1698,50,2,FC Bayern Frauen,@يومياتزنوبةالمحبوبة,😍,0
_WmmXFspikw,1:1 im UWCL-Viertelfinal-Hinspiel Slavia Prag - FC Bayern,1698,50,2,FC Bayern Frauen,@sophiamuller1117,Sehr stark✔,1
RvNsyoQIsoc,Kunst und Kultur neben dem Fußballplatz: Die FCB-Frauen beim Museumsbesuch in Doha,7078,90,4,FC Bayern Frauen,@يومياتزنوبةالمحبوبة,❤️,0
RvNsyoQIsoc,Kunst und Kultur neben dem Fußballplatz: Die FCB-Frauen beim Museumsbesuch in Doha,7078,90,4,FC Bayern Frauen,@corinnaeigen3221,Sind das frauen ?,0
RvNsyoQIsoc,Kunst und Kultur neben dem Fußballplatz: Die FCB-Frauen beim Museumsbesuch in Doha,7078,90,4,FC Bayern Frauen,@guennicopter,"Frauenfußball an die Macht...
Bin zwar BVB Fan aber da wir keine Frauenmanmschaft haben bin ich hier für die best-aussehendsten Frauen der Bundesliga.",2
RvNsyoQIsoc,Kunst und Kultur neben dem Fußballplatz: Die FCB-Frauen beim Museumsbesuch in Doha,7078,90,4,FC Bayern Frauen,@alexhuwae2550,Love to the Fc Bayern frauen❤️😘,1
yhepwK36SNs,FCB vs FCB: Das interne Testspiel der FC Bayern Frauen im Trainingslager in Doha,5048,124,2,FC Bayern Frauen,@يومياتزنوبةالمحبوبة,💋,0
yhepwK36SNs,FCB vs FCB: Das interne Testspiel der FC Bayern Frauen im Trainingslager in Doha,5048,124,2,FC Bayern Frauen,@uwehollmann6186,"Ich wünsche Laura Benkrath alles Gute beim FC Bayern München, ich finde nur traurig das sie nichts mehr beim SC Freiburg ist
Ich wünsche den FC Bayern alles Gute für die Rückrunde
Nach Sc Freiburg sind meine Sympathie den FC Bayern,ich war früher einmsl ein Bayer bis ich ins Ländle über gesiedelt bin",4
tvSeruZoDtM,Trainingslager 2019: Anreise und Ankunft in Doha,2415,71,1,FC Bayern Frauen,@rch5452,Juhu ein neues Video👍,0
bQRK8ylwaTU,Die FC Bayern Frauen sagen Danke und wünschen frohe Weihnachten!,7489,198,7,FC Bayern Frauen,@يومياتزنوبةالمحبوبة,🙏,0
bQRK8ylwaTU,Die FC Bayern Frauen sagen Danke und wünschen frohe Weihnachten!,7489,198,7,FC Bayern Frauen,@ahmedaswan7031,😚,0
bQRK8ylwaTU,Die FC Bayern Frauen sagen Danke und wünschen frohe Weihnachten!,7489,198,7,FC Bayern Frauen,@alvarolargo,Merry Christmas all Princess.,0
bQRK8ylwaTU,Die FC Bayern Frauen sagen Danke und wünschen frohe Weihnachten!,7489,198,7,FC Bayern Frauen,@papahorst,unsere fussballerinnen sind nicht nur sehr gut sondern auch die hübschesten,1
bQRK8ylwaTU,Die FC Bayern Frauen sagen Danke und wünschen frohe Weihnachten!,7489,198,7,FC Bayern Frauen,@jessieshields9822,hola  👄,0
bQRK8ylwaTU,Die FC Bayern Frauen sagen Danke und wünschen frohe Weihnachten!,7489,198,7,FC Bayern Frauen,@WildwoodClaire1,Frohe Weinachten!,1
bQRK8ylwaTU,Die FC Bayern Frauen sagen Danke und wünschen frohe Weihnachten!,7489,198,7,FC Bayern Frauen,@rch5452,👍,1
bYWUoC9JZow,UEFA Women's Champions League: FC Bayern Frauen stehen im Viertelfinale,5110,106,4,FC Bayern Frauen,@BioTurk,Jede A Jugend spielt besser Fussball,0
bYWUoC9JZow,UEFA Women's Champions League: FC Bayern Frauen stehen im Viertelfinale,5110,106,4,FC Bayern Frauen,@rch5452,Die gewinnen die Champions League 👍👍👍❤,4
vL_jYBsK0XY,UEFA Women's Champions League: Die Höhepunkte vom 2:0 gegen Zürich,4203,68,2,FC Bayern Frauen,@eliawickli,Zürcherinen,0
vL_jYBsK0XY,UEFA Women's Champions League: Die Höhepunkte vom 2:0 gegen Zürich,4203,68,2,FC Bayern Frauen,@AbseitsCHannel,"Wir haben die Stimmen zum Spiel eingefangen, inklusive Lina Magull: https://www.youtube.com/watch?v=vL_jYBsK0XY",1
HM9Si6OhrJk,4:0 gegen Subotica: Die Highlights vom CL-Achtelfinal-Einzug der FC Bayern Frauen,1841,59,1,FC Bayern Frauen,@BruceBebe,Wo ist Simone Laudehr?,0
MfJuZqEnsek,FC Bayern Frauen: unser Team - unsere Saison!,2279,78,4,FC Bayern Frauen,@ManuThiele,Viel Erfolg in der neuen Saison.,2
MfJuZqEnsek,FC Bayern Frauen: unser Team - unsere Saison!,2279,78,4,FC Bayern Frauen,@uwehollmann6186,Ich finde es schade das so wenig Frauen Bundesliga hier gezeigt wird,1
MfJuZqEnsek,FC Bayern Frauen: unser Team - unsere Saison!,2279,78,4,FC Bayern Frauen,@uwehollmann6186,Ich finde es schade das so wenig Frauen Bundesliga hier gezeigt wird,0
MfJuZqEnsek,FC Bayern Frauen: unser Team - unsere Saison!,2279,78,4,FC Bayern Frauen,@guennicopter,Der Bayern Frauen Kanal hat einfach 3x so viele abos wie der Männerkanal von RBL 😂,3
mtYu6pn3lg8,Kathrin Hendrich: Neuzugang bei den FC Bayern Frauen,7790,166,7,FC Bayern Frauen,@overkneestiefel,Kathrin ist die süßeste im Frauenfußball.,0
mtYu6pn3lg8,Kathrin Hendrich: Neuzugang bei den FC Bayern Frauen,7790,166,7,FC Bayern Frauen,@احمدالخفاجيإبنالناصرية,حاليا ما,0
mtYu6pn3lg8,Kathrin Hendrich: Neuzugang bei den FC Bayern Frauen,7790,166,7,FC Bayern Frauen,@wodzimierzradomski3993,Meinhertzfurfrauenbayernmunchen,1
mtYu6pn3lg8,Kathrin Hendrich: Neuzugang bei den FC Bayern Frauen,7790,166,7,FC Bayern Frauen,@pautec,machen die das hauptberuflich,0
mtYu6pn3lg8,Kathrin Hendrich: Neuzugang bei den FC Bayern Frauen,7790,166,7,FC Bayern Frauen,@benilaTV,Bin schon gespannt Sie live beim spielen zusehen. 💪🏼,0
mtYu6pn3lg8,Kathrin Hendrich: Neuzugang bei den FC Bayern Frauen,7790,166,7,FC Bayern Frauen,@tonikunz2027,"😍
Sehr gut!",0
mtYu6pn3lg8,Kathrin Hendrich: Neuzugang bei den FC Bayern Frauen,7790,166,7,FC Bayern Frauen,@MysTic4L_Chr1s,"Mel Leopolz und nun Kathrin in einen Team,die schönsten Fussballerinnen überhaupt *__*",6
nmLZQKjW0sk,Nicole Rolser verlängert vorzeitig beim FC Bayern,1792,59,1,FC Bayern Frauen,@ManuThiele,Top!,0
acwaPNbWELU,Highlights: FC Bayern Frauen vs. VfL Wolfsburg - 2:1,2692,66,3,FC Bayern Frauen,@يومياتزنوبةالمحبوبة,💖,0
acwaPNbWELU,Highlights: FC Bayern Frauen vs. VfL Wolfsburg - 2:1,2692,66,3,FC Bayern Frauen,@arjunmohan7313,#Miasanmia support from India,1
idLvqkDRIgM,"FC Bayern: Verabschiedung von Schnaderbeck, Lotzen & Co.",24445,334,5,FC Bayern Frauen,@ahmedaswan7031,حلوو,0
idLvqkDRIgM,"FC Bayern: Verabschiedung von Schnaderbeck, Lotzen & Co.",24445,334,5,FC Bayern Frauen,@carolperry7695,2:01 Jilldo,0
idLvqkDRIgM,"FC Bayern: Verabschiedung von Schnaderbeck, Lotzen & Co.",24445,334,5,FC Bayern Frauen,@jemand1537,Kirchberg an der Raab,1
idLvqkDRIgM,"FC Bayern: Verabschiedung von Schnaderbeck, Lotzen & Co.",24445,334,5,FC Bayern Frauen,@mathiasputtinger9729,Super Bayern,7
cF0QWWlAWic,DFB-Pokalfinale: Die FCB-Frauen auf dem Weg nach Köln,11834,189,6,FC Bayern Frauen,@يومياتزنوبةالمحبوبة,🙏🙏🙏,0
cF0QWWlAWic,DFB-Pokalfinale: Die FCB-Frauen auf dem Weg nach Köln,11834,189,6,FC Bayern Frauen,@paulleitner8305,wer schaut sich sowas an ?,0
cF0QWWlAWic,DFB-Pokalfinale: Die FCB-Frauen auf dem Weg nach Köln,11834,189,6,FC Bayern Frauen,@gabbyc9532,English subs,1
cF0QWWlAWic,DFB-Pokalfinale: Die FCB-Frauen auf dem Weg nach Köln,11834,189,6,FC Bayern Frauen,@macmaasi79,"OLOLOL, Doppelpleite für den FCB!",3
cF0QWWlAWic,DFB-Pokalfinale: Die FCB-Frauen auf dem Weg nach Köln,11834,189,6,FC Bayern Frauen,@sexualverkehr66,Es war ein Spiel auf des Messers Scheide!,3
3dMgkE8nO9s,Saisonendspurt: Die FC Bayern Frauen vor dem Bremen-Spiel,754,40,1,FC Bayern Frauen,@يومياتزنوبةالمحبوبة,😔😔😔,0
i1NP7ouEiKk,Die FC Bayern Frauen vor dem Spiel vs. USV Jena,1699,57,1,FC Bayern Frauen,@lisaleitner173,I love Bayern München,0
yEuUM_ncFw4,Tor des Monats... presented by Sara DABritz,4797,98,6,FC Bayern Frauen,@يومياتزنوبةالمحبوبة,🌹,0
yEuUM_ncFw4,Tor des Monats... presented by Sara DABritz,4797,98,6,FC Bayern Frauen,@alemanha7x1brasil90,😜😜 woman delicious,0
yEuUM_ncFw4,Tor des Monats... presented by Sara DABritz,4797,98,6,FC Bayern Frauen,@willi1512,Kann man das Tor irgendwo am Stück ohne Unterbrechung sehen?,3
yEuUM_ncFw4,Tor des Monats... presented by Sara DABritz,4797,98,6,FC Bayern Frauen,@pleaseenteraname3435,DABritz😂😂😂,1
yEuUM_ncFw4,Tor des Monats... presented by Sara DABritz,4797,98,6,FC Bayern Frauen,@ingolutkebomk6017,Sara hat es einfach drauf,3
yEuUM_ncFw4,Tor des Monats... presented by Sara DABritz,4797,98,6,FC Bayern Frauen,@uwehollmann6186,Ich bin ein Fan von FC Bayern Muenchen aber nicht von den Herren sondern von den Frauen Nacht writer so,1
U_iTHLN-jkc,Die Spannung steigt! Die FCB-Frauen vor dem DFB-Pokal-Halbfinale,2758,80,1,FC Bayern Frauen,@يومياتزنوبةالمحبوبة,❤️,0
hrYILcGEhws,FC Bayern.tv live: Gina Lewandowski im 1:1 Talk,3606,60,6,FC Bayern Frauen,@dariuszs6427,Gina kocham cie,0
hrYILcGEhws,FC Bayern.tv live: Gina Lewandowski im 1:1 Talk,3606,60,6,FC Bayern Frauen,@thomaswolpert3423,Ich dachte immer des wäre die Frau von Lewa,0
hrYILcGEhws,FC Bayern.tv live: Gina Lewandowski im 1:1 Talk,3606,60,6,FC Bayern Frauen,@mayhem2345,"Chulada de mujer, verdad de dios.",0
hrYILcGEhws,FC Bayern.tv live: Gina Lewandowski im 1:1 Talk,3606,60,6,FC Bayern Frauen,@michelbehlinsss4,Ist das die Freundin von Robert Lewandofski,1
HASGgtK-YS4,DFB-Pokal-Halbfinale: Die FC Bayern Frauen sind bereit!,1123,54,2,FC Bayern Frauen,@يومياتزنوبةالمحبوبة,👍,0
HASGgtK-YS4,DFB-Pokal-Halbfinale: Die FC Bayern Frauen sind bereit!,1123,54,2,FC Bayern Frauen,@anantasantosa2471,Good luck Fc Bayern Frauen! #packmas,1
YPj3H7gVfME,Highlights SC Sand vs. FC Bayern,1841,44,2,FC Bayern Frauen,@uwehollmann6186,Herzlichen Glueckwunsch,0
YPj3H7gVfME,Highlights SC Sand vs. FC Bayern,1841,44,2,FC Bayern Frauen,@adiboy5232,1,0
PLAsYV8Bzro,Die FCB-Frauen und Lucie Vonkova vor dem Hoffenheim-Spiel,2514,60,1,FC Bayern Frauen,@يومياتزنوبةالمحبوبة,😜,0
3OO97jGgEJE,FC Bayern Frauen - It's all about the game,2647,128,3,FC Bayern Frauen,@يومياتزنوبةالمحبوبة,🤔,0
3OO97jGgEJE,FC Bayern Frauen - It's all about the game,2647,128,3,FC Bayern Frauen,@fcb_jana_art8244,Mehr Motivation geht nicht 😳😍😍,2
3OO97jGgEJE,FC Bayern Frauen - It's all about the game,2647,128,3,FC Bayern Frauen,@XxMetix,Endlich mal ein cooler Trailer!,2
LGcSsCNral8,FCB-Frauen mit Selbstbewusstsein gegen den 1.FC Köln,1359,34,1,FC Bayern Frauen,@maycoschweinsteiger6951,LindAs,0
bIYW947y7zU,Highlightvideo: 15:0-Sieg der FCB-Frauen im DFB-Pokal-Viertelfinale,5247,98,4,FC Bayern Frauen,@rezcko2720,Omg,0
bIYW947y7zU,Highlightvideo: 15:0-Sieg der FCB-Frauen im DFB-Pokal-Viertelfinale,5247,98,4,FC Bayern Frauen,@deraltenbacher1258,"Schon schade, wenn man 15 Tore schießt und dann nur 1:41 Minuten Berichterstattung wiedergibt...und nicht einmal alle Tore zu sehen bekommt! Dafür sollte man sich beim FCB eigentlich schon bissl schämen... oder kommt da noch etwas nach?",11
bIYW947y7zU,Highlightvideo: 15:0-Sieg der FCB-Frauen im DFB-Pokal-Viertelfinale,5247,98,4,FC Bayern Frauen,@ali199665,i saw only 9?,4
jMqUj14nu7s,Vorbericht DFB-Pokal-Viertelfinale: 1. FC Saarbrücken vs. FC Bayern,986,28,5,FC Bayern Frauen,@ForCeClan,Saarbrücckkeenn wird gewinnen😍,0
kcLoS6R0Zm8,Simone Laudehr im 1:1 Talk bei FC Bayern.tv live,2369,48,3,FC Bayern Frauen,@يومياتزنوبةالمحبوبة,🤣,0
kcLoS6R0Zm8,Simone Laudehr im 1:1 Talk bei FC Bayern.tv live,2369,48,3,FC Bayern Frauen,@tamarisk1981,Eine tolle Fußballerin 😊,1
kcLoS6R0Zm8,Simone Laudehr im 1:1 Talk bei FC Bayern.tv live,2369,48,3,FC Bayern Frauen,@kimpeters5208,Simone 🔥😍 guess how's back. Bald 💪,0
T3-rA0WAuMY,Die FCB-Frauen vor dem Topsiel gegen Freiburg,3978,98,1,FC Bayern Frauen,@mayhem2345,"So in love with Melanie Leupolz, she is so pretty.",3
KQ5FDknxbyI,HAPPY CHINESE NEW YEAR - mit Manuel Neuer & Fei Wang!,3441,100,2,FC Bayern Frauen,@geisterjagersuko1690,Ich habe eine Spielzusammenfassung von Fei Wang gesehen als sie noch für Turbine Potsdam gespielt hat. Wirkte im Tor unsicher.,0
KQ5FDknxbyI,HAPPY CHINESE NEW YEAR - mit Manuel Neuer & Fei Wang!,3441,100,2,FC Bayern Frauen,@saarland2china,"Tolles Video, Daumen hoch! Habe auch gerade ein Video gemacht, in dem 
ich die wichtigsten Dinge über das chinesische Neujahrsfest erkläre. 
Lebe seit 4 Jahren in China und ich liebe es noch immer :o)",2
D9RAlyrgUaw,GESCHENK MIT HERZ,1878,71,3,FC Bayern Frauen,@يومياتزنوبةالمحبوبة,💋,0
D9RAlyrgUaw,GESCHENK MIT HERZ,1878,71,3,FC Bayern Frauen,@Jomonty11,"Richtig cool das ihr sowas macht!😘🔝 An meiner Schule machen wir das auch jedes Jahr, nur dieses Jahr hat es die SV voll verpeilt😔😓",2
D9RAlyrgUaw,GESCHENK MIT HERZ,1878,71,3,FC Bayern Frauen,@wandyarce7391,😘💪💪🔥🔥⚽❤🍀🎄,0
plI6UFQZBfs,1:1-Talk mit Leonie Maier,2754,54,1,FC Bayern Frauen,@ahmedzalmvk1617,"Mein Traum ist es, Leonie vor mir zu sehen",0
nQdDt0odxio,Sara Däbritz & Viktoria Schnaderbeck in den News von FC Bayern.tv live,3851,75,5,FC Bayern Frauen,@يومياتزنوبةالمحبوبة,🌹🌹🌹,0
nQdDt0odxio,Sara Däbritz & Viktoria Schnaderbeck in den News von FC Bayern.tv live,3851,75,5,FC Bayern Frauen,@Marco1-n4u,Sara dabritz🤗🤗🤩,1
nQdDt0odxio,Sara Däbritz & Viktoria Schnaderbeck in den News von FC Bayern.tv live,3851,75,5,FC Bayern Frauen,@JazzFunk22,Why the fuck sara did not play against Chelsea ?,0
nQdDt0odxio,Sara Däbritz & Viktoria Schnaderbeck in den News von FC Bayern.tv live,3851,75,5,FC Bayern Frauen,@MysTic4L_Chr1s,"Hallo liebes FcB Frauen Team,ehm vor ich weiss nicht 1-2 Monaten hattet ihr in Fb ein interview mit Mel Leupolz gepostet,das wollte ich mir gestern endlich anschauen weil ichs vergessen habe aber das wurde gelöscht =(.Könntet ihr nicht in Zukunft die Interviews an sich von Fb auch in YOutube hochladen =) ?Wäre lieb =)",2
lgjUjaczxP8,Interview Lotzen & Schnaderbeck,3575,101,1,FC Bayern Frauen,@Jomonty11,Jaa neues Video😍,2
rxA-mKiJXv0,Highlights Champions League | Round of 32  Chelsea vs. FC Bayern,6342,83,5,FC Bayern Frauen,@soniaczeg7573,Bayern the best ❤,2
rxA-mKiJXv0,Highlights Champions League | Round of 32  Chelsea vs. FC Bayern,6342,83,5,FC Bayern Frauen,@Jomonty11,Ihr schafft das schon!😘💪🍀⚽️,4
rxA-mKiJXv0,Highlights Champions League | Round of 32  Chelsea vs. FC Bayern,6342,83,5,FC Bayern Frauen,@danielakirchmeier8964,"Ihr schafft das nächste Woche, Mädels 💪🏻⚽",5
9ow8ihS1wPE,Inside Trainingslager & Saisonvorbereitung,4317,110,2,FC Bayern Frauen,@mathiasputtinger9729,👍👍👍👍👍👍👍👍👍,2
9ow8ihS1wPE,Inside Trainingslager & Saisonvorbereitung,4317,110,2,FC Bayern Frauen,@danielakirchmeier8964,Ich freu mich auf die Saison. Mit den vielen Neuen werden sicher alle drei Wettbewerbe interessant. 💪🏻,1
HlOqlF-sKrY,FC Bayern Frauen trainieren Mädels,5484,144,4,FC Bayern Frauen,,Tolle Aktion! Hoffentlich bleiben viele Mädels beim Fußball und behalten sich den Spaß!!,1
HlOqlF-sKrY,FC Bayern Frauen trainieren Mädels,5484,144,4,FC Bayern Frauen,@evgeniikotikov1261,Mach weiter!,1
HlOqlF-sKrY,FC Bayern Frauen trainieren Mädels,5484,144,4,FC Bayern Frauen,@annikarittmann1094,"Ich finde das eine Super Aktion von euch. Es ist sonst so schade, dass der Fußball immer und immer kommerzieller und kapitalistischer wird und es viel weniger darum geht, Leute zu begeistern und zu motivieren.",2
HlOqlF-sKrY,FC Bayern Frauen trainieren Mädels,5484,144,4,FC Bayern Frauen,@michellejasminbrockherde205,Ich möchte dass auch mal gerne machen ❤⚽🙁mit euch so Training machen⚽,2
S9hM-DFOi2I,FC Bayern Frauen | Media Day,10896,216,4,FC Bayern Frauen,@يومياتزنوبةالمحبوبة,💋💋💋,0
S9hM-DFOi2I,FC Bayern Frauen | Media Day,10896,216,4,FC Bayern Frauen,@evgeniikotikov1261,Alles Gute!,1
S9hM-DFOi2I,FC Bayern Frauen | Media Day,10896,216,4,FC Bayern Frauen,@sarahvargas2309,Love you sooooo mach,0
S9hM-DFOi2I,FC Bayern Frauen | Media Day,10896,216,4,FC Bayern Frauen,@lilimilli7559,Wo ist das Trainingslager in Österreich?,1
vpKXxWT2XWU,Highlights Saisonfinale,13681,249,2,FC Bayern Frauen,@يومياتزنوبةالمحبوبة,😅,0
vpKXxWT2XWU,Highlights Saisonfinale,13681,249,2,FC Bayern Frauen,@fifabrother-clashmini64,Erster,1
0woqmpknXc4,Thomas Wörle zu Gast bei FC BAYERN.TV live,1186,32,2,FC Bayern Frauen,@mathiasputtinger9729,👍👍👍👍👍👍👍👍👍👍👍👍👍👍,0
0woqmpknXc4,Thomas Wörle zu Gast bei FC BAYERN.TV live,1186,32,2,FC Bayern Frauen,@evgeniikotikov1261,Alles Gute!,1
Wx6O9iTarWY,Vorbericht Freiburg,8580,143,5,FC Bayern Frauen,@يومياتزنوبةالمحبوبة,😮,0
Wx6O9iTarWY,Vorbericht Freiburg,8580,143,5,FC Bayern Frauen,@thiagosebba81,"Wow,The tree most interesting players",0
Wx6O9iTarWY,Vorbericht Freiburg,8580,143,5,FC Bayern Frauen,@oooooo-ji2nn,Der SC hat 35.000 Mitglieder bei 56.000 Einwohnern. Nicht schlecht! (=;,1
Wx6O9iTarWY,Vorbericht Freiburg,8580,143,5,FC Bayern Frauen,@caro9555,haha voll nice 😂,3
Wx6O9iTarWY,Vorbericht Freiburg,8580,143,5,FC Bayern Frauen,@evgeniikotikov1261,That attitude! =),1
U49M-fectUU,ISPO-Besuch 2017,2256,44,2,FC Bayern Frauen,@jananunnenmacher5982,Wo ist leonie ?,0
U49M-fectUU,ISPO-Besuch 2017,2256,44,2,FC Bayern Frauen,@joelingna7270,FCB 😍😍😍❤❤❤BESTER VEREIN IM GANZEN UNIVERSUM💖💖💖,1
aMbAOelRQqk,Tagebuch Tag 6 | Leonie Maier,4447,80,2,FC Bayern Frauen,@يومياتزنوبةالمحبوبة,🌹,0
aMbAOelRQqk,Tagebuch Tag 6 | Leonie Maier,4447,80,2,FC Bayern Frauen,@evgeniikotikov1261,Viel Glueck!,1
H_3szzqfGhI,Allianz Winter Camp | Golf Competition,4713,88,1,FC Bayern Frauen,@يومياتزنوبةالمحبوبة,🙏,1
tAAOkGM_Mdk,Comeback Lena Lotzen,3371,82,4,FC Bayern Frauen,@jasminmellass1583,👍💪,0
tAAOkGM_Mdk,Comeback Lena Lotzen,3371,82,4,FC Bayern Frauen,@xletitshinex2228,Alles Gute Lena :),0
tAAOkGM_Mdk,Comeback Lena Lotzen,3371,82,4,FC Bayern Frauen,@melina1604,Lena 💘,0
tAAOkGM_Mdk,Comeback Lena Lotzen,3371,82,4,FC Bayern Frauen,@caro9555,Lena 😃❤⚽⚽,0
OcHbS5WBZX4,Tagebuch Tag 4 | Sara Däbritz,10849,161,7,FC Bayern Frauen,@يومياتزنوبةالمحبوبة,😉,0
OcHbS5WBZX4,Tagebuch Tag 4 | Sara Däbritz,10849,161,7,FC Bayern Frauen,@elcompalex31,So beautiful 😍,1
OcHbS5WBZX4,Tagebuch Tag 4 | Sara Däbritz,10849,161,7,FC Bayern Frauen,@DenisCcAa,so eine  Hübsche Frau,1
OcHbS5WBZX4,Tagebuch Tag 4 | Sara Däbritz,10849,161,7,FC Bayern Frauen,@Bumblebee.turbo.charger,Ela é muito bonita.,0
OcHbS5WBZX4,Tagebuch Tag 4 | Sara Däbritz,10849,161,7,FC Bayern Frauen,@NoLimitToTheMoney,Mhmm..😍❤️😘,1
OcHbS5WBZX4,Tagebuch Tag 4 | Sara Däbritz,10849,161,7,FC Bayern Frauen,@nguyenmanhcuong6882,you`re beautiful girl sara !,1
OcHbS5WBZX4,Tagebuch Tag 4 | Sara Däbritz,10849,161,7,FC Bayern Frauen,@caro9555,Sara ❤❤,7
ydJeUQGIo6A,Highlights gegen Arsenal Ladies,7980,110,3,FC Bayern Frauen,@josie9193,und drei Monate später spielten sowohl Evans als auch Miedema bei Arsenal😂,1
ydJeUQGIo6A,Highlights gegen Arsenal Ladies,7980,110,3,FC Bayern Frauen,@victoriajustice1311,Arme Fridolina. Das muss echt bitter sein,0
ydJeUQGIo6A,Highlights gegen Arsenal Ladies,7980,110,3,FC Bayern Frauen,@marisabienkowski1996,Gute Besserung,1
HatPut2OAFM,Tagebuch Tag 3 | Gina Lewandowski,3158,58,4,FC Bayern Frauen,@يومياتزنوبةالمحبوبة,😍,0
HatPut2OAFM,Tagebuch Tag 3 | Gina Lewandowski,3158,58,4,FC Bayern Frauen,@annaweis5121,Wer hat das dritte Tor für Bayern geschossen?😯☺ ⚽,0
HatPut2OAFM,Tagebuch Tag 3 | Gina Lewandowski,3158,58,4,FC Bayern Frauen,@Ofenbaguette,"Gute Besserung an die Verletzten, ich hoffe es ist nichts Ernstes! Und natürlich Glückwunsch zum Sieg :)",2
HpnsdIEjJ2M,Tagebuch Tag 2 | Verena Faißt,2804,43,1,FC Bayern Frauen,@يومياتزنوبةالمحبوبة,🤔,0
3-gkXpTwl0c,FC Bayern Neuzugang Kristin Demann,2685,52,4,FC Bayern Frauen,@manueldemann6615,top,0
3-gkXpTwl0c,FC Bayern Neuzugang Kristin Demann,2685,52,4,FC Bayern Frauen,@BerndBeisswenger,viel Erfolg und alles Gute. Herzlich Willkommen :),0
3-gkXpTwl0c,FC Bayern Neuzugang Kristin Demann,2685,52,4,FC Bayern Frauen,@evgeniikotikov1261,Alles Gute!,1
2L_iieajjXU,Highlights DFB-Pokal Ibbenbüren,2097,43,2,FC Bayern Frauen,@joelingna7270,Glückwunsch😘❤❤💖,0
2L_iieajjXU,Highlights DFB-Pokal Ibbenbüren,2097,43,2,FC Bayern Frauen,,Glückwunsch zum Einzug ins Viertelfinale!,0
ljjjzXcrDIA,Historischer Viertelfinal-Einzug in der Champions League,2973,68,3,FC Bayern Frauen,,Glückwunsch! Ihr habt es euch mehr als verdient :),0
ljjjzXcrDIA,Historischer Viertelfinal-Einzug in der Champions League,2973,68,3,FC Bayern Frauen,@caro9555,Yeah👍❤⚽,1
ljjjzXcrDIA,Historischer Viertelfinal-Einzug in der Champions League,2973,68,3,FC Bayern Frauen,@joelingna7270,sehr gut gespielt❤weiter so😙,2
WXa2I67hQ3Y,Vor UWCL-Rückspiel,2477,72,2,FC Bayern Frauen,@VLiberatisV,Danke für die Antwort!,0
WXa2I67hQ3Y,Vor UWCL-Rückspiel,2477,72,2,FC Bayern Frauen,@VLiberatisV,Wird das Spiel übertragen?,0
0wPcRA4OWB4,FC Bayern Frauen vor TOP-Spiel,1017,44,2,FC Bayern Frauen,@ellaschuster3498,😍und ich bin die letzten Tage immer am Wettersteinplatz vorbei gegangen,0
0wPcRA4OWB4,FC Bayern Frauen vor TOP-Spiel,1017,44,2,FC Bayern Frauen,@elidianebrito1782,achei legal mas podia coloca a legenda ai em baixo do vídeo em português,0
9JOFatAIdMQ,Thomas Wörle vor dem Spiel gegen die Hibernian Ladies,556,20,1,FC Bayern Frauen,@Senya_Rosich,Бавария-чемпион!,0
aqG4xmm6RMA,UEFA Women's Champions League,3338,70,4,FC Bayern Frauen,@mathiasputtinger9729,Sehr gut,0
aqG4xmm6RMA,UEFA Women's Champions League,3338,70,4,FC Bayern Frauen,@viktoriasinabel4438,wie groß ist die torfrau manuela zinsberger?😆😅,0
aqG4xmm6RMA,UEFA Women's Champions League,3338,70,4,FC Bayern Frauen,@sarakristini8575,"Saaaaraaaa ... mir von Ihr Geschenk Hemd. Ich bin von Brasilien. bin Super Fan von Du.
Mein großer Traum ist es, sein Hemd haben.",0
aqG4xmm6RMA,UEFA Women's Champions League,3338,70,4,FC Bayern Frauen,@joelingna7270,viel glück❤❤❤,0
srmJLGl3-tY,Stimmen zum Champions League Hinspiel gegen Hibernian Ladies FC,1946,41,1,FC Bayern Frauen,@sarakristini8575,"Sara ... mir von Ihr Geschenk Hemd. Ich bin von Brasilien. bin Super Fan von Du.
Mein großer Traum ist es, sein Hemd haben.... Gente não sei falar Alemão. ..",0
SxjSbNDh3hk,Portrait Simone Laudehr,2821,65,2,FC Bayern Frauen,@leblond1881,"Sehr sympathisch, und wirkt Bodenständig",0
h_HN9K-VlM0,Portrait Thomas Wörle,997,33,1,FC Bayern Frauen,@derkonig1006,Wieso werden die Portraits von Spielerinnen (oder Trainer) der Frauenmannschaft zuerst auf dem Haupkanal hochgeladen und erst ein paar Tage später auf dem Frauenfußball-Kanal? Das macht für mich wenig Sinn.,0
AEwI2u-RA0Q,Olympiasiegerinnen,3943,127,3,FC Bayern Frauen,@lf2131,Ole 👏👏👏,1
AEwI2u-RA0Q,Olympiasiegerinnen,3943,127,3,FC Bayern Frauen,@andreasbrunisch8216,"Ihr seid der Hammer,hab jedes Spiel gesehen😁",1
AEwI2u-RA0Q,Olympiasiegerinnen,3943,127,3,FC Bayern Frauen,@caro9555,Däbritz und Leupolz sind einfach die besten ❤,5
1z9CPfZzB-w,"FC Bayern Crossbar Challenge mit Faißt, Van der Gragt & Weimar",4434,83,1,FC Bayern Frauen,@victoryluzon,"great, why don't more people realise, the woman can play.",1
Ixl4NJeAAuo,Trainingsauftakt mit Verena Faißt und Stefanie van der Gragt,2794,65,1,FC Bayern Frauen,@Ofenbaguette,"Na dann wünsche ich den beiden alles gute, eine super Saison und natürlich viel Spaß!
Wird es denn noch ein Portrait-Video zu den beiden geben? Ich hoffe doch ^^",0
xIJldDlN9qY,Die schönsten Momente der Saison 2015/16,1593,56,1,FC Bayern Frauen,@Ofenbaguette,sehr schön :-) hätte gern noch etwas länger sein können :-P,0
EEvPRy55Y2c,Interview Simone Laudehr,3053,65,4,FC Bayern Frauen,@يومياتزنوبةالمحبوبة,🤣,0
EEvPRy55Y2c,Interview Simone Laudehr,3053,65,4,FC Bayern Frauen,@Ofenbaguette,"Die gleiche Videos landen ja auch auf dem FCB-Kanal, ihr solltet dort bei jedem Video auf diesen Kanal hinweisen :-)
Sieht aber jetzt schon nach einer super Saison aus für die Mädels! Freue mich",0
EEvPRy55Y2c,Interview Simone Laudehr,3053,65,4,FC Bayern Frauen,@borsty19,nächstes Jahr gewinnen wir alles :) Top lieblings Spielerin im lieblings Verein <3,2
EEvPRy55Y2c,Interview Simone Laudehr,3053,65,4,FC Bayern Frauen,@jolyette19,m gustaría que algún mensaje lo presentarán en castellano ?,0
ZAi29PQGpCE,Viktoria Schnaderbeck im Portrait,7125,80,1,FC Bayern Frauen,@tobiaskoch7084,cooles video,2
-HpiaMD5Zxk,Leonie Maier im Portrait,5647,104,3,FC Bayern Frauen,@ahmedzalmvk1617,"Schöner und netter Spieler. Ich habe dieses Programm genossen. Danke, Leonie",0
-HpiaMD5Zxk,Leonie Maier im Portrait,5647,104,3,FC Bayern Frauen,@Ofenbaguette,"Beidfüßig ... wenn ich nur daran denke einen Ball mit dem linken Fuß zu schießen, da läuft es mir kalt den Rücken runter.
Wieder ein schönes ""Portrait"". Freue mich auf mehr :-)",2
RtLRCq_T04Y,Vivianne Miedema im Portrait,5741,114,7,FC Bayern Frauen,@alexanderbunning6432,Alexander ist die größte,0
RtLRCq_T04Y,Vivianne Miedema im Portrait,5741,114,7,FC Bayern Frauen,@JazzFunk22,lets go Arsenal lets go Arsenal,0
RtLRCq_T04Y,Vivianne Miedema im Portrait,5741,114,7,FC Bayern Frauen,@SaapuvaKomeetta,Kann ja doch lachen!,0
RtLRCq_T04Y,Vivianne Miedema im Portrait,5741,114,7,FC Bayern Frauen,@gabrielemandel4483,Das schönste Geschenk sich in einer Familie wohl zu fühlen☺️👍,1
RtLRCq_T04Y,Vivianne Miedema im Portrait,5741,114,7,FC Bayern Frauen,@vevonathan,Heuheuheu Nederland,0
RtLRCq_T04Y,Vivianne Miedema im Portrait,5741,114,7,FC Bayern Frauen,@Ofenbaguette,"Auch wenn dieses Video gerade erst hochgeladen wurde, kenne ich es schon ... was ist da los?

Dennoch finde ich diese ""Portrait""-Reihe einfach klasse, macht weiter so!
----
Edit: Das Video kenne ich vom FCB Kanal :-) Mysterium aufgeklärt. Nun ist es am richtigen Platz",1
IGpigHPBS30,FC Bayern Meisterehrung in 360°,3562,60,3,FC Bayern Frauen,@sephkosuper1014,I think you can post this video on VEER.Their user will love this video.,0
IGpigHPBS30,FC Bayern Meisterehrung in 360°,3562,60,3,FC Bayern Frauen,@clashpixelgoldscheidgasse5415,gonz ir  mich abonnieren,0
IGpigHPBS30,FC Bayern Meisterehrung in 360°,3562,60,3,FC Bayern Frauen,@clashpixelgoldscheidgasse5415,hi,0
jUJnSRDyzRI,Nora Holstad im Portrait,3411,66,2,FC Bayern Frauen,@يومياتزنوبةالمحبوبة,😭😭😭,0
jUJnSRDyzRI,Nora Holstad im Portrait,3411,66,2,FC Bayern Frauen,@rodneysekyere9717,ich bin auch fur fc bayern munchen,1
Dkapm5dJn-A,Deutscher Meister 2016 FC Bayern Frauen,9467,127,6,FC Bayern Frauen,@يومياتزنوبةالمحبوبة,🌷🌷🌷,0
Dkapm5dJn-A,Deutscher Meister 2016 FC Bayern Frauen,9467,127,6,FC Bayern Frauen,@juliadi25501,"Herzlichen Glückwunsch!
Ihr habt es euch 100%ig verdient :) 
Ihr seid fussballtechnisch meine größten Vorbilder <3",2
Dkapm5dJn-A,Deutscher Meister 2016 FC Bayern Frauen,9467,127,6,FC Bayern Frauen,@m.f.8066,Nur der FcBayern München kann DEUTSCHER MEISTER werden!!!,0
Dkapm5dJn-A,Deutscher Meister 2016 FC Bayern Frauen,9467,127,6,FC Bayern Frauen,,Super!!! Tolle Saison!,1
Dkapm5dJn-A,Deutscher Meister 2016 FC Bayern Frauen,9467,127,6,FC Bayern Frauen,@echtewahreliebebayern-aust8941,Deutscher Meister wird nur der FC Bayern München,0
Dkapm5dJn-A,Deutscher Meister 2016 FC Bayern Frauen,9467,127,6,FC Bayern Frauen,@roha1190,klasse Leistung 😊,2
SiwdAVTb_pY,Fotoshooting der besonderen Art Allianz Arena,3137,58,6,FC Bayern Frauen,@يومياتزنوبةالمحبوبة,🌷,0
SiwdAVTb_pY,Fotoshooting der besonderen Art Allianz Arena,3137,58,6,FC Bayern Frauen,@iameasy9,we want more Simone Laudher please,2
SiwdAVTb_pY,Fotoshooting der besonderen Art Allianz Arena,3137,58,6,FC Bayern Frauen,@ellaschuster3498,also ich find das steht den Mädels so könnten sie öfter mal feiern gehen dann würden sie auch nicht erkannt werden😂😂,0
SiwdAVTb_pY,Fotoshooting der besonderen Art Allianz Arena,3137,58,6,FC Bayern Frauen,@XxMetix,Haha:D dieses Fotoshooting schöne Bilder:),0
SiwdAVTb_pY,Fotoshooting der besonderen Art Allianz Arena,3137,58,6,FC Bayern Frauen,@michaelagradl2938,1ter 😅,0
X6MNup5cJFw,Fußballtennis Challenge Behringer vs Lewandowski,4270,98,2,FC Bayern Frauen,@khadii1773,Tolles Video (: Ihr gewinnt Am Sonntag !! Viel Glück (:,0
X6MNup5cJFw,Fußballtennis Challenge Behringer vs Lewandowski,4270,98,2,FC Bayern Frauen,,Coole Challenge! Viel Glück am Sonntag!,0
q1VK8Rk9D30,Gina Lewandowski im Portrait,5107,93,5,FC Bayern Frauen,@يومياتزنوبةالمحبوبة,💞,0
q1VK8Rk9D30,Gina Lewandowski im Portrait,5107,93,5,FC Bayern Frauen,@jrofficial7513,Dachte immer sie sei Polin:D,1
q1VK8Rk9D30,Gina Lewandowski im Portrait,5107,93,5,FC Bayern Frauen,@gerlindenaknam4662,tolle Persönlichkeit :),2
AiuRBrTC3Fs,Eunice Beckmann im Portrait,2259,71,4,FC Bayern Frauen,@يومياتزنوبةالمحبوبة,😢,0
AiuRBrTC3Fs,Eunice Beckmann im Portrait,2259,71,4,FC Bayern Frauen,@leonmarlonk.4303,Ist das ein Mann oder eine Frau ?,0
AiuRBrTC3Fs,Eunice Beckmann im Portrait,2259,71,4,FC Bayern Frauen,,Sehr sympathisch!,1
AiuRBrTC3Fs,Eunice Beckmann im Portrait,2259,71,4,FC Bayern Frauen,@superbayernfan4810,Cool,1
t42Q2jA7M6w,Vivianne Miedema & Tom Wörle nach FC Bayern vs Jena 19.03.2016,1722,46,2,FC Bayern Frauen,@floriankrause6580,ich komme zwar aus der Nähe von Jena bin aber trotzdem für euch,1
t42Q2jA7M6w,Vivianne Miedema & Tom Wörle nach FC Bayern vs Jena 19.03.2016,1722,46,2,FC Bayern Frauen,@floriankrause6580,erstet,0
oW_xKLZ7ph4,"Vamos Chicas! Spanischkurs mit Vero Boquete, Eunice Beckmann und Lisa Evans",4383,102,1,FC Bayern Frauen,@hakanbayazit86,Vamos Chicas ;-),0
c9i-XP3Lz0k,"Vero Boquete, Mel Behringer & Tom Wörle nach FC Bayern vs Werder Bremen 28.02.2016",1008,22,1,FC Bayern Frauen,,Glückwunsch Bayern! Weiter so...,0
aDeqEHbObSQ,Vorbericht FCB-Frauen empfangen Bremen 28.02.2016,2259,52,2,FC Bayern Frauen,@juliaferenac8449,Vorbilder😍🔥⚽🔝 Will auch mal beim FCB spielen😍⚽❤⚽⚽,0
aDeqEHbObSQ,Vorbericht FCB-Frauen empfangen Bremen 28.02.2016,2259,52,2,FC Bayern Frauen,@gerlindenaknam4662,Ihr packt das! 💕,2
QAGfKiJMC-E,Melanie Leupolz im Portrait,16551,309,19,FC Bayern Frauen,@يومياتزنوبةالمحبوبة,💋,0
QAGfKiJMC-E,Melanie Leupolz im Portrait,16551,309,19,FC Bayern Frauen,@JazzFunk22,"she""S  FRIKIN  HOT .",0
QAGfKiJMC-E,Melanie Leupolz im Portrait,16551,309,19,FC Bayern Frauen,@bruhns3142,Lovely <3,0
QAGfKiJMC-E,Melanie Leupolz im Portrait,16551,309,19,FC Bayern Frauen,@Kosova25111995,Ist die Melanie wirklich erst 21 Jahre alt ich hab die zwischen 25-28 Jahre geschätzt,0
QAGfKiJMC-E,Melanie Leupolz im Portrait,16551,309,19,FC Bayern Frauen,@bigjimhvac3153,"Such a great player and personality... I would say beautiful too,,,,,,but that is obvious",0
QAGfKiJMC-E,Melanie Leupolz im Portrait,16551,309,19,FC Bayern Frauen,@kingwithoutacrown1,Leo & Mel sind die 2 sexy girlies beim FCB und der Beweis dass Ba-Wü hübsche Nationalspielerinnen produziert ;-),0
QAGfKiJMC-E,Melanie Leupolz im Portrait,16551,309,19,FC Bayern Frauen,@fcbfrauen,Now english and spanish subtitles are online. Enjoy ;-),5
QAGfKiJMC-E,Melanie Leupolz im Portrait,16551,309,19,FC Bayern Frauen,@EpicMucQ,"Hübsch, sympathisch, gute Fußballerin... einfach eine wundervolle Frau. ;D I love her! :)",1
QAGfKiJMC-E,Melanie Leupolz im Portrait,16551,309,19,FC Bayern Frauen,,Tolles Video und super Fußballerin!,0
QAGfKiJMC-E,Melanie Leupolz im Portrait,16551,309,19,FC Bayern Frauen,@Kimisku,"Wow, it was hard to understand although i got concentrated a lot. I really have to improve my german level. Viel Glück für sie in der Saison!",3
QAGfKiJMC-E,Melanie Leupolz im Portrait,16551,309,19,FC Bayern Frauen,@steffitja8672,"Super Fußballerin,Super sympathisch👍🏻😄",1
QAGfKiJMC-E,Melanie Leupolz im Portrait,16551,309,19,FC Bayern Frauen,@hansofredwall,Super fußballerin!,0
QAGfKiJMC-E,Melanie Leupolz im Portrait,16551,309,19,FC Bayern Frauen,@fcbfrauen,For our international fans: we are working on english subtitles and we'll publish them later.,10
QAGfKiJMC-E,Melanie Leupolz im Portrait,16551,309,19,FC Bayern Frauen,@brandonquickenden227,Beautiful on and off the pitch,0
QAGfKiJMC-E,Melanie Leupolz im Portrait,16551,309,19,FC Bayern Frauen,@pizza1420,erstes kommi,0
eDBUU-XmGzE,Vorbericht zum Topspiel FC Bayern in Wolfsburg am 20.02.16,1783,48,1,FC Bayern Frauen,,Toller Bericht! ... und viel Glück für's Spiel in Wolfsburg!,1
cBIx949oFBo,Melanie Behringer & Vivianne Miedema nach FC Bayern vs 1. FC Köln,1695,43,1,FC Bayern Frauen,,Das nächste Spiel in Wolfsburg gewinnt ihr !!,0
rtgpQQ32grM,FC Bayern - 1. FC Köln | Die Pressekonferenz,919,23,1,FC Bayern Frauen,@rapk.6744,"Unsympathischer Trainer von Köln! 
Kann der überhaupt mit der Mannschaft trainieren? Also der braucht doch für 100m 30sek.",0
TyR5hmfyVhI,Vorbericht FCB-Frauen empfangen Köln 14.02.2016,1242,42,1,FC Bayern Frauen,,Viel Erfolg für die Rückrunde!!! Deutscher Meister :),1
h3Xieq_WrtI,FCB-Frauen zurück im Training nach Spanien,2241,52,10,FC Bayern Frauen,@يومياتزنوبةالمحبوبة,🤔,0
h3Xieq_WrtI,FCB-Frauen zurück im Training nach Spanien,2241,52,10,FC Bayern Frauen,@mstrikeyt3258,Welcher Platz seit ihr (Hab gerade erst euch gesehen also die Frauen und Ich habe kein Kicker oder so ),0
h3Xieq_WrtI,FCB-Frauen zurück im Training nach Spanien,2241,52,10,FC Bayern Frauen,@aitanagallegos8946,Lenaaaaaa!😁,0
h3Xieq_WrtI,FCB-Frauen zurück im Training nach Spanien,2241,52,10,FC Bayern Frauen,@ellaschuster3498,habt ihr in Aschheim oder an der Säbenerstr. trainiert?,1
h3Xieq_WrtI,FCB-Frauen zurück im Training nach Spanien,2241,52,10,FC Bayern Frauen,@bennet1064,1,0
cFogo-QhsEs,FC Bayern Frauen mit coolen Tricks bei guter Laune,5573,118,2,FC Bayern Frauen,@philipphoffmann1514,"FC Bayern München AG
Abteilung Frauenfußball
Säbener Straße 51-57
D-81547 München

Frankierter Rückumschlag:
Versand nach Deutschland:
Bis zu 4 Autogrammkarten: 0,70 €, DIN C6 lang
Bis zu 8 Autogrammkarten: 0,85 €, DIN C6 lang
Kompletter Satz: 1,45 €, DIN C5",0
cFogo-QhsEs,FC Bayern Frauen mit coolen Tricks bei guter Laune,5573,118,2,FC Bayern Frauen,@pommesrotweis2092,Hallo FC Bayern Frauenfußball hab eine frage wo kann man Autogrammkarten von den Spielerinnen bekommen ?,2
wxP3cOq1hKw,Nachbericht FC Bayern Frauen im Allianz Winter Camp 2016,8499,155,5,FC Bayern Frauen,@يومياتزنوبةالمحبوبة,💞,0
wxP3cOq1hKw,Nachbericht FC Bayern Frauen im Allianz Winter Camp 2016,8499,155,5,FC Bayern Frauen,,Tolles Video ... und viel Erfolg weiter in der Rückrunde!!,2
wxP3cOq1hKw,Nachbericht FC Bayern Frauen im Allianz Winter Camp 2016,8499,155,5,FC Bayern Frauen,@ellaschuster3498,Super Video❤,3
wxP3cOq1hKw,Nachbericht FC Bayern Frauen im Allianz Winter Camp 2016,8499,155,5,FC Bayern Frauen,@gerlindenaknam4662,Sehr schöne Zusammenfassung,3
wxP3cOq1hKw,Nachbericht FC Bayern Frauen im Allianz Winter Camp 2016,8499,155,5,FC Bayern Frauen,@sonjamuller3647,"Trotz verlorenem Spiel, ihr seit super Mädels👌👍💪☺",3
wQTu3RD4s3A,Tag 5 | Viktoria Schnaderbeck,2719,52,2,FC Bayern Frauen,@bwbethel,"Viktoria, Du bist sehr huebsch!!",1
wQTu3RD4s3A,Tag 5 | Viktoria Schnaderbeck,2719,52,2,FC Bayern Frauen,@mnegra0714,"please, can u guys put in English subs! always love to watch your clips but I don't understand what they are all saying",1
baOGsfSM7Gs,Caroline Abbé im Portrait,2301,43,2,FC Bayern Frauen,@Tempeline,"Sehr cooles Video, ich mag diese Portraits total gerne :)",0
baOGsfSM7Gs,Caroline Abbé im Portrait,2301,43,2,FC Bayern Frauen,,Tolles Video. Portraits sind immer cool!,1
X_W00wQL7Yc,FC Bayern Frauen Wintertraining an der Säbenerstraße,4447,93,2,FC Bayern Frauen,@يومياتزنوبةالمحبوبة,💞,0
X_W00wQL7Yc,FC Bayern Frauen Wintertraining an der Säbenerstraße,4447,93,2,FC Bayern Frauen,@lennartschmitz4555,cool,2
5BQsiGBwMP0,"Leupolz, Däbritz & Boquete bei der FC Bayern Crossbar Challenge",18286,322,8,FC Bayern Frauen,@يومياتزنوبةالمحبوبة,😁,0
5BQsiGBwMP0,"Leupolz, Däbritz & Boquete bei der FC Bayern Crossbar Challenge",18286,322,8,FC Bayern Frauen,@bolinvolovan3060,"Watching this today, Germany at the World Cup quarter finals. 
Hoping not to see the post getting hit.
Just a little under.",3
5BQsiGBwMP0,"Leupolz, Däbritz & Boquete bei der FC Bayern Crossbar Challenge",18286,322,8,FC Bayern Frauen,@abattaadam,Melanie <3,1
5BQsiGBwMP0,"Leupolz, Däbritz & Boquete bei der FC Bayern Crossbar Challenge",18286,322,8,FC Bayern Frauen,,Coole Challenge!,2
5BQsiGBwMP0,"Leupolz, Däbritz & Boquete bei der FC Bayern Crossbar Challenge",18286,322,8,FC Bayern Frauen,@ef7409,Melanie <3,2
5BQsiGBwMP0,"Leupolz, Däbritz & Boquete bei der FC Bayern Crossbar Challenge",18286,322,8,FC Bayern Frauen,@cristinazamoranohierro552,"Casi vero, esa punteria jajaja, grande",1
5BQsiGBwMP0,"Leupolz, Däbritz & Boquete bei der FC Bayern Crossbar Challenge",18286,322,8,FC Bayern Frauen,@nymphadoratonks5011,Leupolz und Däbritz meine Lieblingsspielerinnen😍❤,14
5BQsiGBwMP0,"Leupolz, Däbritz & Boquete bei der FC Bayern Crossbar Challenge",18286,322,8,FC Bayern Frauen,@maviti5001,Melly ;-),4
qdM5XdWaoIc,FC Bayern Trainingsauftakt  2016,3069,71,3,FC Bayern Frauen,@dossard15,Haben wir nicht 12 Punkte Vorsprung. Ich glaub schon ;),1
qdM5XdWaoIc,FC Bayern Trainingsauftakt  2016,3069,71,3,FC Bayern Frauen,@leblond1881,"Viel Spaß bei der Vorbereitung, und nicht verletzen ;)",0
ZLDjGe5vRXA,Sara Däbritz im Portrait,18436,285,17,FC Bayern Frauen,@سناباتحوري,حصريا,0
ZLDjGe5vRXA,Sara Däbritz im Portrait,18436,285,17,FC Bayern Frauen,@يومياتزنوبةالمحبوبة,👆,0
ZLDjGe5vRXA,Sara Däbritz im Portrait,18436,285,17,FC Bayern Frauen,@minnkhant9072,I Love You Sara,0
ZLDjGe5vRXA,Sara Däbritz im Portrait,18436,285,17,FC Bayern Frauen,@MJ-jc2km,"Ich dachte auch anfangs, sie ist hübsch und dann hat sie aber den Mund aufgemacht...",0
ZLDjGe5vRXA,Sara Däbritz im Portrait,18436,285,17,FC Bayern Frauen,@matthewdevereux1288,Sara is gorgeous.,0
ZLDjGe5vRXA,Sara Däbritz im Portrait,18436,285,17,FC Bayern Frauen,@guennicopter,Sie ist hübsch!,0
ZLDjGe5vRXA,Sara Däbritz im Portrait,18436,285,17,FC Bayern Frauen,@ArmaniaBawonKresnamurti,Sara 💜,3
ZLDjGe5vRXA,Sara Däbritz im Portrait,18436,285,17,FC Bayern Frauen,@ivanrazon3989,Can you put english subtitles please?,2
ZLDjGe5vRXA,Sara Däbritz im Portrait,18436,285,17,FC Bayern Frauen,,"Hey Sara, lad mich mal zu einer Challenge ein",0
ZLDjGe5vRXA,Sara Däbritz im Portrait,18436,285,17,FC Bayern Frauen,@valentinas394,"Ein sehr schönes Video.
Eine ganz Liebe und auch ganz arg Hübsche ist Sara.
Bin hin und weg und schaue sehr gern wenn sie Spielt.",3
ZLDjGe5vRXA,Sara Däbritz im Portrait,18436,285,17,FC Bayern Frauen,@MysTic4L_Chr1s,tolles Video aber ich möcht mega gern ein Potrait von Melanie Leupolz *_*,1
ZLDjGe5vRXA,Sara Däbritz im Portrait,18436,285,17,FC Bayern Frauen,@MaNu-td1zo,Kochst du gerne(?) Lieblingsspieler bei den Männern(?) .... Sind die Fragen euer ernst? Naja im Süden der Republik geht's halt noch anders zu.,1
JJSZK0RJAqI,Die FC Bayern Frauen wünschen Frohe Weihnachten 2015,2364,75,2,FC Bayern Frauen,@hannabussmann183,"Dankeschön, euch ebenfalls noch frohe weihnachten und einen gesunden, geglückten, frohen start in das neue jahr #2016 mit vielen Überraschungen! Viel Erfolg weiterhin♡ spielt ihr irgendwann mal in Osnabrück? Das wäre supi!",1
mFlG_mzOg-w,"Corner Kings mit Melanie Behringer, Gina Lewandowski und Caroline Abbe",3060,73,1,FC Bayern Frauen,@يومياتزنوبةالمحبوبة,❤️,0
H2KB82qjsEY,Lisa Evans im Portrait,6068,119,6,FC Bayern Frauen,@Timo1194,Sehr sympathisch! :),1
H2KB82qjsEY,Lisa Evans im Portrait,6068,119,6,FC Bayern Frauen,@menace1285,Lebt sie schon länger in Deutschland? Ihr deutsch ist ziemlich gut!,1
H2KB82qjsEY,Lisa Evans im Portrait,6068,119,6,FC Bayern Frauen,@EvanKnoT,Lisa is so awesome <3 hahhaha,4
H2KB82qjsEY,Lisa Evans im Portrait,6068,119,6,FC Bayern Frauen,@hannabussmann183,Gutes Video!,2
z-LF6B9b1n4,Making of FC Bayern Frauenfußball Adventskalender 2015,2619,75,2,FC Bayern Frauen,@womenssoccerunited,Thank you for the great video,0
z-LF6B9b1n4,Making of FC Bayern Frauenfußball Adventskalender 2015,2619,75,2,FC Bayern Frauen,@ellaschuster3498,Sehr cooles Video,0
GV0lvQ4B5Oo,Melanie Leupolz und Sara Däbritz am Ball,5818,168,6,FC Bayern Frauen,@EpicMucQ,Rawr! :D Meine 2 Lieblingsspielerinnen! ♥ ^-^,4
GV0lvQ4B5Oo,Melanie Leupolz und Sara Däbritz am Ball,5818,168,6,FC Bayern Frauen,@Lorddafreak1,Ihr zaubert und verzaubert ;) Sehr nice :D,1
GV0lvQ4B5Oo,Melanie Leupolz und Sara Däbritz am Ball,5818,168,6,FC Bayern Frauen,@ef7409,Melanie <3 _ <3,0
GV0lvQ4B5Oo,Melanie Leupolz und Sara Däbritz am Ball,5818,168,6,FC Bayern Frauen,@brandonquickenden227,Beautiful,1
GV0lvQ4B5Oo,Melanie Leupolz und Sara Däbritz am Ball,5818,168,6,FC Bayern Frauen,@redbullvettel100,Skiller Melly und Sara haben richtig was drauf #Respekt Ich würde das selber nicht schaffen 😊🔴⚪️⚽️,0
64JtrSaUf80,FC Bayern - SC Sand 15.11.15 um 14 Uhr,1753,45,1,FC Bayern Frauen,@jakob3272,es juckt keinen,1
fJedB3A49lg,"Vivianne Miedema, Laura Feiersinger & Tom Wörle nach FC Bayern vs FFC Frankfurt",3051,37,1,FC Bayern Frauen,@taurus2016,"Bravo Mädels, starke Leistung! FFC war aber eher lustlos als einfallslos.P.S. Premiere!!! Viv gibt Interview auf deutsch",0
Jy1WplhHhzM,FC Bayern Frauenfußball Shootout nach dem Training,21391,191,6,FC Bayern Frauen,@يومياتزنوبةالمحبوبة,💗,0
Jy1WplhHhzM,FC Bayern Frauenfußball Shootout nach dem Training,21391,191,6,FC Bayern Frauen,@gabbyc9532,lol the rolls,0
Jy1WplhHhzM,FC Bayern Frauenfußball Shootout nach dem Training,21391,191,6,FC Bayern Frauen,@JazzFunk22,1...28    OG style,0
Jy1WplhHhzM,FC Bayern Frauenfußball Shootout nach dem Training,21391,191,6,FC Bayern Frauen,@sarahaigner3432,Schlechte Aufnahme man erkennt nicht wo der Ball hinfliegt .,1
Jy1WplhHhzM,FC Bayern Frauenfußball Shootout nach dem Training,21391,191,6,FC Bayern Frauen,@thaddaustentakel4719,LoL Frauenfußball,1
Jy1WplhHhzM,FC Bayern Frauenfußball Shootout nach dem Training,21391,191,6,FC Bayern Frauen,@MyChotta,Toll wie die Manu da so manchen verhindert. Ein tolle Torfrau. Habe vor ihr und ihrer Kollegin große Achtung.,4
MXvRXQzsIp4,Lisa Evans und Sara Däbritz zu FC Bayern vs Turbine Potsdam 3:1,3931,70,1,FC Bayern Frauen,@carolperry7695,young lisa is very cute.,1
AFqiSZr80jU,Fanclubbesuch in Eichendorf,1175,25,3,FC Bayern Frauen,@27zimmer,TSV Eichendorf ist der beste,1
AFqiSZr80jU,Fanclubbesuch in Eichendorf,1175,25,3,FC Bayern Frauen,@27zimmer,Immer TSV Eichendorf für immer,1
AFqiSZr80jU,Fanclubbesuch in Eichendorf,1175,25,3,FC Bayern Frauen,@fcbfrauen,Wir haben für euch einige Impressionen und Stimmen zum gestrigen Besuch beim FCB Fanclub Eichendorf ‪#‎DieBayern‬,7
ehzPftPengg,#fragLisa - Die Antworten von Lisa Evans,13121,180,7,FC Bayern Frauen,@TeresaGradolf-hu5fk,Psalms 91 von Lisa,0
ehzPftPengg,#fragLisa - Die Antworten von Lisa Evans,13121,180,7,FC Bayern Frauen,@bunnybabu1162,What language they spoke in this video?,0
ehzPftPengg,#fragLisa - Die Antworten von Lisa Evans,13121,180,7,FC Bayern Frauen,@marcalcober3672,"The only answer i need is, ""yes"", from melli about a date. #Fragmelli",1
ehzPftPengg,#fragLisa - Die Antworten von Lisa Evans,13121,180,7,FC Bayern Frauen,@fcbfrauen,Und auch die Antworten auf eure Fragen an Lisa Evans gibt's per Video vom #FCBday1 #fragLisa,14
dYQXfYR-6zI,Teampräsentation FC Bayern Frauenfußball 2015/2016,13569,164,17,FC Bayern Frauen,@lf2131,👍👍👍,1
dYQXfYR-6zI,Teampräsentation FC Bayern Frauenfußball 2015/2016,13569,164,17,FC Bayern Frauen,@forcorchebaywes6440,"Fc Bayern München de best is woman, woman's  ,Mia San Mia",0
dYQXfYR-6zI,Teampräsentation FC Bayern Frauenfußball 2015/2016,13569,164,17,FC Bayern Frauen,@nymphadoratonks5011,Leupolz fehlt :(,3
dYQXfYR-6zI,Teampräsentation FC Bayern Frauenfußball 2015/2016,13569,164,17,FC Bayern Frauen,@FahmiCrown,where is Dabritz (?),3
dYQXfYR-6zI,Teampräsentation FC Bayern Frauenfußball 2015/2016,13569,164,17,FC Bayern Frauen,@mac230150,sorry11111111111111111111111111111111111111111111,0
dYQXfYR-6zI,Teampräsentation FC Bayern Frauenfußball 2015/2016,13569,164,17,FC Bayern Frauen,@mac230150,Leonie ????????????????????????????????????????????????????????????????????????????,3
dYQXfYR-6zI,Teampräsentation FC Bayern Frauenfußball 2015/2016,13569,164,17,FC Bayern Frauen,@lockzmorbeats8697,"480p, 2015, wo kann ich für hd tv spenden?",0
dYQXfYR-6zI,Teampräsentation FC Bayern Frauenfußball 2015/2016,13569,164,17,FC Bayern Frauen,@kedi5945,War einfach Geil hatte Gänsehaut als ihr ins Stadion gekommen seit! ❤❤ war einer der besten Momente des Tages ,1
dYQXfYR-6zI,Teampräsentation FC Bayern Frauenfußball 2015/2016,13569,164,17,FC Bayern Frauen,@Yazamuerti,where is mana?,0
dYQXfYR-6zI,Teampräsentation FC Bayern Frauenfußball 2015/2016,13569,164,17,FC Bayern Frauen,@leblond1881,Wo kann man den dann die spiele schauen? Werden die auch in frankreich übertragen?,0
dYQXfYR-6zI,Teampräsentation FC Bayern Frauenfußball 2015/2016,13569,164,17,FC Bayern Frauen,@fcbfrauen,"68.000 in der ausverkauften Allianz Arena waren gestern live dabei, für alle anderen haben wir jetzt das Video unserer Team Präsentation beim #FCBday1 #DieBayern",15
m_agMrLj7bA,Deutscher Meister 2015 FC Bayern München Frauenfußball,5730,63,1,FC Bayern Frauen,@fcbfrauen,"Heute vor einer Woche, immer noch unbeschreiblich, unglaublich, unfassbar - aber einfach klasse! #DieBayern #MiaSanMeister

Today one week ago . Unbelieveable. Great. Champions.

https://youtu.be/m_agMrLj7bA",12
PHb5zzBD0iU,"Motivation - Lena Lotzen, Melanie Leupolz, Leonie Maier",13441,161,5,FC Bayern Frauen,@fernandoeugenio1259,Melanie Leupolz linda.,1
PHb5zzBD0iU,"Motivation - Lena Lotzen, Melanie Leupolz, Leonie Maier",13441,161,5,FC Bayern Frauen,@robertazcurra7819,"Melanie're die beste in der Welt spielt Fußball Ich war begeistert , als ich sah Sie spielen nur football're mit der Wallonischen Ich bin Ihre Nummer Fans eine der Paraguay ( du bist der beste ) mein Traum ist zu sehen, Sie eines Tages zu spielen , aber das wird nie passieren diese fuersa Krieger können Sie so sehr lieben, woe gegen Norwegian hoffentlich ein oder mehrere Tore Tore ⚽💪💪﻿",1
PHb5zzBD0iU,"Motivation - Lena Lotzen, Melanie Leupolz, Leonie Maier",13441,161,5,FC Bayern Frauen,@nadinemai8911,Einfach die drei besten Fußballerinnen *-* Glückwunsch auch nochmal zur Meisterschaft❤️ Habt es euch mehr verdient als jeder andere Verein ,1
PHb5zzBD0iU,"Motivation - Lena Lotzen, Melanie Leupolz, Leonie Maier",13441,161,5,FC Bayern Frauen,@mmanders3607,"Glückwunsch zum Meistertitel!
Das war eine geile Saison!",1
PHb5zzBD0iU,"Motivation - Lena Lotzen, Melanie Leupolz, Leonie Maier",13441,161,5,FC Bayern Frauen,@fcbfrauen,"Motivation...  begleitet uns die gesamte Saison hindurch. Schau dir an, wie sich Lena Lotzen​, Melanie Leupolz​ und Leonie Maier​ motivieren.

Am Sonntag ist Saisonfinale! Sei dabei ab 14 Uhr im Grünwalder Stadion!  #DieBayern  ",10
NbkR7cP4dlE,[Die] Bayern gegen SGS Essen - Saisonfinale am 10. Mai 2015,2038,39,1,FC Bayern Frauen,@fcbfrauen,Am Sonntag brauchen wir DICH im Grünwalder Stadion! Unterstütze uns im Saisonfinale! Mehr Infos http://fcb.de/FCBFrauenShowdown ,6
Su2GUJBgQmc,10 gegen 2 zum warm-up,1906,26,2,FC Bayern Frauen,@fcbfrauen,"10 gegen 2 - Das beliebte Trainingsspiel, bei uns gerne vor dem Training zum warm-up. Wieviele Kontakte schafft ihr? http://youtu.be/Su2GUJBgQmc",7
C9U8li8nkR8,[Die] Bayern gegen FF USV Jena am 19. April 2015,758,20,1,FC Bayern Frauen,@fcbfrauen,Am Sonntag Platz 2 verteidigen und Kurs auf die #UWCL Qualifikation halten - dabei sein bei Bayern gegen Jena für 8 Euro im Grünwalder Stadion https://youtu.be/C9U8li8nkR8,7
-tSdNl-EGOc,Pressekonferenz nach FC Bayern München - Turbine Potsdam,466,7,2,FC Bayern Frauen,@ajgap1864,"Please upload the highlights of the game today and matches coming.
The final stretch of frauen bundesliga, is very closed and will be exciting. Please upload goals and highlights :) #MiaSanMia ",0
-bKKD5bkL-s,[Die] Bayern gegen Turbine Potsdam am 20. März 2015,1192,23,1,FC Bayern Frauen,@fcbfrauen,"Der Champions League Sieger Besieger kommt am Freitag!

Tickets 8 Euro an der Tageskasse.",5
2RegzSiSzPI,[Die] Bayern starten mit dem Topspiel gegen Wolfsburg am 22.2.15,1651,31,1,FC Bayern Frauen,@fcbfrauen,"Das Topspiel am Sonntag um 14 Uhr im Grünwalder Stadion.

Wir brauchen EUCH! Tickets für 8 Euro an der Tageskasse.
FCB.tv überträgt live.",8
r2DNZjDlMqo,Die Highlights #FCBinFlorida,3914,60,1,FC Bayern Frauen,@fcbfrauen,"Noch ein Rückblick: Das war #FCBinFlorida, die Highlights im Video

http://youtu.be/r2DNZjDlMqo",7
pIKTR2SZxlg,Arena-Talk mit Lena Lotzen und Sarah Romert,3286,39,2,FC Bayern Frauen,@Sergey_141,Лена вообще отличная...чем то она  мне нравится !,0
pIKTR2SZxlg,Arena-Talk mit Lena Lotzen und Sarah Romert,3286,39,2,FC Bayern Frauen,@fcbfrauen,Der Arena-Talk von gestern: Lena Lotzen und Sarah Romert bei Stephan Lehmann.  #DieBayern  ,7
-zRB9SeE_Nw,Fanreporterin Johanna bei #FCBinFlorida unterwegs,3662,45,2,FC Bayern Frauen,@fcbfrauen,Der Abschluss des ‪‎#FCBinFlorida‬ aus Sicht von Fanreporterin Johanna. http://youtu.be/-zRB9SeE_Nw,8
p0-EpuzYgQU,Fanreporterin Johanna unterwegs,4148,44,1,FC Bayern Frauen,@fcbfrauen,Fanreporterin Johanna auf der Jagd nach Antworten auf eure Fragen #FCBinFlorida http://youtu.be/p0-EpuzYgQU ,7
kAIdtOLXimA,FCBinFlorida - Fanreporterin Johanna beim Spiel gegen die Gators,2315,31,1,FC Bayern Frauen,@fcbfrauen,Fanreporterin Johanna bei #FCBinFlorida unterwegs beim Spiel Gators vs FCB http://youtu.be/kAIdtOLXimA,6
TzKUO9Veb2o,FCBinFlorida Fanreporterin Johanna unterwegs,3555,54,5,FC Bayern Frauen,@ninabenjak4189,Wer ist euer idol bei den männern?:),0
TzKUO9Veb2o,FCBinFlorida Fanreporterin Johanna unterwegs,3555,54,5,FC Bayern Frauen,@johannarohr9944,"@merve Einige der Mädels haben noch andere Jobs neben dem Fußball oder gehen zur Schule. Es geht ja auch nach der Karriere noch weiter, insofern ist das schon wichtig ;-)

@hanna Wenn du magst dann könntest du einem Blick auf twitter.de werfen (das geht auch ohne Anmeldung) dort hat Lena mit dem offiziellen FC Bayern Account einige Fan-Fragen beantwortet unter #fragLena - das könnte doch für dich interessant sein oder? :-) ",1
TzKUO9Veb2o,FCBinFlorida Fanreporterin Johanna unterwegs,3555,54,5,FC Bayern Frauen,@vhorn170,"Hey Johanna, du machst des echt richtig gut. Frag mal bitte alle wer ihre ""Lieblings-Gegner"" sind :). Danke. Grüße nach Florida. Vicky",0
TzKUO9Veb2o,FCBinFlorida Fanreporterin Johanna unterwegs,3555,54,5,FC Bayern Frauen,@hannaj2027,"Johanna macht das super, sehr sympathisch! Mich würde noch interessieren, wie weit Lena Lotzen nach ihrer Verletzung ist bzw. wann sie plant, wieder ins Training einzusteigen und mit wem Laura Feiersinger sich ihr Zimmer teilt :)",1
TzKUO9Veb2o,FCBinFlorida Fanreporterin Johanna unterwegs,3555,54,5,FC Bayern Frauen,@fcbfrauen,"Fanreporterin Johanna bei  #FCBinFlorida  für euch unterwegs, die ersten Antworten auf eure Fragen.

http://youtu.be/TzKUO9Veb2o",7
MDSTFyqdkNU,FCBinFlorida mit Fanreporterin Johanna Day1,2400,36,4,FC Bayern Frauen,@maikethormann8361,Wen magst du am liebsten von den Mädels?,0
MDSTFyqdkNU,FCBinFlorida mit Fanreporterin Johanna Day1,2400,36,4,FC Bayern Frauen,@johannarohr9944,@nina Die Tage sind sehr durchgetaktet und die Mädels brauchen natürlich auch ihre Ruhe. Aber ich bin im ständigen Kontakt und vielleicht gehen wir auch noch eine Runde shoppen ;-),3
MDSTFyqdkNU,FCBinFlorida mit Fanreporterin Johanna Day1,2400,36,4,FC Bayern Frauen,@fcbfrauen,"Erste Eindrücke von Fanreporterin Johanna. Habt ihr Fragen? Postet sie bei Youtube unter dem Video...  #FCBinFlorida  

https://www.youtube.com/watch?v=MDSTFyqdkNU",7
MDSTFyqdkNU,FCBinFlorida mit Fanreporterin Johanna Day1,2400,36,4,FC Bayern Frauen,@ninabenjak4189,"Unternimmst du mit den mädels auch mal was in der woche ?:)
",0
33DQnXY5GDQ,FC Bayern Trainingsauftakt Rückrunde 2015,2404,29,4,FC Bayern Frauen,@merve7538,Hallo <3 nach 3 JAhren werd ich au kommen dann bin ich 17 ♡ ,0
33DQnXY5GDQ,FC Bayern Trainingsauftakt Rückrunde 2015,2404,29,4,FC Bayern Frauen,@fcbfrauen,"Der Trainingsstart in bewegten Bildern, der Videobericht:

http://youtu.be/33DQnXY5GDQ",16
681Lg3Nc4Z0,Danke für eure Unterstützung im Jahr 2014,441,11,1,FC Bayern Frauen,@fcbfrauen,"Der letzte Teil unseres Rückblickes gehört euch!
Danke für eure Einsendungen! Danke für eure Unterstützung! ‪#‎MiaSanMia‬ ‪#‎FCBFF2014‬

The last part of our look back is yours: thanks for your contributions and THANKS for your great support!

http://youtu.be/681Lg3Nc4Z0",6
XbRdLv6_-o4,B-Juniorinnen Meisterschale in der FC Bayern Erlebniswelt,2516,25,3,FC Bayern Frauen,@merve7538,"Suppaa Mädels 
Ich bin Stolz auf euch ♡",1
XbRdLv6_-o4,B-Juniorinnen Meisterschale in der FC Bayern Erlebniswelt,2516,25,3,FC Bayern Frauen,@fcbfrauen,Die Meisterschale ist dahaom! B-Juniorinnen verewigen sich in Erlebniswelt https://www.youtube.com/watch?v=XbRdLv6_-o4,10
1ZsCQXoOTY8,Das freche Mana Tor,164918,249,8,FC Bayern Frauen,@chris64k,5* skills,1
1ZsCQXoOTY8,Das freche Mana Tor,164918,249,8,FC Bayern Frauen,@multiyapples,Awesome.,1
1ZsCQXoOTY8,Das freche Mana Tor,164918,249,8,FC Bayern Frauen,@سناباتحوري,حصريا,1
1ZsCQXoOTY8,Das freche Mana Tor,164918,249,8,FC Bayern Frauen,@carolperry7695,mana magic,4
1ZsCQXoOTY8,Das freche Mana Tor,164918,249,8,FC Bayern Frauen,@wodzimierzradomski3993,Größe Wunder siege und herzlichen Grüße an Ostern,3
1ZsCQXoOTY8,Das freche Mana Tor,164918,249,8,FC Bayern Frauen,@viewer-r,もうメッシやん ω,2
1ZsCQXoOTY8,Das freche Mana Tor,164918,249,8,FC Bayern Frauen,@merve7538,♡,7
1ZsCQXoOTY8,Das freche Mana Tor,164918,249,8,FC Bayern Frauen,@fcbfrauen,"Alles Mana, oder? Suuuuuper frech das Tor ;-)

http://youtu.be/1ZsCQXoOTY8",16
6ZyMMAFA-7s,Die Melly Pirouette,5970,86,2,FC Bayern Frauen,@mariagatti8097,What a player... :) ,1
6ZyMMAFA-7s,Die Melly Pirouette,5970,86,2,FC Bayern Frauen,@fcbfrauen,"Frauenfußball ist ein eleganter Sport! Beweis? Bittesehr: Melly #Leupolz lässt zwei Gegnerinnen stehen:

http://youtu.be/6ZyMMAFA-7s",6
hPyej7m30qI,FC Bayern - SC Freiburg: Die Pressekonferenz,917,7,1,FC Bayern Frauen,@fcbfrauen,"Die Pressekonferenz zum gestriegen Spiel in voller Länge gibt's hier. Interessante Nachfragen zur Lage der Liga.

http://youtu.be/hPyej7m30qI",7
w2WgUIzEeJA,FC Bayern München - Herforder SV: Die Pressekonferenz,613,7,1,FC Bayern Frauen,@藤田卓也-y2r,"ドイツ語、未だ解らない。勉強しようかな。

",0
1DaPfh5eYg0,FC Bayern München - SC Sand: Die Interviews,1578,11,1,FC Bayern Frauen,@fcbfrauen,"""Bei uns war heute Sand im Getriebe"", sagt Trainer Thomas Wörle nach dem Heimerfolg gegen die SC Sand Frauen. Die Stimmen zum Spiel mit dem Trainer und Nora Holstad findet ihr hier: http://youtu.be/1DaPfh5eYg0",3
fCCIj8_JqL4,Turbine Potsdam - FC Bayern: Die Interviews,2038,19,2,FC Bayern Frauen,@Christoph_HM,1:18    :D  :),0
fCCIj8_JqL4,Turbine Potsdam - FC Bayern: Die Interviews,2038,19,2,FC Bayern Frauen,@fcbfrauen,"Nachgereicht: wir haben für euch noch Stimmen zum gestrigen Auswärtserfolg, Thomas Wörle, Melanie Behringer, Viktoria Schnaderbeck und Amber Brooks: http://youtu.be/fCCIj8_JqL4",6
kkFE63bCH-s,FC Bayern München - MSV Duisburg: Die Pressekonferenz,778,6,2,FC Bayern Frauen,@fcbfrauen,"Die Pressekonferenz vom Spiel mit Tom Wörle und Inka Grings.

http://youtu.be/kkFE63bCH-s",12
nQyJROnU8Cc,FC Bayern - MSV Duisburg: Die Interviews,3066,32,3,FC Bayern Frauen,@chrisEAgarCA,Amazing video :D,1
nQyJROnU8Cc,FC Bayern - MSV Duisburg: Die Interviews,3066,32,3,FC Bayern Frauen,@ajgap1864,"Highlights of the matches, please!",2
nQyJROnU8Cc,FC Bayern - MSV Duisburg: Die Interviews,3066,32,3,FC Bayern Frauen,@fcbfrauen,"Die Stimmen zum Spiel mit Tom Wörle, Melanie Behringer und Vivianne Miedema: http://youtu.be/nQyJROnU8Cc",4
ZEi_Q_18xaM,FC Bayern - 1899 Hoffenheim: Die Interviews 21.09.2014,1700,12,1,FC Bayern Frauen,@fcbfrauen,Die Stimmen zum Spiel mit Torschützinnen Caroline Abbe und Vanessa Bürki: http://youtu.be/ZEi_Q_18xaM,3
y_yT_2mHkXI,FC Bayern - 1899 Hoffenheim: Die Pressekonferenz 21.09.2014,737,9,1,FC Bayern Frauen,@fcbfrauen,"Die Pressekonferenz nach dem Spiel Bayern - Hoffenheim
http://youtu.be/y_yT_2mHkXI",2
1YrfkTEK6aw,SC Freiburg - FC Bayern 1:2 Die Interviews,3049,27,1,FC Bayern Frauen,@fcbfrauen,"Die Stimmen zum 2:1 Auswärtssieg in Freiburg heute mit Melanie Leupolz und Thomas Wörle.

http://youtu.be/1YrfkTEK6aw",3
fz5OhvvKtx4,Neuzugang Manuela Zinsberger im Portrait,18352,192,9,FC Bayern Frauen,@يومياتزنوبةالمحبوبة,💕,0
fz5OhvvKtx4,Neuzugang Manuela Zinsberger im Portrait,18352,192,9,FC Bayern Frauen,@heikokemmet,Du bist mein gröstes forbild ich werde auch Tor Frau im faein Rot Weiß überacker,0
fz5OhvvKtx4,Neuzugang Manuela Zinsberger im Portrait,18352,192,9,FC Bayern Frauen,@Pockinet,"Oag wenn ich denk, dass ich mit ihr in die Hauptschule gangen bin 🤔😂😂",1
fz5OhvvKtx4,Neuzugang Manuela Zinsberger im Portrait,18352,192,9,FC Bayern Frauen,@eliaswurm9895,Gutere Voraussetzungen lol,3
fz5OhvvKtx4,Neuzugang Manuela Zinsberger im Portrait,18352,192,9,FC Bayern Frauen,@lenav.5851,Zinsi ♡,4
fz5OhvvKtx4,Neuzugang Manuela Zinsberger im Portrait,18352,192,9,FC Bayern Frauen,@Agonymous,"Die Frau hat bewiesen, was für eine Macht sie im Tor ist. Ich wünsche ihr, dass sie die Nummer 1 bleibt bei euch.",17
fz5OhvvKtx4,Neuzugang Manuela Zinsberger im Portrait,18352,192,9,FC Bayern Frauen,@danieldiaz-aguayo9049,Richtig hübsch die Manu. {=,11
fz5OhvvKtx4,Neuzugang Manuela Zinsberger im Portrait,18352,192,9,FC Bayern Frauen,@susistoll2623,Sie is die beste torfrau ever👍👍,15
fz5OhvvKtx4,Neuzugang Manuela Zinsberger im Portrait,18352,192,9,FC Bayern Frauen,@fcbfrauen,"Und auch unser zweiter Neuzugang im Tor stand uns Rede und Antwort: Manuela Zinsberger im Portrait.

http://youtu.be/fz5OhvvKtx4",16
-uTG0LWPoRs,Neuzugang Tinja-Riikka Korpela im Portrait,2201,15,1,FC Bayern Frauen,@fcbfrauen,"Heute widmen wir uns unseren beiden Neuzugängen im Tor. Unsere Nr. 32 kommt aus Finnland zu uns, wir haben mit ""Tinni"" gesprochen:

http://youtu.be/-uTG0LWPoRs",5
Bhz2kZOnVQY,Im Portrait: Caroline Abbé,1648,12,3,FC Bayern Frauen,@OMENAHILLO-zv5eo,schöne,0
Bhz2kZOnVQY,Im Portrait: Caroline Abbé,1648,12,3,FC Bayern Frauen,@OMENATOFFEEKPHYA,SCHÖN,0
Bhz2kZOnVQY,Im Portrait: Caroline Abbé,1648,12,3,FC Bayern Frauen,@fcbfrauen,Unser Neuzugang Caroline Abbé im Portrait: http://youtu.be/Bhz2kZOnVQY,4
lyKLWxW4UFE,Nachgefragt: Wie geht's Carina Wenninger,2486,15,2,FC Bayern Frauen,@OMENAKAKKU-pw1tj,Meine idole,0
lyKLWxW4UFE,Nachgefragt: Wie geht's Carina Wenninger,2486,15,2,FC Bayern Frauen,@fcbfrauen,"Nachgefragt: Wie geht's eigentlich Carina Wenninger?

Die österreichische Nationalspielerin beim FC Bayern spricht über die Tage nach ihrer schweren Verletzung, wie sie wieder ins Training eingestiegen ist und wann sie wieder auf dem Platz stehen möchte.

http://youtu.be/lyKLWxW4UFE",9
NeQij6vjCng,Nachgefragt: wie geht's Sarah Romert,4045,29,2,FC Bayern Frauen,@susistoll2623,Und sie ist die beste und kommt stärker und schneller zurück 👍👍👍,2
NeQij6vjCng,Nachgefragt: wie geht's Sarah Romert,4045,29,2,FC Bayern Frauen,@fcbfrauen,"Im Spiel gegen Frankfurt passierte es, sie war gerade wieder richtig im Team angekommen und dann die schwere Verletzung.

Wir haben Sarah Romert während des Trainingsalgers getroffen und uns nach ihr erkundigt: http://youtu.be/NeQij6vjCng",7
yAmHH-m40G0,Im Portrait: Melanie Behringer,2081,19,2,FC Bayern Frauen,@DschongHo,2:36 - 'Ne Bibel!?? o_O,1
yAmHH-m40G0,Im Portrait: Melanie Behringer,2081,19,2,FC Bayern Frauen,@fcbfrauen,"Der Tag geht zuende und wir fangen an... hier die erste Vorstellung unserer Neuzugänge: Melanie Behringer im Kurz-Portrait.

http://youtu.be/yAmHH-m40G0",5
HAMO3EDtSS0,Nachgefragt: Wie geht's Laura Feiersinger,13115,91,1,FC Bayern Frauen,@carolperry7695,beautiful funny talented,0
qkb2m-6afvg,Trainingsauftakt FC Bayern Frauenfußball 2014/2015,6499,39,1,FC Bayern Frauen,@fcbfrauen,"Nachgereicht: Der Trainingsauftakt als Video.

Morgen heißt's ""auf geht's nach Wildenau"" zum Spiel gegen den FCB Fanclub Wildenau.

http://youtu.be/qkb2m-6afvg",6
3ARCScw1G1U,FC Bayern - TSG Hoffenheim 2:3 - Die Interviews,1971,10,2,FC Bayern Frauen,@Esminka1337,"Could you please add english subtitles at least to what Clara says and the last question with answer? If so, thank you very much :)",0
3ARCScw1G1U,FC Bayern - TSG Hoffenheim 2:3 - Die Interviews,1971,10,2,FC Bayern Frauen,@fcbfrauen,"Wir starten mit den Stimmen zum gestriegen Spiel in die letzte Saisonwoche...

http://youtu.be/3ARCScw1G1U",1
4TL79qUWnb8,FC Bayern B-Juniorinnen Deutscher Meister 2014 - Die Meisterfeier,8446,52,4,FC Bayern Frauen,@celineley9524,hallo erst mal super ihr habt euch verdient aber wie heißt das Mädchen die sich verletzthat,1
4TL79qUWnb8,FC Bayern B-Juniorinnen Deutscher Meister 2014 - Die Meisterfeier,8446,52,4,FC Bayern Frauen,@celikdilek8341,"sret uyi
rteiudenls
trotzdem noch 
nicht ganz klar ist es auch in den 
",0
4TL79qUWnb8,FC Bayern B-Juniorinnen Deutscher Meister 2014 - Die Meisterfeier,8446,52,4,FC Bayern Frauen,@mmshistorie8525,Extase pur!,0
4TL79qUWnb8,FC Bayern B-Juniorinnen Deutscher Meister 2014 - Die Meisterfeier,8446,52,4,FC Bayern Frauen,@fcbfrauen,FC Bayern B-Juniorinnen Deutscher Meister 2014 - Die Meisterfeier,8
Ndu-8RnieSY,FC Bayern B-Juniorinnen Deutscher Meister 2014 - Die Interviews,5392,29,1,FC Bayern Frauen,@fcbfrauen,FC Bayern B-Juniorinnen Deutscher Meister 2014 - Die Interviews,4
grWfIa6cZCM,FC Bayern U17 ist Süd-Meister 2014,5952,28,1,FC Bayern Frauen,@fcbfrauen,"Guten Morgen Bayernfans!

Hier haben wir für euch nochmals das Meisterstück unserer U17 von gestern #MiaSanSüdmeister und fahrn zum #Final4

http://youtu.be/grWfIa6cZCM",3
qL5eOWVOL90,FC Bayern vs FFC Frankfurt - Die Interviews,3325,27,2,FC Bayern Frauen,@ibrahimbaby5057,❤️,0
qL5eOWVOL90,FC Bayern vs FFC Frankfurt - Die Interviews,3325,27,2,FC Bayern Frauen,@fcbfrauen,"Die Stimmen zum Unentschieden gegen Frankfurt.

Gina Lewandowski, Lena Lotzen (Offizielle Seite), Clara Schöne (Offizielle Seite) und Frankfurts Melanie Behringer.

http://youtu.be/qL5eOWVOL90",4
hb5SNYjcO7Y,Vorbericht FC Bayern - FFC Frankfurt am 21.4.14,1042,11,1,FC Bayern Frauen,@fcbfrauen,"Abschlusstraining vor #FCBFFC. Wir haben für euch noch einige Eindrücke eingefangen. Infos http://fcbff.de/vorFCBFFC
___
Ostermontag 14 Uhr: FC Bayern - FFC Frankfurt (Grünwalder Stadion)

http://youtu.be/hb5SNYjcO7Y",3
nYDoqwVhik4,Der FC Bayern besucht das syrische Flüchtlingslager Za'tari,1583,18,1,FC Bayern Frauen,@mariemaier8591,Ist diese gani von robert die Freundin,0
OrM-9NAXOCY,FC Bayern - SGS Essen Pressekonferenz,659,7,2,FC Bayern Frauen,@fcbfrauen,"sorry für den Ton am Anfang, haben dann das Mikro gewechselt",0
OrM-9NAXOCY,FC Bayern - SGS Essen Pressekonferenz,659,7,2,FC Bayern Frauen,@fcbfrauen,"""Das 1:0 war der Dosenöffner"", sagt Trainer Thomas Wörle nach dem Spiel. PK mit beiden Trainern  #FCBSGS  

http://youtu.be/OrM-9NAXOCY",1
zrlYGgtu7dI,Eunice Beckmanns Trickkiste im Spitzenspiel FCB-WOB,6129,39,2,FC Bayern Frauen,@radzmchester,She is my cousin,0
zrlYGgtu7dI,Eunice Beckmanns Trickkiste im Spitzenspiel FCB-WOB,6129,39,2,FC Bayern Frauen,@erikanatze471,Super! BRAVO!!!,1
CiILJ1-lmQc,FC Bayern - Turbine Potsdam 1:2 Pressekonferenz,858,8,1,FC Bayern Frauen,@fcbfrauen,"Die Trainer-Statements aus der Pressekonferenz, Thomas Wörle und Bernd Schröder nach dem Spiel #FCBTP

http://youtu.be/CiILJ1-lmQc",2
uq3LbwWXYSc,Highlights FC Bayern - SV Neulengbach 1:1 9.2.14,2545,12,1,FC Bayern Frauen,@fcbfrauen,"Munteres Spiel, gute Chancen, am Ende trotz Feldüberlegenheit 1:1 gegen Österreichs Serienmeister SV Neulengbach.

Hier der Videobericht http://youtu.be/uq3LbwWXYSc",3
cwrL_Ig0q4I,FC Bayern Frauen Fotoshooting Rückrunde 2014,15225,40,4,FC Bayern Frauen,@يومياتزنوبةالمحبوبة,💖💖💖,0
cwrL_Ig0q4I,FC Bayern Frauen Fotoshooting Rückrunde 2014,15225,40,4,FC Bayern Frauen,@maikethormann1577,Olivia😍😍,0
cwrL_Ig0q4I,FC Bayern Frauen Fotoshooting Rückrunde 2014,15225,40,4,FC Bayern Frauen,@xelandroid,Tienen pinta de pasarse por encima de muchos equipos masculinos.,0
cwrL_Ig0q4I,FC Bayern Frauen Fotoshooting Rückrunde 2014,15225,40,4,FC Bayern Frauen,@CarlosRodriguez-zm1pj,Estas chicas juegan mil veces mejores que nosotros jajajaja.,1
1GNnh_HizAE,FCB-SlaviaPrag 3:0 am 1.2.14,651,5,1,FC Bayern Frauen,@fcbfrauen,"Das 1:0 durch Sarah Hagen und das 3:0 durch Laura Feiersinger haben wir auf Video gefunden. Beim 2:0 war leider die Sicht verdeckt...

Infos zum Spiel gibt's hier: http://fcbff.de/FCBvPrag

http://youtu.be/1GNnh_HizAE",2
xpcEnFkY9ZI,Managerin Karin Danner im Interview,1004,7,1,FC Bayern Frauen,@fcbfrauen,"Eure Fragen, unsere Antworten. Am Freitagabend war die Managerin vor der Kamera. Themen u.a. Fanartikel, Grünwalder, Rückrunde.

Videointerview: http://youtu.be/xpcEnFkY9ZI",2
pDhDqMfORbY,"Frageaktion 2014 Teil 3/4 Katharina Baunach, Carina Wenninger",2793,13,1,FC Bayern Frauen,@fcbfrauen,"Und los geht's für heute, die Antworten auf eure Fragen Teil 3, mit Katharina Baunach und Carina Wenninger.

Viel Spaß!

http://youtu.be/pDhDqMfORbY",3
rWoME06DbBY,"Frageaktion 2014 Teil 2/4 Niki Cross, Nora Holstad, Olivia Schough",4596,18,3,FC Bayern Frauen,@susistoll2623,"Niki♡♡♡♡♡
",2
rWoME06DbBY,"Frageaktion 2014 Teil 2/4 Niki Cross, Nora Holstad, Olivia Schough",4596,18,3,FC Bayern Frauen,@terrificturk,Niki <3 <3 <3,3
rWoME06DbBY,"Frageaktion 2014 Teil 2/4 Niki Cross, Nora Holstad, Olivia Schough",4596,18,3,FC Bayern Frauen,@fcbfrauen,"Weiter geht's, viel Spaß mit den Antworten von Nicole Cross, Nora Holstad und Olivia Schough!
___

Let's go on, the english (!) answers by Nicole Cross, Nora Holstad and Olivia Schough.

http://youtu.be/rWoME06DbBY",3
8-eHuNNOaS8,"Frageaktion 2014 Teil 1/4 Jenny Gaugigl, Laura Feiersinger, Katja Schroffenegger",6412,32,4,FC Bayern Frauen,@pmluciano,Laura Feiersinger is gonna be my wife :),0
8-eHuNNOaS8,"Frageaktion 2014 Teil 1/4 Jenny Gaugigl, Laura Feiersinger, Katja Schroffenegger",6412,32,4,FC Bayern Frauen,@fcbfrauen,"Guten Morgen!

Heute am späten Nachmittag gibt's die nächste Folge unserer Antworten auf eure Fragen, freut euch auf Katharina Baunach und Carina Wenninger.

Wer Jenny, Laura, Katja, Niki, Nora und Olivia noch nicht gehört hat, hier die bisherigen Videos in einer Playlist: Frageaktion 2014 Teil 1/4 Jenny Gaugigl, Laura Feiersinger, Katja Schroffenegger",1
8-eHuNNOaS8,"Frageaktion 2014 Teil 1/4 Jenny Gaugigl, Laura Feiersinger, Katja Schroffenegger",6412,32,4,FC Bayern Frauen,@fcbfrauen,"Jenny Gaugigl, Laura Feiersinger und Katja Schroffenegger im ersten von vier Teilen mit den Antworten auf eure Fragen  #askfcbff  

Frageaktion 2014 Teil 1/4 Jenny Gaugigl, Laura Feiersinger, Katja Schroffenegger",1
Wrp-ebbFKtE,FC Bayern ehrt U17 Europameisterinnen in der Arena,12085,73,4,FC Bayern Frauen,@sebastiankruger969,Schickt das isabella du bist die beste und bleibst die beste hab ich in rottenburg gesehen und ich dachte wtf ich die gut und HÜBSCH,0
Wrp-ebbFKtE,FC Bayern ehrt U17 Europameisterinnen in der Arena,12085,73,4,FC Bayern Frauen,@sykoOify,"my dream is to assist here,   Fc Baaaaayernnn <33 <333",1
Wrp-ebbFKtE,FC Bayern ehrt U17 Europameisterinnen in der Arena,12085,73,4,FC Bayern Frauen,@smirgon,"Herzlichen Glückwunsch. 
Respekt und macht weiter so!",0
Wrp-ebbFKtE,FC Bayern ehrt U17 Europameisterinnen in der Arena,12085,73,4,FC Bayern Frauen,@fcbfrauen,"Wir haben für euch auch das Video aus der Allianz Arena! Stadionsprecher Stephan Lehmann gratuliert unseren drei U17 Europameisterinnen.

FC Bayern ehrt U17 Europameisterinnen in der Arena",4
AOEup4tkv9I,Die FC Bayern Frauenfußballerinnen besuchen die Basketballer im AUDI Dome,2311,6,1,FC Bayern Frauen,@fcbfrauen,"Am Sonntag waren wir auf Einladung der ALLIANZ im Audi Dome beim FC Bayern Basketball 

Infos: http://fcbff.de/FCBFFmeetsFCBBB

Video: http://youtu.be/AOEup4tkv9I ",2
MYLRPa9wNhk,FC Bayern - FCR Duisburg 0:1 Pressekonferenz 30.11.13,770,3,1,FC Bayern Frauen,@fcbfrauen,Für Enthusiasten haben wir noch die Trainer-Statements aus der Pressekonferenz nach dem Spiel von heute für euch: http://youtu.be/MYLRPa9wNhk,1
rei15so2oEE,"US-treble goal by Nicole Cross, Sarah Hagen and Amber Brooks for FC Bayern München",2576,11,1,FC Bayern Frauen,@fcbfrauen,"Wer macht morgen das erste Tor? Amber wohl eher nicht, die spielt mit den USA gegen Brasilien.

Hier nochmal das ""US-Triple"" vom letzten Sonntag. Niki, Apple, Amber, Tor.

Morgen um 14 Uhr in Sindelfingen geht's weiter.

http://youtu.be/rei15so2oEE",1
3UZV6hy5LnE,FC Bayern: Sarah Hagen trifft zum 1:0 gegen Bayer Leverkusen,3376,14,1,FC Bayern Frauen,@fcbfrauen,"Mit diesem Treffer hat Sarah Hagen gestern die wichtige Führung gegen gut gestaffelte Leverkusenerinnen erzielt: http://youtu.be/3UZV6hy5LnE

Den vollständigen Video-Spielbericht findet ihr auf http://video.fcbfrauen.de/videos/2013-10-20/",4
FAx1SDxIq-s,FC Bayern vs SC Freiburg - Stimmen zum Spiel,970,7,1,FC Bayern Frauen,@fcbfrauen,"Wir haben für euch noch die Stimmen zum heutigen Heimsieg gegen den SC Freiburg, Dr. Rainer Koch (BFV), Lena Lotzen, Katharina Baunach, Karin Danner und Thomas Wörle:
http://youtu.be/FAx1SDxIq-s

Die gesamte Pressekonferenz für Interessierte gerne auch:
FC Bayern Frauen vs SC Freiburg - Die Pressekonferenz",2
wlKVVXtWsco,Vorbericht FC Bayern vs SC Freiburg Frauen-Bundesliga 14.9.13,2861,13,1,FC Bayern Frauen,@fcbfrauen,"""Das Stadion ist echt geil!"",
Viktoria Schnaderbeck im Video-Vorbericht zum morgigen Heimauftakt.

Den kompletten Bericht mit Interviews von Trainer Thomas Wörle, Viki Schnaderbeck und Erika Tymrak findet ihr hier: Vorbericht FC Bayern vs SC Freiburg Frauen-Bundesliga 14.9.13

Wir +1 für den Heimauftakt im Grünwalder!",2
8i8SdEV7Pcs,Vorbericht FC Bayern Saisonauftakt beim Triple-Sieger in Wolfsburg,933,10,1,FC Bayern Frauen,@fcbfrauen,"""Gleich zu Beginn gegen Wolfsburg ist eine tolle Motivation""

Der Video-Vorbericht zum Auftakt-Kanller: http://youtu.be/8i8SdEV7Pcs",2
_hMIjXO7KRY,Fotoshooting FC Bayern Frauenfußball 2013/2014,13811,86,7,FC Bayern Frauen,@يومياتزنوبةالمحبوبة,😋😋😋,0
_hMIjXO7KRY,Fotoshooting FC Bayern Frauenfußball 2013/2014,13811,86,7,FC Bayern Frauen,@heikebu6780,Schönsten trikots ever,1
_hMIjXO7KRY,Fotoshooting FC Bayern Frauenfußball 2013/2014,13811,86,7,FC Bayern Frauen,@julianezelva4817,Die Bayern Frauen sind richtig cool!!!  Lena und Leonie :D,0
_hMIjXO7KRY,Fotoshooting FC Bayern Frauenfußball 2013/2014,13811,86,7,FC Bayern Frauen,@xXannahutchersonXx,Lena :D,0
_hMIjXO7KRY,Fotoshooting FC Bayern Frauenfußball 2013/2014,13811,86,7,FC Bayern Frauen,@ekspres21,Schönsten Mädchen der Welt!!,0
_hMIjXO7KRY,Fotoshooting FC Bayern Frauenfußball 2013/2014,13811,86,7,FC Bayern Frauen,@fcbfrauen,"Fototermin an der Säbener Straße

Gestern Blitzlichtgewitter in der Trainingshalle. Wie das Ergebnis aussieht erfahrt ihr später - wie's gestern war, erfahrt ihr im Video:

http://youtu.be/_hMIjXO7KRY",2
fcUYyhuf_8M,Trainingsstart 2013 für Lena Lotzen und Leonie Maier,11205,57,1,FC Bayern Frauen,@fcbfrauen,"Vor 3 Wochen Europameisterinnen, vor 2 Wochen vor 71.000 Fans in der Arena, letzte Woche Kurzurlaub, Akkus aufladen und jetzt sind sie wieder da!

Frisch im Training eingetroffen,  #LenaLotzen  und  #LeonieMaier  

Das find ich klasse, Mädels +1

http://youtu.be/fcUYyhuf_8M",2
kAIdtOLXimA,FCBinFlorida - Fanreporterin Johanna beim Spiel gegen die Gators,2315,31,1,FC Bayern Frauen,@fcbfrauen,Fanreporterin Johanna bei #FCBinFlorida unterwegs beim Spiel Gators vs FCB http://youtu.be/kAIdtOLXimA,6
TzKUO9Veb2o,FCBinFlorida Fanreporterin Johanna unterwegs,3555,54,5,FC Bayern Frauen,@ninabenjak4189,Wer ist euer idol bei den männern?:),0
TzKUO9Veb2o,FCBinFlorida Fanreporterin Johanna unterwegs,3555,54,5,FC Bayern Frauen,@johannarohr9944,"@merve Einige der Mädels haben noch andere Jobs neben dem Fußball oder gehen zur Schule. Es geht ja auch nach der Karriere noch weiter, insofern ist das schon wichtig ;-)

@hanna Wenn du magst dann könntest du einem Blick auf twitter.de werfen (das geht auch ohne Anmeldung) dort hat Lena mit dem offiziellen FC Bayern Account einige Fan-Fragen beantwortet unter #fragLena - das könnte doch für dich interessant sein oder? :-) ",1
TzKUO9Veb2o,FCBinFlorida Fanreporterin Johanna unterwegs,3555,54,5,FC Bayern Frauen,@vhorn170,"Hey Johanna, du machst des echt richtig gut. Frag mal bitte alle wer ihre ""Lieblings-Gegner"" sind :). Danke. Grüße nach Florida. Vicky",0
TzKUO9Veb2o,FCBinFlorida Fanreporterin Johanna unterwegs,3555,54,5,FC Bayern Frauen,@hannaj2027,"Johanna macht das super, sehr sympathisch! Mich würde noch interessieren, wie weit Lena Lotzen nach ihrer Verletzung ist bzw. wann sie plant, wieder ins Training einzusteigen und mit wem Laura Feiersinger sich ihr Zimmer teilt :)",1
TzKUO9Veb2o,FCBinFlorida Fanreporterin Johanna unterwegs,3555,54,5,FC Bayern Frauen,@fcbfrauen,"Fanreporterin Johanna bei  #FCBinFlorida  für euch unterwegs, die ersten Antworten auf eure Fragen.

http://youtu.be/TzKUO9Veb2o",7
MDSTFyqdkNU,FCBinFlorida mit Fanreporterin Johanna Day1,2400,36,4,FC Bayern Frauen,@maikethormann8361,Wen magst du am liebsten von den Mädels?,0
MDSTFyqdkNU,FCBinFlorida mit Fanreporterin Johanna Day1,2400,36,4,FC Bayern Frauen,@johannarohr9944,@nina Die Tage sind sehr durchgetaktet und die Mädels brauchen natürlich auch ihre Ruhe. Aber ich bin im ständigen Kontakt und vielleicht gehen wir auch noch eine Runde shoppen ;-),3
MDSTFyqdkNU,FCBinFlorida mit Fanreporterin Johanna Day1,2400,36,4,FC Bayern Frauen,@fcbfrauen,"Erste Eindrücke von Fanreporterin Johanna. Habt ihr Fragen? Postet sie bei Youtube unter dem Video...  #FCBinFlorida  

https://www.youtube.com/watch?v=MDSTFyqdkNU",7
MDSTFyqdkNU,FCBinFlorida mit Fanreporterin Johanna Day1,2400,36,4,FC Bayern Frauen,@ninabenjak4189,"Unternimmst du mit den mädels auch mal was in der woche ?:)
",0
33DQnXY5GDQ,FC Bayern Trainingsauftakt Rückrunde 2015,2404,29,4,FC Bayern Frauen,@merve7538,Hallo <3 nach 3 JAhren werd ich au kommen dann bin ich 17 ♡ ,0
33DQnXY5GDQ,FC Bayern Trainingsauftakt Rückrunde 2015,2404,29,4,FC Bayern Frauen,@fcbfrauen,"Der Trainingsstart in bewegten Bildern, der Videobericht:

http://youtu.be/33DQnXY5GDQ",16
681Lg3Nc4Z0,Danke für eure Unterstützung im Jahr 2014,441,11,1,FC Bayern Frauen,@fcbfrauen,"Der letzte Teil unseres Rückblickes gehört euch!
Danke für eure Einsendungen! Danke für eure Unterstützung! ‪#‎MiaSanMia‬ ‪#‎FCBFF2014‬

The last part of our look back is yours: thanks for your contributions and THANKS for your great support!

http://youtu.be/681Lg3Nc4Z0",6
XbRdLv6_-o4,B-Juniorinnen Meisterschale in der FC Bayern Erlebniswelt,2516,25,3,FC Bayern Frauen,@merve7538,"Suppaa Mädels 
Ich bin Stolz auf euch ♡",1
XbRdLv6_-o4,B-Juniorinnen Meisterschale in der FC Bayern Erlebniswelt,2516,25,3,FC Bayern Frauen,@fcbfrauen,Die Meisterschale ist dahaom! B-Juniorinnen verewigen sich in Erlebniswelt https://www.youtube.com/watch?v=XbRdLv6_-o4,10
1ZsCQXoOTY8,Das freche Mana Tor,164918,249,8,FC Bayern Frauen,@chris64k,5* skills,1
1ZsCQXoOTY8,Das freche Mana Tor,164918,249,8,FC Bayern Frauen,@multiyapples,Awesome.,1
1ZsCQXoOTY8,Das freche Mana Tor,164918,249,8,FC Bayern Frauen,@سناباتحوري,حصريا,1
1ZsCQXoOTY8,Das freche Mana Tor,164918,249,8,FC Bayern Frauen,@carolperry7695,mana magic,4
1ZsCQXoOTY8,Das freche Mana Tor,164918,249,8,FC Bayern Frauen,@wodzimierzradomski3993,Größe Wunder siege und herzlichen Grüße an Ostern,3
1ZsCQXoOTY8,Das freche Mana Tor,164918,249,8,FC Bayern Frauen,@viewer-r,もうメッシやん ω,2
1ZsCQXoOTY8,Das freche Mana Tor,164918,249,8,FC Bayern Frauen,@merve7538,♡,7
1ZsCQXoOTY8,Das freche Mana Tor,164918,249,8,FC Bayern Frauen,@fcbfrauen,"Alles Mana, oder? Suuuuuper frech das Tor ;-)

http://youtu.be/1ZsCQXoOTY8",16
6ZyMMAFA-7s,Die Melly Pirouette,5970,86,2,FC Bayern Frauen,@mariagatti8097,What a player... :) ,1
6ZyMMAFA-7s,Die Melly Pirouette,5970,86,2,FC Bayern Frauen,@fcbfrauen,"Frauenfußball ist ein eleganter Sport! Beweis? Bittesehr: Melly #Leupolz lässt zwei Gegnerinnen stehen:

http://youtu.be/6ZyMMAFA-7s",6
hPyej7m30qI,FC Bayern - SC Freiburg: Die Pressekonferenz,917,7,1,FC Bayern Frauen,@fcbfrauen,"Die Pressekonferenz zum gestriegen Spiel in voller Länge gibt's hier. Interessante Nachfragen zur Lage der Liga.

http://youtu.be/hPyej7m30qI",7
w2WgUIzEeJA,FC Bayern München - Herforder SV: Die Pressekonferenz,613,7,1,FC Bayern Frauen,@藤田卓也-y2r,"ドイツ語、未だ解らない。勉強しようかな。

",0
1DaPfh5eYg0,FC Bayern München - SC Sand: Die Interviews,1578,11,1,FC Bayern Frauen,@fcbfrauen,"""Bei uns war heute Sand im Getriebe"", sagt Trainer Thomas Wörle nach dem Heimerfolg gegen die SC Sand Frauen. Die Stimmen zum Spiel mit dem Trainer und Nora Holstad findet ihr hier: http://youtu.be/1DaPfh5eYg0",3
fCCIj8_JqL4,Turbine Potsdam - FC Bayern: Die Interviews,2038,19,2,FC Bayern Frauen,@Christoph_HM,1:18    :D  :),0
fCCIj8_JqL4,Turbine Potsdam - FC Bayern: Die Interviews,2038,19,2,FC Bayern Frauen,@fcbfrauen,"Nachgereicht: wir haben für euch noch Stimmen zum gestrigen Auswärtserfolg, Thomas Wörle, Melanie Behringer, Viktoria Schnaderbeck und Amber Brooks: http://youtu.be/fCCIj8_JqL4",6
kkFE63bCH-s,FC Bayern München - MSV Duisburg: Die Pressekonferenz,778,6,2,FC Bayern Frauen,@fcbfrauen,"Die Pressekonferenz vom Spiel mit Tom Wörle und Inka Grings.

http://youtu.be/kkFE63bCH-s",12
nQyJROnU8Cc,FC Bayern - MSV Duisburg: Die Interviews,3066,32,3,FC Bayern Frauen,@chrisEAgarCA,Amazing video :D,1
nQyJROnU8Cc,FC Bayern - MSV Duisburg: Die Interviews,3066,32,3,FC Bayern Frauen,@ajgap1864,"Highlights of the matches, please!",2
nQyJROnU8Cc,FC Bayern - MSV Duisburg: Die Interviews,3066,32,3,FC Bayern Frauen,@fcbfrauen,"Die Stimmen zum Spiel mit Tom Wörle, Melanie Behringer und Vivianne Miedema: http://youtu.be/nQyJROnU8Cc",4
ZEi_Q_18xaM,FC Bayern - 1899 Hoffenheim: Die Interviews 21.09.2014,1700,12,1,FC Bayern Frauen,@fcbfrauen,Die Stimmen zum Spiel mit Torschützinnen Caroline Abbe und Vanessa Bürki: http://youtu.be/ZEi_Q_18xaM,3
y_yT_2mHkXI,FC Bayern - 1899 Hoffenheim: Die Pressekonferenz 21.09.2014,737,9,1,FC Bayern Frauen,@fcbfrauen,"Die Pressekonferenz nach dem Spiel Bayern - Hoffenheim
http://youtu.be/y_yT_2mHkXI",2
1YrfkTEK6aw,SC Freiburg - FC Bayern 1:2 Die Interviews,3049,27,1,FC Bayern Frauen,@fcbfrauen,"Die Stimmen zum 2:1 Auswärtssieg in Freiburg heute mit Melanie Leupolz und Thomas Wörle.

http://youtu.be/1YrfkTEK6aw",3
fz5OhvvKtx4,Neuzugang Manuela Zinsberger im Portrait,18352,192,9,FC Bayern Frauen,@يومياتزنوبةالمحبوبة,💕,0
fz5OhvvKtx4,Neuzugang Manuela Zinsberger im Portrait,18352,192,9,FC Bayern Frauen,@heikokemmet,Du bist mein gröstes forbild ich werde auch Tor Frau im faein Rot Weiß überacker,0
fz5OhvvKtx4,Neuzugang Manuela Zinsberger im Portrait,18352,192,9,FC Bayern Frauen,@Pockinet,"Oag wenn ich denk, dass ich mit ihr in die Hauptschule gangen bin 🤔😂😂",1
fz5OhvvKtx4,Neuzugang Manuela Zinsberger im Portrait,18352,192,9,FC Bayern Frauen,@eliaswurm9895,Gutere Voraussetzungen lol,3
fz5OhvvKtx4,Neuzugang Manuela Zinsberger im Portrait,18352,192,9,FC Bayern Frauen,@lenav.5851,Zinsi ♡,4
fz5OhvvKtx4,Neuzugang Manuela Zinsberger im Portrait,18352,192,9,FC Bayern Frauen,@Agonymous,"Die Frau hat bewiesen, was für eine Macht sie im Tor ist. Ich wünsche ihr, dass sie die Nummer 1 bleibt bei euch.",17
fz5OhvvKtx4,Neuzugang Manuela Zinsberger im Portrait,18352,192,9,FC Bayern Frauen,@danieldiaz-aguayo9049,Richtig hübsch die Manu. {=,11
fz5OhvvKtx4,Neuzugang Manuela Zinsberger im Portrait,18352,192,9,FC Bayern Frauen,@susistoll2623,Sie is die beste torfrau ever👍👍,15
fz5OhvvKtx4,Neuzugang Manuela Zinsberger im Portrait,18352,192,9,FC Bayern Frauen,@fcbfrauen,"Und auch unser zweiter Neuzugang im Tor stand uns Rede und Antwort: Manuela Zinsberger im Portrait.

http://youtu.be/fz5OhvvKtx4",16
-uTG0LWPoRs,Neuzugang Tinja-Riikka Korpela im Portrait,2201,15,1,FC Bayern Frauen,@fcbfrauen,"Heute widmen wir uns unseren beiden Neuzugängen im Tor. Unsere Nr. 32 kommt aus Finnland zu uns, wir haben mit ""Tinni"" gesprochen:

http://youtu.be/-uTG0LWPoRs",5
Bhz2kZOnVQY,Im Portrait: Caroline Abbé,1648,12,3,FC Bayern Frauen,@OMENAHILLO-zv5eo,schöne,0
Bhz2kZOnVQY,Im Portrait: Caroline Abbé,1648,12,3,FC Bayern Frauen,@OMENATOFFEEKPHYA,SCHÖN,0
Bhz2kZOnVQY,Im Portrait: Caroline Abbé,1648,12,3,FC Bayern Frauen,@fcbfrauen,Unser Neuzugang Caroline Abbé im Portrait: http://youtu.be/Bhz2kZOnVQY,4
lyKLWxW4UFE,Nachgefragt: Wie geht's Carina Wenninger,2486,15,2,FC Bayern Frauen,@OMENAKAKKU-pw1tj,Meine idole,0
lyKLWxW4UFE,Nachgefragt: Wie geht's Carina Wenninger,2486,15,2,FC Bayern Frauen,@fcbfrauen,"Nachgefragt: Wie geht's eigentlich Carina Wenninger?

Die österreichische Nationalspielerin beim FC Bayern spricht über die Tage nach ihrer schweren Verletzung, wie sie wieder ins Training eingestiegen ist und wann sie wieder auf dem Platz stehen möchte.

http://youtu.be/lyKLWxW4UFE",9
NeQij6vjCng,Nachgefragt: wie geht's Sarah Romert,4045,29,2,FC Bayern Frauen,@susistoll2623,Und sie ist die beste und kommt stärker und schneller zurück 👍👍👍,2
NeQij6vjCng,Nachgefragt: wie geht's Sarah Romert,4045,29,2,FC Bayern Frauen,@fcbfrauen,"Im Spiel gegen Frankfurt passierte es, sie war gerade wieder richtig im Team angekommen und dann die schwere Verletzung.

Wir haben Sarah Romert während des Trainingsalgers getroffen und uns nach ihr erkundigt: http://youtu.be/NeQij6vjCng",7
yAmHH-m40G0,Im Portrait: Melanie Behringer,2081,19,2,FC Bayern Frauen,@DschongHo,2:36 - 'Ne Bibel!?? o_O,1
yAmHH-m40G0,Im Portrait: Melanie Behringer,2081,19,2,FC Bayern Frauen,@fcbfrauen,"Der Tag geht zuende und wir fangen an... hier die erste Vorstellung unserer Neuzugänge: Melanie Behringer im Kurz-Portrait.

http://youtu.be/yAmHH-m40G0",5
HAMO3EDtSS0,Nachgefragt: Wie geht's Laura Feiersinger,13115,91,1,FC Bayern Frauen,@carolperry7695,beautiful funny talented,0
qkb2m-6afvg,Trainingsauftakt FC Bayern Frauenfußball 2014/2015,6499,39,1,FC Bayern Frauen,@fcbfrauen,"Nachgereicht: Der Trainingsauftakt als Video.

Morgen heißt's ""auf geht's nach Wildenau"" zum Spiel gegen den FCB Fanclub Wildenau.

http://youtu.be/qkb2m-6afvg",6
NA7hPsWLQ2I,FC Bayern Frauenfußball meets FC Bayern Basketball,3556,22,1,FC Bayern Frauen,@fcbfrauen,"FC Bayern trifft FC Bayern, Frauenfußball und Basketball.

Packmas!

http://youtu.be/NA7hPsWLQ2I",3
3ARCScw1G1U,FC Bayern - TSG Hoffenheim 2:3 - Die Interviews,1971,10,2,FC Bayern Frauen,@Esminka1337,"Could you please add english subtitles at least to what Clara says and the last question with answer? If so, thank you very much :)",0
3ARCScw1G1U,FC Bayern - TSG Hoffenheim 2:3 - Die Interviews,1971,10,2,FC Bayern Frauen,@fcbfrauen,"Wir starten mit den Stimmen zum gestriegen Spiel in die letzte Saisonwoche...

http://youtu.be/3ARCScw1G1U",1
4TL79qUWnb8,FC Bayern B-Juniorinnen Deutscher Meister 2014 - Die Meisterfeier,8446,52,4,FC Bayern Frauen,@celineley9524,hallo erst mal super ihr habt euch verdient aber wie heißt das Mädchen die sich verletzthat,1
4TL79qUWnb8,FC Bayern B-Juniorinnen Deutscher Meister 2014 - Die Meisterfeier,8446,52,4,FC Bayern Frauen,@celikdilek8341,"sret uyi
rteiudenls
trotzdem noch 
nicht ganz klar ist es auch in den 
",0
4TL79qUWnb8,FC Bayern B-Juniorinnen Deutscher Meister 2014 - Die Meisterfeier,8446,52,4,FC Bayern Frauen,@mmshistorie8525,Extase pur!,0
4TL79qUWnb8,FC Bayern B-Juniorinnen Deutscher Meister 2014 - Die Meisterfeier,8446,52,4,FC Bayern Frauen,@fcbfrauen,FC Bayern B-Juniorinnen Deutscher Meister 2014 - Die Meisterfeier,8
Ndu-8RnieSY,FC Bayern B-Juniorinnen Deutscher Meister 2014 - Die Interviews,5392,29,1,FC Bayern Frauen,@fcbfrauen,FC Bayern B-Juniorinnen Deutscher Meister 2014 - Die Interviews,4
grWfIa6cZCM,FC Bayern U17 ist Süd-Meister 2014,5952,28,1,FC Bayern Frauen,@fcbfrauen,"Guten Morgen Bayernfans!

Hier haben wir für euch nochmals das Meisterstück unserer U17 von gestern #MiaSanSüdmeister und fahrn zum #Final4

http://youtu.be/grWfIa6cZCM",3
cKvCgUKmxbc,Der Pokal ist wieder da - Replik in der FCB Erlebniswelt,1819,11,3,FC Bayern Frauen,@fcbfrauen,"Der DFB-Pokal von 2012 ab jetzt in der FCB-Erlebniswelt. Die Ankunft am Montag im Video.

http://youtu.be/cKvCgUKmxbc",6
qL5eOWVOL90,FC Bayern vs FFC Frankfurt - Die Interviews,3325,27,2,FC Bayern Frauen,@ibrahimbaby5057,❤️,0
qL5eOWVOL90,FC Bayern vs FFC Frankfurt - Die Interviews,3325,27,2,FC Bayern Frauen,@fcbfrauen,"Die Stimmen zum Unentschieden gegen Frankfurt.

Gina Lewandowski, Lena Lotzen (Offizielle Seite), Clara Schöne (Offizielle Seite) und Frankfurts Melanie Behringer.

http://youtu.be/qL5eOWVOL90",4
hb5SNYjcO7Y,Vorbericht FC Bayern - FFC Frankfurt am 21.4.14,1042,11,1,FC Bayern Frauen,@fcbfrauen,"Abschlusstraining vor #FCBFFC. Wir haben für euch noch einige Eindrücke eingefangen. Infos http://fcbff.de/vorFCBFFC
___
Ostermontag 14 Uhr: FC Bayern - FFC Frankfurt (Grünwalder Stadion)

http://youtu.be/hb5SNYjcO7Y",3
nYDoqwVhik4,Der FC Bayern besucht das syrische Flüchtlingslager Za'tari,1583,18,1,FC Bayern Frauen,@mariemaier8591,Ist diese gani von robert die Freundin,0
OrM-9NAXOCY,FC Bayern - SGS Essen Pressekonferenz,659,7,2,FC Bayern Frauen,@fcbfrauen,"sorry für den Ton am Anfang, haben dann das Mikro gewechselt",0
OrM-9NAXOCY,FC Bayern - SGS Essen Pressekonferenz,659,7,2,FC Bayern Frauen,@fcbfrauen,"""Das 1:0 war der Dosenöffner"", sagt Trainer Thomas Wörle nach dem Spiel. PK mit beiden Trainern  #FCBSGS  

http://youtu.be/OrM-9NAXOCY",1
zrlYGgtu7dI,Eunice Beckmanns Trickkiste im Spitzenspiel FCB-WOB,6129,39,2,FC Bayern Frauen,@radzmchester,She is my cousin,0
zrlYGgtu7dI,Eunice Beckmanns Trickkiste im Spitzenspiel FCB-WOB,6129,39,2,FC Bayern Frauen,@erikanatze471,Super! BRAVO!!!,1
CiILJ1-lmQc,FC Bayern - Turbine Potsdam 1:2 Pressekonferenz,858,8,1,FC Bayern Frauen,@fcbfrauen,"Die Trainer-Statements aus der Pressekonferenz, Thomas Wörle und Bernd Schröder nach dem Spiel #FCBTP

http://youtu.be/CiILJ1-lmQc",2
uq3LbwWXYSc,Highlights FC Bayern - SV Neulengbach 1:1 9.2.14,2545,12,1,FC Bayern Frauen,@fcbfrauen,"Munteres Spiel, gute Chancen, am Ende trotz Feldüberlegenheit 1:1 gegen Österreichs Serienmeister SV Neulengbach.

Hier der Videobericht http://youtu.be/uq3LbwWXYSc",3
cwrL_Ig0q4I,FC Bayern Frauen Fotoshooting Rückrunde 2014,15225,40,4,FC Bayern Frauen,@يومياتزنوبةالمحبوبة,💖💖💖,0
cwrL_Ig0q4I,FC Bayern Frauen Fotoshooting Rückrunde 2014,15225,40,4,FC Bayern Frauen,@maikethormann1577,Olivia😍😍,0
cwrL_Ig0q4I,FC Bayern Frauen Fotoshooting Rückrunde 2014,15225,40,4,FC Bayern Frauen,@xelandroid,Tienen pinta de pasarse por encima de muchos equipos masculinos.,0
cwrL_Ig0q4I,FC Bayern Frauen Fotoshooting Rückrunde 2014,15225,40,4,FC Bayern Frauen,@CarlosRodriguez-zm1pj,Estas chicas juegan mil veces mejores que nosotros jajajaja.,1
1GNnh_HizAE,FCB-SlaviaPrag 3:0 am 1.2.14,651,5,1,FC Bayern Frauen,@fcbfrauen,"Das 1:0 durch Sarah Hagen und das 3:0 durch Laura Feiersinger haben wir auf Video gefunden. Beim 2:0 war leider die Sicht verdeckt...

Infos zum Spiel gibt's hier: http://fcbff.de/FCBvPrag

http://youtu.be/1GNnh_HizAE",2
xpcEnFkY9ZI,Managerin Karin Danner im Interview,1004,7,1,FC Bayern Frauen,@fcbfrauen,"Eure Fragen, unsere Antworten. Am Freitagabend war die Managerin vor der Kamera. Themen u.a. Fanartikel, Grünwalder, Rückrunde.

Videointerview: http://youtu.be/xpcEnFkY9ZI",2
tj01qDWeAqM,FC Bayern Neujahresempfang 2014 bei Stay2Munich,2336,14,1,FC Bayern Frauen,@fcbfrauen,"Besten Dank an Stay2Munich Hotel & serviced apartments, wo wir gestern Abend unseren Neujahresempfang hatten. Alle Mädchen- und Frauenteams zusammen, über 160 Gäste.

Hier einige bewegte Momente: http://youtu.be/tj01qDWeAqM",3
pDhDqMfORbY,"Frageaktion 2014 Teil 3/4 Katharina Baunach, Carina Wenninger",2793,13,1,FC Bayern Frauen,@fcbfrauen,"Und los geht's für heute, die Antworten auf eure Fragen Teil 3, mit Katharina Baunach und Carina Wenninger.

Viel Spaß!

http://youtu.be/pDhDqMfORbY",3
rWoME06DbBY,"Frageaktion 2014 Teil 2/4 Niki Cross, Nora Holstad, Olivia Schough",4596,18,3,FC Bayern Frauen,@susistoll2623,"Niki♡♡♡♡♡
",2
rWoME06DbBY,"Frageaktion 2014 Teil 2/4 Niki Cross, Nora Holstad, Olivia Schough",4596,18,3,FC Bayern Frauen,@terrificturk,Niki <3 <3 <3,3
rWoME06DbBY,"Frageaktion 2014 Teil 2/4 Niki Cross, Nora Holstad, Olivia Schough",4596,18,3,FC Bayern Frauen,@fcbfrauen,"Weiter geht's, viel Spaß mit den Antworten von Nicole Cross, Nora Holstad und Olivia Schough!
___

Let's go on, the english (!) answers by Nicole Cross, Nora Holstad and Olivia Schough.

http://youtu.be/rWoME06DbBY",3
