Comment,gender_of_sport,sexism,racism,violence,appearance,ability,has_hate,hate_type_count,primary_hate_type,Video Popularity,Comment Popularity,club,club_region,language,channel_structure,commenter_gender
Cassidy fantastic ❤❤❤❤,Unknown,False,False,False,False,False,False,0,Non-offensive,1,0,Unknown,Unknown,unknown,Unknown,Female
"Gracias Henry, GRANDE HENRY",Unknown,False,False,False,False,False,False,0,Non-offensive,0,1,Unknown,Unknown,unknown,Unknown,Female
VAMOS VAMOS AMÉRICAAAAAA 🎶🎶🎶🎶🎶🎶🎶,Unknown,False,False,False,False,False,False,0,Non-offensive,0,2,Unknown,Unknown,unknown,Unknown,Female
Arteta Get out of my club,Unknown,False,False,False,False,False,False,0,Non-offensive,1,2,Unknown,Unknown,unknown,Unknown,Female
Me parece s mal gusto que no pongan el audio,Unknown,False,False,False,False,False,False,0,Non-offensive,2,0,Unknown,Unknown,unknown,Unknown,Female
La joyita ya necesita titularidad ella sola creaba jugabas aparte que todos sus centros eran bastante precisos,Unknown,False,False,False,False,False,False,0,Non-offensive,1,0,Unknown,Unknown,unknown,Unknown,Female
"El club debe ponerle una sanción Disciplinaria a Okeke. No puede conducirse asi, afectando a su equipo, sobre todo ahorita con tanta lesionada.",Unknown,False,False,False,False,False,False,0,Non-offensive,2,0,Unknown,Unknown,unknown,Unknown,Female
Mi flojo y tronco 🪵 valdez ya te dio miedo que te quiten tu lugar 😅😅😅.  No quien te quiera,Unknown,False,False,False,True,False,True,1,Appearance,1,0,Unknown,Unknown,unknown,Unknown,Female
Muy bien a poner al equipo en el mejor estado físico de la liga 💯,Unknown,False,False,False,False,False,False,0,Non-offensive,0,0,Unknown,Unknown,unknown,Unknown,Female
"Veo a un entrenador conformista, no lo veo, como entrenador , nooo sabe motivar y de sicologia no lo veo tampoco, debería de estimular a las chamacas, son buenas jugando.",Unknown,True,False,False,False,False,True,1,Sexism,0,0,Unknown,Unknown,unknown,Unknown,Female
"That last free kick at the last minute, my heart was beating so fast 😂❤
COYS🤍💙",Unknown,False,False,False,False,False,False,0,Non-offensive,0,0,Unknown,Unknown,unknown,Unknown,Female
Ha Venezia. Non sarà semplice. Anno sofferto tutte le grandi squadre.,Unknown,False,False,False,False,False,False,0,Non-offensive,0,0,Unknown,Unknown,unknown,Unknown,Female
Para que quieres al real Madrid o al Barcelona primero aprendan a ganarle a tigres y luego le hacen al cuento,Unknown,False,False,False,False,False,False,0,Non-offensive,2,0,Unknown,Unknown,unknown,Unknown,Female
Caicedo is leaving the team he got an offer from spain,Unknown,False,False,False,False,False,False,0,Non-offensive,0,2,Unknown,Unknown,unknown,Unknown,Female
Faz 7 meses que o salário dos jogadores estão em dia agora mês que vem já vão atrasar discurso dizendo que não tem dinheiro kkk piada,Unknown,False,False,False,False,False,False,0,Non-offensive,1,0,Unknown,Unknown,unknown,Unknown,Female
Keremos a chivas culones hay ba papa,Unknown,True,False,False,True,False,True,2,Sexism,1,0,Unknown,Unknown,unknown,Unknown,Female
As overwhelmed as that kid was he never forgot to thank everyone. Very gracious and respectful. Does his parents proud,Unknown,False,False,False,False,False,False,0,Non-offensive,1,2,Unknown,Unknown,unknown,Unknown,Female
Vai Corinthians 🦅🖤🖤 que dai saia muitas joias para o nosso timão,Unknown,False,False,False,False,False,False,0,Non-offensive,0,1,Unknown,Unknown,unknown,Unknown,Female
Sehr schön cooool😊😊😊❤💚🐺,Unknown,False,False,False,False,False,False,0,Non-offensive,2,1,Unknown,Unknown,unknown,Unknown,Female
💚,Unknown,False,False,False,False,False,False,0,Non-offensive,0,2,Unknown,Unknown,unknown,Unknown,Female
She the best and when are you coming back to the TILLES 💚💛,Unknown,False,False,False,False,False,False,0,Non-offensive,0,0,Unknown,Unknown,unknown,Unknown,Female
Happy Birthday 🎂🍦🍧👏👏👏,Unknown,False,False,False,False,False,False,0,Non-offensive,0,1,Unknown,Unknown,unknown,Unknown,Female
"GRACIAS TOTALES LUIS, CRACK BICAMPEON",Unknown,False,False,False,False,False,False,0,Non-offensive,1,0,Unknown,Unknown,unknown,Unknown,Female
O algusto ainda teve a coragem de aparecer na arena é muito cara de pau .,Unknown,False,False,False,False,False,False,0,Non-offensive,2,0,Unknown,Unknown,unknown,Unknown,Female
"Exactamente, esto es AMERICA Y CHICAS ESTAMOS MAS QUE BIEN REPRENSENTAD@S, SEGUIMOS EN EL BARCO Y CONFIO QUE LOGRARAN LA TERCERA, CORAZON, CABEZA FRIA Y EL ORGULLO DE LOS TROPIEZOS DEL AYER, SE HAN LEVANTADO Y AHORA UNA REVANCHA ESTA EN PUERTA, PERO LA GLORIA ES LA QUE GUARDA POR TODO SU ESFUERZO,  POR LAS QUE ESTAN, LA QUE NO PUEDEN ESTAR Y TODA LA AFICION QUE LAS RESPALDAMOS ... VAMOOOOOOS!!!!",Unknown,False,False,False,False,False,False,0,Non-offensive,2,1,Unknown,Unknown,unknown,Unknown,Female
Es una lider,Unknown,False,False,False,False,False,False,0,Non-offensive,0,0,Unknown,Unknown,unknown,Unknown,Female
la situazione continua a sfuggire di mano,Unknown,False,False,False,False,False,False,0,Non-offensive,2,0,Unknown,Unknown,unknown,Unknown,Female
Espero les halla enseñado a patear bien el balón,Unknown,False,False,False,False,False,False,0,Non-offensive,2,0,Unknown,Unknown,unknown,Unknown,Female
tricampeones  ole ole ole ole ole ole ole ole ole ole ole ole ole ole ole ole,Unknown,False,False,False,False,False,False,0,Non-offensive,1,2,Unknown,Unknown,unknown,Unknown,Female
💎💎👑🙋🏼‍♂️🙋🏼‍♂️🙆🏼‍♂️🎩الوالد حفظه الله25 جبتلهم لارببونز من عند خاوتنا💎👑🙋🏼‍♂️🙋🏼‍♂️🙆🏼‍♂️🎩الأتراك بلي تركي مايصعا فالجزاءر إلا إمرأة واحدة🤷🏼‍♂️🤷🏼‍♂️,Unknown,False,False,False,False,False,False,0,Non-offensive,0,0,Unknown,Unknown,unknown,Unknown,Female
Jksid,Unknown,False,False,False,False,False,False,0,Non-offensive,0,1,Unknown,Unknown,unknown,Unknown,Female
Congratulation Harry ❤,Unknown,False,False,False,False,False,False,0,Non-offensive,2,0,Unknown,Unknown,unknown,Unknown,Female
Goodbye Conor Gallagher💔,Unknown,False,False,False,False,False,False,0,Non-offensive,1,0,Unknown,Unknown,unknown,Unknown,Female
Booooooo,Unknown,False,False,False,False,False,False,0,Non-offensive,2,0,Unknown,Unknown,unknown,Unknown,Female
"Pues no se merecen nada hasta las maletas 🧳 les avientan 
Este equipo no debió viajar 
Para pasar vergüenzas como 
Contra pumas 
Juárez 
Cruz Azul y todos los empates 
Y quieren ganar todo 
😂😂😂😂🤣
No valen vrga este equipo",Unknown,False,False,False,False,False,False,0,Non-offensive,1,0,Unknown,Unknown,unknown,Unknown,Female
WE MADE IT...,Unknown,False,False,False,False,False,False,0,Non-offensive,1,1,Unknown,Unknown,unknown,Unknown,Female
E -,Unknown,False,False,False,False,False,False,0,Non-offensive,2,0,Unknown,Unknown,unknown,Unknown,Female
Awesome simply AWESOME Forza Buffon 😊,Unknown,False,False,False,False,False,False,0,Non-offensive,1,1,Unknown,Unknown,unknown,Unknown,Female
😮‍💨,Unknown,False,False,False,False,False,False,0,Non-offensive,2,0,Unknown,Unknown,unknown,Unknown,Female
Mood instantly lifted. Thank you for this,Unknown,False,False,False,False,False,False,0,Non-offensive,2,2,Unknown,Unknown,unknown,Unknown,Female
Women team crosses better than their male counterparts 😂😂😂,Unknown,True,False,False,False,True,True,2,Sexism,2,0,Unknown,Unknown,unknown,Unknown,Female
Invece di ballare guocate capre,Unknown,True,False,False,True,True,True,3,Sexism,2,1,Unknown,Unknown,unknown,Unknown,Female
Love it! Working hard for the new manager! 💙,Unknown,False,False,False,False,False,False,0,Non-offensive,1,1,Unknown,Unknown,unknown,Unknown,Female
Steht ihm,Unknown,False,False,False,False,False,False,0,Non-offensive,1,2,Unknown,Unknown,unknown,Unknown,Female
Nkunku is back and ready 👍👌✅,Unknown,False,False,False,False,False,False,0,Non-offensive,1,0,Unknown,Unknown,unknown,Unknown,Female
"È vero una partita l""abbiamo vinta ma con questo non posso dire che ormai i guai sono finiti , perché qualche sbavatura l'ho vista .quando vedto che tutto questo è finito ,allora potro dire la JUVENTUS e""tornata .",Unknown,False,False,False,False,False,False,0,Non-offensive,2,0,Unknown,Unknown,unknown,Unknown,Female
Somos águilas,Unknown,False,False,False,False,False,False,0,Non-offensive,2,0,Unknown,Unknown,unknown,Unknown,Female
Top guy,Unknown,False,False,False,False,False,False,0,Non-offensive,0,0,Unknown,Unknown,unknown,Unknown,Female
Merci et bon voyage Bernard Lacombe,Unknown,False,False,False,False,False,False,0,Non-offensive,1,0,Unknown,Unknown,unknown,Unknown,Female
🇺🇲👑 Club America 👑🇺🇲,Unknown,False,False,False,False,False,False,0,Non-offensive,0,2,Unknown,Unknown,unknown,Unknown,Female
💚🤍,Unknown,False,False,False,False,False,False,0,Non-offensive,0,2,Unknown,Unknown,unknown,Unknown,Female
Koen 😢,Unknown,False,False,False,False,False,False,0,Non-offensive,0,2,Unknown,Unknown,unknown,Unknown,Female
"Pareil, perf debut pas terrible, a fait l'inverse de MBAPPE, est monté en régime. Pourvu que ça dure et l'accession en ligue 1 enfin!",Unknown,False,False,False,False,False,False,0,Non-offensive,0,2,Unknown,Unknown,unknown,Unknown,Female
Roooooad to ligue 1!!!! Et faisons le nécessaire pour améliorer Charlety et y rester! c'est notre stade!!!,Unknown,False,False,False,False,False,False,0,Non-offensive,0,2,Unknown,Unknown,unknown,Unknown,Female
Velkommen til ulveflokken 🐺✨ Mads 💚🤍,Unknown,False,False,False,False,False,False,0,Non-offensive,0,2,Unknown,Unknown,unknown,Unknown,Female
💚🤍,Unknown,False,False,False,False,False,False,0,Non-offensive,0,2,Unknown,Unknown,unknown,Unknown,Female
Vamos!!!!!,Unknown,False,False,False,False,False,False,0,Non-offensive,0,2,Unknown,Unknown,unknown,Unknown,Female
Pokal Helden 💚,Unknown,False,False,False,False,False,False,0,Non-offensive,1,2,Unknown,Unknown,unknown,Unknown,Female
Stabiler Typ 💚🤍,Unknown,False,False,False,False,False,False,0,Non-offensive,0,1,Unknown,Unknown,unknown,Unknown,Female
Wir müssen es auch mal schaffen gegen die „schlechteren“ Gegner zu gewinnen💚🤍,Unknown,False,False,False,False,False,False,0,Non-offensive,0,2,Unknown,Unknown,unknown,Unknown,Female
Es war das erwartete Krampfspiel mit dem Glück 🍀 auf unserer Seite. Da dürfen wir ehrlich sein. Aber auch Glück muss erstmal erkämpft werden. Und das habt ihr heute 💚🤍🐺🔥,Unknown,False,False,False,False,False,False,0,Non-offensive,0,2,Unknown,Unknown,unknown,Unknown,Female
Bin mal gespannt auf ihn 🐺,Unknown,False,False,False,False,False,False,0,Non-offensive,0,2,Unknown,Unknown,unknown,Unknown,Female
Arnold🤡,Unknown,False,False,False,False,False,False,0,Non-offensive,1,2,Unknown,Unknown,unknown,Unknown,Female
"3:00 ""Mudder"" ähhh Mutter😂😂",Unknown,False,False,False,False,False,False,0,Non-offensive,1,2,Unknown,Unknown,unknown,Unknown,Female
ARSENAL 👍🏆,Unknown,False,False,False,False,False,False,0,Non-offensive,0,2,Unknown,Unknown,unknown,Unknown,Female
Danke,Unknown,False,False,False,False,False,False,0,Non-offensive,0,2,Unknown,Unknown,unknown,Unknown,Female
💚🤍,Unknown,False,False,False,False,False,False,0,Non-offensive,0,2,Unknown,Unknown,unknown,Unknown,Female
Geiles Format 💚🤍,Unknown,False,False,False,False,False,False,0,Non-offensive,0,2,Unknown,Unknown,unknown,Unknown,Female
Nur die SGE🦅,Unknown,False,False,False,False,False,False,0,Non-offensive,1,2,Unknown,Unknown,unknown,Unknown,Female
fantastic 💙,Unknown,False,False,False,False,False,False,0,Non-offensive,0,2,Unknown,Unknown,unknown,Unknown,Female
💚🤍,Unknown,False,False,False,False,False,False,0,Non-offensive,0,2,Unknown,Unknown,unknown,Unknown,Female
Der beste der jemals hier war.,Unknown,False,False,False,False,False,False,0,Non-offensive,0,2,Unknown,Unknown,unknown,Unknown,Female
Sehr geil!💚🤍,Unknown,False,False,False,False,False,False,0,Non-offensive,0,2,Unknown,Unknown,unknown,Unknown,Female
💚🤍🕊️,Unknown,False,False,False,False,False,False,0,Non-offensive,0,2,Unknown,Unknown,unknown,Unknown,Female
"Leipzig war eine geile, 90 minütige Party und mit dem Torhunger geht's morgen hoffentlich weiter⚽",Unknown,False,False,False,False,False,False,0,Non-offensive,0,2,Unknown,Unknown,unknown,Unknown,Female
💚🤍,Unknown,False,False,False,False,False,False,0,Non-offensive,0,2,Unknown,Unknown,unknown,Unknown,Female
🇪🇺🇩🇪☝🏻🇹🇷🐺🫡,Unknown,False,False,False,False,False,False,0,Non-offensive,0,2,Unknown,Unknown,unknown,Unknown,Female
Grabara = Goat 🐐🏆💚🤍,Unknown,False,False,False,False,False,False,0,Non-offensive,1,2,Unknown,Unknown,unknown,Unknown,Female
🐺🐺,Unknown,False,False,False,False,False,False,0,Non-offensive,0,2,Unknown,Unknown,unknown,Unknown,Female
behrens kann sich verpissen,Unknown,False,False,True,False,False,True,1,Violence,0,1,Unknown,Unknown,unknown,Unknown,Female
Onana avait donc... raison. Certains supporters lyonnais apprendront a ne plus insulter les mamans des autres,Unknown,False,False,False,False,False,False,0,Non-offensive,1,2,Unknown,Unknown,unknown,Unknown,Female
Amazing.,Unknown,False,False,False,False,False,False,0,Non-offensive,0,2,Unknown,Unknown,unknown,Unknown,Female
Big save.,Unknown,False,False,False,False,False,False,0,Non-offensive,0,2,Unknown,Unknown,unknown,Unknown,Female
Allez malherbe ❤️💙,Unknown,False,False,False,False,False,False,0,Non-offensive,0,1,Unknown,Unknown,unknown,Unknown,Female
my fav club❤❤❤❤❤❤😊,Unknown,False,False,False,False,False,False,0,Non-offensive,0,2,Unknown,Unknown,unknown,Unknown,Female
Delapinho❤,Unknown,False,False,False,False,False,False,0,Non-offensive,1,2,Unknown,Unknown,unknown,Unknown,Female
Love u madders ❤,Unknown,False,False,False,False,False,False,0,Non-offensive,0,2,Unknown,Unknown,unknown,Unknown,Female
💙🔵💙,Unknown,False,False,False,False,False,False,0,Non-offensive,1,2,Unknown,Unknown,unknown,Unknown,Female
Lampard doesn't make mistakes like that in important big games.,Unknown,False,False,False,False,False,False,0,Non-offensive,0,2,Unknown,Unknown,unknown,Unknown,Female
🤩💚💚💚💚,Unknown,False,False,False,False,False,False,0,Non-offensive,1,2,Unknown,Unknown,unknown,Unknown,Female
Pedro Pedro Pedro Pedrooooo,Unknown,False,False,False,False,False,False,0,Non-offensive,1,2,Unknown,Unknown,unknown,Unknown,Female
Jet 😊,Unknown,False,False,False,False,False,False,0,Non-offensive,1,2,Unknown,Unknown,unknown,Unknown,Female
Let's go boys,Unknown,False,False,False,False,False,False,0,Non-offensive,1,2,Unknown,Unknown,unknown,Unknown,Female
Love it❤,Unknown,False,False,False,False,False,False,0,Non-offensive,0,2,Unknown,Unknown,unknown,Unknown,Female
Is Nkunku injured?,Unknown,False,False,False,False,False,False,0,Non-offensive,0,1,Unknown,Unknown,unknown,Unknown,Female
4:20 siuuuuuuuuuuu 🗣🗣,Unknown,False,False,False,False,False,False,0,Non-offensive,1,2,Unknown,Unknown,unknown,Unknown,Female
"Kyra looks like Elizabeth Tan, artist from my country..",Unknown,False,False,False,False,False,False,0,Non-offensive,0,2,Unknown,Unknown,unknown,Unknown,Female
Nikolasss Jacksonnn🔥,Unknown,False,False,False,False,False,False,0,Non-offensive,2,2,Unknown,Unknown,unknown,Unknown,Female
Welcome Guiu🎉,Unknown,False,False,False,False,False,False,0,Non-offensive,1,2,Unknown,Unknown,unknown,Unknown,Female
最高やな,Unknown,False,False,False,False,False,False,0,Non-offensive,1,2,Unknown,Unknown,unknown,Unknown,Female
J adore ce mec et j adore ce concept,Unknown,False,False,False,False,False,False,0,Non-offensive,0,2,Unknown,Unknown,unknown,Unknown,Female
Get a damn forward,Unknown,False,False,False,False,False,False,0,Non-offensive,0,2,Unknown,Unknown,unknown,Unknown,Female
"Quel magnifique gardien, il va nous manquer",Unknown,False,False,False,False,False,False,0,Non-offensive,2,2,Unknown,Unknown,unknown,Unknown,Female
Lets goo Boys 💯⚽️,Unknown,False,False,False,False,False,False,0,Non-offensive,0,2,Unknown,Unknown,unknown,Unknown,Female
Kaneryd Linda joga muito 😘💙,Unknown,False,False,False,False,False,False,0,Non-offensive,0,2,Unknown,Unknown,unknown,Unknown,Female
Viktor Gyokeres for Arsenal,Unknown,False,False,False,False,False,False,0,Non-offensive,0,2,Unknown,Unknown,unknown,Unknown,Female
Mikel never change and never leave Arsenal :D,Unknown,False,False,False,False,False,False,0,Non-offensive,0,2,Unknown,Unknown,unknown,Unknown,Female
I ❤ gooning,Unknown,False,False,False,False,False,False,0,Non-offensive,0,2,Unknown,Unknown,unknown,Unknown,Female
ART,Unknown,False,False,False,False,False,False,0,Non-offensive,1,2,Unknown,Unknown,unknown,Unknown,Female
I love Saka goal,Unknown,False,False,False,False,False,False,0,Non-offensive,0,2,Unknown,Unknown,unknown,Unknown,Female
Let's go BLUES 💙💙,Unknown,False,False,False,False,False,False,0,Non-offensive,2,2,Unknown,Unknown,unknown,Unknown,Female
Palmer nkunku and Neto 🔥,Unknown,False,False,False,False,False,False,0,Non-offensive,1,2,Unknown,Unknown,unknown,Unknown,Female
캬 !! 역시 독일 인종차별 클라스 보소 !!,Unknown,False,True,False,False,False,True,1,Racism,1,2,Unknown,Unknown,unknown,Unknown,Female
Laisse tomber le massacre,Unknown,False,False,False,False,False,False,0,Non-offensive,1,2,Unknown,Unknown,unknown,Unknown,Female
Sam kerr,Unknown,False,False,False,False,False,False,0,Non-offensive,0,2,Unknown,Unknown,unknown,Unknown,Female
Everyone apologize to jackson,Unknown,False,False,False,False,False,False,0,Non-offensive,0,2,Unknown,Unknown,unknown,Unknown,Female
Chelsea tetap di hatiku 💙😘🥰,Unknown,False,False,False,False,False,False,0,Non-offensive,0,2,Unknown,Unknown,unknown,Unknown,Female
Timber vs all PSG attackers ☠️💀,Unknown,False,False,False,False,False,False,0,Non-offensive,0,2,Unknown,Unknown,unknown,Unknown,Female
"Allez les gars, c'est rien c'était juste un faux pas. On croit en vous pour renouer avec la victoire la semaine prochaine face à Grenoble 💪💪🔵⚪",Unknown,False,False,False,False,False,False,0,Non-offensive,2,2,Unknown,Unknown,unknown,Unknown,Female
Will Havertz be available against VARdrid?,Unknown,False,False,False,False,False,False,0,Non-offensive,0,2,Unknown,Unknown,unknown,Unknown,Female
💙💙💙,Unknown,False,False,False,False,False,False,0,Non-offensive,0,2,Unknown,Unknown,unknown,Unknown,Female
En avant le Paris fc ❤❤❤,Unknown,False,False,False,False,False,False,0,Non-offensive,0,2,Unknown,Unknown,unknown,Unknown,Female
INVINCIBLE 💪 💪 💪,Unknown,False,False,False,False,False,False,0,Non-offensive,1,2,Unknown,Unknown,unknown,Unknown,Female
"Кто такой вообще Мареска??? Чего он добился,чего выиграл?  Лестер и без него должен был выходить обратно в премьеру. Очередной Грэм Поттер?",Unknown,False,False,False,False,False,False,0,Non-offensive,0,1,Unknown,Unknown,unknown,Unknown,Female
super  kai,Unknown,False,False,False,False,False,False,0,Non-offensive,1,2,Unknown,Unknown,unknown,Unknown,Female
ทั้งทีม หญิง ชาย เลย,Unknown,False,False,False,False,False,False,0,Non-offensive,0,1,Unknown,Unknown,unknown,Unknown,Female
Amapiano ww💯💯,Unknown,False,False,False,False,False,False,0,Non-offensive,1,2,Unknown,Unknown,unknown,Unknown,Female
Well done ladies.,Unknown,False,False,False,False,False,False,0,Non-offensive,0,2,Unknown,Unknown,unknown,Unknown,Female
Noni ❤❤❤,Unknown,False,False,False,False,False,False,0,Non-offensive,0,2,Unknown,Unknown,unknown,Unknown,Female
"Deserved get number 10 shirt, after ESR",Unknown,False,False,False,False,False,False,0,Non-offensive,0,2,Unknown,Unknown,unknown,Unknown,Female
GO ON YOU GUNNERS.🔥.,Unknown,False,False,False,False,False,False,0,Non-offensive,0,2,Unknown,Unknown,unknown,Unknown,Female
0 défaite sur les 4 matchs contre l’OL et le PSG c’est vrm fort ! Dommage d’avoir perdu des points contre les petits car on aurait pu finir la saison invaincu,Unknown,False,False,False,False,False,False,0,Non-offensive,1,2,Unknown,Unknown,unknown,Unknown,Female
Fabianski ❤❤❤❤❤❤,Unknown,False,False,False,False,False,False,0,Non-offensive,0,2,Unknown,Unknown,unknown,Unknown,Female
Tosin smile kill me 😂😂😂,Unknown,False,False,False,False,False,False,0,Non-offensive,1,2,Unknown,Unknown,unknown,Unknown,Female
Pls Pin❤,Unknown,False,False,False,False,False,False,0,Non-offensive,0,2,Unknown,Unknown,unknown,Unknown,Female
Maduake out 😢,Unknown,False,False,False,False,False,False,0,Non-offensive,1,2,Unknown,Unknown,unknown,Unknown,Female
💙💙💙,Unknown,False,False,False,False,False,False,0,Non-offensive,0,2,Unknown,Unknown,unknown,Unknown,Female
Bravo à vous j’espère voir un beau derby parisien 😮,Unknown,False,False,False,False,False,False,0,Non-offensive,1,2,Unknown,Unknown,unknown,Unknown,Female
Important away win 🖤,Unknown,False,False,False,False,False,False,0,Non-offensive,0,2,Unknown,Unknown,unknown,Unknown,Female
Allez paris 🔵,Unknown,False,False,False,False,False,False,0,Non-offensive,0,1,Unknown,Unknown,unknown,Unknown,Female
Much love,Unknown,False,False,False,False,False,False,0,Non-offensive,0,2,Unknown,Unknown,unknown,Unknown,Female
تحيا باريس ❤️❤️,Unknown,False,False,False,False,False,False,0,Non-offensive,0,1,Unknown,Unknown,unknown,Unknown,Female
切爾西青訓，在我心目中，是歐洲前5,Unknown,False,False,False,False,False,False,0,Non-offensive,0,2,Unknown,Unknown,unknown,Unknown,Female
When will we get Mayra Ramirez podcast. 🥺,Unknown,False,False,False,False,False,False,0,Non-offensive,0,2,Unknown,Unknown,unknown,Unknown,Female
STRENGTH X PACE X POWER X INTELLIGENCE..BIG GABI BULLYING MAN ❤❤ TO SEE IT,Unknown,False,False,False,False,False,False,0,Non-offensive,2,2,Unknown,Unknown,unknown,Unknown,Female
Lucky save,Unknown,False,False,False,False,False,False,0,Non-offensive,0,2,Unknown,Unknown,unknown,Unknown,Female
Much love💙💙,Unknown,False,False,False,False,False,False,0,Non-offensive,0,2,Unknown,Unknown,unknown,Unknown,Female
Maldini looks exciting.,Unknown,False,False,False,False,False,False,0,Non-offensive,0,2,Unknown,Unknown,unknown,Unknown,Female
Bravo !!! On l'a fait !!!!,Unknown,False,False,False,False,False,False,0,Non-offensive,1,2,Unknown,Unknown,unknown,Unknown,Female
Arteta OUT!,Unknown,False,False,False,False,False,False,0,Non-offensive,0,1,Unknown,Unknown,unknown,Unknown,Female
From kenyaaaaaa❤,Unknown,False,False,False,False,False,False,0,Non-offensive,0,2,Unknown,Unknown,unknown,Unknown,Female
Delap and his bedroom voice😂,Unknown,False,False,False,False,False,False,0,Non-offensive,0,2,Unknown,Unknown,unknown,Unknown,Female
Go kitty!,Unknown,False,False,False,False,False,False,0,Non-offensive,0,1,Unknown,Unknown,unknown,Unknown,Female
We love you Chloe ❤,Unknown,False,False,False,False,False,False,0,Non-offensive,0,2,Unknown,Unknown,unknown,Unknown,Female
Bergstom!!!,Unknown,False,False,False,False,False,False,0,Non-offensive,0,2,Unknown,Unknown,unknown,Unknown,Female
Aller paris fc monter en ligue 1 pour le classico parisien en ligue 1,Unknown,False,False,False,False,False,False,0,Non-offensive,1,2,Unknown,Unknown,unknown,Unknown,Female
blah blah blah,Unknown,False,False,False,False,False,False,0,Non-offensive,0,2,Unknown,Unknown,unknown,Unknown,Female
Even G Jesus looked worried at kiwor 4:19,Unknown,False,False,False,False,False,False,0,Non-offensive,0,2,Unknown,Unknown,unknown,Unknown,Female
Welcome Mike maignan 😁,Unknown,False,False,False,False,False,False,0,Non-offensive,0,2,Unknown,Unknown,unknown,Unknown,Female
Blues 💙,Unknown,False,False,False,False,False,False,0,Non-offensive,0,2,Unknown,Unknown,unknown,Unknown,Female
ボルチモア（Sandy Baltimore）って攻守そろったいい選手だよな。,Unknown,False,False,False,False,False,False,0,Non-offensive,0,2,Unknown,Unknown,unknown,Unknown,Female
Rice❤️,Unknown,False,False,False,False,False,False,0,Non-offensive,0,2,Unknown,Unknown,unknown,Unknown,Female
Why is he getting better,Unknown,False,False,False,False,False,False,0,Non-offensive,0,2,Unknown,Unknown,unknown,Unknown,Female
We love you Big Gabi 🤍❤️🇧🇷,Unknown,False,False,False,False,False,False,0,Non-offensive,1,2,Unknown,Unknown,unknown,Unknown,Female
Allez PaparisFc... faites nous baver 🍺🤤🔪,Unknown,False,False,False,False,False,False,0,Non-offensive,0,1,Unknown,Unknown,unknown,Unknown,Female
Kid or KYD  ????,Unknown,False,False,False,False,False,False,0,Non-offensive,0,1,Unknown,Unknown,unknown,Unknown,Female
Allez les gars faites nous rêver ❤️❤️,Unknown,False,False,False,False,False,False,0,Non-offensive,1,2,Unknown,Unknown,unknown,Unknown,Female
💙💙💙,Unknown,False,False,False,False,False,False,0,Non-offensive,0,2,Unknown,Unknown,unknown,Unknown,Female
What type of press conference is this? Its like a rehearsed show,Unknown,False,False,False,False,False,False,0,Non-offensive,0,2,Unknown,Unknown,unknown,Unknown,Female
We go win tomorrow,Unknown,False,False,False,False,False,False,0,Non-offensive,0,2,Unknown,Unknown,unknown,Unknown,Female
On va le faire et on va aller en 16ème ! Allez LE PARIS FC 🔵🔥,Unknown,False,False,False,False,False,False,0,Non-offensive,0,1,Unknown,Unknown,unknown,Unknown,Female
Great ep!,Unknown,False,False,False,False,False,False,0,Non-offensive,0,2,Unknown,Unknown,unknown,Unknown,Female
Kenya🇰🇪🇰🇪🇰🇪🇰🇪🇰🇪🇰🇪🇰🇪,Unknown,False,False,False,False,False,False,0,Non-offensive,0,2,Unknown,Unknown,unknown,Unknown,Female
Nice kit but would be better to see gyokeres or zubimendi in jt,Unknown,False,False,False,False,False,False,0,Non-offensive,1,2,Unknown,Unknown,unknown,Unknown,Female
KDH MY GUY😎,Unknown,False,False,False,False,False,False,0,Non-offensive,0,2,Unknown,Unknown,unknown,Unknown,Female
Wow ❤,Unknown,False,False,False,False,False,False,0,Non-offensive,0,2,Unknown,Unknown,unknown,Unknown,Female
Olise and Vale 😎,Unknown,False,False,False,False,False,False,0,Non-offensive,0,2,Unknown,Unknown,unknown,Unknown,Female
Welcome to the Family 💙💙💙💙💙💙💙💙💙💙💙💙💙💙💙💙💙💙💙💙💙💙💙💙💙💙💙💙💙💙💙💙💙💙💙💙💙💙💙💙💙💙,Unknown,False,False,False,False,False,False,0,Non-offensive,0,2,Unknown,Unknown,unknown,Unknown,Female
ارسنال ❤❤❤❤سأبقى مشجعاً لك.,Unknown,False,False,False,False,False,False,0,Non-offensive,0,2,Unknown,Unknown,unknown,Unknown,Female
❤❤❤,Unknown,False,False,False,False,False,False,0,Non-offensive,0,2,Unknown,Unknown,unknown,Unknown,Female
Djordje Petroviccs jobb kaus,Unknown,False,False,False,False,False,False,0,Non-offensive,1,2,Unknown,Unknown,unknown,Unknown,Female
공홈에서 이런 도발을ㅋㅋㅋㅋㅋㅋ,Unknown,False,False,False,False,False,False,0,Non-offensive,0,2,Unknown,Unknown,unknown,Unknown,Female
No.9 to No.8,Unknown,False,False,False,False,False,False,0,Non-offensive,1,2,Unknown,Unknown,unknown,Unknown,Female
Arsenal ❤,Unknown,False,False,False,False,False,False,0,Non-offensive,0,2,Unknown,Unknown,unknown,Unknown,Female
Not Nkunku asking for it 😂😂😂,Unknown,False,False,False,False,False,False,0,Non-offensive,1,2,Unknown,Unknown,unknown,Unknown,Female
💙💙💙,Unknown,False,False,False,False,False,False,0,Non-offensive,0,2,Unknown,Unknown,unknown,Unknown,Female
"Massive reap for Torres for passing, unlike Noni",Unknown,False,False,False,False,False,False,0,Non-offensive,0,2,Unknown,Unknown,unknown,Unknown,Female
6 days ago looks like summer time to me,Unknown,False,False,False,False,False,False,0,Non-offensive,0,1,Unknown,Unknown,unknown,Unknown,Female
Hi,Unknown,False,False,False,False,False,False,0,Non-offensive,0,2,Unknown,Unknown,unknown,Unknown,Female
Our most important player,Unknown,False,False,False,False,False,False,0,Non-offensive,0,2,Unknown,Unknown,unknown,Unknown,Female
Come on arsenal let's go,Unknown,False,False,False,False,False,False,0,Non-offensive,0,2,Unknown,Unknown,unknown,Unknown,Female
LETSGOOOOO❤❤,Unknown,False,False,False,False,False,False,0,Non-offensive,1,2,Unknown,Unknown,unknown,Unknown,Female
We've got super mik merino,Unknown,False,False,False,False,False,False,0,Non-offensive,0,2,Unknown,Unknown,unknown,Unknown,Female
Trossard skill 😮,Unknown,False,False,False,False,False,False,0,Non-offensive,0,2,Unknown,Unknown,unknown,Unknown,Female
Trevor Chalobah ❤,Unknown,False,False,False,False,False,False,0,Non-offensive,0,2,Unknown,Unknown,unknown,Unknown,Female
Gonner for ever,Unknown,False,False,False,False,False,False,0,Non-offensive,0,2,Unknown,Unknown,unknown,Unknown,Female
i miss mesut ozil,Unknown,False,False,False,False,False,False,0,Non-offensive,0,2,Unknown,Unknown,unknown,Unknown,Female
"Chelsea’s GOAT this season, only bangers every game from him, our Kante regen fs",Unknown,False,False,False,False,False,False,0,Non-offensive,0,2,Unknown,Unknown,unknown,Unknown,Female
slipppyyyyy ggggggggg,Unknown,False,False,False,False,False,False,0,Non-offensive,0,2,Unknown,Unknown,unknown,Unknown,Female
Chelsea nem série B do Brasileiro ganha !,Unknown,False,False,False,False,False,False,0,Non-offensive,0,1,Unknown,Unknown,unknown,Unknown,Female
Allez l’OL,Unknown,False,False,False,False,False,False,0,Non-offensive,0,2,Unknown,Unknown,unknown,Unknown,Female
Arsenal!!!!!!!!!!!!,Unknown,False,False,False,False,False,False,0,Non-offensive,0,2,Unknown,Unknown,unknown,Unknown,Female
Good job Bukayo! 🎉🎉,Unknown,False,False,False,False,False,False,0,Non-offensive,1,2,Unknown,Unknown,unknown,Unknown,Female
2:39 cucu 😭,Unknown,False,False,False,False,False,False,0,Non-offensive,0,2,Unknown,Unknown,unknown,Unknown,Female
Конору уважение. ФК Челси позор,Unknown,False,False,False,False,False,False,0,Non-offensive,0,2,Unknown,Unknown,unknown,Unknown,Female
Congratulations ladies 💙💙💙,Unknown,False,False,False,False,False,False,0,Non-offensive,0,2,Unknown,Unknown,unknown,Unknown,Female
"Bonjour merci de poster l'interview d'après match. 

Je suis abonné (pour quelques mois encore) à Charlety, j'ai beaucoup apprécié les idées du coach en 1 ère partie de saison merci à lui, aux joueurs et aux membres du staff. 

Match difficile avec la pluie, malheureusement on a joué le jeu de QRM avec du jeu aérien à gogo. Ils avaient des joueurs plus physique et plus de vices. L'arbitrage pas ouf pour les deux équipes plutôt défavorable au PFC (1 pénalty non sifflé des tirages de maillots non sanctionné de jaunes...) 
Gaudin était bien rentré dans la rencontre mais il a fait pas mal d'erreurs en deuxième mi-temps, j'espère qu'il sera plus régulier en 2 ème partie de saison. 
Les gardiens n'ont pas été au top sur les deux buts (la pluie... La concentration), Hamel qui prouve que sa bonne préparation n'était pas passagère, Kebbal inspire la crainte des joueurs de ligue 2. Le PFC est dominant dans ses matchs dans ses intentions souffrent d'un manque de profondeur lié à des blessures. 
Heureux de finir en première partie de tableau 🎉 on va chercher les barrages pour la fin de saison au minimum !!! 

Bravo à tous les supporters aussi qui répondent présent pour ""remplir Charlety""

Bonnes fêtes à vous",Unknown,False,False,False,False,False,False,0,Non-offensive,0,2,Unknown,Unknown,unknown,Unknown,Female
Chelsea Legend.,Unknown,False,False,False,False,False,False,0,Non-offensive,0,2,Unknown,Unknown,unknown,Unknown,Female
ENZO vs spurs ❤❤❤,Unknown,False,False,False,False,False,False,0,Non-offensive,0,2,Unknown,Unknown,unknown,Unknown,Female
My GOAT 🇩🇪🐐⚽️,Unknown,False,False,False,False,False,False,0,Non-offensive,0,2,Unknown,Unknown,unknown,Unknown,Female
"Arteta Out 
Kroenke Out 

Saka injured: ""Stay humble eh""",Unknown,False,False,False,False,False,False,0,Non-offensive,0,2,Unknown,Unknown,unknown,Unknown,Female
Horrible defense,Unknown,False,False,False,False,False,False,0,Non-offensive,0,2,Unknown,Unknown,unknown,Unknown,Female
I miss Tomi Saliba Ode ❤😢,Unknown,False,False,False,False,False,False,0,Non-offensive,0,2,Unknown,Unknown,unknown,Unknown,Female
Was this uploaded for the flamengo fans? Utterly weird,Unknown,False,False,False,False,False,False,0,Non-offensive,0,2,Unknown,Unknown,unknown,Unknown,Female
FROM Sénégal 🇸🇳🇸🇳🇸🇳🇸🇳🔥❤,Unknown,False,False,False,False,False,False,0,Non-offensive,0,2,Unknown,Unknown,unknown,Unknown,Female
"Ipswich are cooked if Noni, cole and Nico all start on Sunday",Unknown,False,False,False,False,False,False,0,Non-offensive,0,2,Unknown,Unknown,unknown,Unknown,Female
みんな好き,Unknown,False,False,False,False,False,False,0,Non-offensive,0,2,Unknown,Unknown,unknown,Unknown,Female
Bravo my Chelsea,Unknown,False,False,False,False,False,False,0,Non-offensive,0,2,Unknown,Unknown,unknown,Unknown,Female
tyrique as a striker,Unknown,False,False,False,False,False,False,0,Non-offensive,0,2,Unknown,Unknown,unknown,Unknown,Female
Calm cool composed😂,Unknown,False,False,False,False,False,False,0,Non-offensive,0,2,Unknown,Unknown,unknown,Unknown,Female
Palmarès de Cayenne on a une marque de piment ( piment de Cayenne),Unknown,False,False,False,False,False,False,0,Non-offensive,2,2,Unknown,Unknown,unknown,Unknown,Female
hoomba hoomba,Unknown,False,False,False,False,False,False,0,Non-offensive,0,2,Unknown,Unknown,unknown,Unknown,Female
love Bett's energy icl,Unknown,False,False,False,False,False,False,0,Non-offensive,0,2,Unknown,Unknown,unknown,Unknown,Female
"Il faut vraiment améliorer la qualité du son des journalistes, on entend très mal, ça n’est pas faute de l’avoir dis plusieurs fois.",Unknown,False,False,False,False,False,False,0,Non-offensive,0,2,Unknown,Unknown,unknown,Unknown,Female
miss our striker alonso,Unknown,False,False,False,False,False,False,0,Non-offensive,0,2,Unknown,Unknown,unknown,Unknown,Female
HERE WE GO 💙🔵,Unknown,False,False,False,False,False,False,0,Non-offensive,0,2,Unknown,Unknown,unknown,Unknown,Female
Yes niamh!,Unknown,False,False,False,False,False,False,0,Non-offensive,0,2,Unknown,Unknown,unknown,Unknown,Female
❤❤❤❤,Unknown,False,False,False,False,False,False,0,Non-offensive,0,2,Unknown,Unknown,unknown,Unknown,Female
Benny Blanco❤😂,Unknown,False,False,False,False,False,False,0,Non-offensive,0,2,Unknown,Unknown,unknown,Unknown,Female
Nwaneri is 🔥,Unknown,False,False,False,False,False,False,0,Non-offensive,0,2,Unknown,Unknown,unknown,Unknown,Female
❤️,Unknown,False,False,False,False,False,False,0,Non-offensive,0,2,Unknown,Unknown,unknown,Unknown,Female
We need Gykorees and Eze,Unknown,False,False,False,False,False,False,0,Non-offensive,0,2,Unknown,Unknown,unknown,Unknown,Female
Jackson. You are the best.,Unknown,False,False,False,False,False,False,0,Non-offensive,0,2,Unknown,Unknown,unknown,Unknown,Female
Челсе 🇺🇿🇺🇿🇺🇿,Unknown,False,False,False,False,False,False,0,Non-offensive,0,2,Unknown,Unknown,unknown,Unknown,Female
DROP THE 7-1 HIGHLIGHTS,Unknown,False,False,False,False,False,False,0,Non-offensive,0,2,Unknown,Unknown,unknown,Unknown,Female
Tyrique George deserves more minutes than Madueke.,Unknown,False,False,False,False,False,False,0,Non-offensive,0,2,Unknown,Unknown,unknown,Unknown,Female
MIKEL ❤❤❤❤💪💪💪💪💪,Unknown,False,False,False,False,False,False,0,Non-offensive,0,2,Unknown,Unknown,unknown,Unknown,Female
i believe in nwaneri sterling and trossard....we good yall,Unknown,False,False,False,False,False,False,0,Non-offensive,0,2,Unknown,Unknown,unknown,Unknown,Female
OHHHH ENZO MARESCAAAA,Unknown,False,False,False,False,False,False,0,Non-offensive,0,2,Unknown,Unknown,unknown,Unknown,Female
Arsenal legend,Unknown,False,False,False,False,False,False,0,Non-offensive,0,2,Unknown,Unknown,unknown,Unknown,Female
Allez les gars 🔵,Unknown,False,False,False,False,False,False,0,Non-offensive,0,1,Unknown,Unknown,unknown,Unknown,Female
Give him time!!!!🔥 ARSENAL ❤️❤️,Unknown,False,False,False,False,False,False,0,Non-offensive,0,2,Unknown,Unknown,unknown,Unknown,Female
I miss drogba ❤😅,Unknown,False,False,False,False,False,False,0,Non-offensive,0,0,Unknown,Unknown,unknown,Unknown,Female
I’m a big fan!!!😊,Unknown,False,False,False,False,False,False,0,Non-offensive,0,2,Unknown,Unknown,unknown,Unknown,Female
Gary looking good 👍🏽,Unknown,False,False,False,False,False,False,0,Non-offensive,0,2,Unknown,Unknown,unknown,Unknown,Female
Love how Ødeggard jumped over everyone,Unknown,False,False,False,False,False,False,0,Non-offensive,0,2,Unknown,Unknown,unknown,Unknown,Female
Two Legends 💙💙💙💙 👏🏻👏🏻👏🏻👏🏻,Unknown,False,False,False,False,False,False,0,Non-offensive,0,2,Unknown,Unknown,unknown,Unknown,Female
Leah ❤❤❤,Unknown,False,False,False,False,False,False,0,Non-offensive,0,2,Unknown,Unknown,unknown,Unknown,Female
"❤ARSENAL❤ - вітання🎉 Дівчатам🩷💪👏👏💐... Барса реально дуууже сильний суперник, тому насолода перемоги ще краща😂😂😊👍...   🐈‍⬛🏴‍☠️.",Unknown,False,False,False,False,False,False,0,Non-offensive,0,2,Unknown,Unknown,unknown,Unknown,Female
plz win,Unknown,False,False,False,False,False,False,0,Non-offensive,0,2,Unknown,Unknown,unknown,Unknown,Female
MAIKA!!!,Unknown,False,False,False,False,False,False,0,Non-offensive,0,2,Unknown,Unknown,unknown,Unknown,Female
"どの他の動画を見てる時よりも、愛するチームの息子達が楽しそうにしている動画を見てる時間が最高に幸せです。

up the chels💙",Unknown,False,False,False,False,False,False,0,Non-offensive,1,2,Unknown,Unknown,unknown,Unknown,Female
1:38 Hamano Maika💙,Unknown,False,False,False,False,False,False,0,Non-offensive,0,2,Unknown,Unknown,unknown,Unknown,Female
Gorgeous lady. Damn!!!,Unknown,True,False,False,True,False,True,2,Sexism,0,2,Unknown,Unknown,unknown,Unknown,Female
🔴🔵🦁✨,Unknown,False,False,False,False,False,False,0,Non-offensive,1,2,Unknown,Unknown,unknown,Unknown,Female
pourquoi il n'y a rien de 2001 à 2004 et de 2022 à 2024 ?,Unknown,False,False,False,False,False,False,0,Non-offensive,1,2,Unknown,Unknown,unknown,Unknown,Female
"Merci pour tout Malick, bonne chance pour la suite de ta carrière",Unknown,False,False,False,False,False,False,0,Non-offensive,0,2,Unknown,Unknown,unknown,Unknown,Female
Allé asse allé les verre,Unknown,False,False,False,False,False,False,0,Non-offensive,2,1,Unknown,Unknown,unknown,Unknown,Female
Merci Alex pour tout se que tu as fait à Lyon,Unknown,False,False,False,False,False,False,0,Non-offensive,1,2,Unknown,Unknown,unknown,Unknown,Female
"On sera derrière vous, allez le Paris FC 💪💪",Unknown,False,False,False,False,False,False,0,Non-offensive,0,1,Unknown,Unknown,unknown,Unknown,Female
Légende 🙏,Unknown,False,False,False,False,False,False,0,Non-offensive,1,1,Unknown,Unknown,unknown,Unknown,Female
"Arrêter avec vos matchs de légende de mer… 
On vas encore perdre ce soir avec vos conneries",Unknown,False,False,True,False,False,True,1,Violence,0,2,Unknown,Unknown,unknown,Unknown,Female
Наш пацан❤❤❤,Unknown,False,False,False,False,False,False,0,Non-offensive,1,0,Unknown,Unknown,unknown,Unknown,Female
Aqui é Corinthians po,Unknown,False,False,False,False,False,False,0,Non-offensive,1,2,Unknown,Unknown,unknown,Unknown,Female
Please sign viktor gyökeres and ederson from atalanta,Unknown,False,False,False,False,False,False,0,Non-offensive,1,1,Unknown,Unknown,unknown,Unknown,Female
Legal augusto vai manda o Bidu embora e vai deixar o craque Hugo  parabéns,Unknown,False,False,False,False,False,False,0,Non-offensive,1,1,Unknown,Unknown,unknown,Unknown,Female
"Prantos fregues, aposentado Ney freguês. Tudo em casa",Unknown,False,False,False,False,False,False,0,Non-offensive,1,2,Unknown,Unknown,unknown,Unknown,Female
Κουλιερακης οε οε οε!!!!!!!!!,Unknown,False,False,False,False,False,False,0,Non-offensive,2,1,Unknown,Unknown,unknown,Unknown,Female
Só eu acha estranho? Essa veneração?,Unknown,False,False,False,False,False,False,0,Non-offensive,1,1,Unknown,Unknown,unknown,Unknown,Female
goat,Unknown,False,False,False,False,False,False,0,Non-offensive,0,2,Unknown,Unknown,unknown,Unknown,Female
Big ups Arsenal!!!,Unknown,False,False,False,False,False,False,0,Non-offensive,1,2,Unknown,Unknown,unknown,Unknown,Female
👉Parabéns  Yuri  você  é o melhor  👈🤍🖤🤍🖤🤍🖤🤍🖤💥💯⚽️🏅🏆🎉🎉🎉🇧🇷🇧🇷🇧🇷🇧🇷🇧🇷🇧🇷🇧🇷🇧🇷🇧🇷🇧🇷🇧🇷🇧🇷🇧🇷🇧🇷🇧🇷🇧🇷🇧🇷,Unknown,False,False,False,False,False,False,0,Non-offensive,1,1,Unknown,Unknown,unknown,Unknown,Female
ขอให้อาร์เซนอลเล่นดุดันแบบนี้ตลอดไปครับอย่าไปเปลี่ยนแนวเล่น❤❤❤,Unknown,False,False,False,False,False,False,0,Non-offensive,2,1,Unknown,Unknown,unknown,Unknown,Female
Só faltou o time fazer o poropopó,Unknown,False,False,False,False,False,False,0,Non-offensive,1,1,Unknown,Unknown,unknown,Unknown,Female
É  o Talles mágico  porra!!🔥🔥🔥VAi CORINTHIANS!!🖤 🤍 🖤 🤍,Unknown,False,False,False,False,False,False,0,Non-offensive,1,1,Unknown,Unknown,unknown,Unknown,Female
Love you Ø❤,Unknown,False,False,False,False,False,False,0,Non-offensive,1,0,Unknown,Unknown,unknown,Unknown,Female
Primeiro,Unknown,False,False,False,False,False,False,0,Non-offensive,1,1,Unknown,Unknown,unknown,Unknown,Female
Tomi 😍,Unknown,False,False,False,False,False,False,0,Non-offensive,1,2,Unknown,Unknown,unknown,Unknown,Female
Esse cara é excelente,Unknown,False,False,False,False,False,False,0,Non-offensive,1,2,Unknown,Unknown,unknown,Unknown,Female
آرسنال در ایران خیلی طرفدار دارد🇮🇷🇮🇷❤❤,Unknown,False,False,False,False,False,False,0,Non-offensive,1,0,Unknown,Unknown,unknown,Unknown,Female
VAMOS CORINTHIANS MEU TIMÃO ⚽️🖤⚽️🖤,Unknown,False,False,False,False,False,False,0,Non-offensive,1,2,Unknown,Unknown,unknown,Unknown,Female
En route pour la ligue 1!!!!,Unknown,False,False,False,False,False,False,0,Non-offensive,1,1,Unknown,Unknown,unknown,Unknown,Female
Set Piece FC ❤️,Unknown,False,False,False,False,False,False,0,Non-offensive,1,2,Unknown,Unknown,unknown,Unknown,Female
"Ouiiiiii ! On y est enfin, en ligue 1. J’ai hâte que le mois d’août arrive, pour la reprise. 💙 Paris fc 💙",Unknown,False,False,False,False,False,False,0,Non-offensive,1,2,Unknown,Unknown,unknown,Unknown,Female
"Sentimos muita falta de ver os jogadores treinando posicionamento tático, sistema defensivo, transição meio campo e ataque....",Unknown,False,False,False,False,False,False,0,Non-offensive,1,1,Unknown,Unknown,unknown,Unknown,Female
Nunca ouvi falar,Unknown,False,False,False,False,False,False,0,Non-offensive,1,1,Unknown,Unknown,unknown,Unknown,Female
É gigante pra quem ama e lhe quer bem,Unknown,False,False,False,False,False,False,0,Non-offensive,1,1,Unknown,Unknown,unknown,Unknown,Female
MLS Love you 😊❤,Unknown,False,False,False,False,False,False,0,Non-offensive,1,2,Unknown,Unknown,unknown,Unknown,Female
Xhaka 3D Goàaaal so Brilliant ❤,Unknown,False,False,False,False,False,False,0,Non-offensive,1,2,Unknown,Unknown,unknown,Unknown,Female
Esse cara parece o elfo que cuida do banco do Harry Potter.,Unknown,False,False,False,True,False,True,1,Appearance,1,2,Unknown,Unknown,unknown,Unknown,Female
💙🤍🖤,Unknown,False,False,False,False,False,False,0,Non-offensive,1,2,Unknown,Unknown,unknown,Unknown,Female
All 4 goals are from crosses,Unknown,False,False,False,False,False,False,0,Non-offensive,2,1,Unknown,Unknown,unknown,Unknown,Female
B looks teky,Unknown,False,False,False,False,False,False,0,Non-offensive,1,1,Unknown,Unknown,unknown,Unknown,Female
💙🤍,Unknown,False,False,False,False,False,False,0,Non-offensive,0,1,Unknown,Unknown,unknown,Unknown,Female
lord Bendtner,Unknown,False,False,False,False,False,False,0,Non-offensive,0,1,Unknown,Unknown,unknown,Unknown,Female
Zinnen wende 25,Unknown,False,False,False,False,False,False,0,Non-offensive,1,1,Unknown,Unknown,unknown,Unknown,Female
"Видимо, Хавертц расцеловал Сака",Unknown,False,False,False,False,False,False,0,Non-offensive,1,1,Unknown,Unknown,unknown,Unknown,Female
Brave ragazze,Unknown,False,False,False,False,False,False,0,Non-offensive,1,1,Unknown,Unknown,unknown,Unknown,Female
COYG!!,Unknown,False,False,False,False,False,False,0,Non-offensive,1,1,Unknown,Unknown,unknown,Unknown,Female
اندومبلي جيسوس,Unknown,False,False,False,False,False,False,0,Non-offensive,1,0,Unknown,Unknown,unknown,Unknown,Female
W,Unknown,False,False,False,False,False,False,0,Non-offensive,0,1,Unknown,Unknown,unknown,Unknown,Female
Killer kai 😎,Unknown,False,False,False,False,False,False,0,Non-offensive,2,0,Unknown,Unknown,unknown,Unknown,Female
YES FRIDAAAA,Unknown,False,False,False,False,False,False,0,Non-offensive,0,2,Unknown,Unknown,unknown,Unknown,Female
Auguri presidente!😊,Unknown,False,False,False,False,False,False,0,Non-offensive,0,1,Unknown,Unknown,unknown,Unknown,Female
ايه ده بس يا عمنا 🤯🤯❤️❤️,Unknown,False,False,False,False,False,False,0,Non-offensive,0,1,Unknown,Unknown,unknown,Unknown,Female
Franchement  rien pls que René girard  ils montera pas en ligue 1,Unknown,False,False,False,False,False,False,0,Non-offensive,0,1,Unknown,Unknown,unknown,Unknown,Female
Asrinal❤🇬🇦🇬🇦,Unknown,False,False,False,False,False,False,0,Non-offensive,2,1,Unknown,Unknown,unknown,Unknown,Female
"Bon anniversaire RK 😂😂😂
Mention spéciale aux RSF 😂😂😂🖕🖕🖕",Unknown,False,False,False,False,False,False,0,Non-offensive,1,1,Unknown,Unknown,unknown,Unknown,Female
Vfl vfl vfl 💚🤍🐺🇩🇰,Unknown,False,False,False,False,False,False,0,Non-offensive,0,1,Unknown,Unknown,unknown,Unknown,Female
👏👏👏👏👏👏👏👏👏,Unknown,False,False,False,False,False,False,0,Non-offensive,1,1,Unknown,Unknown,unknown,Unknown,Female
3:39 😂,Unknown,False,False,False,False,False,False,0,Non-offensive,1,1,Unknown,Unknown,unknown,Unknown,Female
"שלום שלום שלום מלכי דאל דומורני. אנחנו אהבים אותך❤❤❤. 

Shalom shalom shalom Melchie Daelle Dumornay. we love you ❤❤❤",Unknown,False,False,False,False,False,False,0,Non-offensive,2,1,Unknown,Unknown,unknown,Unknown,Female
"Dans fc23 elle colle de bons buts comme Mathilde Bourdieu 😁 ! Respect à vous. Trop peu reconnu les filles dans le foot. 

Tout mon soutient. J'espère un jour vous voir jouer ❤",Unknown,False,False,False,False,False,False,0,Non-offensive,2,1,Unknown,Unknown,unknown,Unknown,Female
Mdr 😂😂,Unknown,False,False,False,False,False,False,0,Non-offensive,1,1,Unknown,Unknown,unknown,Unknown,Female
Kai bloodclaart haverts,Unknown,False,False,True,False,False,True,1,Violence,1,1,Unknown,Unknown,unknown,Unknown,Female
Allez Melchie 🇭🇹🇭🇹🇭🇹🇭🇹🇭🇹🇭🇹🇭🇹🇭🇹🇭🇹🇭🇹🇭🇹🇭🇹🇭🇹🇭🇹🇭🇹🇭🇹🇭🇹🇭🇹🇭🇹🇭🇹🇭🇹🇭🇹🇭🇹🇭🇹🇭🇹🇭🇹🇭🇹🇭🇹🇭🇹🇭🇹🇭🇹🇭🇹🇭🇹🇭🇹,Unknown,False,False,False,False,False,False,0,Non-offensive,2,1,Unknown,Unknown,unknown,Unknown,Female
❤️💙🥹,Unknown,False,False,False,False,False,False,0,Non-offensive,0,1,Unknown,Unknown,unknown,Unknown,Female
⚪🔵🇮🇹❤️❤️❤️❤️❤️❤️❤️❤️❤️,Unknown,False,False,False,False,False,False,0,Non-offensive,0,0,Unknown,Unknown,unknown,Unknown,Female
Allez l’OL ❤️💙,Unknown,False,False,False,False,False,False,0,Non-offensive,0,1,Unknown,Unknown,unknown,Unknown,Female
😍,Unknown,False,False,False,False,False,False,0,Non-offensive,0,2,Unknown,Unknown,unknown,Unknown,Female
Allez l’OL ❤️💙,Unknown,False,False,False,False,False,False,0,Non-offensive,2,1,Unknown,Unknown,unknown,Unknown,Female
Lyon 🔥🔥🔥,Unknown,False,False,False,False,False,False,0,Non-offensive,0,1,Unknown,Unknown,unknown,Unknown,Female
Allez l’OL ❤️💙,Unknown,False,False,False,False,False,False,0,Non-offensive,2,0,Unknown,Unknown,unknown,Unknown,Female
🔴🔵🦁✨,Unknown,False,False,False,False,False,False,0,Non-offensive,2,2,Unknown,Unknown,unknown,Unknown,Female
🔴🔵🦁✨,Unknown,False,False,False,False,False,False,0,Non-offensive,0,1,Unknown,Unknown,unknown,Unknown,Female
Ce format est tres interessant merci OLF :),Unknown,False,False,False,False,False,False,0,Non-offensive,2,2,Unknown,Unknown,unknown,Unknown,Female
❤💋💋💋🇭🇹,Unknown,False,False,False,False,False,False,0,Non-offensive,2,2,Unknown,Unknown,unknown,Unknown,Female
🇭🇹🇭🇹🇭🇹🇭🇹🇭🇹🇭🇹🇭🇹🇭🇹🇭🇹🇭🇹🌷🌷,Unknown,False,False,False,False,False,False,0,Non-offensive,2,0,Unknown,Unknown,unknown,Unknown,Female
Aller pfc🟦⬜,Unknown,False,False,False,False,False,False,0,Non-offensive,0,0,Unknown,Unknown,unknown,Unknown,Female
Allez l’OL ❤️💙 merci pour l’inside,Unknown,False,False,False,False,False,False,0,Non-offensive,2,2,Unknown,Unknown,unknown,Unknown,Female
❤️💙🥰,Unknown,False,False,False,False,False,False,0,Non-offensive,2,1,Unknown,Unknown,unknown,Unknown,Female
sut les tirs au but le photographe du paris FC me fait trop rirent,Unknown,False,False,False,False,False,False,0,Non-offensive,2,2,Unknown,Unknown,unknown,Unknown,Female
🇭🇹🇭🇹🇭🇹🇭🇹🇭🇹🇭🇹,Unknown,False,False,False,False,False,False,0,Non-offensive,2,1,Unknown,Unknown,unknown,Unknown,Female
Objectif: empocher trois points pour revenir à quatre points du leader à six journées de la fin. 💠🟦💠,Unknown,False,False,False,False,False,False,0,Non-offensive,0,1,Unknown,Unknown,unknown,Unknown,Female
❤❤❤❤❤❤❤❤❤❤❤❤,Unknown,False,False,False,False,False,False,0,Non-offensive,2,1,Unknown,Unknown,unknown,Unknown,Female
Allez l'OL,Unknown,False,False,False,False,False,False,0,Non-offensive,0,2,Unknown,Unknown,unknown,Unknown,Female
Ouahh!!!,Unknown,False,False,False,False,False,False,0,Non-offensive,2,1,Unknown,Unknown,unknown,Unknown,Female
Forza azzurre 💙,Unknown,False,False,False,False,False,False,0,Non-offensive,2,1,Unknown,Unknown,unknown,Unknown,Female
dommage une fille d'expérience qui quittent le club,Unknown,False,False,False,False,False,False,0,Non-offensive,2,2,Unknown,Unknown,unknown,Unknown,Female
Allez PFC !,Unknown,False,False,False,False,False,False,0,Non-offensive,1,2,Unknown,Unknown,unknown,Unknown,Female
🔴🔵,Unknown,False,False,False,False,False,False,0,Non-offensive,2,1,Unknown,Unknown,unknown,Unknown,Female
Ballon d'OR !!!!!,Unknown,False,False,False,False,False,False,0,Non-offensive,0,0,Unknown,Unknown,unknown,Unknown,Female
Lyon 🔥🔥🌟🌟🌟,Unknown,False,False,False,False,False,False,0,Non-offensive,2,1,Unknown,Unknown,unknown,Unknown,Female
👏👏👏,Unknown,False,False,False,False,False,False,0,Non-offensive,0,0,Unknown,Unknown,unknown,Unknown,Female
💙❤️😍,Unknown,False,False,False,False,False,False,0,Non-offensive,0,0,Unknown,Unknown,unknown,Unknown,Female
Vraiment excellent......Quelques questions: çà se passait où? A quand le prochain tour? Et contre qui? Et encore bravo! Arsenal c'est un très gros morceau....,Unknown,False,False,False,False,False,False,0,Non-offensive,2,2,Unknown,Unknown,unknown,Unknown,Female
VRAIMENT J'y croyait pas elle ont vraiment fait un exploit incroyable trop content pour Julie Dufour elle méritent de jouer dans une équipe comme ça,Unknown,False,False,False,False,False,False,0,Non-offensive,2,2,Unknown,Unknown,unknown,Unknown,Female
Lyon Good job 🔥🔥🔥🔥🔥🔥,Unknown,False,False,False,False,False,False,0,Non-offensive,2,2,Unknown,Unknown,unknown,Unknown,Female
Quel kiff ce match!!!! Maintenant il faut aller chercher la qualification 💪💪💪💪,Unknown,False,False,False,False,False,False,0,Non-offensive,2,2,Unknown,Unknown,unknown,Unknown,Female
"Ouverture prioritaire des abonnements : jeudi 19 juin.

Cette phase est uniquement réservée aux abonnés des deux dernières saisons.
Vous avez jusqu’au dimanche 22 juin inclus pour bénéficier de cette priorité.... Nous sommes le 24/06 et il est toujours impossible de s'abonné sur leur site. Avez-vous des infos?",Unknown,False,False,False,False,False,False,0,Non-offensive,0,0,Unknown,Unknown,unknown,Unknown,Female
🎉🎉❤,Unknown,False,False,False,False,False,False,0,Non-offensive,0,1,Unknown,Unknown,unknown,Unknown,Female
"Célina en EDF, tu as ta place. J'adore et je suis le foot féminin depuis plus de 15ans. Tous les championnats mondiaux m'intéressent.  Ça monte en puissance chez les filles, génial.",Unknown,False,False,False,False,False,False,0,Non-offensive,0,1,Unknown,Unknown,unknown,Unknown,Female
Aller René  pfc en ligue des champions,Unknown,False,False,False,False,False,False,0,Non-offensive,0,1,Unknown,Unknown,unknown,Unknown,Female
🙏🙏🙏🙏🙏🙏🙏🙏❤❤❤❤❤❤❤❤❤,Unknown,False,False,False,False,False,False,0,Non-offensive,0,1,Unknown,Unknown,unknown,Unknown,Female
Bravo Reims.,Unknown,False,False,False,False,False,False,0,Non-offensive,2,1,Unknown,Unknown,unknown,Unknown,Female
Bravo MADAME,Unknown,False,False,False,False,False,False,0,Non-offensive,2,1,Unknown,Unknown,unknown,Unknown,Female
"Depuis leur poisson d’avril avec Usain Bolt, dès que je vous en suggestion leur vidéo je ne les prends jamais au sérieux",Unknown,False,False,False,False,False,False,0,Non-offensive,0,1,Unknown,Unknown,unknown,Unknown,Female
💔💔💔,Unknown,False,False,False,False,False,False,0,Non-offensive,2,1,Unknown,Unknown,unknown,Unknown,Female
Bamba 🇨🇮,Unknown,False,False,False,False,False,False,0,Non-offensive,2,0,Unknown,Unknown,unknown,Unknown,Female
Interessant haha💚🤍,Unknown,False,False,False,False,False,False,0,Non-offensive,0,1,Unknown,Unknown,unknown,Unknown,Female
Bravo Mariiieee!!!,Unknown,False,False,False,False,False,False,0,Non-offensive,0,1,Unknown,Unknown,unknown,Unknown,Female
🔴🔵🦁✨,Unknown,False,False,False,False,False,False,0,Non-offensive,2,2,Unknown,Unknown,unknown,Unknown,Female
Bonjour depui 🇭🇹🇭🇹🇭🇹 woaw 🎉🎉🎉🎉🎉,Unknown,False,False,False,False,False,False,0,Non-offensive,0,1,Unknown,Unknown,unknown,Unknown,Female
J'espère que OL va rencontrer Chelsea !!!!!!!,Unknown,False,False,False,False,False,False,0,Non-offensive,0,0,Unknown,Unknown,unknown,Unknown,Female
Bravo l'ol ❤❤❤❤❤❤,Unknown,False,False,False,False,False,False,0,Non-offensive,2,2,Unknown,Unknown,unknown,Unknown,Female
Possible retour en équipe de France ??,Unknown,False,False,False,False,False,False,0,Non-offensive,2,1,Unknown,Unknown,unknown,Unknown,Female
👌👌👌👌,Unknown,False,False,False,False,False,False,0,Non-offensive,1,1,Unknown,Unknown,unknown,Unknown,Female
Good job 🔥🔥🔥🔥🔥 Lyon,Unknown,False,False,False,False,False,False,0,Non-offensive,0,1,Unknown,Unknown,unknown,Unknown,Female
Good job Lyon,Unknown,False,False,False,False,False,False,0,Non-offensive,0,0,Unknown,Unknown,unknown,Unknown,Female
Allez l’OL ❤️💙,Unknown,False,False,False,False,False,False,0,Non-offensive,0,0,Unknown,Unknown,unknown,Unknown,Female
We love you :),Unknown,False,False,False,False,False,False,0,Non-offensive,2,0,Unknown,Unknown,unknown,Unknown,Female
Allez OL 🇭🇹🇭🇹🇭🇹,Unknown,False,False,False,False,False,False,0,Non-offensive,2,2,Unknown,Unknown,unknown,Unknown,Female
Luv ya Wendy 💪,Unknown,False,False,False,False,False,False,0,Non-offensive,0,1,Unknown,Unknown,unknown,Unknown,Female
👌,Unknown,False,False,False,False,False,False,0,Non-offensive,1,0,Unknown,Unknown,unknown,Unknown,Female
Bien Name o klm rek. DIEU EST AU CONTROLE. MA SHA ALLAH,Unknown,False,False,False,False,False,False,0,Non-offensive,0,0,Unknown,Unknown,unknown,Unknown,Female
a la fin il vient carrément sur le terrain,Unknown,False,False,False,False,False,False,0,Non-offensive,2,1,Unknown,Unknown,unknown,Unknown,Female
🔴🔵🦁✨👏🫡,Unknown,False,False,False,False,False,False,0,Non-offensive,2,1,Unknown,Unknown,unknown,Unknown,Female
"Aller ! On peut le faire ! Si on gagne demain contre Martigues, on est en ligue 1. 💙 Paris FC 💙",Unknown,False,False,False,False,False,False,0,Non-offensive,2,2,Unknown,Unknown,unknown,Unknown,Female
👏👏👏,Unknown,False,False,False,False,False,False,0,Non-offensive,2,1,Unknown,Unknown,unknown,Unknown,Female
Forza Azzurre 💖,Unknown,False,False,False,False,False,False,0,Non-offensive,1,1,Unknown,Unknown,unknown,Unknown,Female
La sortie d'Eugénie aurait méritée d'être dans le résumé...,Unknown,False,False,False,False,False,False,0,Non-offensive,2,1,Unknown,Unknown,unknown,Unknown,Female
Παναγία μου ΤΙ ΜΟΥΝΙ ΕΙΝΑΙ ΑΥΤΟΟΟΟ!!!!!!!!!!,Unknown,True,False,True,False,False,True,2,Sexism,2,0,Unknown,Unknown,unknown,Unknown,Female
Je suis morte elles sont pommé à la fin 🤣🤣🤣,Unknown,False,False,False,False,False,False,0,Non-offensive,1,1,Unknown,Unknown,unknown,Unknown,Female
"Liebe Merle, 

ich freue mich zwar, dass du hier wieder mit so viel Elan bei der Sache bist, 
aber so möchte ich dich am liebsten nicht nur beim VfL in Aktion sehen, 
sondern auch im Trikot der Nationalelf.

Natürlich, wir Fans können nicht immer alle Hintergründe kennen.
Wir wissen nicht, was Horst Hrubesch zu dir gesagt hat. Oder Michael Fuchs. Oder Christian Wück. Oder wer auch immer.
Wir wissen auch nicht, wie du selber deine Leistungen der vergangenen Monate betrachtet hast, 
oder wie sehr dir die Situation  im Olympia-Kader zu schaffen gemacht hat.

Aber ein paar Sachen möchte ich dir gerne sagen:

Ich und auch viele andere Fans, wir fanden deine Leistungen besser, als sie von manchen Leuten dargestellt worden sind.
Und Fehler gehören immer dazu, bei jedem einzelnen Torhüter auf der Welt.
Auch Leistungsschwankungen sind im Spitzensport ganz normal.
Niemand kann jeden Tag in Bestform sein.

Du bist Deutschlands beste Torhüterin, und ich denke, dass das auf absehbare Zeit so bleiben wird.
Auch wenn Anne für ihre gehaltenen Elfmeter mit dem Nobelpreis geehrt wird, den großen UEFA-Verdienstorden am Bande erhält, den Bravo-Otto in Gold überreicht bekommt und in den britischen Adelsstand erhoben wird - 
die besten Fähigkeiten unter Deutschlands  Torhüterinnen besitzt - von der Formkurve der kommenden Monate mal abgesehen - nach wie vor du.

In einem Konkurrenzkampf um die Nr. 1 im deutschen Tor hast du alle Trümpfe in der Hand, und ich bin überzeugt, dass es nur eine Frage der Zeit ist, bis du deinen Stammplatz wieder erkämpft haben wirst - wenn du nur willst.

Du hast viele gute Freundinnen im Nationalteam, die dich sehr mögen, denen du wichtig bist und die sehr gerne mit dir zusammen den Weg weitergehen würden. Du hättest alle Möglichkeiten, dich in diesem Kader wohl zu fühlen.
You'll never walk alone, heißt es doch immer.

Und dann sind da noch wir Fans.
Du weißt ja, dass du bei uns außerordentlich beliebt bist, schon seit geraumer Zeit.
In den kommenden Jahren warten tolle Länderspiel-Turniere, in der Schweiz, in Brasilien und in Kalifornien.

Anne wird vermutlich nicht mehr lange spielen, ihr Engagement in New York ist wohl ihr letzter großer Vertrag.
Stina, Ena und Mala sind noch nicht so weit. 
Im DFB-Trainerstab wissen sie, dass sie im Endeffekt auf dich setzen müssen, Merle.
Es spricht doch so vieles dafür, weiterhin für Deutschland zu spielen.

Willst du es dir nicht nochmal überlegen?
Du wärest nicht die erste Spitzensportlerin, die ein Comeback wagt. 

Deutschland braucht dich.

So. Morgen bist du erstmal im Stadion auf dem Wurfplatz in Berlin.
Ich auch. Bis dann!

Alles Gute
Nilas",Unknown,False,False,False,False,False,False,0,Non-offensive,0,2,Unknown,Unknown,unknown,Unknown,Female
Je te revois encore nous mettre la misère sur le stade a Brienne 😅,Unknown,False,False,False,False,False,False,0,Non-offensive,2,1,Unknown,Unknown,unknown,Unknown,Female
I am a Vietnamese and i like Woflsburg,Unknown,False,False,False,False,False,False,0,Non-offensive,0,2,Unknown,Unknown,unknown,Unknown,Female
🔵⚪🔵⚪🔵⚪💪🔥🔥,Unknown,False,False,False,False,False,False,0,Non-offensive,1,1,Unknown,Unknown,unknown,Unknown,Female
🐺🌙,Unknown,False,False,False,False,False,False,0,Non-offensive,0,1,Unknown,Unknown,unknown,Unknown,Female
Alles in allem war es schon etwas unglücklich 💚🤍,Unknown,False,False,False,False,False,False,0,Non-offensive,0,2,Unknown,Unknown,unknown,Unknown,Female
Einfach schön und traurig das zu sehen💚🤍,Unknown,False,False,False,False,False,False,0,Non-offensive,0,2,Unknown,Unknown,unknown,Unknown,Female
Bravo 👏👏👏 tj s OL Lyon et merçi tjr a melchie Daellee Dumoney 🌪️🌨️🇭🇹🇭🇹🇭🇹🇭🇹📖📖📖 nous taimons beacoup melchie 👑👑👑👑🙏,Unknown,False,False,False,False,False,False,0,Non-offensive,0,2,Unknown,Unknown,unknown,Unknown,Female
Il faut la victoire à Martigues pour disputer le dernier match l'esprit libéré à Charléty et pouvoir faire la fête.,Unknown,False,False,False,False,False,False,0,Non-offensive,2,2,Unknown,Unknown,unknown,Unknown,Female
Bienvenue à Paris. J'espère que vous y serez heureuse,Unknown,False,False,False,False,False,False,0,Non-offensive,0,1,Unknown,Unknown,unknown,Unknown,Female
"C'est dur de ne pas s'enflammer, heureusement que l'entraîneur a bien la tête sur les épaules. 
Allez le PFC !",Unknown,False,False,False,False,False,False,0,Non-offensive,1,2,Unknown,Unknown,unknown,Unknown,Female
Un résumé de l OL. Beau et désespérant.,Unknown,False,False,False,False,False,False,0,Non-offensive,1,2,Unknown,Unknown,unknown,Unknown,Female
Alman Ziel,Unknown,False,False,False,False,False,False,0,Non-offensive,0,2,Unknown,Unknown,unknown,Unknown,Female
Chouette apparition d'une ancienne pas si ancienne !,Unknown,False,False,False,False,False,False,0,Non-offensive,0,1,Unknown,Unknown,unknown,Unknown,Female
🔥👏👏,Unknown,False,False,False,False,False,False,0,Non-offensive,0,1,Unknown,Unknown,unknown,Unknown,Female
☝🏻🇹🇷🐺🫡,Unknown,False,False,False,False,False,False,0,Non-offensive,0,1,Unknown,Unknown,unknown,Unknown,Female
Trotzdem mal wieder Mentalität gezeigt!💚🤍,Unknown,False,False,False,False,False,False,0,Non-offensive,0,2,Unknown,Unknown,unknown,Unknown,Female
Stark haha💚🤍,Unknown,False,False,False,False,False,False,0,Non-offensive,0,1,Unknown,Unknown,unknown,Unknown,Female
"Fonseca n'a rien à envier à Sage sur ce qu'on lui reprochait en étant un pisse froid dans les grands matchs. Textor l'aurait viré de suite après ce match ça ne m'aurait pas dérangé, c'est une faute professionnelle impardonnable pour moi qui montre que Fonseca n'est pas un grand entraineur mais un entraineur de niveau moyen.",Unknown,False,False,False,False,False,False,0,Non-offensive,0,1,Unknown,Unknown,unknown,Unknown,Female
Merci Perri,Unknown,False,False,False,False,False,False,0,Non-offensive,0,2,Unknown,Unknown,unknown,Unknown,Female
Wirklich geiles Team 💚🤍,Unknown,False,False,False,False,False,False,0,Non-offensive,0,2,Unknown,Unknown,unknown,Unknown,Female
"Paris FC faite nous gouter à la ligue 1 lannée pro, tous les ans c'est les baragges sans y parvenir",Unknown,False,False,False,False,False,False,0,Non-offensive,1,1,Unknown,Unknown,unknown,Unknown,Female
"Sehr stark!
Und der Laufstil von unserem 9er Alex erinnert ein bisschen an Haaland ;)",Unknown,False,False,False,False,False,False,0,Non-offensive,0,2,Unknown,Unknown,unknown,Unknown,Female
Grand match de notre Monsieur DICKO préféré.,Unknown,False,False,False,False,False,False,0,Non-offensive,1,2,Unknown,Unknown,unknown,Unknown,Female
Ich finde sie klasse 🐺💚😱,Unknown,False,False,False,False,False,False,0,Non-offensive,0,1,Unknown,Unknown,unknown,Unknown,Female
En fait on se serait bien passé de t'entendre tellement cette défaite elle est à cause de toi,Unknown,False,False,False,False,False,False,0,Non-offensive,0,1,Unknown,Unknown,unknown,Unknown,Female
🐺🌙,Unknown,False,False,False,False,False,False,0,Non-offensive,0,2,Unknown,Unknown,unknown,Unknown,Female
"Road to ligue 1! Et on reste à Charlety, c'est Notre stade!!!",Unknown,False,False,False,False,False,False,0,Non-offensive,0,1,Unknown,Unknown,unknown,Unknown,Female
Excellente recrue pour le PFC. Bienvenue à elle,Unknown,False,False,False,False,False,False,0,Non-offensive,1,1,Unknown,Unknown,unknown,Unknown,Female
Hoffe auf einen gesunden Konkurrenzkampf im Kasten💚🤍,Unknown,False,False,False,False,False,False,0,Non-offensive,0,1,Unknown,Unknown,unknown,Unknown,Female
Bei der Stelle mit dem Oreo ist die Sympathie verloren gegangen und dann noch Toffee auf die eins das kann ich nicht verstehen aber ich muss es akzeptieren 😂,Unknown,False,False,False,False,False,False,0,Non-offensive,1,1,Unknown,Unknown,unknown,Unknown,Female
Arbeitsverweigerung,Unknown,False,False,False,False,False,False,0,Non-offensive,0,1,Unknown,Unknown,unknown,Unknown,Female
Kovac Nr.1 ....Der perfekte Mann für WOB❤,Unknown,False,False,False,False,False,False,0,Non-offensive,1,2,Unknown,Unknown,unknown,Unknown,Female
Immer Wolfsburger 💚🤍,Unknown,False,False,False,False,False,False,0,Non-offensive,0,1,Unknown,Unknown,unknown,Unknown,Female
awosome 🔥🔥🔥,Unknown,False,False,False,False,False,False,0,Non-offensive,0,2,Unknown,Unknown,unknown,Unknown,Female
On vous a bz🤫🤣💙🤍,Unknown,False,False,False,False,False,False,0,Non-offensive,2,1,Unknown,Unknown,unknown,Unknown,Female
Faite pas les idiot 😑,Unknown,False,False,False,False,False,False,0,Non-offensive,0,0,Unknown,Unknown,unknown,Unknown,Female
Super PERRI,Unknown,False,False,False,False,False,False,0,Non-offensive,0,2,Unknown,Unknown,unknown,Unknown,Female
So ein chilliger Typ💚🤍,Unknown,False,False,False,False,False,False,0,Non-offensive,0,1,Unknown,Unknown,unknown,Unknown,Female
😊,Unknown,False,False,False,False,False,False,0,Non-offensive,1,1,Unknown,Unknown,unknown,Unknown,Female
vous n'avez vraiment a rougir de votre élimination car vous avez tout donner jusqu'à la fin merci a vous bravos a tous,Unknown,False,False,False,False,False,False,0,Non-offensive,0,2,Unknown,Unknown,unknown,Unknown,Female
ciao l'Europe,Unknown,False,False,False,False,False,False,0,Non-offensive,0,2,Unknown,Unknown,unknown,Unknown,Female
Wir werden dich hier echt vermissen 😢,Unknown,False,False,False,False,False,False,0,Non-offensive,0,2,Unknown,Unknown,unknown,Unknown,Female
Bravo ! 😀,Unknown,False,False,False,False,False,False,0,Non-offensive,2,2,Unknown,Unknown,unknown,Unknown,Female
"Herzlichen Glückwunsch 20 Jahre 💚
Geile Aktion von Arnold 🔥",Unknown,False,False,False,False,False,False,0,Non-offensive,1,2,Unknown,Unknown,unknown,Unknown,Female
"So wichtig dass man Zesi und Jenz im Winter verliehen hat, zahlt sich super aus!!",Unknown,False,False,False,False,False,False,0,Non-offensive,0,1,Unknown,Unknown,unknown,Unknown,Female
Auf geht's Männer! 💚🤍,Unknown,False,False,False,False,False,False,0,Non-offensive,0,1,Unknown,Unknown,unknown,Unknown,Female
Endlich wieder Heimspiel 💚🤍,Unknown,False,False,False,False,False,False,0,Non-offensive,0,1,Unknown,Unknown,unknown,Unknown,Female
🐺💚🤍💚,Unknown,False,False,False,False,False,False,0,Non-offensive,0,2,Unknown,Unknown,unknown,Unknown,Female
"Vivi, mein Girl❤",Unknown,False,False,False,False,False,False,0,Non-offensive,1,1,Unknown,Unknown,unknown,Unknown,Female
Il va falloir travailler dur 😶 Déçu 😞  mais il ne faut rien lâcher pour repartir plus fort 💪🏽,Unknown,False,False,False,False,False,False,0,Non-offensive,2,2,Unknown,Unknown,unknown,Unknown,Female
Haben die marode Hasenhüttl abgerissen! 💚,Unknown,False,False,False,False,False,False,0,Non-offensive,0,1,Unknown,Unknown,unknown,Unknown,Female
🇹🇷❤️🐺,Unknown,False,False,False,False,False,False,0,Non-offensive,1,2,Unknown,Unknown,unknown,Unknown,Female
Pourvu qu’il reste encore cette saison,Unknown,False,False,False,False,False,False,0,Non-offensive,0,2,Unknown,Unknown,unknown,Unknown,Female
Kevin Behrens bester Mann,Unknown,False,False,False,False,False,False,0,Non-offensive,0,1,Unknown,Unknown,unknown,Unknown,Female
On espère avoir beaucoup de monde dans les tribunes pour (peut-être) le dernier match à domicile vendredi soir. L'ambiance en tribunes va être énorme !,Unknown,False,False,False,False,False,False,0,Non-offensive,1,2,Unknown,Unknown,unknown,Unknown,Female
💙🤍❤️,Unknown,False,False,False,False,False,False,0,Non-offensive,1,2,Unknown,Unknown,unknown,Unknown,Female
Auch mal die Teams verwechseln  bei 4:00,Unknown,False,False,False,False,False,False,0,Non-offensive,0,1,Unknown,Unknown,unknown,Unknown,Female
Einmal Wolfsburg immer Wolfsburg 💚🤍,Unknown,False,False,False,False,False,False,0,Non-offensive,0,1,Unknown,Unknown,unknown,Unknown,Female
"Zu hause dieses Jahr noch ungeschlagen hört sich wie eine Heimmacht an, die Wahrheit ist aber das wir erst ein Spiel gewonnen haben🙃🙃",Unknown,False,False,False,False,False,False,0,Non-offensive,0,1,Unknown,Unknown,unknown,Unknown,Female
Holt euch den Pokal 🏆 🐺💚 freu mich megaaa  im Stadion dabei zu sein 😍💚,Unknown,False,False,False,False,False,False,0,Non-offensive,1,2,Unknown,Unknown,unknown,Unknown,Female
Auf geht’s Wolfsburg kämpfen und Siegen!💚🤍,Unknown,False,False,False,False,False,False,0,Non-offensive,0,1,Unknown,Unknown,unknown,Unknown,Female
Die gute Spielform mitnehmen und die drei Punkte nach Wolfsburg bringen!💚🤍,Unknown,False,False,False,False,False,False,0,Non-offensive,0,2,Unknown,Unknown,unknown,Unknown,Female
🇹🇷❤️🐺🌙,Unknown,False,False,False,False,False,False,0,Non-offensive,0,1,Unknown,Unknown,unknown,Unknown,Female
Poppi❤❤❤❤,Unknown,False,False,False,False,False,False,0,Non-offensive,2,2,Unknown,Unknown,unknown,Unknown,Female
good vibes💚🤍,Unknown,False,False,False,False,False,False,0,Non-offensive,0,2,Unknown,Unknown,unknown,Unknown,Female
Geil. Ich mag dieses Format… grandios.,Unknown,False,False,False,False,False,False,0,Non-offensive,0,1,Unknown,Unknown,unknown,Unknown,Female
"Marius Müller so ein unfassbar sympathischer Mensch, hoffe er bekommt nochmal seine Chance auch wenn Kamil fit ist",Unknown,False,False,False,False,False,False,0,Non-offensive,0,1,Unknown,Unknown,unknown,Unknown,Female
🤍💚✅,Unknown,False,False,False,False,False,False,0,Non-offensive,0,1,Unknown,Unknown,unknown,Unknown,Female
La ligue 1 va être dur je pense.....,Unknown,False,False,False,False,False,False,0,Non-offensive,0,1,Unknown,Unknown,unknown,Unknown,Female
💛💖💛💚 💛💛💖💛💚❤️💛💛🤍💛,Unknown,False,False,False,False,False,False,0,Non-offensive,0,1,Unknown,Unknown,unknown,Unknown,Female
Bienvenue au Paris FC 👍,Unknown,False,False,False,False,False,False,0,Non-offensive,0,1,Unknown,Unknown,unknown,Unknown,Female
kadi ❤❤,Unknown,False,False,False,False,False,False,0,Non-offensive,0,1,Unknown,Unknown,unknown,Unknown,Female
Auf ein erfolgreiches Wochenende! 💚🤍,Unknown,False,False,False,False,False,False,0,Non-offensive,0,1,Unknown,Unknown,unknown,Unknown,Female
Willkommen in Wolfsburg 💚🤍🐺,Unknown,False,False,False,False,False,False,0,Non-offensive,0,1,Unknown,Unknown,unknown,Unknown,Female
☝🏻🇹🇷🐺🫡,Unknown,False,False,False,False,False,False,0,Non-offensive,0,1,Unknown,Unknown,unknown,Unknown,Female
"Hola, Ari!",Unknown,False,False,False,False,False,False,0,Non-offensive,0,1,Unknown,Unknown,unknown,Unknown,Female
Il y’a eu un bug à la fin ?,Unknown,False,False,False,False,False,False,0,Non-offensive,1,1,Unknown,Unknown,unknown,Unknown,Female
🔵paris fc,Unknown,False,False,False,False,False,False,0,Non-offensive,0,0,Unknown,Unknown,unknown,Unknown,Female
Hoffentlich bleibt er,Unknown,False,False,False,False,False,False,0,Non-offensive,0,2,Unknown,Unknown,unknown,Unknown,Female
Le derby francilien commencera bientôt la saison prochaine.,Unknown,False,False,False,False,False,False,0,Non-offensive,2,1,Unknown,Unknown,unknown,Unknown,Female
"❤💕❤ rien d'autre à dire. Bonne continuation, sois heureuse et profites.",Unknown,False,False,False,False,False,False,0,Non-offensive,2,1,Unknown,Unknown,unknown,Unknown,Female
"Bravo au PFC qui après une très belle saison en LDC l'année dernière continue à progresser encore cette année avec une coupe de France à la clé. Quant à Célina ça fait un bon moment qu'elle mérite sa place chez les Bleues : contrôle du ballon, intelligence du jeu, investissement, qualité des passes : tout y est.",Unknown,False,False,False,False,False,False,0,Non-offensive,0,1,Unknown,Unknown,unknown,Unknown,Female
Y’avait tout simplement pas à faire tourner l’effectif. Tu gagnes ce match tu te retrouves 3ème donc autant mettre toutes les chances de ton côté,Unknown,False,False,False,False,False,False,0,Non-offensive,0,2,Unknown,Unknown,unknown,Unknown,Female
"le PSG avec les yeux sur la CL n'est-il pas en train de fausser le championnat ? défaite contre Nice et Strasbourg, 2 prétendants au top 4 🤠",Unknown,False,False,False,False,False,False,0,Non-offensive,0,1,Unknown,Unknown,unknown,Unknown,Female
"Sehr gutes Spiel, hat Spaß gemacht zu zusehen. Gerne wieder! Svenni - 100mal für die Wölfinnen!!🎉",Unknown,False,False,False,False,False,False,0,Non-offensive,0,2,Unknown,Unknown,unknown,Unknown,Female
Je change de club préféré je prend PFC,Unknown,False,False,False,False,False,False,0,Non-offensive,1,1,Unknown,Unknown,unknown,Unknown,Female
Vous pensez ils ont refait le gâteau plein de fois ou c’est le même à chaque fois ou ils ont reallumer les bougies ?,Unknown,False,False,False,False,False,False,0,Non-offensive,0,1,Unknown,Unknown,unknown,Unknown,Female
Joueur à la super mentalité. J'avoue que j'ai un peu douté en voyant ses premières titularisations mais il est clairement monté en puissance depuis. Allez Paris !,Unknown,False,False,False,False,False,False,0,Non-offensive,0,2,Unknown,Unknown,unknown,Unknown,Female
🔵⚪,Unknown,False,False,False,False,False,False,0,Non-offensive,1,1,Unknown,Unknown,unknown,Unknown,Female
"Go PFC ! il faut capitaliser sur les deux derniers matchs, il y a de l'envie, et il nous faut cela ! Objectif League 1 ne pas oublier !!!!!",Unknown,False,False,False,False,False,False,0,Non-offensive,0,1,Unknown,Unknown,unknown,Unknown,Female
L ol !❤❤❤❤❤❤❤,Unknown,False,False,False,False,False,False,0,Non-offensive,0,2,Unknown,Unknown,unknown,Unknown,Female
Junge ey. Wer schneidet diese Videos?,Unknown,False,False,False,False,False,False,0,Non-offensive,1,2,Unknown,Unknown,unknown,Unknown,Female
Traum wäre wenn er nochmal für eine oder zwei Saisons bei uns Spielt🎉,Unknown,False,False,False,False,False,False,0,Non-offensive,0,2,Unknown,Unknown,unknown,Unknown,Female
Weiter so Männer!🐺,Unknown,False,False,False,False,False,False,0,Non-offensive,0,1,Unknown,Unknown,unknown,Unknown,Female
,Unknown,False,False,False,False,False,False,0,Non-offensive,1,1,Unknown,Unknown,unknown,Unknown,Female
Das schlechteste Spiel vom VFL seit Jahren… Dauerkarte seit 1997…,Unknown,False,False,False,False,False,False,0,Non-offensive,1,2,Unknown,Unknown,unknown,Unknown,Female
"First, allez les gars, la saisons prochaine, objectif ligue 1!",Unknown,False,False,False,False,False,False,0,Non-offensive,2,1,Unknown,Unknown,unknown,Unknown,Female
Bitte mehr davon,Unknown,False,False,False,False,False,False,0,Non-offensive,0,1,Unknown,Unknown,unknown,Unknown,Female
😊💚🐺,Unknown,False,False,False,False,False,False,0,Non-offensive,0,2,Unknown,Unknown,unknown,Unknown,Female
nur der vfl,Unknown,False,False,False,False,False,False,0,Non-offensive,0,1,Unknown,Unknown,unknown,Unknown,Female
Bien dit name ! T'es le meilleur 🔵,Unknown,False,False,False,False,False,False,0,Non-offensive,0,1,Unknown,Unknown,unknown,Unknown,Female
Hoffentlich kommt Dzeko wieder😢,Unknown,False,False,False,False,False,False,0,Non-offensive,0,2,Unknown,Unknown,unknown,Unknown,Female
"C'est ça que j'adore chez René Girard, on est leader avec 7 pts d'avance mais malgré ça il calme tout le monde comme si qu'on était en milieu de tableau pour pas que les joueurs s'enflamment. Et c'est cette attitude qui nous permet de prolonger cette belle série contrairement à certains qui auraient déjà chuter",Unknown,False,False,False,False,False,False,0,Non-offensive,1,0,Unknown,Unknown,unknown,Unknown,Female
Geile Einblicke!💚🤍,Unknown,False,False,False,False,False,False,0,Non-offensive,0,2,Unknown,Unknown,unknown,Unknown,Female
On sera à Charlety ! 🫡,Unknown,False,False,False,False,False,False,0,Non-offensive,0,0,Unknown,Unknown,unknown,Unknown,Female
Youngstar Duo 💚🤍,Unknown,False,False,False,False,False,False,0,Non-offensive,0,1,Unknown,Unknown,unknown,Unknown,Female
Toute confiance dans le Paris FC ! 😀❤👌👌👌,Unknown,False,False,False,False,False,False,0,Non-offensive,0,1,Unknown,Unknown,unknown,Unknown,Female
Maschinen 🐺🐺,Unknown,False,False,False,False,False,False,0,Non-offensive,0,1,Unknown,Unknown,unknown,Unknown,Female
Einmal Wolfsburg immer Wolfsburg!!! 💚🤍,Unknown,False,False,False,False,False,False,0,Non-offensive,0,2,Unknown,Unknown,unknown,Unknown,Female
😍💚🤍,Unknown,False,False,False,False,False,False,0,Non-offensive,0,2,Unknown,Unknown,unknown,Unknown,Female
"Exceptionnel !
Un exploit historique de sortir l'une des meilleurs équipes du monde",Unknown,False,False,False,False,False,False,0,Non-offensive,2,2,Unknown,Unknown,unknown,Unknown,Female
sympa le 2e club parisien 😍,Unknown,False,False,False,False,False,False,0,Non-offensive,1,0,Unknown,Unknown,unknown,Unknown,Female
Nowak im herzen😢😢😢😢❤❤❤❤,Unknown,False,False,False,False,False,False,0,Non-offensive,0,2,Unknown,Unknown,unknown,Unknown,Female
"La coach a des petits yeux. A l'air fatiguée, il lui faut des vacances et un café en urgence la",Unknown,False,False,False,False,False,False,0,Non-offensive,0,0,Unknown,Unknown,unknown,Unknown,Female
Jule i ❤ u,Unknown,False,False,False,False,False,False,0,Non-offensive,0,1,Unknown,Unknown,unknown,Unknown,Female
Alles Gute,Unknown,False,False,False,False,False,False,0,Non-offensive,0,1,Unknown,Unknown,unknown,Unknown,Female
VfL Dauerkarte wird abgegeben! Einfach nur noch Peinlich.. da muss endlich mal was passieren! Nicht nur Trainer entlassen und neue Spieler ausleihen! Wacht endlich auf sonst könnt Ihr das Stadion abbauen weil keiner mehr Dauerkarten kauft!!!!,Unknown,False,False,False,False,False,False,0,Non-offensive,0,1,Unknown,Unknown,unknown,Unknown,Female
🐺,Unknown,False,False,False,False,False,False,0,Non-offensive,0,2,Unknown,Unknown,unknown,Unknown,Female
😪😪😪😪😪😪😪😪😪💚🤍🐺💚🤍🐺💚🤍🐺💚🤍🐺,Unknown,False,False,False,False,False,False,0,Non-offensive,0,1,Unknown,Unknown,unknown,Unknown,Female
Sehr schöne Sache vom Verein💚🤍,Unknown,False,False,False,False,False,False,0,Non-offensive,0,2,Unknown,Unknown,unknown,Unknown,Female
Banza sbc bei Vfl,Unknown,False,False,False,False,False,False,0,Non-offensive,0,1,Unknown,Unknown,unknown,Unknown,Female
On joue toujours une mi temps!,Unknown,False,False,False,False,False,False,0,Non-offensive,0,2,Unknown,Unknown,unknown,Unknown,Female
🐺,Unknown,False,False,False,False,False,False,0,Non-offensive,0,2,Unknown,Unknown,unknown,Unknown,Female
Le front Zeubi elle a mangé le synthétique,Unknown,False,False,False,True,True,True,2,Appearance,1,1,Unknown,Unknown,unknown,Unknown,Female
💚🤍💪🏻,Unknown,False,False,False,False,False,False,0,Non-offensive,0,1,Unknown,Unknown,unknown,Unknown,Female
Kampf und Herz gezeigt 💚🤍 endlich auch mal verdient belohnt,Unknown,False,False,False,False,False,False,0,Non-offensive,1,2,Unknown,Unknown,unknown,Unknown,Female
Verstehe nicht warum sie keine stammspielerin ist... naja sowieso im falschen Verein... sie ist überall besser aufgehoben als in dieser grünen hölle... hoffe dass sie auch gehen wird... Oberdorf hat ja schon gott sei dank das einzig richtige getan...,Unknown,False,False,False,False,False,False,0,Non-offensive,2,2,Unknown,Unknown,unknown,Unknown,Female
Auf geht’s Wolfsburg kämpfen und siegen!💚🤍,Unknown,False,False,False,False,False,False,0,Non-offensive,0,2,Unknown,Unknown,unknown,Unknown,Female
3.1 Wolfsburg,Unknown,False,False,False,False,False,False,0,Non-offensive,0,2,Unknown,Unknown,unknown,Unknown,Female
Sooo geil 😂,Unknown,False,False,False,False,False,False,0,Non-offensive,0,1,Unknown,Unknown,unknown,Unknown,Female
Unsere  Nummer 10 der Herzen ❤️ Krzysztof Nowak ❤❤,Unknown,False,False,False,False,False,False,0,Non-offensive,0,2,Unknown,Unknown,unknown,Unknown,Female
"κουλιερακη ζουμε,στα ασπρομαυρα κ στην παοκαρα μας να σε ξαναδουμε",Unknown,False,False,False,False,False,False,0,Non-offensive,2,2,Unknown,Unknown,unknown,Unknown,Female
عشق تمام آرسنالی های دنیا❤,Unknown,False,False,False,False,False,False,0,Non-offensive,0,2,Unknown,Unknown,unknown,Unknown,Female
Minjae ❤,Unknown,False,False,False,False,False,False,0,Non-offensive,0,2,Unknown,Unknown,unknown,Unknown,Female
„Wir sind in Wolfsburg“.. und sich dann über schlechte Stimmung ihm gegenüber wundern. 👍🏻,Unknown,False,False,False,False,False,False,0,Non-offensive,0,2,Unknown,Unknown,unknown,Unknown,Female
Arbeit Fußball Leidenschaft!💚🤍,Unknown,False,False,False,False,False,False,0,Non-offensive,1,2,Unknown,Unknown,unknown,Unknown,Female
Ten Hag light,Unknown,False,False,False,False,False,False,0,Non-offensive,0,0,Unknown,Unknown,unknown,Unknown,Female
Reidriguinho nada menos que isto.,Unknown,False,False,False,False,False,False,0,Non-offensive,0,2,Unknown,Unknown,unknown,Unknown,Female
Bitte verkauft tel nicht🙏,Unknown,False,False,False,False,False,False,0,Non-offensive,0,2,Unknown,Unknown,unknown,Unknown,Female
Super Video mit den zwei Manu Serge♥️🤍,Unknown,False,False,False,False,False,False,0,Non-offensive,0,2,Unknown,Unknown,unknown,Unknown,Female
good win boys,Unknown,False,False,False,False,False,False,0,Non-offensive,0,2,Unknown,Unknown,unknown,Unknown,Female
Guter Typ erstmal 🐺,Unknown,False,False,False,False,False,False,0,Non-offensive,0,1,Unknown,Unknown,unknown,Unknown,Female
Wolfsburg gewinnen,Unknown,False,False,False,False,False,False,0,Non-offensive,1,2,Unknown,Unknown,unknown,Unknown,Female
Kovac wird entlassen,Unknown,False,False,False,False,False,False,0,Non-offensive,2,2,Unknown,Unknown,unknown,Unknown,Female
"Für mich ist die schönste Auswärtsfahrt bei euch gewesen. Vermutlich auch, wegen Auswärtssieg für meine SGE",Unknown,False,False,False,False,False,False,0,Non-offensive,0,0,Unknown,Unknown,unknown,Unknown,Female
Obi aufzuhalten ist nicht so einfach,Unknown,False,False,False,False,False,False,0,Non-offensive,1,2,Unknown,Unknown,unknown,Unknown,Female
Der Lappen hat nie für uns gespielt und hat sich verpisst. Und dafür bekommt er ein Video? Was für Leute sitzen eigentlich in  der Social Media Abteilung?,Unknown,False,False,True,False,False,True,1,Violence,0,0,Unknown,Unknown,unknown,Unknown,Female
축하해♥,Unknown,False,False,False,False,False,False,0,Non-offensive,0,1,Unknown,Unknown,unknown,Unknown,Female
"Nul , nul ptdrrr",Unknown,False,False,False,False,False,False,0,Non-offensive,0,0,Unknown,Unknown,unknown,Unknown,Female
토트넘 축하해🎉  쏘니 ㅠㅠㅠㅠㅠ,Unknown,False,False,False,False,False,False,0,Non-offensive,2,2,Unknown,Unknown,unknown,Unknown,Female
❤️ olise,Unknown,False,False,False,False,False,False,0,Non-offensive,2,2,Unknown,Unknown,unknown,Unknown,Female
We are winning another European title GGMU,Unknown,False,False,False,False,False,False,0,Non-offensive,0,2,Unknown,Unknown,unknown,Unknown,Female
Traigan a javairo ❤❤❤,Unknown,False,False,False,False,False,False,0,Non-offensive,0,2,Unknown,Unknown,unknown,Unknown,Female
เอราวัณ เอราวัณ เอราวัณ ..,Unknown,False,False,False,False,False,False,0,Non-offensive,1,0,Unknown,Unknown,unknown,Unknown,Female
"Wenn unser Jamal nicht wäre. Aber wieder sehr gute Verteidigung. Aber heute auch wie gegen Benfica, die Offensive lässt noch sehr viele Wünsche übrig. Ich hoffe nur, dass dem Sane & Co. klar ist, dass man gegen die Schwergewichte in der CL die Chancen reinmachen muss, um zu gewinnen.",Unknown,False,False,False,False,False,False,0,Non-offensive,0,2,Unknown,Unknown,unknown,Unknown,Female
big up danny aarons,Unknown,False,False,False,False,False,False,0,Non-offensive,0,2,Unknown,Unknown,unknown,Unknown,Female
Vinny und Max top gerne langfristig,Unknown,False,False,False,False,False,False,0,Non-offensive,0,1,Unknown,Unknown,unknown,Unknown,Female
Always with OL from DK 🇩🇰🇫🇷,Unknown,False,False,False,False,False,False,0,Non-offensive,0,2,Unknown,Unknown,unknown,Unknown,Female
قلوووري قلوووري مان يونايتد ❤🤍,Unknown,False,False,False,False,False,False,0,Non-offensive,0,2,Unknown,Unknown,unknown,Unknown,Female
5 -4,Unknown,False,False,False,False,False,False,0,Non-offensive,0,2,Unknown,Unknown,unknown,Unknown,Female
Vamos Bomba 💣🦅❤️💙💛,Unknown,False,False,False,False,False,False,0,Non-offensive,0,2,Unknown,Unknown,unknown,Unknown,Female
4:1😂😂😂😂😂,Unknown,False,False,False,False,False,False,0,Non-offensive,0,2,Unknown,Unknown,unknown,Unknown,Female
Muller2026,Unknown,False,False,False,False,False,False,0,Non-offensive,1,1,Unknown,Unknown,unknown,Unknown,Female
Dahm were getting trailers for matches now Sheesh COYS,Unknown,False,False,False,False,False,False,0,Non-offensive,0,2,Unknown,Unknown,unknown,Unknown,Female
이거 보고 변비 나았다,Unknown,False,False,False,False,False,False,0,Non-offensive,1,2,Unknown,Unknown,unknown,Unknown,Female
Q guapo,Unknown,False,False,False,False,False,False,0,Non-offensive,0,2,Unknown,Unknown,unknown,Unknown,Female
"Jamais vécu une ambiance pareil à Gerland, la folie.",Unknown,False,False,False,False,False,False,0,Non-offensive,0,2,Unknown,Unknown,unknown,Unknown,Female
"Suuuper nervig eure Werbung im Hintergrund. Dafür solltet ihr euch schämen, das reicht langsam!",Unknown,False,False,False,False,False,False,0,Non-offensive,0,2,Unknown,Unknown,unknown,Unknown,Female
Herzliches Willkommen! Mia San Mia! ❤🤍,Unknown,False,False,False,False,False,False,0,Non-offensive,0,2,Unknown,Unknown,unknown,Unknown,Female
❤💙,Unknown,False,False,False,False,False,False,0,Non-offensive,0,0,Unknown,Unknown,unknown,Unknown,Female
Le Rayan Harki 😊,Unknown,False,False,False,False,False,False,0,Non-offensive,1,0,Unknown,Unknown,unknown,Unknown,Female
fc bayern munchen ❤️❤️❤️❤️❤️❤️❤️❤️❤️❤️⚽⚽⚽⚽⚽⚽⚽⚽⚽⚽🥇🥇🥇🥇🥇🥇🥇🥇🥇🥇🇩🇪🇩🇪🇩🇪🇩🇪🇩🇪🇩🇪🇩🇪🇩🇪🇩🇪🇩🇪🎉🎉🎉🎉🎉🎉🎉🎉🎉🎉,Unknown,False,False,False,False,False,False,0,Non-offensive,0,0,Unknown,Unknown,unknown,Unknown,Female
on t’aime Mata ❤️💙,Unknown,False,False,False,False,False,False,0,Non-offensive,0,2,Unknown,Unknown,unknown,Unknown,Female
👏👏👏👏👏👏👏,Unknown,False,False,False,False,False,False,0,Non-offensive,0,2,Unknown,Unknown,unknown,Unknown,Female
The goat 🐐🐐🐐🐐🐐🧠🧠🧠🧠🧠🧠🧠🔝🔝🔝🔝🔝🇩🇪🇩🇪🇩🇪🇩🇪🇩🇪🇩🇪KIMMICH,Unknown,False,False,False,False,False,False,0,Non-offensive,0,2,Unknown,Unknown,unknown,Unknown,Female
Sonny🤍💙,Unknown,False,False,False,False,False,False,0,Non-offensive,2,2,Unknown,Unknown,unknown,Unknown,Female
"ソニー、最高のキャプテン。
本当にスパーズを長年支えてくれてありがとう。スパーズと一緒に彼が報われて嬉しい。",Unknown,False,False,False,False,False,False,0,Non-offensive,2,2,Unknown,Unknown,unknown,Unknown,Female
"Solanke is my favourite player in Tottenham Hotspur now, I'm glad that we got him. 😎 Awesome",Unknown,False,False,False,False,False,False,0,Non-offensive,0,2,Unknown,Unknown,unknown,Unknown,Female
Pure magic ✨,Unknown,False,False,False,False,False,False,0,Non-offensive,0,2,Unknown,Unknown,unknown,Unknown,Female
Kevin,Unknown,False,False,False,False,False,False,0,Non-offensive,0,2,Unknown,Unknown,unknown,Unknown,Female
"감독님   수고 하셨습니다  .,.,축하 드립니다!❤",Unknown,False,False,False,False,False,False,0,Non-offensive,0,2,Unknown,Unknown,unknown,Unknown,Female
Шахтар ❤,Unknown,False,False,False,False,False,False,0,Non-offensive,2,1,Unknown,Unknown,unknown,Unknown,Female
Bester Verein 💝Gruss aus Zürich 🇨🇭,Unknown,False,False,False,False,False,False,0,Non-offensive,0,2,Unknown,Unknown,unknown,Unknown,Female
Mikautadze!!!,Unknown,False,False,False,False,False,False,0,Non-offensive,1,2,Unknown,Unknown,unknown,Unknown,Female
"Wenn Kane mal nicht funktioniert, braucht es neue Ideen und mehr Bewegung vorne. Bitte ändern. Sonst wird es morgen schwer.",Unknown,False,False,False,False,False,False,0,Non-offensive,0,2,Unknown,Unknown,unknown,Unknown,Female
Daniel spricht sehr gut deutsch. Bravo weiter so. ❤,Unknown,False,False,False,False,False,False,0,Non-offensive,0,2,Unknown,Unknown,unknown,Unknown,Female
❤Mia San XMAS,Unknown,False,False,False,False,False,False,0,Non-offensive,0,1,Unknown,Unknown,unknown,Unknown,Female
Mia San mia 🎉❤❤,Unknown,False,False,False,False,False,False,0,Non-offensive,0,2,Unknown,Unknown,unknown,Unknown,Female
🔥🔥🔥,Unknown,False,False,False,False,False,False,0,Non-offensive,0,2,Unknown,Unknown,unknown,Unknown,Female
Stunning Striker ❤️,Unknown,False,False,False,False,False,False,0,Non-offensive,0,2,Unknown,Unknown,unknown,Unknown,Female
제발 한번만 해보자!!!!!,Unknown,False,False,False,False,False,False,0,Non-offensive,0,2,Unknown,Unknown,unknown,Unknown,Female
muller at last😂😂,Unknown,False,False,False,False,False,False,0,Non-offensive,0,2,Unknown,Unknown,unknown,Unknown,Female
Té amo mucho 😊,Unknown,False,False,False,False,False,False,0,Non-offensive,0,2,Unknown,Unknown,unknown,Unknown,Female
Saya memang tidak terlalu bisa bahasa Jerman namun saya tetap menonton video ini. Semoga Bayern Munich menang atas Union Berlin dan juga memenangkan Bundesliga.,Unknown,False,False,False,False,False,False,0,Non-offensive,0,2,Unknown,Unknown,unknown,Unknown,Female
Sonny❤,Unknown,False,False,False,False,False,False,0,Non-offensive,0,2,Unknown,Unknown,unknown,Unknown,Female
ㅎㅎㅎㅎㅎㅎㅎ😂,Unknown,False,False,False,False,False,False,0,Non-offensive,0,2,Unknown,Unknown,unknown,Unknown,Female
Goatkeeper❤,Unknown,False,False,False,False,False,False,0,Non-offensive,0,2,Unknown,Unknown,unknown,Unknown,Female
🎉🎉🎉🎉🎉🎉🎉❤🎉🎉🎉🎉🎉🎉🎉,Unknown,False,False,False,False,False,False,0,Non-offensive,0,2,Unknown,Unknown,unknown,Unknown,Female
Ja Mia~San~Mia ❤🤍,Unknown,False,False,False,False,False,False,0,Non-offensive,0,2,Unknown,Unknown,unknown,Unknown,Female
Légende Lacazette ❤️💙,Unknown,False,False,False,False,False,False,0,Non-offensive,1,2,Unknown,Unknown,unknown,Unknown,Female
ㅋㅋ,Unknown,False,False,False,False,False,False,0,Non-offensive,1,2,Unknown,Unknown,unknown,Unknown,Female
Primero,Unknown,False,False,False,False,False,False,0,Non-offensive,0,2,Unknown,Unknown,unknown,Unknown,Female
Forza SGE❤️,Unknown,False,False,False,False,False,False,0,Non-offensive,0,2,Unknown,Unknown,unknown,Unknown,Female
"Der Typ lebt seit 6 Jahren in Deutschland und ist gerade mal 24, aber kann keine einzige Frage auf Deutsch beantworten…",Unknown,False,True,False,False,False,True,1,Racism,0,2,Unknown,Unknown,unknown,Unknown,Female
He kept his promise,Unknown,False,False,False,False,False,False,0,Non-offensive,1,2,Unknown,Unknown,unknown,Unknown,Female
Sonny!!!❤❤❤🎉🎉🎉,Unknown,False,False,False,False,False,False,0,Non-offensive,1,2,Unknown,Unknown,unknown,Unknown,Female
HARKI,Unknown,False,True,False,False,False,True,1,Racism,1,2,Unknown,Unknown,unknown,Unknown,Female
kakkaka f Vasco mesmo o Juiz roubado á gente ganha rs.,Unknown,False,False,False,False,False,False,0,Non-offensive,0,1,Unknown,Unknown,unknown,Unknown,Female
King Kai 🎯🔥,Unknown,False,False,False,False,False,False,0,Non-offensive,2,2,Unknown,Unknown,unknown,Unknown,Female
Sell havertz,Unknown,False,False,False,False,False,False,0,Non-offensive,0,1,Unknown,Unknown,unknown,Unknown,Female
👉😤👈🦅🖤🏳️,Unknown,False,False,False,False,False,False,0,Non-offensive,0,1,Unknown,Unknown,unknown,Unknown,Female
"Memphis ouvindo suas próprias músicas, pq não entende nada das nossas 😂😂😂",Unknown,False,False,False,False,False,False,0,Non-offensive,2,0,Unknown,Unknown,unknown,Unknown,Female
Чемпионы.. Однозначно,Unknown,False,False,False,False,False,False,0,Non-offensive,2,1,Unknown,Unknown,unknown,Unknown,Female
Vaaaiii Corinthianssss,Unknown,False,False,False,False,False,False,0,Non-offensive,2,1,Unknown,Unknown,unknown,Unknown,Female
Class girls 👋,Unknown,False,False,False,False,False,False,0,Non-offensive,0,1,Unknown,Unknown,unknown,Unknown,Female
Kiwior MOTM 👏,Unknown,False,False,False,False,False,False,0,Non-offensive,2,1,Unknown,Unknown,unknown,Unknown,Female
Brentford,Unknown,False,False,False,False,False,False,0,Non-offensive,1,1,Unknown,Unknown,unknown,Unknown,Female
Coisa linda,Unknown,False,False,False,False,False,False,0,Non-offensive,2,1,Unknown,Unknown,unknown,Unknown,Female
Mais videos assim,Unknown,False,False,False,False,False,False,0,Non-offensive,2,0,Unknown,Unknown,unknown,Unknown,Female
Oloko 🦅,Unknown,False,False,False,False,False,False,0,Non-offensive,2,1,Unknown,Unknown,unknown,Unknown,Female
Memphis tem muito visão de jogo e inteligente taticamente.,Unknown,False,False,False,False,False,False,0,Non-offensive,2,2,Unknown,Unknown,unknown,Unknown,Female
🦅🖤🤍🦅,Unknown,False,False,False,False,False,False,0,Non-offensive,2,1,Unknown,Unknown,unknown,Unknown,Female
Vamosssss,Unknown,False,False,False,False,False,False,0,Non-offensive,0,0,Unknown,Unknown,unknown,Unknown,Female
Vamo meu lateral 💪🏻,Unknown,False,False,False,False,False,False,0,Non-offensive,0,2,Unknown,Unknown,unknown,Unknown,Female
Cinemaaa,Unknown,False,False,False,False,False,False,0,Non-offensive,2,0,Unknown,Unknown,unknown,Unknown,Female
🙌,Unknown,False,False,False,False,False,False,0,Non-offensive,0,2,Unknown,Unknown,unknown,Unknown,Female
"Se o Corinthians fosse um time sério e querer brigar por títulos, esses dois não era nem pra está no clube.",Unknown,False,False,False,False,False,False,0,Non-offensive,0,2,Unknown,Unknown,unknown,Unknown,Female
Pra cima Dorival jr🦅,Unknown,False,False,False,False,False,False,0,Non-offensive,0,0,Unknown,Unknown,unknown,Unknown,Female
1syde 🐊,Unknown,False,False,False,False,False,False,0,Non-offensive,0,1,Unknown,Unknown,unknown,Unknown,Female
Vai me curinga quebra tudo,Unknown,False,False,False,False,False,False,0,Non-offensive,0,1,Unknown,Unknown,unknown,Unknown,Female
"Ray surtandoo kkkkkkkkkkkkkkkk 
Noah mereceu mt❤",Unknown,False,False,False,False,False,False,0,Non-offensive,0,1,Unknown,Unknown,unknown,Unknown,Female
Top demais🎉🎉🎉,Unknown,False,False,False,False,False,False,0,Non-offensive,0,2,Unknown,Unknown,unknown,Unknown,Female
"Se tiver alguém que faça a bola chegar no Memphis, ela fará muitos gols.",Unknown,False,False,False,False,False,False,0,Non-offensive,0,1,Unknown,Unknown,unknown,Unknown,Female
Chupaaa ney no santosss,Unknown,False,False,True,False,False,True,1,Violence,0,2,Unknown,Unknown,unknown,Unknown,Female
Babygood🤞🤞,Unknown,False,False,False,False,False,False,0,Non-offensive,0,1,Unknown,Unknown,unknown,Unknown,Female
💔💔💔💔💔,Unknown,False,False,False,False,False,False,0,Non-offensive,2,0,Unknown,Unknown,unknown,Unknown,Female
Dancin Queen..Abba❤,Unknown,False,False,False,False,False,False,0,Non-offensive,2,1,Unknown,Unknown,unknown,Unknown,Female
💪💪💪,Unknown,False,False,False,False,False,False,0,Non-offensive,2,1,Unknown,Unknown,unknown,Unknown,Female
Big up your status!!!!,Unknown,False,False,False,False,False,False,0,Non-offensive,1,1,Unknown,Unknown,unknown,Unknown,Female
CORINTHIANS 4 X 2 DVD,Unknown,False,False,False,False,False,False,0,Non-offensive,2,1,Unknown,Unknown,unknown,Unknown,Female
Blackstenius missed reminds me about king Kai,Unknown,False,False,False,False,False,False,0,Non-offensive,0,0,Unknown,Unknown,unknown,Unknown,Female
🇩🇿💚💚💚💚,Unknown,False,False,False,False,False,False,0,Non-offensive,0,1,Unknown,Unknown,unknown,Unknown,Female
Felix X Palmer 🥶,Unknown,False,False,False,False,False,False,0,Non-offensive,2,1,Unknown,Unknown,unknown,Unknown,Female
ENZO GOAL 👍,Unknown,False,False,False,False,False,False,0,Non-offensive,0,1,Unknown,Unknown,unknown,Unknown,Female
💙💙💙💙💙,Unknown,False,False,False,False,False,False,0,Non-offensive,0,1,Unknown,Unknown,unknown,Unknown,Female
"Good job guys. Love u guys, ALWAYS",Unknown,False,False,False,False,False,False,0,Non-offensive,2,2,Unknown,Unknown,unknown,Unknown,Female
Up da Chels,Unknown,False,False,False,False,False,False,0,Non-offensive,2,0,Unknown,Unknown,unknown,Unknown,Female
اول,Unknown,False,False,False,False,False,False,0,Non-offensive,0,0,Unknown,Unknown,unknown,Unknown,Female
Letssssss Gooooooooooo,Unknown,False,False,False,False,False,False,0,Non-offensive,0,1,Unknown,Unknown,unknown,Unknown,Female
YES FRIDA <3,Unknown,False,False,False,False,False,False,0,Non-offensive,0,2,Unknown,Unknown,unknown,Unknown,Female
Gunners forever 🏆🎯,Unknown,False,False,False,False,False,False,0,Non-offensive,0,0,Unknown,Unknown,unknown,Unknown,Female
💜💜💜💜,Unknown,False,False,False,False,False,False,0,Non-offensive,0,1,Unknown,Unknown,unknown,Unknown,Female
🤩,Unknown,False,False,False,False,False,False,0,Non-offensive,1,0,Unknown,Unknown,unknown,Unknown,Female
Theooooooooo sign da ting,Unknown,False,False,False,False,False,False,0,Non-offensive,0,0,Unknown,Unknown,unknown,Unknown,Female
Aqui é Corinthians! Respeita 🖤🤍,Unknown,False,False,False,False,False,False,0,Non-offensive,2,1,Unknown,Unknown,unknown,Unknown,Female
Volta família Diaz!!!,Unknown,False,False,False,False,False,False,0,Non-offensive,0,1,Unknown,Unknown,unknown,Unknown,Female
Ну хотя бы девочки выиграли молодцы,Unknown,False,False,False,False,False,False,0,Non-offensive,2,0,Unknown,Unknown,unknown,Unknown,Female
❤ മിടുക്കിക്കുട്ടികൾ,Unknown,False,False,False,False,False,False,0,Non-offensive,0,0,Unknown,Unknown,unknown,Unknown,Female
Lavia next Mikel,Unknown,False,False,False,False,False,False,0,Non-offensive,0,1,Unknown,Unknown,unknown,Unknown,Female
Topp !,Unknown,False,False,False,False,False,False,0,Non-offensive,2,1,Unknown,Unknown,unknown,Unknown,Female
Gunners 💪💪,Unknown,False,False,False,False,False,False,0,Non-offensive,0,1,Unknown,Unknown,unknown,Unknown,Female
COYG ❤,Unknown,False,False,False,False,False,False,0,Non-offensive,0,1,Unknown,Unknown,unknown,Unknown,Female
420th like lesgooo,Unknown,False,False,False,False,False,False,0,Non-offensive,0,0,Unknown,Unknown,unknown,Unknown,Female
lieb sie so 💚🤍 vermiss sie total,Unknown,False,False,False,False,False,False,0,Non-offensive,2,1,Unknown,Unknown,unknown,Unknown,Female
Красава девчонки!,Unknown,False,False,False,False,False,False,0,Non-offensive,2,1,Unknown,Unknown,unknown,Unknown,Female
"After odegaard, artetas best signing. A top CB.",Unknown,False,False,False,False,False,False,0,Non-offensive,2,0,Unknown,Unknown,unknown,Unknown,Female
最开心的几天,Unknown,False,False,False,False,False,False,0,Non-offensive,2,0,Unknown,Unknown,unknown,Unknown,Female
フィールドで散々やり合ったケリーとマッケイブが談笑しながら歩いているシーンは感慨深い,Unknown,False,False,False,False,False,False,0,Non-offensive,0,2,Unknown,Unknown,unknown,Unknown,Female
Dorival vai ter que fazer milagre pra salvar o corinthians 😢,Unknown,False,False,False,False,False,False,0,Non-offensive,2,1,Unknown,Unknown,unknown,Unknown,Female
Simvel🎉,Unknown,False,False,False,False,False,False,0,Non-offensive,0,1,Unknown,Unknown,unknown,Unknown,Female
😊😊😊❤🎉,Unknown,False,False,False,False,False,False,0,Non-offensive,0,0,Unknown,Unknown,unknown,Unknown,Female
Raya отличный вратарь!!! 💪🤟,Unknown,False,False,False,False,False,False,0,Non-offensive,1,1,Unknown,Unknown,unknown,Unknown,Female
®️❤️😂,Unknown,False,False,False,False,False,False,0,Non-offensive,0,1,Unknown,Unknown,unknown,Unknown,Female
"左端の人は誰ですか？
試合に出ていないので忘れました😂😂",Unknown,False,False,False,False,False,False,0,Non-offensive,1,1,Unknown,Unknown,unknown,Unknown,Female
Poppiiii❤mega Tore ❤,Unknown,False,False,False,False,False,False,0,Non-offensive,2,1,Unknown,Unknown,unknown,Unknown,Female
Suiii❤,Unknown,False,False,False,False,False,False,0,Non-offensive,0,1,Unknown,Unknown,unknown,Unknown,Female
Parabéns vic Albuquerque 👏🏻👏🏻👏🏻👏🏻🎉🎉🎉🎉🎉,Unknown,False,False,False,False,False,False,0,Non-offensive,0,0,Unknown,Unknown,unknown,Unknown,Female
King Kai Positioning,Unknown,False,False,False,False,False,False,0,Non-offensive,2,1,Unknown,Unknown,unknown,Unknown,Female
Keep going Gooners Let's Go ❤,Unknown,False,False,False,False,False,False,0,Non-offensive,2,0,Unknown,Unknown,unknown,Unknown,Female
"15 > 0 
                                                     ~ Not a end",Unknown,False,False,False,False,False,False,0,Non-offensive,2,0,Unknown,Unknown,unknown,Unknown,Female
😢,Unknown,False,False,False,False,False,False,0,Non-offensive,0,1,Unknown,Unknown,unknown,Unknown,Female
I like work late of sterling today,Unknown,False,False,False,False,False,False,0,Non-offensive,2,0,Unknown,Unknown,unknown,Unknown,Female
COME ON!!!!! ❤,Unknown,False,False,False,False,False,False,0,Non-offensive,2,1,Unknown,Unknown,unknown,Unknown,Female
"Arteta Out
Kroenke Out",Unknown,False,False,False,False,False,False,0,Non-offensive,0,1,Unknown,Unknown,unknown,Unknown,Female
❤❤,Unknown,False,False,False,False,False,False,0,Non-offensive,0,1,Unknown,Unknown,unknown,Unknown,Female
O tanto que eu chorei assistindo!!!  Obrigada pai por compartilhar comigo o amor por esse time! E VAI CORINTHIANSSSSSSSSSS 🖤🤍,Unknown,False,False,False,False,False,False,0,Non-offensive,2,1,Unknown,Unknown,unknown,Unknown,Female
ך,Unknown,False,False,False,False,False,False,0,Non-offensive,1,0,Unknown,Unknown,unknown,Unknown,Female
❤🤍,Unknown,False,False,False,False,False,False,0,Non-offensive,0,1,Unknown,Unknown,unknown,Unknown,Female
I miss Kai man 🤣😂,Unknown,False,False,False,False,False,False,0,Non-offensive,0,1,Unknown,Unknown,unknown,Unknown,Female
"acara bola,sekeren itu di luar negeri",Unknown,False,False,False,False,False,False,0,Non-offensive,2,0,Unknown,Unknown,unknown,Unknown,Female
Awesome!,Unknown,False,False,False,False,False,False,0,Non-offensive,0,1,Unknown,Unknown,unknown,Unknown,Female
🙏🙏🙏🙏🙏🙏,Unknown,False,False,False,False,False,False,0,Non-offensive,2,0,Unknown,Unknown,unknown,Unknown,Female
Cringe af,Unknown,False,False,True,False,False,True,1,Violence,0,1,Unknown,Unknown,unknown,Unknown,Female
I love ❤️ Charli Grant! My fav player ever!,Unknown,False,False,False,False,False,False,0,Non-offensive,2,1,Unknown,Unknown,unknown,Unknown,Female
8:03 何年も選手全員が好きで誰の背番号も選べなかったけれど、ノースロンドンダービーとこの日をもって自分が背中に刻むべき番号が決まった。,Unknown,False,False,False,False,False,False,0,Non-offensive,2,1,Unknown,Unknown,unknown,Unknown,Female
😇😇😇,Unknown,False,False,False,False,False,False,0,Non-offensive,2,1,Unknown,Unknown,unknown,Unknown,Female
Vaaai Corinthiansss 🖤🤍,Unknown,False,False,False,False,False,False,0,Non-offensive,1,1,Unknown,Unknown,unknown,Unknown,Female
"Deus te abençoe Dorival 
Vai Corinthians",Unknown,False,False,False,False,False,False,0,Non-offensive,2,0,Unknown,Unknown,unknown,Unknown,Female
ss,Unknown,False,False,False,False,False,False,0,Non-offensive,0,0,Unknown,Unknown,unknown,Unknown,Female
Thiapa  ndaye rk,Unknown,True,False,True,False,False,True,2,Sexism,2,0,Unknown,Unknown,unknown,Unknown,Female
البافاريات ❤❤,Unknown,False,False,False,False,False,False,0,Non-offensive,0,1,Unknown,Unknown,unknown,Unknown,Female
🖤🤍,Unknown,False,False,False,False,False,False,0,Non-offensive,0,1,Unknown,Unknown,unknown,Unknown,Female
Vamoooossss 💜,Unknown,False,False,False,False,False,False,0,Non-offensive,0,2,Unknown,Unknown,unknown,Unknown,Female
Só bagre,Unknown,False,False,False,False,True,True,1,Ability,0,1,Unknown,Unknown,unknown,Unknown,Female
Brave❤️,Unknown,False,False,False,False,False,False,0,Non-offensive,0,0,Unknown,Unknown,unknown,Unknown,Female
Finallyyyyy Yesssiiirrrskiii 🎉 congrats Phonzy!,Unknown,False,False,False,False,False,False,0,Non-offensive,2,2,Unknown,Unknown,unknown,Unknown,Female
"Love this, nice to see how together the team feels :)",Unknown,False,False,False,False,False,False,0,Non-offensive,1,2,Unknown,Unknown,unknown,Unknown,Female
🤍🖤🦁.,Unknown,False,False,False,False,False,False,0,Non-offensive,0,2,Unknown,Unknown,unknown,Unknown,Female
توتنهام العشق ❤❤😊,Unknown,False,False,False,False,False,False,0,Non-offensive,2,2,Unknown,Unknown,unknown,Unknown,Female
❤❤❤❤❤,Unknown,False,False,False,False,False,False,0,Non-offensive,2,0,Unknown,Unknown,unknown,Unknown,Female
ET7 🔥,Unknown,False,False,False,False,False,False,0,Non-offensive,2,1,Unknown,Unknown,unknown,Unknown,Female
فورزا نابولي دائما,Unknown,False,False,False,False,False,False,0,Non-offensive,2,0,Unknown,Unknown,unknown,Unknown,Female
When I saw her I shouted ‘’JACK “and my mum shouted back at me “where”,Unknown,False,False,False,False,False,False,0,Non-offensive,2,2,Unknown,Unknown,unknown,Unknown,Female
Rob Daly. *Commentator GOAT.*,Unknown,False,False,False,False,False,False,0,Non-offensive,0,2,Unknown,Unknown,unknown,Unknown,Female
🎉🎉🎉🎉,Unknown,False,False,False,False,False,False,0,Non-offensive,0,0,Unknown,Unknown,unknown,Unknown,Female
"go kido, party hardy, enjoy",Unknown,False,False,False,False,False,False,0,Non-offensive,0,1,Unknown,Unknown,unknown,Unknown,Female
Buy houmjbierg and samarzic,Unknown,False,False,False,False,False,False,0,Non-offensive,0,0,Unknown,Unknown,unknown,Unknown,Female
0:15 ta da 😊❤ Olga,Unknown,False,False,False,False,False,False,0,Non-offensive,1,0,Unknown,Unknown,unknown,Unknown,Female
Good job guys,Unknown,False,False,False,False,False,False,0,Non-offensive,2,1,Unknown,Unknown,unknown,Unknown,Female
Aller ol !!!!!,Unknown,False,False,False,False,False,False,0,Non-offensive,0,1,Unknown,Unknown,unknown,Unknown,Female
💙,Unknown,False,False,False,False,False,False,0,Non-offensive,0,1,Unknown,Unknown,unknown,Unknown,Female
😂😂😂😂,Unknown,False,False,False,False,False,False,0,Non-offensive,1,2,Unknown,Unknown,unknown,Unknown,Female
"Dai vinciamo staseraaaaaaa!!
Forza Juve 🤍🖤💪",Unknown,False,False,False,False,False,False,0,Non-offensive,0,2,Unknown,Unknown,unknown,Unknown,Female
"Защита решето...могли бы еще три пропустить..эксперименты Спаллети....Ндобеле,Есус и ...не стартового состава....",Unknown,False,False,False,False,False,False,0,Non-offensive,2,2,Unknown,Unknown,unknown,Unknown,Female
Like a little... RAT 😂😂,Unknown,False,False,False,False,False,False,0,Non-offensive,2,2,Unknown,Unknown,unknown,Unknown,Female
Danke Poppi ❤,Unknown,False,False,False,False,False,False,0,Non-offensive,2,2,Unknown,Unknown,unknown,Unknown,Female
อยากให้พวกน้องๆ ขายเสื้อ เอาไปบำรุงประเทศครับ ขายเถอะ เซ็นชื่อด้วย ให้เด็กที่น่ารักของโลก 😂😂😂 เชียร์เพราะเราอ่อน ถึงเวลาผม ขอนะครับ❤❤❤,Unknown,False,False,False,False,False,False,0,Non-offensive,1,0,Unknown,Unknown,unknown,Unknown,Female
👌👌,Unknown,False,False,False,False,False,False,0,Non-offensive,1,2,Unknown,Unknown,unknown,Unknown,Female
quanto godooooooooooooo,Unknown,False,False,True,False,False,True,1,Violence,1,0,Unknown,Unknown,unknown,Unknown,Female
3,Unknown,False,False,False,False,False,False,0,Non-offensive,0,1,Unknown,Unknown,unknown,Unknown,Female
🎉🎉🎉🎉🎉🎉,Unknown,False,False,False,False,False,False,0,Non-offensive,0,2,Unknown,Unknown,unknown,Unknown,Female
Sen nesin bee😍⭐,Unknown,False,False,False,False,False,False,0,Non-offensive,2,2,Unknown,Unknown,unknown,Unknown,Female
Tolle Aktion!💚🤍,Unknown,False,False,False,False,False,False,0,Non-offensive,0,2,Unknown,Unknown,unknown,Unknown,Female
😂,Unknown,False,False,False,False,False,False,0,Non-offensive,0,2,Unknown,Unknown,unknown,Unknown,Female
Neki❤️,Unknown,False,False,False,False,False,False,0,Non-offensive,0,2,Unknown,Unknown,unknown,Unknown,Female
🐺🤍💚,Unknown,False,False,False,False,False,False,0,Non-offensive,0,2,Unknown,Unknown,unknown,Unknown,Female
https://youtu.be/gvGVYsCPmgU,Unknown,False,False,False,False,False,False,0,Non-offensive,0,0,Unknown,Unknown,unknown,Unknown,Female
😂,Unknown,False,False,False,False,False,False,0,Non-offensive,2,0,Unknown,Unknown,unknown,Unknown,Female
BYE KOULIERAKIS🤍🖤🤍🖤🤍🖤,Unknown,False,False,False,False,False,False,0,Non-offensive,2,2,Unknown,Unknown,unknown,Unknown,Female
just... KENAN 🫶🫶🫶😍😍😍🥺🥺🥺,Unknown,False,False,False,False,False,False,0,Non-offensive,2,2,Unknown,Unknown,unknown,Unknown,Female
Forza Juve,Unknown,False,False,False,False,False,False,0,Non-offensive,2,0,Unknown,Unknown,unknown,Unknown,Female
Sensational,Unknown,False,False,False,False,False,False,0,Non-offensive,0,2,Unknown,Unknown,unknown,Unknown,Female
Boys are better,Unknown,True,False,False,False,True,True,2,Sexism,2,0,Unknown,Unknown,unknown,Unknown,Female
1,Unknown,False,False,False,False,False,False,0,Non-offensive,0,2,Unknown,Unknown,unknown,Unknown,Female
Juventus🇮🇹🤍🖤,Unknown,False,False,False,False,False,False,0,Non-offensive,0,2,Unknown,Unknown,unknown,Unknown,Female
6 cı yorum❤,Unknown,False,False,False,False,False,False,0,Non-offensive,0,2,Unknown,Unknown,unknown,Unknown,Female
💚🤍 sauber Jungs,Unknown,False,False,False,False,False,False,0,Non-offensive,0,2,Unknown,Unknown,unknown,Unknown,Female
🇹🇷🇹🇷🇹🇷🇹🇷🇹🇷,Unknown,False,False,False,False,False,False,0,Non-offensive,0,2,Unknown,Unknown,unknown,Unknown,Female
💚🤍💚🤍🤍💚🤍🤍💚💚💚💚🤍🤍🤍🤍,Unknown,False,False,False,False,False,False,0,Non-offensive,0,1,Unknown,Unknown,unknown,Unknown,Female
Forza Kenan🔥 💪,Unknown,False,False,False,False,False,False,0,Non-offensive,1,2,Unknown,Unknown,unknown,Unknown,Female
"Pls guys i,m big juve Fan 😢🎉 
Forza Juve ❤◾️⚪️",Unknown,False,False,False,False,False,False,0,Non-offensive,0,2,Unknown,Unknown,unknown,Unknown,Female
🇹🇷🇹🇷🇹🇷my star,Unknown,False,False,False,False,False,False,0,Non-offensive,0,2,Unknown,Unknown,unknown,Unknown,Female
Forza Juve,Unknown,False,False,False,False,False,False,0,Non-offensive,0,1,Unknown,Unknown,unknown,Unknown,Female
Forza juve,Unknown,False,False,False,False,False,False,0,Non-offensive,0,2,Unknown,Unknown,unknown,Unknown,Female
Danke Poppi❤️,Unknown,False,False,False,False,False,False,0,Non-offensive,1,2,Unknown,Unknown,unknown,Unknown,Female
Draw,Unknown,False,False,False,False,False,False,0,Non-offensive,0,1,Unknown,Unknown,unknown,Unknown,Female
I love you mckennie,Unknown,False,False,False,False,False,False,0,Non-offensive,0,2,Unknown,Unknown,unknown,Unknown,Female
Kenan my star🤍🖤⭐️🇹🇷,Unknown,False,False,False,False,False,False,0,Non-offensive,0,2,Unknown,Unknown,unknown,Unknown,Female
🎉🤍🖤,Unknown,False,False,False,False,False,False,0,Non-offensive,1,2,Unknown,Unknown,unknown,Unknown,Female
❤,Unknown,False,False,False,False,False,False,0,Non-offensive,0,2,Unknown,Unknown,unknown,Unknown,Female
😢🤍🖤🇮🇹,Unknown,False,False,False,False,False,False,0,Non-offensive,0,2,Unknown,Unknown,unknown,Unknown,Female
Nmecha darf bleiben,Unknown,False,False,False,False,False,False,0,Non-offensive,0,2,Unknown,Unknown,unknown,Unknown,Female
Camiiiiiiii❤️,Unknown,False,False,False,False,False,False,0,Non-offensive,0,2,Unknown,Unknown,unknown,Unknown,Female
VfL wolfsburg 💚🤍⚽,Unknown,False,False,False,False,False,False,0,Non-offensive,0,2,Unknown,Unknown,unknown,Unknown,Female
👏🏻🤍🖤🏴󠁧󠁢󠁥󠁮󠁧󠁿,Unknown,False,False,False,False,False,False,0,Non-offensive,0,1,Unknown,Unknown,unknown,Unknown,Female
Amoura 🇩🇿❤️,Unknown,False,False,False,False,False,False,0,Non-offensive,0,2,Unknown,Unknown,unknown,Unknown,Female
Forza juve🤍🖤🗿,Unknown,False,False,False,False,False,False,0,Non-offensive,0,1,Unknown,Unknown,unknown,Unknown,Female
Kenan Yildiz🔥🇹🇷❤️,Unknown,False,False,False,False,False,False,0,Non-offensive,0,2,Unknown,Unknown,unknown,Unknown,Female
🤍🖤🇧🇷,Unknown,False,False,False,False,False,False,0,Non-offensive,0,2,Unknown,Unknown,unknown,Unknown,Female
I love you  🤍JUVENTUS 🖤,Unknown,False,False,False,False,False,False,0,Non-offensive,2,2,Unknown,Unknown,unknown,Unknown,Female
Bravo Azdic!,Unknown,False,False,False,False,False,False,0,Non-offensive,1,2,Unknown,Unknown,unknown,Unknown,Female
Danke Poppi ❤,Unknown,False,False,False,False,False,False,0,Non-offensive,1,2,Unknown,Unknown,unknown,Unknown,Female
🥳🤍🖤,Unknown,False,False,False,False,False,False,0,Non-offensive,0,1,Unknown,Unknown,unknown,Unknown,Female
😢😢,Unknown,False,False,False,False,False,False,0,Non-offensive,1,1,Unknown,Unknown,unknown,Unknown,Female
JUVENTINI INDONESIA DI SINI ❤❤,Unknown,False,False,False,False,False,False,0,Non-offensive,0,1,Unknown,Unknown,unknown,Unknown,Female
Bro plis,Unknown,False,False,False,False,False,False,0,Non-offensive,0,1,Unknown,Unknown,unknown,Unknown,Female
I,Unknown,False,False,False,False,False,False,0,Non-offensive,0,1,Unknown,Unknown,unknown,Unknown,Female
Forza solo Juve,Unknown,False,False,False,False,False,False,0,Non-offensive,0,1,Unknown,Unknown,unknown,Unknown,Female
Danke Ewa 🐺🐺🐺,Unknown,False,False,False,False,False,False,0,Non-offensive,2,1,Unknown,Unknown,unknown,Unknown,Female
Forza Juve ❤,Unknown,False,False,False,False,False,False,0,Non-offensive,0,1,Unknown,Unknown,unknown,Unknown,Female
"Как при третьем голе защитница Фиорентины прибежала, улеглась в подкате уютненько и даже вставать не хотела не то что продолжать бороться, это очень мило🤣",Unknown,True,False,False,False,True,True,2,Sexism,0,1,Unknown,Unknown,unknown,Unknown,Female
الهجوم على هذا الفريق 😅🇩🇿🇩🇿🇩🇿🇩🇿,Unknown,False,False,False,False,True,True,1,Ability,2,2,Unknown,Unknown,unknown,Unknown,Female
Vamos Timãooooooooo...🦅🇧🇷,Unknown,False,False,False,False,False,False,0,Non-offensive,1,2,Unknown,Unknown,unknown,Unknown,Female
Attacke jetzt!,Unknown,False,False,False,False,False,False,0,Non-offensive,1,2,Unknown,Unknown,unknown,Unknown,Female
Super,Unknown,False,False,False,False,False,False,0,Non-offensive,2,2,Unknown,Unknown,unknown,Unknown,Female
🇩🇿❤️👍🏻👍🏻👍🏻👍🏻👍🏻,Unknown,False,False,False,False,False,False,0,Non-offensive,2,2,Unknown,Unknown,unknown,Unknown,Female
അടിച്ചു കേറി വാ മോനെ 😎,Unknown,False,False,False,False,False,False,0,Non-offensive,1,0,Unknown,Unknown,unknown,Unknown,Female
Tenho 18 anos e esse foi um dos melhores jogos que vi do timão,Unknown,False,False,False,False,False,False,0,Non-offensive,2,2,Unknown,Unknown,unknown,Unknown,Female
Top interview ❤️,Unknown,False,False,False,False,False,False,0,Non-offensive,1,0,Unknown,Unknown,unknown,Unknown,Female
Vivi 😘🐺❤️❤️❤️,Unknown,False,False,False,False,False,False,0,Non-offensive,1,2,Unknown,Unknown,unknown,Unknown,Female
Wow❤,Unknown,False,False,False,False,False,False,0,Non-offensive,2,2,Unknown,Unknown,unknown,Unknown,Female
Zinedine Zanoti 👏👏👏👏👏,Unknown,False,False,False,False,False,False,0,Non-offensive,2,2,Unknown,Unknown,unknown,Unknown,Female
un coup 12 c finito,Unknown,False,False,True,False,False,True,1,Violence,2,0,Unknown,Unknown,unknown,Unknown,Female
What a banger,Unknown,False,False,False,False,False,False,0,Non-offensive,1,2,Unknown,Unknown,unknown,Unknown,Female
💚🤍🐺,Unknown,False,False,False,False,False,False,0,Non-offensive,1,2,Unknown,Unknown,unknown,Unknown,Female
💚🤍🥳,Unknown,False,False,False,False,False,False,0,Non-offensive,1,2,Unknown,Unknown,unknown,Unknown,Female
Shirtaki?toll,Unknown,False,False,False,False,False,False,0,Non-offensive,1,1,Unknown,Unknown,unknown,Unknown,Female
"Aguante bombillo.....que saudades do estadio do meu Emelec 😢
Mais aqui no brasil sou 1.000% corinthiano roxo vai Corinthians.....agiante bombillo",Unknown,False,False,False,False,False,False,0,Non-offensive,1,2,Unknown,Unknown,unknown,Unknown,Female
👏🏼👏🏼👏🏼👏🏼,Unknown,False,False,False,False,False,False,0,Non-offensive,1,2,Unknown,Unknown,unknown,Unknown,Female
Vamos 🦅🔥,Unknown,False,False,False,False,False,False,0,Non-offensive,1,2,Unknown,Unknown,unknown,Unknown,Female
🇩🇿✊🏽,Unknown,False,False,False,False,False,False,0,Non-offensive,1,2,Unknown,Unknown,unknown,Unknown,Female
🥅🧤⚽️🔥,Unknown,False,False,False,False,False,False,0,Non-offensive,1,2,Unknown,Unknown,unknown,Unknown,Female
Kkkkkkkk carai mano todo mundo só falou o Edilson capelinha kkkkkkkkkkkkkkk,Unknown,False,False,True,False,False,True,1,Violence,1,2,Unknown,Unknown,unknown,Unknown,Female
😘💚💚💚🐺,Unknown,False,False,False,False,False,False,0,Non-offensive,2,1,Unknown,Unknown,unknown,Unknown,Female
🇮🇸🐺💚⚽👸🏽⚽💚🐺🇮🇸,Unknown,False,False,False,False,False,False,0,Non-offensive,1,0,Unknown,Unknown,unknown,Unknown,Female
Orients Keeper made some decent saves!,Unknown,False,False,False,False,False,False,0,Non-offensive,2,0,Unknown,Unknown,unknown,Unknown,Female
☺️🍿,Unknown,False,False,False,False,False,False,0,Non-offensive,0,0,Unknown,Unknown,unknown,Unknown,Female
🎉,Unknown,False,False,False,False,False,False,0,Non-offensive,1,2,Unknown,Unknown,unknown,Unknown,Female
Mülli!!!!,Unknown,False,False,False,False,False,False,0,Non-offensive,0,0,Unknown,Unknown,unknown,Unknown,Female
Allez Paris 🔵⚪,Unknown,False,False,False,False,False,False,0,Non-offensive,0,1,Unknown,Unknown,unknown,Unknown,Female
Je met 20 balle sur vous gagnez hein,Unknown,False,False,False,False,False,False,0,Non-offensive,2,0,Unknown,Unknown,unknown,Unknown,Female
Wimmet genial Genial Genial Genial ❤❤❤,Unknown,False,False,False,False,False,False,0,Non-offensive,2,1,Unknown,Unknown,unknown,Unknown,Female
Арса ❤❤❤,Unknown,False,False,False,False,False,False,0,Non-offensive,0,0,Unknown,Unknown,unknown,Unknown,Female
Ab nach Europa 🎉🎉,Unknown,False,False,False,False,False,False,0,Non-offensive,2,2,Unknown,Unknown,unknown,Unknown,Female
Ich mag die VfL-Mädels total.   ❤️❤️❤️,Unknown,False,False,False,False,False,False,0,Non-offensive,1,0,Unknown,Unknown,unknown,Unknown,Female
2 Punkte verloren 😮,Unknown,False,False,False,False,False,False,0,Non-offensive,0,2,Unknown,Unknown,unknown,Unknown,Female
Wow VFL WOLFSBURG❤❤❤❤❤ 5-0,Unknown,False,False,False,False,False,False,0,Non-offensive,2,2,Unknown,Unknown,unknown,Unknown,Female
Amoura 🇩🇿🇩🇿💪🏽💪🏽❤️❤️❤️❤️🇩🇿🇩🇿💪🏽💪🏽💪🏽💪🏽💪🏽,Unknown,False,False,False,False,False,False,0,Non-offensive,2,1,Unknown,Unknown,unknown,Unknown,Female
😂💚,Unknown,False,False,False,False,False,False,0,Non-offensive,0,1,Unknown,Unknown,unknown,Unknown,Female
💚🤍💚🤍💚🤍💚🤍💚,Unknown,False,False,False,False,False,False,0,Non-offensive,0,2,Unknown,Unknown,unknown,Unknown,Female
Paris❤,Unknown,False,False,False,False,False,False,0,Non-offensive,0,0,Unknown,Unknown,unknown,Unknown,Female
Come on Paris FC,Unknown,False,False,False,False,False,False,0,Non-offensive,1,1,Unknown,Unknown,unknown,Unknown,Female
💚💚💚⚽⚽⚽⚽,Unknown,False,False,False,False,False,False,0,Non-offensive,2,2,Unknown,Unknown,unknown,Unknown,Female
💚💚💚,Unknown,False,False,False,False,False,False,0,Non-offensive,0,0,Unknown,Unknown,unknown,Unknown,Female
А как же гол Аршавина Барселоне?🤜🏻,Unknown,False,False,False,False,False,False,0,Non-offensive,0,0,Unknown,Unknown,unknown,Unknown,Female
der kleine Papa Krzysztof Nowak,Unknown,False,False,False,False,False,False,0,Non-offensive,0,0,Unknown,Unknown,unknown,Unknown,Female
🥰,Unknown,False,False,False,False,False,False,0,Non-offensive,0,0,Unknown,Unknown,unknown,Unknown,Female
🤍💚🐺,Unknown,False,False,False,False,False,False,0,Non-offensive,0,1,Unknown,Unknown,unknown,Unknown,Female
Fantastic amoura...,Unknown,False,False,False,False,False,False,0,Non-offensive,1,0,Unknown,Unknown,unknown,Unknown,Female
🥳🥳,Unknown,False,False,False,False,False,False,0,Non-offensive,1,0,Unknown,Unknown,unknown,Unknown,Female
🐞🍀🐞🍀🐞🍀🐞🍀🐞👌,Unknown,False,False,False,False,False,False,0,Non-offensive,2,2,Unknown,Unknown,unknown,Unknown,Female
💚💚💪💪,Unknown,False,False,False,False,False,False,0,Non-offensive,0,2,Unknown,Unknown,unknown,Unknown,Female
Escros de père en fils 😂😂😂,Unknown,False,False,True,False,False,True,1,Violence,2,0,Unknown,Unknown,unknown,Unknown,Female
Ich hör nur mimimimi,Unknown,False,False,False,False,True,True,1,Ability,0,2,Unknown,Unknown,unknown,Unknown,Female
Men’s⚽️💀💀💀💀💀💀00,Unknown,True,False,False,False,True,True,2,Sexism,2,0,Unknown,Unknown,unknown,Unknown,Female
Merle,Unknown,False,False,False,False,False,False,0,Non-offensive,2,1,Unknown,Unknown,unknown,Unknown,Female
Maestro,Unknown,False,False,False,False,False,False,0,Non-offensive,2,1,Unknown,Unknown,unknown,Unknown,Female
forza juve,Unknown,False,False,False,False,False,False,0,Non-offensive,1,1,Unknown,Unknown,unknown,Unknown,Female
E vai fazer  muito  mais.,Unknown,False,False,False,False,False,False,0,Non-offensive,2,1,Unknown,Unknown,unknown,Unknown,Female
Super Kathy,Unknown,False,False,False,False,False,False,0,Non-offensive,1,1,Unknown,Unknown,unknown,Unknown,Female
beijinhos,Unknown,False,False,False,False,False,False,0,Non-offensive,2,1,Unknown,Unknown,unknown,Unknown,Female
Bravo Sveindís 🇮🇸,Unknown,False,False,False,False,False,False,0,Non-offensive,1,1,Unknown,Unknown,unknown,Unknown,Female
尤文图斯加油！！---喜欢尤文图斯33年的中国球迷,Unknown,False,False,False,False,False,False,0,Non-offensive,1,1,Unknown,Unknown,unknown,Unknown,Female
pra mim o Dorival menosprezou o adversario,Unknown,False,False,False,False,False,False,0,Non-offensive,1,1,Unknown,Unknown,unknown,Unknown,Female
"Corinthians deveria usar no Short  o Escudo CP,  ou  SCCP .
Porque não fica visualmente bom este .
Parece um despertador.
Ou põe este mesmo mas  todo preto  como na Camisa all black",Unknown,False,False,False,False,False,False,0,Non-offensive,1,1,Unknown,Unknown,unknown,Unknown,Female
Kalos mas irthes palikare...,Unknown,False,False,False,False,False,False,0,Non-offensive,2,1,Unknown,Unknown,unknown,Unknown,Female
3 a 0 hoje🖤🤍🎉,Unknown,False,False,False,False,False,False,0,Non-offensive,1,1,Unknown,Unknown,unknown,Unknown,Female
Juventus harus membeli idzes 🔥,Unknown,False,False,False,False,False,False,0,Non-offensive,2,1,Unknown,Unknown,unknown,Unknown,Female
Klasse 💚🐺,Unknown,False,False,False,False,False,False,0,Non-offensive,1,1,Unknown,Unknown,unknown,Unknown,Female
Memphis de blusa kkkkkkk,Unknown,True,False,False,True,False,True,2,Sexism,1,1,Unknown,Unknown,unknown,Unknown,Female
1:28 tatapan Vlahovic 😅,Unknown,False,False,False,True,False,True,1,Appearance,2,0,Unknown,Unknown,unknown,Unknown,Female
Danke Poppy 🖤❤️💛😭,Unknown,False,False,False,False,False,False,0,Non-offensive,2,2,Unknown,Unknown,unknown,Unknown,Female
Ja die Banane 😏😏😏,Unknown,False,False,False,False,False,False,0,Non-offensive,1,0,Unknown,Unknown,unknown,Unknown,Female
Krass man,Unknown,False,False,False,False,False,False,0,Non-offensive,0,2,Unknown,Unknown,unknown,Unknown,Female
Merle ❤,Unknown,False,False,False,False,False,False,0,Non-offensive,1,2,Unknown,Unknown,unknown,Unknown,Female
gönn dir 15 Tore Bruudaa 💚,Unknown,False,False,False,False,False,False,0,Non-offensive,2,1,Unknown,Unknown,unknown,Unknown,Female
Amoura ist die beste,Unknown,False,False,False,False,False,False,0,Non-offensive,0,2,Unknown,Unknown,unknown,Unknown,Female
Düsseldorf alaaf!,Unknown,False,False,False,False,False,False,0,Non-offensive,0,1,Unknown,Unknown,unknown,Unknown,Female
😂😂 This is the greatest thing I have seen in a while. Please team these two up again!!!!❤,Unknown,False,False,False,False,False,False,0,Non-offensive,1,2,Unknown,Unknown,unknown,Unknown,Female
Super les filles,Unknown,False,False,False,False,False,False,0,Non-offensive,2,2,Unknown,Unknown,unknown,Unknown,Female
عموووورة ❤🇩🇿💯♥️💫,Unknown,False,False,False,False,False,False,0,Non-offensive,2,0,Unknown,Unknown,unknown,Unknown,Female
wie coooool,Unknown,False,False,False,False,False,False,0,Non-offensive,2,2,Unknown,Unknown,unknown,Unknown,Female
amoura FORCE DZ  <3,Unknown,False,False,False,False,False,False,0,Non-offensive,2,2,Unknown,Unknown,unknown,Unknown,Female
Amouraaaaa go gooooo🇩🇿🇩🇿💪🏻💪🏻,Unknown,False,False,False,False,False,False,0,Non-offensive,1,2,Unknown,Unknown,unknown,Unknown,Female
😂😂😂 دزاير كامل راهي هنا,Unknown,False,False,False,False,False,False,0,Non-offensive,2,0,Unknown,Unknown,unknown,Unknown,Female
So random aber wie geil,Unknown,False,False,False,False,False,False,0,Non-offensive,1,0,Unknown,Unknown,unknown,Unknown,Female
