Video Title,Like Count,View Count,Comment Count,Commenter Name,Comment,Comment Like Count,YouTube Channel
Ingrid Engen et notre nouveau maillot extérieur. 😍 #ol #football #sports,179,6033,3,@Matteblak,RBF,0,OL Lyonnes
Ingrid Engen et notre nouveau maillot extérieur. 😍 #ol #football #sports,179,6033,3,@zaharahnamubiru,Princessa 😍😍😍,1,OL Lyonnes
Ingrid Engen et notre nouveau maillot extérieur. 😍 #ol #football #sports,179,6033,3,@DiarrababaFaye,Oh j'adore,1,OL Lyonnes
"Ingrid Engen, nouvelle Lyonne ! 💫",102,2409,6,@BonneAnnee2025,Bienvenue dans le meilleur club du monde 💪🏽💪🏽💪🏽💪🏽,0,OL Lyonnes
"Ingrid Engen, nouvelle Lyonne ! 💫",102,2409,6,@mariajorquera6966,Welcome 👏👏👏🦁❤️🎉,0,OL Lyonnes
"Ingrid Engen, nouvelle Lyonne ! 💫",102,2409,6,@alastor2262,"Super, je suis sûr que tu vas te régaler !",0,OL Lyonnes
"Ingrid Engen, nouvelle Lyonne ! 💫",102,2409,6,@Nelson69008,Bien content de sa venue,0,OL Lyonnes
"Ingrid Engen, nouvelle Lyonne ! 💫",102,2409,6,@Antoine-qe4bs,"Bienvenue Ingrid, allez l’OL.",1,OL Lyonnes
"Ingrid Engen, nouvelle Lyonne ! 💫",102,2409,6,@Frauenfußball_support,❤️💙🥹,0,OL Lyonnes
"Les premiers mots de notre nouvelle Lyonne, Ingrid Engen 🦁",225,4361,22,@joerrynicolas2006,"Ok Bienvenue à L'OL Lyonnes!  Faut aller chercher les autres : Korbin Albert,Lily Yohannes,Linda Caicedo, La jeune Canadienne aussi",0,OL Lyonnes
"Les premiers mots de notre nouvelle Lyonne, Ingrid Engen 🦁",225,4361,22,@HugoChar-673,"Welcome to Ingrid. Good motivation for Ada Hegerberg who will help her learn French quickly. But, I would really like OL to sign her in her prime, and not towards the end of her career which is imminent. Anyway, extra experience in defense never hurts, especially with the young recruits and the upcoming departure of Wendie Renard.",4,OL Lyonnes
"Les premiers mots de notre nouvelle Lyonne, Ingrid Engen 🦁",225,4361,22,@mariajorquera6966,Welcome....... Lionnes the best team. 👏👏👏❤️🦁🎉,3,OL Lyonnes
"Les premiers mots de notre nouvelle Lyonne, Ingrid Engen 🦁",225,4361,22,@SamiraAlbarka,Bonne arrivée,2,OL Lyonnes
"Les premiers mots de notre nouvelle Lyonne, Ingrid Engen 🦁",225,4361,22,@cvandletter9330,Everyone will welcome you. Ada is already a veteran at Ol Lyonnes,5,OL Lyonnes
"Les premiers mots de notre nouvelle Lyonne, Ingrid Engen 🦁",225,4361,22,@DenisREY-i4v,BELLE NANA POUR UNE FOOTBALLEUSE. NORVÉGIENNE.,0,OL Lyonnes
"Les premiers mots de notre nouvelle Lyonne, Ingrid Engen 🦁",225,4361,22,@rpgdave24,"I've watched many Barca games, she reads the game so well, great to watch.",5,OL Lyonnes
"Les premiers mots de notre nouvelle Lyonne, Ingrid Engen 🦁",225,4361,22,@NicolasHEIM1,"Une seule ombre au tableau, le logo",2,OL Lyonnes
"Les premiers mots de notre nouvelle Lyonne, Ingrid Engen 🦁",225,4361,22,@patrickdestrebecq1921,"Welcome Ingrid, bienvenue🎉🎉🎉🎉🎉🎉🎉",2,OL Lyonnes
"Les premiers mots de notre nouvelle Lyonne, Ingrid Engen 🦁",225,4361,22,@FaustaPierre,Bienvenue Ingrid.  On attend les autres recrues de classe mondiale au mileu de terrain.,5,OL Lyonnes
"Les premiers mots de notre nouvelle Lyonne, Ingrid Engen 🦁",225,4361,22,@jacky268,wowwww super recrue 👍👍👍👍👌👌👌💪💪💪,5,OL Lyonnes
"Les premiers mots de notre nouvelle Lyonne, Ingrid Engen 🦁",225,4361,22,@bandeapart88,Welcome,3,OL Lyonnes
"Les premiers mots de notre nouvelle Lyonne, Ingrid Engen 🦁",225,4361,22,@djamelbouras2806,Je crois que les lyonnes seront trop fortes cette année!!!,6,OL Lyonnes
"Les premiers mots de notre nouvelle Lyonne, Ingrid Engen 🦁",225,4361,22,@SuperNashi,Welcome !,4,OL Lyonnes
"Les premiers mots de notre nouvelle Lyonne, Ingrid Engen 🦁",225,4361,22,@jozidozi,So exciting! Been following Ingrid's career from her time at Wolfsburg. Hope she'll be happy and play her best here at OL Lyonnes.,11,OL Lyonnes
"Les premiers mots de notre nouvelle Lyonne, Ingrid Engen 🦁",225,4361,22,@Frauenfußball_support,❤️💙🥹,2,OL Lyonnes
"Les premiers mots de notre nouvelle Lyonne, Ingrid Engen 🦁",225,4361,22,@bugszoo1,Welcome Ingrid 🔴🔵,4,OL Lyonnes
"Les premiers mots de notre nouvelle Lyonne, Ingrid Engen 🦁",225,4361,22,@zaharahnamubiru,Yess queen let's go ❤ this is going to be amazing,3,OL Lyonnes
"Les premiers mots de notre nouvelle Lyonne, Ingrid Engen 🦁",225,4361,22,@BonneAnnee2025,"Bienvenue dans le meilleur club du monde 
Allez l OL",6,OL Lyonnes
Marie-Antoinette Katoto se confie après sa signature🎙️,309,8256,76,@chacazoulou6694,Katoto c’est une joueuse non challenger,0,OL Lyonnes
Marie-Antoinette Katoto se confie après sa signature🎙️,309,8256,76,@IbrahimMohamadi-d3c,"J'aime le football, mn équipe féminine préférée se lyonnaise",0,OL Lyonnes
Marie-Antoinette Katoto se confie après sa signature🎙️,309,8256,76,@redouanesebia7116,Elle veut gagner la champions league elle sait qu’en restant à paris elle n’aurait aucune chance,0,OL Lyonnes
Marie-Antoinette Katoto se confie après sa signature🎙️,309,8256,76,@IbrahimMohamadi-d3c,"N'écoute personne se ta  décision  ,les gens critique derrière  ton dos .se ton choix pour rejoint lyonnaise",0,OL Lyonnes
Marie-Antoinette Katoto se confie après sa signature🎙️,309,8256,76,@IbrahimMohamadi-d3c,Chacun a son vie,0,OL Lyonnes
Marie-Antoinette Katoto se confie après sa signature🎙️,309,8256,76,@IbrahimMohamadi-d3c,Se son choix,0,OL Lyonnes
Marie-Antoinette Katoto se confie après sa signature🎙️,309,8256,76,@tutopod7892,❤️💙,1,OL Lyonnes
Marie-Antoinette Katoto se confie après sa signature🎙️,309,8256,76,@emijall697,❤❤❤❤❤,1,OL Lyonnes
Marie-Antoinette Katoto se confie après sa signature🎙️,309,8256,76,@eliemerlin1452,Bienvenue  à  Lyon  Marie  j'ai  hâte  de  te  voir  sur  le  terrain  !!  😊❤,1,OL Lyonnes
Marie-Antoinette Katoto se confie après sa signature🎙️,309,8256,76,@christophechris4334,C'est exactement ce que je pensais de Marie-Antoinette Katoto et c'est pour cela que j'ai toujours eu beaucoup de respect pour cette joueuse et de la voir arriver aujourd'hui à L'OL Lyonnes c'est que du bonheur dans la lignée de tout ce qui a été réalisé jusqu'à aujourd'hui,2,OL Lyonnes
Marie-Antoinette Katoto se confie après sa signature🎙️,309,8256,76,@SamiraAlbarka,Bien venu à L'OL  et beaucoup de courage,1,OL Lyonnes
Marie-Antoinette Katoto se confie après sa signature🎙️,309,8256,76,@todeachija1730,"Très grande joueuse ,je te SOUHAITE UNE très grande reuissite  ,METS ta carriere dans la main du seigneur.",0,OL Lyonnes
Marie-Antoinette Katoto se confie après sa signature🎙️,309,8256,76,@farnexlouis4768,"Without MELCHIE DUMORNAY, LYON AINT SHIT.",1,OL Lyonnes
Marie-Antoinette Katoto se confie après sa signature🎙️,309,8256,76,@NicolasHEIM1,"pessimiste, j'espère me tromper, mais l'ol feminin est mal barrée dans les années à venir, maintenant l'avenir s'appelle angleterre
malheureusement le foot féminin français est une vrai catastrophe",2,OL Lyonnes
Marie-Antoinette Katoto se confie après sa signature🎙️,309,8256,76,@timoskytreehill6376,"Très beau discours de Marie-Antoinette Katoto avec maturité et confiance, 
Je suis convaincu qu'elle va réussir sa carrière à l'Olympique Lyonnais, et gagner des titres toutes les compétitions confondues, ceci  est une bonne nouvelle pour nous qui aimons Marie-Antoinette Katoto,
bonne chance et surtout courage, parce que c'est un nouveau défi à relever.",1,OL Lyonnes
Marie-Antoinette Katoto se confie après sa signature🎙️,309,8256,76,@aichaHanifi-f9m,Bienvenido kato🎉🎉,0,OL Lyonnes
Marie-Antoinette Katoto se confie après sa signature🎙️,309,8256,76,@TemitopeMatthew-fd3gl,👏👏👏,0,OL Lyonnes
Marie-Antoinette Katoto se confie après sa signature🎙️,309,8256,76,@didierpierson3704,Grosse concurrence dans le secteur offensif de l' OLL !! Certaines risquent de trop peu jouer ...,0,OL Lyonnes
Marie-Antoinette Katoto se confie après sa signature🎙️,309,8256,76,@laurenttosh5655,Elle a compris qu'elle gagnera jamais une ligue des champions avec le QSG !,1,OL Lyonnes
Marie-Antoinette Katoto se confie après sa signature🎙️,309,8256,76,@kosingozlanthony9903,Bienvenue MAK 😉 Tu vas briller ici,0,OL Lyonnes
Marie-Antoinette Katoto se confie après sa signature🎙️,309,8256,76,@FodayJallow-d4s,Welcome sister 🫶,1,OL Lyonnes
Marie-Antoinette Katoto se confie après sa signature🎙️,309,8256,76,@jropaul5871,"Pour que l'équipe soit meilleure que la saison 2024-2025 , il faut aller chercher clara Matteo , elle renforcera la sérénité de OL lyonnes surtout dans la ligne offensive .",3,OL Lyonnes
Marie-Antoinette Katoto se confie après sa signature🎙️,309,8256,76,@Jun-yn5rv,"Bienvenue à l'OL ! Je te souhaite de reussir, de retrouver de la joie et prendre du plaisir à jouer au foot",6,OL Lyonnes
Marie-Antoinette Katoto se confie après sa signature🎙️,309,8256,76,@mariajorquera6966,Thanks Michele Kang 👏👏👏🦁🎉🏆,3,OL Lyonnes
Marie-Antoinette Katoto se confie après sa signature🎙️,309,8256,76,@jean-claudeeme6520,Son ambition??remplir le compte en banque,3,OL Lyonnes
Marie-Antoinette Katoto se confie après sa signature🎙️,309,8256,76,@jean-claudeeme6520,Une évidence  ...manque pas d air😂😂 ..le Psg lui a tout donné,2,OL Lyonnes
Marie-Antoinette Katoto se confie après sa signature🎙️,309,8256,76,@jean-claudeeme6520,Devenue un boulet depuis sa blessure,2,OL Lyonnes
Marie-Antoinette Katoto se confie après sa signature🎙️,309,8256,76,@DenisREY-i4v,"L'équipe de France même avec elle dans l'équipe n'a rien gagné,aucun titre. A son bla bla à d'autres. Elle mouillé pas le maillot pour l'équipe.",4,OL Lyonnes
Marie-Antoinette Katoto se confie après sa signature🎙️,309,8256,76,@delattremartial,une traitre de plus à ol,0,OL Lyonnes
Marie-Antoinette Katoto se confie après sa signature🎙️,309,8256,76,@DamakoJoseph-d3r,🇨🇵🇨🇵🇨🇵🇨🇵🇨🇵🇧🇷🇧🇷🇧🇷🇧🇷🇭🇹🇭🇹🇭🇹🇪🇦🇪🇦,2,OL Lyonnes
Marie-Antoinette Katoto se confie après sa signature🎙️,309,8256,76,@DamakoJoseph-d3r,Good job 🔥🔥🔥🔥🔥🔥🔥,2,OL Lyonnes
Marie-Antoinette Katoto se confie après sa signature🎙️,309,8256,76,@Pédro-p7s8o,"Bienvenue à l'OL Marie-Antoinette !
   Plein de réussite à toi !",8,OL Lyonnes
Marie-Antoinette Katoto se confie après sa signature🎙️,309,8256,76,@quentinjuninho1516,Elle a bien parlé,2,OL Lyonnes
Marie-Antoinette Katoto se confie après sa signature🎙️,309,8256,76,@BonneAnnee2025,"J espère qu elle sourira chez nous 
Allez l OL 💪🏽💪🏽💪🏽",0,OL Lyonnes
Marie-Antoinette Katoto se confie après sa signature🎙️,309,8256,76,@cvandletter9330,"Vraiment Lyon.... Katoto, Diani, Chawinga, Horan, Sombath, Dabritz, Endler, etc... Bravo Marie et bonne application",3,OL Lyonnes
Marie-Antoinette Katoto se confie après sa signature🎙️,309,8256,76,@Youssoudiouf-m8h,Bienvenue M.A.Catato la femme battante,2,OL Lyonnes
Marie-Antoinette Katoto se confie après sa signature🎙️,309,8256,76,@RespecTheLevYT,I thought you were going to MADRID?!?!?!,1,OL Lyonnes
Marie-Antoinette Katoto se confie après sa signature🎙️,309,8256,76,@RespecTheLevYT,Bro Katoto how COULD you 💀😭,0,OL Lyonnes
Marie-Antoinette Katoto se confie après sa signature🎙️,309,8256,76,@arielleadjoua9241,Bienvenue Katoto ❤❤,6,OL Lyonnes
Marie-Antoinette Katoto se confie après sa signature🎙️,309,8256,76,@stevenhounsanou2737,C'est une ingrate et hypocrite,0,OL Lyonnes
Marie-Antoinette Katoto se confie après sa signature🎙️,309,8256,76,@djamelbouras138,Je ne connaissais pas cette facette de la personnalité de marie-antoinette katoto et je suis agréablement surpris. Elle parle comme une fan de l'Olympique lyonnais mais elle va participer a gagner de nombreux titres avec son nouveau club👍,15,OL Lyonnes
Marie-Antoinette Katoto se confie après sa signature🎙️,309,8256,76,@nicolasi1844,Le PSG est vraiment le club-école de l'OL féminin.,2,OL Lyonnes
Marie-Antoinette Katoto se confie après sa signature🎙️,309,8256,76,@cheikhtidianeseck7550,bienvenue MARIE,6,OL Lyonnes
Marie-Antoinette Katoto rejoint OL Lyonnes ! 💫,115,3632,19,@tutopod7892,Bienvenue goat ❤️💙,0,OL Lyonnes
Marie-Antoinette Katoto rejoint OL Lyonnes ! 💫,115,3632,19,@TemitopeMatthew-fd3gl,Congrats👏👏👏,0,OL Lyonnes
Marie-Antoinette Katoto rejoint OL Lyonnes ! 💫,115,3632,19,@mariajorquera6966,Welcome to the best team 👏👏👏🦁❤️🎉,1,OL Lyonnes
Marie-Antoinette Katoto rejoint OL Lyonnes ! 💫,115,3632,19,@BUSH4REAL,It looks like every psg women players dream is to play for lyon,1,OL Lyonnes
Marie-Antoinette Katoto rejoint OL Lyonnes ! 💫,115,3632,19,@jean-claudeeme6520,́les naïfs de Lyon croient au boulet Katoto 😂,0,OL Lyonnes
Marie-Antoinette Katoto rejoint OL Lyonnes ! 💫,115,3632,19,@jean-claudeeme6520,Lyon ne sait qu accumuler des ex attaquantes du Psg depuis 2a..Diani Chawinga  et là katoto  et y aura 0 Ldc,0,OL Lyonnes
Marie-Antoinette Katoto rejoint OL Lyonnes ! 💫,115,3632,19,@dacoofficiel,🔴🔵🦁✨,3,OL Lyonnes
Marie-Antoinette Katoto rejoint OL Lyonnes ! 💫,115,3632,19,@cocovi,Bravo Mariiieee!!!,1,OL Lyonnes
Marie-Antoinette Katoto rejoint OL Lyonnes ! 💫,115,3632,19,@alastor2262,Bienvenue à l'OL Lyonnes !♥♥♥,2,OL Lyonnes
Marie-Antoinette Katoto rejoint OL Lyonnes ! 💫,115,3632,19,@BADOUTTEGUIRLENEJnCHARLE-jj4px,Bienvenue❤💙🤍,2,OL Lyonnes
Marie-Antoinette Katoto rejoint OL Lyonnes ! 💫,115,3632,19,@arielleadjoua9241,Bienvenue ❤❤,1,OL Lyonnes
Marie-Antoinette Katoto rejoint OL Lyonnes ! 💫,115,3632,19,@Antoine-qe4bs,Bienvenue Marie-Antoinette. Allez l’OL.,1,OL Lyonnes
Marie-Antoinette Katoto rejoint OL Lyonnes ! 💫,115,3632,19,@YasnaCavieres,🐐🐐🐐🐐🐐🐐🐐🐐🐐🐐❤️💙,1,OL Lyonnes
Marie-Antoinette Katoto rejoint OL Lyonnes ! 💫,115,3632,19,@felinebb5481,Bienvenue a toi Marie ❤,2,OL Lyonnes
Marie-Antoinette Katoto rejoint OL Lyonnes ! 💫,115,3632,19,@Christian-l9c,Bienvenue à Lyon marie Antoinette 🎉🎉🎉🎉,6,OL Lyonnes
"Amel & Vicki : Votre club, Notre force #4 💫",52,1426,3,@mariajorquera6966,"Nice, I love lionnes 🎉❤🎉❤🎉",0,OL Lyonnes
"Amel & Vicki : Votre club, Notre force #4 💫",52,1426,3,@fatoumatadiop2779,Lionnes,0,OL Lyonnes
"Amel & Vicki : Votre club, Notre force #4 💫",52,1426,3,@dacoofficiel,🔴🔵🦁✨,1,OL Lyonnes
"Eugénie, à la poursuite d'un rêve 🎞️✨",496,16465,47,@SylviePharaboz,Merci pour ce documentaire. On en sait un peu plus sur la légende Eugénie toujours si humble après son incroyable parcours qui aurait dû continuer avec l euro 2025.,0,OL Lyonnes
"Eugénie, à la poursuite d'un rêve 🎞️✨",496,16465,47,@goupil7425,"Légende du football français, ni plus ni moins. L'histoire n'est pas terminée,",0,OL Lyonnes
"Eugénie, à la poursuite d'un rêve 🎞️✨",496,16465,47,@remy2824,Merci Eugénie,0,OL Lyonnes
"Eugénie, à la poursuite d'un rêve 🎞️✨",496,16465,47,@kobayecommente,Wow. Superbe rétrospective d'une joueuse exceptionnelle. On t'aime Eugénie !,0,OL Lyonnes
"Eugénie, à la poursuite d'un rêve 🎞️✨",496,16465,47,@MichelToursel-fh6ie,"Eugénie, en tant que supporter lensois, nous te remercions du fond du cœur pour tout le bonheur que tu nous as apporté. Bonne route championne ❤️💛❤️💛",2,OL Lyonnes
"Eugénie, à la poursuite d'un rêve 🎞️✨",496,16465,47,@elsadayde2651,Super beau reportage ! Eugénie on t'aime ❤💙,1,OL Lyonnes
"Eugénie, à la poursuite d'un rêve 🎞️✨",496,16465,47,@didierboutet2494,"Eugénie, l'Ange du football. Merci pour tout ce que tu nous as donné comme plaisir. Plein de bonheur pour la suite de ta vie.",4,OL Lyonnes
"Eugénie, à la poursuite d'un rêve 🎞️✨",496,16465,47,@stagesels990,🔥🔥🔥,0,OL Lyonnes
"Eugénie, à la poursuite d'un rêve 🎞️✨",496,16465,47,@jmw-f6m,c'est trop marrant,0,OL Lyonnes
"Eugénie, à la poursuite d'un rêve 🎞️✨",496,16465,47,,Merci pour ce beau reportage 🤩,2,OL Lyonnes
"Eugénie, à la poursuite d'un rêve 🎞️✨",496,16465,47,@FlorianDariel,😍,0,OL Lyonnes
"Eugénie, à la poursuite d'un rêve 🎞️✨",496,16465,47,@yolomolo3889,Please add English subtitles,0,OL Lyonnes
"Eugénie, à la poursuite d'un rêve 🎞️✨",496,16465,47,@magalimorin1866,Ouahh!!!,2,OL Lyonnes
"Eugénie, à la poursuite d'un rêve 🎞️✨",496,16465,47,@Erkey86,"Et oui, et aujourd'hui l'OL l'a trahis.... On vous aime Eugénie. Vous avez marqué à jamais le foot féminin. ❤",2,OL Lyonnes
"Eugénie, à la poursuite d'un rêve 🎞️✨",496,16465,47,@ChristopherBouchain,Allez e le sommer. Manquer,0,OL Lyonnes
"Eugénie, à la poursuite d'un rêve 🎞️✨",496,16465,47,@nus786,"Bcp réalisent pa encore le parcours d Eugénie. De jouer avec les garçons en petits, critiques,.. Elle a tout survécu et comment. Tellement tellement fière d elle. Un vrai model de feminism. Fier d etre fan d elle. Elle mérite tout ce succès. Elle a bossé grave. Une légende et un exemple.",5,OL Lyonnes
"Eugénie, à la poursuite d'un rêve 🎞️✨",496,16465,47,@eternelle210,❤❤❤,0,OL Lyonnes
"Eugénie, à la poursuite d'un rêve 🎞️✨",496,16465,47,@estrademichel,Merci Eugénie !,5,OL Lyonnes
"Eugénie, à la poursuite d'un rêve 🎞️✨",496,16465,47,@SylvixPika,Très beau documentaire. La musique est un peu désagréable. Merci Eugénie  !!!,0,OL Lyonnes
"Eugénie, à la poursuite d'un rêve 🎞️✨",496,16465,47,@byronmovie,magnifique documentaire,2,OL Lyonnes
"Eugénie, à la poursuite d'un rêve 🎞️✨",496,16465,47,@maumartin2316,"MercEugénie pour tout ce que tu as apporté à  l ' OL , tu vas nous manqué 😢on t' M❤❤❤❤❤❤❤❤❤",5,OL Lyonnes
"Eugénie, à la poursuite d'un rêve 🎞️✨",496,16465,47,@infoskipper1,😂formidable présentation d'une grande joueuse,4,OL Lyonnes
"Eugénie, à la poursuite d'un rêve 🎞️✨",496,16465,47,@MADMAX-bd3yk,"🧝‍♀️ wé son reve 🎇✨☝️ c est le "" maintien🦁""  en D1 ARKEMA  # 🦁💰🅾️€",0,OL Lyonnes
"Eugénie, à la poursuite d'un rêve 🎞️✨",496,16465,47,@LouisVaudaine,bravo eugenie pour toutes ses annees passer a l olympique lyonnais que ce soi en equipe de france comme dans ton club respect mademoiselle,7,OL Lyonnes
"Eugénie, à la poursuite d'un rêve 🎞️✨",496,16465,47,@valmontvicomte8156,"Superbe reportage. Bien rythmée, très intéressant et très touchant. On ressent les valeurs d'Eugénie, de sa famille et de toutes les personnes qui ont traversé sont parcours. Bravo Eugénie . Merci pour le plaisir que tu as procuré en pratiquant ton sport.",6,OL Lyonnes
"Eugénie, à la poursuite d'un rêve 🎞️✨",496,16465,47,@amiedheloise,"Bravo pour votre documentaire, très touchant",3,OL Lyonnes
"Eugénie, à la poursuite d'un rêve 🎞️✨",496,16465,47,@Chris-gz2yz,"Merci pour ce très beau documentaire et bon vent à Eugénie, quoi qu'elle fasse ❤",3,OL Lyonnes
"Eugénie, à la poursuite d'un rêve 🎞️✨",496,16465,47,@tutopod7892,Magnifique le documentaire et merci de l’avoir publié sur YouTube ❤️💙,9,OL Lyonnes
"Eugénie, à la poursuite d'un rêve 🎞️✨",496,16465,47,@jean-luccauli2110,"Merci pour ce fabuleux reportage sur l'histoire et l'évolution d'Eugénie, évolution pas toujours facile, une guerrière  !",5,OL Lyonnes
"Eugénie, à la poursuite d'un rêve 🎞️✨",496,16465,47,@mariajorquera6966,"Nice, thanks galactc 👏👏👏🏆",1,OL Lyonnes
"Eugénie, à la poursuite d'un rêve 🎞️✨",496,16465,47,@MalaMuthiz,Brillante❤❤❤,5,OL Lyonnes
"Eugénie, à la poursuite d'un rêve 🎞️✨",496,16465,47,@lucsaro8318,Bravo MADAME,2,OL Lyonnes
"Eugénie, à la poursuite d'un rêve 🎞️✨",496,16465,47,@wunnne,A jamais ma légende préférée ♥💙,5,OL Lyonnes
"Eugénie, à la poursuite d'un rêve 🎞️✨",496,16465,47,@alastor2262,"Eugénie, Jean-Michel, le trio gagnant du foot lyonnais !! 😎",3,OL Lyonnes
"Eugénie, à la poursuite d'un rêve 🎞️✨",496,16465,47,@ericmallet8416,"Je ne veux pas me vanter mais j'étais un des rares photographes et journalistes à médiatiser le foot au féminin. C'était en 1988 ou à l'époque OL Féminin n'existait pas c'était le FC LYON elles ont été 4 fois championnes de France. J'ai connu Eugénie elle jouait pour St-Brieuc; Beaucoup de médias ce moquaient de moi car j'essayais de médiatiser au maximum le foot féminin. Pour terminer, je ne suis pas surpris de la belle carrière de cette joueuse. Elle a un talent de dingue et je me suis régalé de la voir jouer. Bravo Mme, vous avez fait vibrer non pas un stade mais des coeurs de beaucoup de supporters.",17,OL Lyonnes
"Eugénie, à la poursuite d'un rêve 🎞️✨",496,16465,47,@Narleaahhh,Ce genre de docu 🥰,4,OL Lyonnes
"Eugénie, à la poursuite d'un rêve 🎞️✨",496,16465,47,@stephanr.864,Bon ben ya plus qu’à nommer le futur centre de formation des Lyonnes à son nom !!!,5,OL Lyonnes
"Eugénie, à la poursuite d'un rêve 🎞️✨",496,16465,47,@DenisREY-i4v,"Il faut accepter les décisions, dans tout les sports il y a une fin ,le corps ne suis plus, les blessures à répétitions c'est un signe. Une Eugénie il y a peut être la relève .😢😢",2,OL Lyonnes
"Eugénie, à la poursuite d'un rêve 🎞️✨",496,16465,47,@bandeapart88,Tres Bon documentary,3,OL Lyonnes
"Eugénie, à la poursuite d'un rêve 🎞️✨",496,16465,47,@DedeteJeudy,Eugie Belle âme❤,4,OL Lyonnes
"Eugénie, à la poursuite d'un rêve 🎞️✨",496,16465,47,@ManonForay-df2qy,"Merci de l’avoir mit sur YouTube , la championne 👏👏 on l oubliera jamais !",16,OL Lyonnes
"Eugénie, à la poursuite d'un rêve 🎞️✨",496,16465,47,@enarozing,La meilleure ❤,10,OL Lyonnes
"Eugénie, à la poursuite d'un rêve 🎞️✨",496,16465,47,@francoismonier1062,"Quelle femme, quelle Championne ! 💪🏻👏🏻👏🏻👏🏻🙏🏻❤️",16,OL Lyonnes
"Eugénie, à la poursuite d'un rêve 🎞️✨",496,16465,47,@dacoofficiel,🔴🔵🦁✨,4,OL Lyonnes
"Nouveau logo, version ASMR. 🔊🖍️ #football #ol #foot",158,5169,3,@HB-ep5td,"I’m not going to lie, this rebrand is so trashy it makes the bosnation more balls campaign look classy. It reeks of the stereotype of ignorance toward culture, history, and language. Those in charge of the rebrand only had to look as far as the “Bordeaux Girondins”  fiasco to know how disgustingly terrible this move is.",0,OL Lyonnes
"Nouveau logo, version ASMR. 🔊🖍️ #football #ol #foot",158,5169,3,@YasnaCavieres,The new badge is growing on me ! I liked the explanation on how was conceived and the idea behind it… and I think well done… will take a while to people to get used to it but is normal . Keep up the good work … I hope the players will be up for the challenges for next season.. they need to up their game and I hope the club sign a good and competent coach for once.,0,OL Lyonnes
"Nouveau logo, version ASMR. 🔊🖍️ #football #ol #foot",158,5169,3,@Simone-t7s,Yes bravo 👏👏👏👏🎉🎉🎉 león de LYON an avant tout les joueuse 🇭🇹🫂🙏,0,OL Lyonnes
Jule Brand rejoint OL Lyonnes ! 💫,216,8528,50,@aynealemebaraya1619,I love this girl,0,OL Lyonnes
Jule Brand rejoint OL Lyonnes ! 💫,216,8528,50,@TemitopeMatthew-fd3gl,Congrats👏👏👏,1,OL Lyonnes
Jule Brand rejoint OL Lyonnes ! 💫,216,8528,50,@ingolfby,"wrong decision! better to Barcelona, but all the best Jule",0,OL Lyonnes
Jule Brand rejoint OL Lyonnes ! 💫,216,8528,50,@tutopod7892,Wilkommen jule ❤️💙,0,OL Lyonnes
Jule Brand rejoint OL Lyonnes ! 💫,216,8528,50,@johnnyboy3949,She is the sexiest woman on earth. She is gorgeous! ❤,1,OL Lyonnes
Jule Brand rejoint OL Lyonnes ! 💫,216,8528,50,@nohat421,Viel Erfolg :),0,OL Lyonnes
Jule Brand rejoint OL Lyonnes ! 💫,216,8528,50,@VinyVINY-od3px,"Excellente joueuse. Une très bonne recrue pour les Lyonnes. Elle a un jeu avec beaucoup d'ampleur et sera un très bon équivalent gauche de Diani. Par contre il faudra aussi recruter au milieu avec les départs de Dabritz, Marojan, DVD et Huerta.",3,OL Lyonnes
Jule Brand rejoint OL Lyonnes ! 💫,216,8528,50,@wolfsfarm7667,"Herzlichen Glückwunsch liebe Gazelle. Ich hoffe, es ist eine glückliche Station für Dich. Ich bin sicher, Du wirst mit Deiner Geschwindigkeit und Deinem Dribbelkönnen Deinen Platz sichern und erfolgreich ausbauen. Du bist eine sehr mutige Frau!!!   Alles Liebe vom Wolf",2,OL Lyonnes
Jule Brand rejoint OL Lyonnes ! 💫,216,8528,50,@ChristianGuyot-d1y,Welcome to this brillant team. We wish you to shine in the pitch.,3,OL Lyonnes
Jule Brand rejoint OL Lyonnes ! 💫,216,8528,50,@redouanesebia7116,C’est complètement stupide d’avoir changé de nom l’olympique lyonnais reste l’olympique lyonnais maintenant les équipes européennes ne sauront même pas que c’est Lyon,1,OL Lyonnes
Jule Brand rejoint OL Lyonnes ! 💫,216,8528,50,@sacholo-2907,Bang !!!!!! ✍️🤝🧏‍♂️🧏‍♂️🧏‍♂️😈,0,OL Lyonnes
Jule Brand rejoint OL Lyonnes ! 💫,216,8528,50,@MADMAX-bd3yk,☝️🧝‍♀️ 1 renfort pour la saison 2025/2026 ☝️en D2 ARKEMA 🦁💰↘️💪☝️en + pas de convocation pour RENARD & LE SEMEUR ☝️ en E.D.F F 🇫🇷    # ALLEZ LES LYONNES  🦁faites nous une bonne mayonnaise 🍯🥣 👍,0,OL Lyonnes
Jule Brand rejoint OL Lyonnes ! 💫,216,8528,50,@basile-deyersin,Pourquoi parler Anglais ????? 🤔,0,OL Lyonnes
Jule Brand rejoint OL Lyonnes ! 💫,216,8528,50,@kantsagurung175,Wow welcome 👏👏👏💐,0,OL Lyonnes
Jule Brand rejoint OL Lyonnes ! 💫,216,8528,50,@mariajorquera6966,Welcome the Best team 👏👏👏,0,OL Lyonnes
Jule Brand rejoint OL Lyonnes ! 💫,216,8528,50,@mariajorquera6966,I love lyonnes ❤🎉❤🎉,0,OL Lyonnes
Jule Brand rejoint OL Lyonnes ! 💫,216,8528,50,@lovepowerandpoetry2523,Bienvenue Jule !😊,3,OL Lyonnes
Jule Brand rejoint OL Lyonnes ! 💫,216,8528,50,@biehlerclement26,Super recrue ! Wilkommen Julie !,3,OL Lyonnes
Jule Brand rejoint OL Lyonnes ! 💫,216,8528,50,@jean-claudeeme6520,Le Psg aurait dû y aller mais sont nuls en recrutement,0,OL Lyonnes
Jule Brand rejoint OL Lyonnes ! 💫,216,8528,50,@jean-claudeeme6520,Une bonne joueuse mais une attaquante de +,0,OL Lyonnes
Jule Brand rejoint OL Lyonnes ! 💫,216,8528,50,@valmontvicomte8156,"A priori excellente pioche ... Si le mercato se fait avec sérieux, la saison prochaine  peut bien se passer mais attention au milieu de terrain ! Egurolla est seule en N°6, Linday Heaps a parfois des baisses de régime et les départs de VDD et Dabritz (même si elle jouait bien trop peu) vont devoir être compensés avec des 'gros moteurs' mais sachant aussi manier le ballon. Le départ de Dabritz au Réal Madrid annonce peut être un beau Mercato en Espagne. Entre l'Angleterre au Top, l'Espagne qui  se renforce et l'Italie qui progresse, le PSG PFC et les Lyonnes vont avoir de la concurrence !",7,OL Lyonnes
Jule Brand rejoint OL Lyonnes ! 💫,216,8528,50,@jean-danielmartino9619,"Willkommen, Jule.",0,OL Lyonnes
Jule Brand rejoint OL Lyonnes ! 💫,216,8528,50,@djamelbouras2806,Une jeune joueuse avec déjà beaucoup d'expérience super recrue!!!,10,OL Lyonnes
Jule Brand rejoint OL Lyonnes ! 💫,216,8528,50,@IsaqueEmanoelDosSantosCunh-v4e,Oi❤❤❤❤❤❤lindo,0,OL Lyonnes
Jule Brand rejoint OL Lyonnes ! 💫,216,8528,50,@OL-Asvel-kk.Partizan,"J'espère que ça veut dire Qu'Amel Majri pourra jouer milieu gauche, pas qu'elle s'en va.",0,OL Lyonnes
Jule Brand rejoint OL Lyonnes ! 💫,216,8528,50,@BonneAnnee2025,Let s go allez l OL 💪🏽💪🏽💪🏽💪🏽,3,OL Lyonnes
Jule Brand rejoint OL Lyonnes ! 💫,216,8528,50,@OL-Asvel-kk.Partizan,"Welcome Jule. What a great side it will be. Tabitha or Jule as a winger, I love it.",4,OL Lyonnes
Jule Brand rejoint OL Lyonnes ! 💫,216,8528,50,@Eleday974,Bienvenue ! Je te souhaite le meilleur !,1,OL Lyonnes
Jule Brand rejoint OL Lyonnes ! 💫,216,8528,50,@DamakoJoseph-d3r,Good job Lyon,2,OL Lyonnes
OL Lyonnes : une transformation historique pour un club d’exception,172,7432,33,@AdrienP-l4u,"C’est nul de faire scission avec les hommes, d’autant plus que Lyonnes n’est pas un mot de la langue française. Un non sens de plus dans cette société sans boussole !",1,OL Lyonnes
OL Lyonnes : une transformation historique pour un club d’exception,172,7432,33,@anticons1296,"Le changement de nom est à l'image de la démagogie ambiante - RI-DI-CULE... et les commentaires des joueuses d'une bêtise sans nom - si vous pensez que ça fait avancer l'égalité homme-femmes (qui me tient à coeur)...autant complètement changer de nom de club si cela traumatise les joueuses de jouer sous la banière de Lyon (et non de LION) bande d'abruties - Lyonnes avec un y n'existe pas vous mélangez tout - c'était la dernière équipe de foot hommes et femmes confondus que je suivais, dommage",0,OL Lyonnes
OL Lyonnes : une transformation historique pour un club d’exception,172,7432,33,@mustaphahjudeseliezercaron05,Le logo devrais rester la même 😢😢😢😢,0,OL Lyonnes
OL Lyonnes : une transformation historique pour un club d’exception,172,7432,33,@jeanpaulcoulpin9753,"‘J’imagine que beaucoup d’entre vous ont faits des safaris en Afrique’ , qu’est-ce qu’ils peuvent être drôles ces milliardaires , un peu déconnectés quand même  ..l",0,OL Lyonnes
OL Lyonnes : une transformation historique pour un club d’exception,172,7432,33,@Jean-PierrePruvost,J'aime le football  féminin  comme le rugby féminin  que mon grand-père  pierre  Besset  à  initié  à  beaumont ...et à  l asm rugby... des enfants filles et garçons a l'époque  ont pu  jouer  ...malgré les réticences.. à 68 ans  je suis heureux de voir  dans ce pays  des personnes  qui continuent  à ouvrir de nouveaux horizons  ..loin  de ceux qui pratiquent ..l obscurantisme   fraternellement  .merci  les lionnes  jpp,1,OL Lyonnes
OL Lyonnes : une transformation historique pour un club d’exception,172,7432,33,@Momo-69-y5z,👌👌,0,OL Lyonnes
OL Lyonnes : une transformation historique pour un club d’exception,172,7432,33,@MarcelPN,"OL Lyonnes, ou quand tu joues à un jeu qui n'a pas la licence pour le nom du club 😅",0,OL Lyonnes
OL Lyonnes : une transformation historique pour un club d’exception,172,7432,33,@laurenttosh5655,57000 places ?,1,OL Lyonnes
OL Lyonnes : une transformation historique pour un club d’exception,172,7432,33,@robertjean3984,OL Lyon féminin  ou OL Lyonnes une équipe des stars... bonne chance et surtout beaucoup de  titres encore !!! 🤩🤩🤩,5,OL Lyonnes
OL Lyonnes : une transformation historique pour un club d’exception,172,7432,33,@anthonypierre3350,“ the new logo is perfect  🤩 “ …… Un gros bravo pour la patrone  …….!!!,6,OL Lyonnes
OL Lyonnes : une transformation historique pour un club d’exception,172,7432,33,@francoismonier1062,Magnifique le logo ! Ça va faire couïner les wokistes et les écolos qui veulent diluer toute notre identité lyonnaise.,0,OL Lyonnes
OL Lyonnes : une transformation historique pour un club d’exception,172,7432,33,@valmontvicomte8156,"Pour être honnête, le logo est très bon, il y a le respect de l'histoire de l'OL et de la ville de Lyon alors pour tout cela je dis 'bravo'. Les infrastructures vont s'améliorer et les joueuses vont avoir une vraie identité .... parfait. Ensuite il y a l'adhésion du public et des fans et en France, surtout à Lyon, ce sera très compliqué de faire venir plus de monde (hélas !)  Enfin, espérons que Michelle Kang ne mettent pas tout son argent dans le Marketing et les infrastructures et gardent une belle 'enveloppe' pour le sportif. Les Etats Unis ne sont pas a France ... le sportif et les résultats nsont primordiaux et même 18 fois championnes de France, l'OL Féminin n'attire pas plus de 15 000 personnes pour les plus gros matchs ..... dramatique lorsque l'on voit les affluences en Angleterre et même dans d'autres pays Européens (Espagne  Allemagne). Espérons que le recrutement sera de qualité en 2025-2026 car les départs de Gilles, Le Sommer, VDD (donc Carpenter probablement), Marozsan, Dabritz  et paraît-il Egurolla risque de générer une saison sans titre. On verra bien !",5,OL Lyonnes
OL Lyonnes : une transformation historique pour un club d’exception,172,7432,33,@baldwinyeah7042,Superbe avancée pour le club et pour le foot français.,3,OL Lyonnes
OL Lyonnes : une transformation historique pour un club d’exception,172,7432,33,@DamakoJoseph-d3r,Lyon Francia 🇭🇹🇭🇹🇭🇹🇭🇹,0,OL Lyonnes
OL Lyonnes : une transformation historique pour un club d’exception,172,7432,33,@Erkey86,"Le logo ça aurait dû être sa photo avec ses dents apparentes et du sang autour de sa bouche. Elle détruit l'OL. Rien à faire du changement de nom, du nouveau logo, GARDEZ NOS JOUEUSES ! Vous voulez une nouvelle équipe avec de nouvelles têtes ? Retournez à Corée et monter une équipe !",3,OL Lyonnes
OL Lyonnes : une transformation historique pour un club d’exception,172,7432,33,@DamakoJoseph-d3r,Good job 🔥🔥🔥🔥🔥,2,OL Lyonnes
OL Lyonnes : une transformation historique pour un club d’exception,172,7432,33,@douxreveur131,Excellent !!,2,OL Lyonnes
OL Lyonnes : une transformation historique pour un club d’exception,172,7432,33,@dacoofficiel,🔴🔵🦁✨,3,OL Lyonnes
OL Lyonnes : une transformation historique pour un club d’exception,172,7432,33,@PrayToSappho,c'est de la merde,0,OL Lyonnes
OL Lyonnes : une transformation historique pour un club d’exception,172,7432,33,@MADMAX-bd3yk,Wé super nouveau logo 🦁 pour la RELEGATION ↘️ en D2 ARKEMA  # D.N.G.C ⚖️⚖️⚖️⚖️⚖️⚖️500M 💰💰💰💰💰,0,OL Lyonnes
OL Lyonnes : une transformation historique pour un club d’exception,172,7432,33,@jean-claudeeme6520,Kang a du pognon à balancer on l a vu elle paie Chawinga 80k par mois😂.Là elle veut jouer ts les matchs au groupama 😂devant 800 pequins,1,OL Lyonnes
OL Lyonnes : une transformation historique pour un club d’exception,172,7432,33,@enzovls6941,RENDEZ NOUS L'OLYMPIQUE LYONNAIS. 💙❤️,1,OL Lyonnes
OL Lyonnes : une transformation historique pour un club d’exception,172,7432,33,@user-gl3rn8ky8l,Très jolie femme.,2,OL Lyonnes
OL Lyonnes : une transformation historique pour un club d’exception,172,7432,33,@mariajorquera6966,The Best team 🦁💗🎉🏆,3,OL Lyonnes
OL Lyonnes : une transformation historique pour un club d’exception,172,7432,33,@Djehouty1618,Vous la sentez arriver la douille ? Que tôt ou tard il se passera la même chose avec l'OL masculin...ça va me plaire très moyennement cette histoire.,1,OL Lyonnes
OL Lyonnes : une transformation historique pour un club d’exception,172,7432,33,@VinyVINY-od3px,Je trouve le logo très réussi (contrairement à celui de la Première Ligue).,13,OL Lyonnes
OL Lyonnes : une transformation historique pour un club d’exception,172,7432,33,@didierboutet2494,Beaucoup de brouhaha. On verra les résultats. Peut-être un peu d'arrogance ? Beaucoup de clubs européens deviennent également des lionnes.,2,OL Lyonnes
OL Lyonnes : une transformation historique pour un club d’exception,172,7432,33,@gchetail,Ca aurait pu être bien d'avoir une version sans la traduction pour les gens qui parlent anglais.,1,OL Lyonnes
OL Lyonnes : une transformation historique pour un club d’exception,172,7432,33,@VinyVINY-od3px,Merci pour la correction de la version audio 👍,1,OL Lyonnes
"Nouvelle histoire, même légende !",87,1534,17,@remy2824,"Bravo Mme Kang.
Offrez aux filles la marque que ce club mérite.",0,OL Lyonnes
"Nouvelle histoire, même légende !",87,1534,17,@pemakafoken5306,Ma meilleure équipe,0,OL Lyonnes
"Nouvelle histoire, même légende !",87,1534,17,@eliemerlin1452,L'équipe s'appelle maintenant Olympique Lyonnes !!  ( OL ),0,OL Lyonnes
"Nouvelle histoire, même légende !",87,1534,17,@eliemerlin1452,Les équipes féminines là-bas on ce genre de logos !!   Allez les lionnes  !!  Je serai là derrière vous pour vous supportez la saison prochaine  !!,0,OL Lyonnes
"Nouvelle histoire, même légende !",87,1534,17,@eliemerlin1452,Je trouve le logo sympa  !!  Ça donne un peu un style !!  À l'américaine  !!   👍🤩🤠,0,OL Lyonnes
"Nouvelle histoire, même légende !",87,1534,17,@PrayToSappho,De la merde,0,OL Lyonnes
"Nouvelle histoire, même légende !",87,1534,17,@bugszoo1,"Je comprends le fait de se démarquer de l’OL masculin, mais le nom OL Lyonnes et le logo, ne sont pas terribles je trouve… Enfin, on sera toujours là pour les supporter de toutes façons !",2,OL Lyonnes
"Nouvelle histoire, même légende !",87,1534,17,@Jun-yn5rv,OL Lyonnes = Olympique Lyonnais Lyonnes ou Olympique Lyonnes ? je suis confu,4,OL Lyonnes
"Nouvelle histoire, même légende !",87,1534,17,@YasnaCavieres,👏👏👏🫶❤️💙,1,OL Lyonnes
"Nouvelle histoire, même légende !",87,1534,17,@ОлексійТкач-в8р,Будь проклят лион,0,OL Lyonnes
"Nouvelle histoire, même légende !",87,1534,17,@Momo-69-y5z,♥️♥️♥️,2,OL Lyonnes
"Nouvelle histoire, même légende !",87,1534,17,@Simone-t7s,Bravo 👏👏👏 tj s OL Lyon et merçi tjr a melchie Daellee Dumoney 🌪️🌨️🇭🇹🇭🇹🇭🇹🇭🇹📖📖📖 nous taimons beacoup melchie 👑👑👑👑🙏,3,OL Lyonnes
"Nouvelle histoire, même légende !",87,1534,17,@dacoofficiel,🔴🔵🦁✨,4,OL Lyonnes
Inside - OL vs PSG (3-0) 👀,101,2130,6,@jean-claudeeme6520,C'est débandade départs à gogo,0,OL Lyonnes
Inside - OL vs PSG (3-0) 👀,101,2130,6,@Ldv_8,L’inside qui dure le temps d’une story 😅,6,OL Lyonnes
Inside - OL vs PSG (3-0) 👀,101,2130,6,@palakido5711,OL FOR EVER .,2,OL Lyonnes
Inside - OL vs PSG (3-0) 👀,101,2130,6,@Frauenfußball_support,💙❤️😍,0,OL Lyonnes
Inside - OL vs PSG (3-0) 👀,101,2130,6,@tutopod7892,Sympa la vidéo mais c’est pas vraiment un inside,2,OL Lyonnes
Inside - OL vs PSG (3-0) 👀,101,2130,6,@dacoofficiel,🔴🔵🦁✨,1,OL Lyonnes
Résumé vidéo - OL vs PSG (3-0) ⚽️🎥,286,14932,46,@JadsonDestany-m5v,Dumornay 🇭🇹🇭🇹🇭🇹🇭🇹🇭🇹,0,OL Lyonnes
Résumé vidéo - OL vs PSG (3-0) ⚽️🎥,286,14932,46,@erobinsonii,"OL contre PSG, comme d'habitude. Vive la NWSL.",0,OL Lyonnes
Résumé vidéo - OL vs PSG (3-0) ⚽️🎥,286,14932,46,@ChristopherBouchain,Le sommer manquer dans les equipe ol,0,OL Lyonnes
Résumé vidéo - OL vs PSG (3-0) ⚽️🎥,286,14932,46,@DamakoJoseph-d3r,Dumornay Lyon Francia Good job 🇭🇹🔥🇭🇹,0,OL Lyonnes
Résumé vidéo - OL vs PSG (3-0) ⚽️🎥,286,14932,46,@isabellefrenchtouchbyzaza7337,"Première fois depuis 1980 que je ne suis pas supporter du PSG.  22 matchs, 20 victoires, 2 nuls pour l OL et 10 points d avance à la fin de la saison régulière. Si on est fana des matchs couperet, il y a les coupes d Europe et de France pour ça. Le champion doit être le meilleur sur une saison complète et le résultat d hier n est que justice.
Je regrette néanmoins que le PSG ne se donne pas les moyens (qu il a) d avoir une équipe féminine pouvant rivaliser avec l OL",1,OL Lyonnes
Résumé vidéo - OL vs PSG (3-0) ⚽️🎥,286,14932,46,@lamsior,On attend l'inside :),0,OL Lyonnes
Résumé vidéo - OL vs PSG (3-0) ⚽️🎥,286,14932,46,@SmatvTV-x6n,Bravo l'ol ❤❤❤❤❤❤,5,OL Lyonnes
Résumé vidéo - OL vs PSG (3-0) ⚽️🎥,286,14932,46,@denisejoseph7661,Congratulations OL 🔥🇭🇹❤️,6,OL Lyonnes
Résumé vidéo - OL vs PSG (3-0) ⚽️🎥,286,14932,46,@LicksonElibrum-sn3hk,Félicitation les filles👏🏼🔥,3,OL Lyonnes
Résumé vidéo - OL vs PSG (3-0) ⚽️🎥,286,14932,46,@annparadis6903,La sortie d'Eugénie aurait méritée d'être dans le résumé...,1,OL Lyonnes
Résumé vidéo - OL vs PSG (3-0) ⚽️🎥,286,14932,46,@redouanesebia7116,C’est toi la fraude MADMAX les parisianistes qui ont la rage NASSER se fait détruire chaque année par nos fenottes allez l’OL,0,OL Lyonnes
Résumé vidéo - OL vs PSG (3-0) ⚽️🎥,286,14932,46,@Frauenfußball_support,😍❤️💙👏🏼🏆,1,OL Lyonnes
Résumé vidéo - OL vs PSG (3-0) ⚽️🎥,286,14932,46,@joerrynicolas2006,"L’OL doit faire un gros Mercato pour la saison prochaine. Au milieu,en attaque ,Laterale droite",2,OL Lyonnes
Résumé vidéo - OL vs PSG (3-0) ⚽️🎥,286,14932,46,@sophiennebenyahia171,Brv les filles en plus moi  j’étais laaaaaaa❤❤❤❤❤❤❤❤,6,OL Lyonnes
Résumé vidéo - OL vs PSG (3-0) ⚽️🎥,286,14932,46,@VignonEnrique,Il faut investir davantage dans le foot féminin : il y a un abîme entre le L'OL et kes autres équipes !,2,OL Lyonnes
Résumé vidéo - OL vs PSG (3-0) ⚽️🎥,286,14932,46,@djamelbouras2806,"Je viens d'apprendre que marie Antoinette katoto allait signer a l'Olympique lyonnais pour 2 ans, voilà une belle recrue!!!😁",6,OL Lyonnes
Résumé vidéo - OL vs PSG (3-0) ⚽️🎥,286,14932,46,@TemitopeMatthew-fd3gl,Congrats👏👏👏,3,OL Lyonnes
Résumé vidéo - OL vs PSG (3-0) ⚽️🎥,286,14932,46,@jesuisunbuisson,"c'est complètement débile les playoff, j'espère qu'ils ne mettront jamais ça dans les championnats européens masculins",1,OL Lyonnes
Résumé vidéo - OL vs PSG (3-0) ⚽️🎥,286,14932,46,@MADMAX-bd3yk,Comme par hasard au groupama stadium 🏟🦁🏆 et aulas qui remet la coupe 🏆🤔   # sa sent la FRAUDE ❗❗❗,0,OL Lyonnes
Résumé vidéo - OL vs PSG (3-0) ⚽️🎥,286,14932,46,@jean-claudeeme6520,Au vu de la saison mérité et en + pas photo Psg 0 tir cadré,0,OL Lyonnes
Résumé vidéo - OL vs PSG (3-0) ⚽️🎥,286,14932,46,@ElielLepry-us4to,C'est mérité,1,OL Lyonnes
Résumé vidéo - OL vs PSG (3-0) ⚽️🎥,286,14932,46,@Aloïslefebvre,Bravo les filles 🎉🎉❤❤,9,OL Lyonnes
Résumé vidéo - OL vs PSG (3-0) ⚽️🎥,286,14932,46,@dacoofficiel,🔴🔵🦁✨,3,OL Lyonnes
Résumé vidéo - OL vs PSG (3-0) ⚽️🎥,286,14932,46,@SanketYouTubeGoogle,Congratulations!⚽️,1,OL Lyonnes
Résumé vidéo - OL vs PSG (3-0) ⚽️🎥,286,14932,46,@P.E.A-c9o,Aller l'OM Melchie❤,2,OL Lyonnes
Eugénie a un message pour vous 💌,419,10462,67,@BrunoChipaux,Bonjour Eugénie tu resteras dans  mon cœur ❤❤❤gros bisous à toi  de Bruno de  belfort j'espère que tout se passera bien pour toi je  t'aime très fort ❤❤❤,0,OL Lyonnes
Eugénie a un message pour vous 💌,419,10462,67,@gerardmessinahyperyon5140,"Bravo Eugénie, tu es un exemple pour les jeunes et les moins jeunes, encore bravo !",0,OL Lyonnes
Eugénie a un message pour vous 💌,419,10462,67,@LionelDuperray-w6z,"Merci beaucoup Eugénie, pour ce que tu as fait pour les lyonnes, un grand respect à toi et à toute les lyonnes, merci beaucoup, Lionel et Plume",0,OL Lyonnes
Eugénie a un message pour vous 💌,419,10462,67,@Nelson69008,"Ah Eugénie tout un pan,une histoire,du club…la propriétaire aurait pu lui proposer un poste ds le club,c est une légende cette fille,tu vas manquer la guerrière,belle vie à toi,et…merci",0,OL Lyonnes
Eugénie a un message pour vous 💌,419,10462,67,@eliemerlin1452,Tu seras plus avec L'OL  mais je peux me consoler je te suivrai avec l'équipe de France féminine  !!  😊 🇨🇵,0,OL Lyonnes
Eugénie a un message pour vous 💌,419,10462,67,@eliemerlin1452,Merci pour tout ce que tu as fait pour le club  !!  On t'aime  Eugénie !! 💕❤😊🤗🥹🥲,0,OL Lyonnes
Eugénie a un message pour vous 💌,419,10462,67,@ChristopherBouchain,Fait. Une livre m le sommer. Manque bien match que ta fait allez ol,0,OL Lyonnes
Eugénie a un message pour vous 💌,419,10462,67,@ChristopherBouchain,va équipe de Cloé kelly super beau,0,OL Lyonnes
Eugénie a un message pour vous 💌,419,10462,67,@michelboudassou9401,"Bonjours Eugenie Le Sommeur .Joyeux anniversaire Eugénie 🥂🍸🍸🎂🎂merci pour tous les bons moments que tu 
nous as offert ❤👏",0,OL Lyonnes
Eugénie a un message pour vous 💌,419,10462,67,@ChristopherBouchain,Copine manquer Marion torrent equipe France manque. Mandane le sommer,0,OL Lyonnes
Eugénie a un message pour vous 💌,419,10462,67,@coucoudemaline,"Eugénie, tu resteras à tout jamais dans nos cœurs, l'OL est ta maison, tu y seras éternellement la bienvenue !
Sincèrement désolé que cette direction, pauvre d'esprit, fasse payer ses incohérences à l'équipe la plus exceptionnelle de FRANCE, hommes et femmes confondus !
Décidément rien ne sera épargné à l'OL depuis la venue de ces dirigeants sans âme !!
Longue vie à toi et passe nous voir de temps en temps !!",1,OL Lyonnes
Eugénie a un message pour vous 💌,419,10462,67,@fulcostergazo8306,"Merci à toi Eugénie. Je particulièrement triste d'apprendre ton départ car c'est grâce à toi que je suis devenu supporter de l'OL féminin . Tu me laisses là où je suis venu pour toi, que deviens je alors ?",0,OL Lyonnes
Eugénie a un message pour vous 💌,419,10462,67,@WeekendMuse,Quelle belle carrière. Plein de bonnes choses pour la suite Eugenie.,0,OL Lyonnes
Eugénie a un message pour vous 💌,419,10462,67,@DavidLangenfeld-p6t,"Bonne continuation, et bravo pour ces 15 années.",0,OL Lyonnes
Eugénie a un message pour vous 💌,419,10462,67,@sypsie,"Bravo championne tu resteras à jamais dans nos coeurs, dans l'histoire de l'OL,  de l'Equipe de France et du foot féminin. Bonne route à toi",0,OL Lyonnes
Eugénie a un message pour vous 💌,419,10462,67,@alainbrodin2175,"Un GRAND MERCI pour toutes les émotions que tu nous a donner , que ce soit a L'OL ou en équipe de FRANCE . Je te souhaite une bonne fin de carrière dans le milieu footballistique ou dans une autre carrière que tu aura choisi de suivre . Encore Merci 👏👏👏👏👏",2,OL Lyonnes
Eugénie a un message pour vous 💌,419,10462,67,@gillesmavaleix8795,"Cc Eugénie, je suis triste d'apprendre ton départ, tu es remarquable et OL fait une erreur de te laisser partir😢. Serait-il possible ou envisageable de te voir jouer au PFC qui est mon 2e club favori? Enfin bon courage pour cette nouvelle expérience.  Bises ❤",0,OL Lyonnes
Eugénie a un message pour vous 💌,419,10462,67,@laurenttosh5655,J'espère  que ce c...d'entraineur ne va  la foutre sur le banc pour son dernier match et mettre chawinga ! tu peut encore rendre encore service à un club ambitieux en D1👍,0,OL Lyonnes
Eugénie a un message pour vous 💌,419,10462,67,@judemelchised236,"Ô Eugénie Le Sommer,
Toi, génie des pelouses, étoile qui fait l’honneur,
Du ballon rond tu as fait ta demeure,
Et du sommet mondial, ton jardin en fleurs.

Trophées par grappes, buts à la pelle,
À Lyon, en Bleu, toujours étincelle.
Tu dribbles les années comme les défenseurs,
Avec une grâce qui met le temps en sueur.

Mais le foot, c’est comme une vieille chanson :
On ne raccroche jamais, même en transition.
Quand le corps dit stop avec ses petits craquements,
L’esprit, lui, repart en contre-attaque tout le temps !

Alors deviens coach, partage ta magie,
Apprends aux jeunes à jouer sans allergie
À la passe molle ou au tir en tribune…
Qu’ils héritent de ta classe, et pas de leur lacune !

Et entre nous, faut le dire sans détour :
Tu es si belle que même la beauté fait demi-tour.
Elle t’a vue passer et, jalouse d’un tel éclat,
A rendu les miroirs flous, rien que pour ça !",0,OL Lyonnes
Eugénie a un message pour vous 💌,419,10462,67,@jeantau3018,"Dommage car elle aurait aimé finir sa carrière à l'OL, a t-elle dit !
"" Vanessa Gilles, Laura Benkarth, Sara Däbritz, Dzsenifer Marozsán et Daniëlle van de Donk sont également en fin de contrat. Sans oublier l'entraîneur, Joe Montemurro, qui pourrait lui aussi faire ses valises, un an seulement après sa venue."" annonce t-on.
Vanessa a très mal joué en demi de champion's ligue. Les 3 autres joueuses ne semblent pas prépondérantes. Quant à l'entraineur, très surpris qu'il parte déjà ! Pourquoi ?",0,OL Lyonnes
Eugénie a un message pour vous 💌,419,10462,67,@michelboudassou9401,"Eugenie  tu est ma joueuse préférée ,tu as marqué des buts fantastiques  on se souviendra de toi  longtemps ,j'aime bien 
ton sourire ta bonne humeur ton savoir faire tu peux donner quelques conseils aux jeunes , belle continuation dans ta vie
merci pour tout le plaisir que tu nous a donné. merci Eugenie  bravo 🏐♥👋",0,OL Lyonnes
Eugénie a un message pour vous 💌,419,10462,67,@anthonypierre3350,“ La vie continue  🎉 et bonne chance  “ …….!!!,0,OL Lyonnes
Eugénie a un message pour vous 💌,419,10462,67,@lavoixdelame3350,Mille merci Eugénie !!! Plein de belles choses pour la suite !!!,0,OL Lyonnes
Eugénie a un message pour vous 💌,419,10462,67,@dacoofficiel,🔴🔵🦁✨👏🫡,1,OL Lyonnes
Eugénie a un message pour vous 💌,419,10462,67,@nadinebredon4387,"Une belle révérence, merci pour le bel exemple que tu laisses à la nouvelle génération de femmes et d'hommes dans le football français et européen.

Un excellent Euro 2025 🏆💙🤍❤️",0,OL Lyonnes
Eugénie a un message pour vous 💌,419,10462,67,@thomassinbruno2612,"heureuse ""seconde vie"" à toi, plein de bonnes choses!!on te regrettera  ❤",0,OL Lyonnes
Eugénie a un message pour vous 💌,419,10462,67,@bernardvera5200,Un grand bravo et un grand merci Eugénie ♥️💙♥️💙♥️💙♥️💙,0,OL Lyonnes
Eugénie a un message pour vous 💌,419,10462,67,@francoismonier1062,"Magnifique ! On va te regretter mais on ne
 T’oubliera pas. ❤️👏🏻👏🏻👏🏻👏🏻",0,OL Lyonnes
Eugénie a un message pour vous 💌,419,10462,67,@62francis,"Dommage de devoir se passer d'une telle joueuse aussi exceptionnelle, mais c'est sa décision et nous devons la respecter. Bonne continuation, son nom restera à jamais gravé dans nos mémoires, ainsi qu'à l'OL féminin.",3,OL Lyonnes
Eugénie a un message pour vous 💌,419,10462,67,@guillaumedufaure7145,"Bravo et bonne continuation. J'ai découvert le foot féminin grâce à l'équipe de France et grâce à France 4 à l'époque. C'était en 2012 ou 2014 si mes souvenirs sont bons mais je crois que c'était même avant, en tout cas avant Diacre. Avec des joueuses talentueuses comme toi, Renard, Henry, Nessib, Thiney, .....etc....
A l'époque, vous aviez un jeu franc, volontaire. Je me souviens de l'étonnement et l'émerveillement de vous voir vous faire faucher et vous relever quasi direct, alors que les gars passaient leurs temps à simuler. Seul bémol, c'est que justement les défauts qui m'ont dégoûté du foot masculin se retrouve de plus en plus chez les équipes féminines. 
Quand vous marquiez c'était pas direction les caméras et les photographes, c'était direction les équipieres. 
Bref, bravo pour ton parcours.",0,OL Lyonnes
Eugénie a un message pour vous 💌,419,10462,67,@michto47,"Bonne route Eugénie,  ça a toujours été un grand plaisir de voir les magnifiques buts que tu nous a offerts. Un peu d'émotion à l'idée de ne plus voir ton nom dans la feuille de match. Un vieux charentais de 78 ans qui s'est mis à aimer le football féminin et fidèle supporter, de salon , de l'OL grace à des personnes comme toi.",2,OL Lyonnes
Eugénie a un message pour vous 💌,419,10462,67,@felinebb5481,Je pense qu elle arrête le foot après l euro,0,OL Lyonnes
Eugénie a un message pour vous 💌,419,10462,67,@felinebb5481,Tu est ma joueuse préférée tu va beaucoup me manquer te voir partir de l ol est un déchirement pour moi je suis triste mais je te comprends tu veux passer à autre chose j espère que on te reverra ou que l on aura des nouvelles de toi. Gros bisous à toi Eugénie sois heureuse je ne t oublierai jamais❤❤❤,2,OL Lyonnes
Eugénie a un message pour vous 💌,419,10462,67,@marion.m21,"Le cœur est lourd aujourd'hui 😢 Merci Eugénie pour ces si belles années remplies d'émotion et de succès. Tu as si grandement marqué le football féminin sur les terrains et en dehors alors merci, merci pour tout ❤💙",4,OL Lyonnes
Eugénie a un message pour vous 💌,419,10462,67,@bugszoo1,🔴🔵Merci pour tout ce que tu as fait à l’OL… On  ne t’oubliera jamais !🔴🔵,1,OL Lyonnes
Eugénie a un message pour vous 💌,419,10462,67,@didierboutet2494,Merci petit ange blond pour tout ce que tu nous as offert. Belle vie à toi.,7,OL Lyonnes
Eugénie a un message pour vous 💌,419,10462,67,@sebastienrouy9589,"Bravo Eugénie ! Vous avez beaucoup apporté au foot et vous avez donné une tres belle image de sportive. Vous pouvez etre fiere car vous etes un exemple pour beaucoup de jeunes filles qui peuvent s'eclater dans ce sport sans complexe!! 
Profitez bien de votre nouveau depart!!",3,OL Lyonnes
Eugénie a un message pour vous 💌,419,10462,67,@premierempire8813,Merci.,3,OL Lyonnes
Eugénie a un message pour vous 💌,419,10462,67,@maxkemmoun1174,Bonne continuation dans ta vie.✨🫶🙏☝️🤲✨,4,OL Lyonnes
Eugénie a un message pour vous 💌,419,10462,67,@annecarriorbeerinevuos7732,The best 🏆🇨🇵⚽,3,OL Lyonnes
Eugénie a un message pour vous 💌,419,10462,67,@redouanesebia7116,Elle va nulle part pour le moment je pense qu’elle va faire un enfant avec son beau mari qui s’appelle Florian beaucoup de bonheur pour ce couple,3,OL Lyonnes
Eugénie a un message pour vous 💌,419,10462,67,@valmontvicomte8156,Formidable personne ! Joueuse de très grand talent. L'OL perd progressivement de son ADN  mais c'est la vie d'un club et c'est inévitable ... bonne continuation 'Eugé' et merci pour tout ce que tu as fait pour l'OL.,11,OL Lyonnes
Eugénie a un message pour vous 💌,419,10462,67,@christiandesayes4718,merci eugenie pour votre parcours et vous souhaite le meilleur pour le nouveau chapitre que vous allez ecrire encore BRAVO,3,OL Lyonnes
Eugénie a un message pour vous 💌,419,10462,67,@ThaisCartailler,Bonne continuation on t oubliera jamais,4,OL Lyonnes
Eugénie a un message pour vous 💌,419,10462,67,@yacintheSermet,"Bonsoir Mme Le Sommer je vais te le dire honnêtement tu es la plus grande joueuse que j'ai vu sur une pelouse je te suis depuis votre défaite en CDM contre l'Australie 😢 donc après j'ai regardé tes anciens matchs avec l'OL .
Tu es une vraie légende du football français de ton club et aussi de l'équipe de France meilleure buteuse de l'OL et aussi la joueuse la plus capée.
Tu es ma joueuse préférée tu es attaquante moi perso je suis gardienne de but mon rêve est de devenir footballeuse pro à l'OL et et aussi d'avoir ma première sélection en équipe de France comme toi .
Maintenant quand je regarderai les matchs de la saison prochaine je sentirais que quelque chose manque ta présence.
Donc je te souhaite une bonne et belle continuation ❤❤. Tu resteras à jamais gravé dans la mémoire de tous les supports de l'Olympique Lyonnais.
J'espère te recroiser un jour 
♥️🦁💙🤍⚽⚽⚽❤️❤️❤️",8,OL Lyonnes
Eugénie a un message pour vous 💌,419,10462,67,@lauc397,"Une Légende de l'OL et du football féminin mondiale,a jamais dans le cœur des lyonnais, MERCI EUGÉNIE ❤️💙🦁",8,OL Lyonnes
Eugénie a un message pour vous 💌,419,10462,67,@Philippe-e8n5r,Merci pour toutes les émotions,6,OL Lyonnes
Eugénie a un message pour vous 💌,419,10462,67,@OscarJarjayes10,"Oh putain ça me fout un coup
Encore une légende qui raccroche les crampons ;(
Va falloir gagner vendredi pour finir en beauté à défaut d'avoir eu une saison parfaite.
Merci pour tout championne !",7,OL Lyonnes
Eugénie a un message pour vous 💌,419,10462,67,@nelsonthiboperso6791,"Bretagne forever, on racontera plutard la légende Eugenie. La table ronde des chevalières olympiennes se remplit. Merci",5,OL Lyonnes
Eugénie a un message pour vous 💌,419,10462,67,@dr.manhattan_yk7906,😭 Bravo championne et merci tu vas nous manquer,5,OL Lyonnes
Eugénie a un message pour vous 💌,419,10462,67,@DamakoJoseph-d3r,Lyon Good job 🔥🔥🔥🔥🔥🔥,4,OL Lyonnes
Eugénie a un message pour vous 💌,419,10462,67,@alastor2262,"Merci Eugénie pour votre admirable participation au fantastique envol de ce club féminin. Avec d’autres vous avez montré le chemin avec une passion et un professionnalisme exceptionnel. Gageons que vos copines continueront le parcours qui m’enthousiasme à chaque match.
Et merci aussi à Jean-Michel qui fût, il y a bien longtemps, mon patron pendant 10 ans et dont j’avais déjà pu apprécier les qualités humaines sans lesquelles rien n’est possible.",6,OL Lyonnes
Eugénie a un message pour vous 💌,419,10462,67,@BonneAnnee2025,Bonne chance pour la suite championne ❤️❤️❤️,4,OL Lyonnes
Eugénie a un message pour vous 💌,419,10462,67,@lucasteamol7159,Légende 🔴🔵🦁,6,OL Lyonnes
Eugénie a un message pour vous 💌,419,10462,67,@ambrecamus8714,"On perd une excellente joueuse. Merci pour toute c'est année et je vous souhaite le meilleur pour la suite 
Merci",4,OL Lyonnes
Eugénie a un message pour vous 💌,419,10462,67,@fredodelyon69,❤💙❤💙 Bonne continuation ❤💙❤💙,2,OL Lyonnes
Eugénie a un message pour vous 💌,419,10462,67,@Simone-t7s,Waow eugenie 🎉🎉🎉🎉🇭🇹🇭🇹 taime,4,OL Lyonnes
Eugénie a un message pour vous 💌,419,10462,67,@ana.4198,💔💔💔,2,OL Lyonnes
Eugénie a un message pour vous 💌,419,10462,67,@maiwenn4293,"Eugenie, ma joueuse préférée, mon idole, mon exemple, j’ai 15ans et je te suis depuis mon plus jeune âge, je joue au football grâce à toi, tu m’a inspirer et tu ma donnée envie de jouer et de performer, je t’es toujours vue jouer et Briller avec l’OL difficile de ce dire que tu quitte un ded meilleur club de France…
Peut être que tu viendra dans un club plus proche de la Bretagne et qu’on pourras venir voir plus de match..😅
Bref en tout cas un mot sur ta carrière avec l’OL: légendaire !❤️💙",11,OL Lyonnes
Eugénie a un message pour vous 💌,419,10462,67,@johnmilner0859,👏🏻👏🏻👏🏻👏🏻👏🏻👏🏻 ⭐️,1,OL Lyonnes
Eugénie a un message pour vous 💌,419,10462,67,@FranckCarrot-sj5cy,"Bonne route  Eugénie, tu es la meilleure",8,OL Lyonnes
Eugénie a un message pour vous 💌,419,10462,67,@bandeapart88,elle va ou ?,1,OL Lyonnes
Eugénie a un message pour vous 💌,419,10462,67,@fabricepawlak6246,"Bravos  Eugénie  pour tous ce que tu a fait pour le club 
Merci pour tout félicitations  
bonne continuation  pour le future  🎉🎉🎉🎉",10,OL Lyonnes
Wendie Renard se confie sur ses 500 matchs avec l'OL 🎙️,169,3950,21,@kantsagurung175,The best captain 👏💐,1,OL Lyonnes
Wendie Renard se confie sur ses 500 matchs avec l'OL 🎙️,169,3950,21,@FodayJallow-d4s,Luv ya Wendy 💪,1,OL Lyonnes
Wendie Renard se confie sur ses 500 matchs avec l'OL 🎙️,169,3950,21,@nubiennesblog,❤❤❤❤,1,OL Lyonnes
Wendie Renard se confie sur ses 500 matchs avec l'OL 🎙️,169,3950,21,@cecildemille190,"J'aimerais bien que Wendie Renard écrive ses mémoires. On appellerait ça Le roman de Renard, ce serait parfait... sans compter qu'avec son vécu elle aurait des tas de choses intéressantes à dire.",1,OL Lyonnes
Wendie Renard se confie sur ses 500 matchs avec l'OL 🎙️,169,3950,21,@maiwenn4293,Grande Grande joueuse bravo Wendy !👏❤️💙,3,OL Lyonnes
Wendie Renard se confie sur ses 500 matchs avec l'OL 🎙️,169,3950,21,@arthurbrezinski3649,Si l'équipe masculine avait le même état d'esprit !  ⚽️🔴🔵,2,OL Lyonnes
Wendie Renard se confie sur ses 500 matchs avec l'OL 🎙️,169,3950,21,@TemitopeMatthew-fd3gl,Congrats Legend👏👏👏,4,OL Lyonnes
Wendie Renard se confie sur ses 500 matchs avec l'OL 🎙️,169,3950,21,@mariajorquera6966,I love Lyon 🦁❤🎉❤🎉,4,OL Lyonnes
Wendie Renard se confie sur ses 500 matchs avec l'OL 🎙️,169,3950,21,@DamakoJoseph-d3r,Lyon Francia Good job 🔥🔥🔥🔥🔥🔥,3,OL Lyonnes
Wendie Renard se confie sur ses 500 matchs avec l'OL 🎙️,169,3950,21,@patrickchallier6569,formidable joueuse et merveilleuse personne .....merci wendie,4,OL Lyonnes
Wendie Renard se confie sur ses 500 matchs avec l'OL 🎙️,169,3950,21,@regard-fk2hl,"je regarde pas jusqu’au bout désolé, car tu as du mal à te livrer on dirait, obsédée en plus par la jeunesse (normal tu joues toujours au foot) , et donc ca devient peu intéressant, alors que pour t'avoir croisée en réel au supermarché Simply/Auchan de Caluire au rond point MacDo  en mode ingognito, tu es évidemment une femme  bien plus passionnante que ce que tu as montré là (on dirait une soldate) Bisous 😘 (mais ta beauté intérieure montre la, au delà de ta beauté physique que tu croies nocive à partir de 1m87)",1,OL Lyonnes
Wendie Renard se confie sur ses 500 matchs avec l'OL 🎙️,169,3950,21,@thunderj1015,On te souhaite que le meilleur encore  💫💫👏🏾👏🏾💐,7,OL Lyonnes
Wendie Renard se confie sur ses 500 matchs avec l'OL 🎙️,169,3950,21,@marion.m21,Une très grande dame du foot féminin inspirant les personnes autour d'elle sur le terrain et en dehors 👏 Félicitations Capi,7,OL Lyonnes
Wendie Renard se confie sur ses 500 matchs avec l'OL 🎙️,169,3950,21,@Simone-t7s,Bjr SPORT OL bravo RENARD et sslut a melchie Daellee Dumoney 🌪️🌨️🇭🇹 pour nous merçi 🌹🫂🙏,8,OL Lyonnes
Résumé vidéo - OL vs Dijon (4-1) ⚽️🎥,147,8451,26,@DavidLangenfeld-p6t,Joli but d'Ada Hegerberg ⚽,0,OL Lyonnes
Résumé vidéo - OL vs Dijon (4-1) ⚽️🎥,147,8451,26,@Matteblak,They're acting very happy considering they beat one of the worst teams in the league.,1,OL Lyonnes
Résumé vidéo - OL vs Dijon (4-1) ⚽️🎥,147,8451,26,@maxkemmoun1174,SB 🤲😁🤲😘,1,OL Lyonnes
Résumé vidéo - OL vs Dijon (4-1) ⚽️🎥,147,8451,26,@AntonioJosehtamako,Lyon 🔥🔥🔥🔥🔥🔥🔥,2,OL Lyonnes
Résumé vidéo - OL vs Dijon (4-1) ⚽️🎥,147,8451,26,@Fadoudaful,"Quel beau but, le premier but ❤!",3,OL Lyonnes
Résumé vidéo - OL vs Dijon (4-1) ⚽️🎥,147,8451,26,@isGLiTCHi,Célébration de l'année !😭🤧 Bravo les filles!👏🏾,4,OL Lyonnes
Résumé vidéo - OL vs Dijon (4-1) ⚽️🎥,147,8451,26,@AAqa-i7e,C est beau de televiser des.matchs de district,1,OL Lyonnes
Résumé vidéo - OL vs Dijon (4-1) ⚽️🎥,147,8451,26,@ОлексійТкач-в8р,Будь проклят город лион,0,OL Lyonnes
Résumé vidéo - OL vs Dijon (4-1) ⚽️🎥,147,8451,26,@mariajorquera6966,Let's go Lyon!! 🦁❤️🎉,7,OL Lyonnes
Résumé vidéo - OL vs Dijon (4-1) ⚽️🎥,147,8451,26,@remy2824,"Allez hop, une petite chèque à pinter pour rejoindre l’OL",5,OL Lyonnes
Résumé vidéo - OL vs Dijon (4-1) ⚽️🎥,147,8451,26,@feelsoul5396,Goat Dumornay,3,OL Lyonnes
Résumé vidéo - OL vs Dijon (4-1) ⚽️🎥,147,8451,26,@Frauenfußball_support,😍😍😍,2,OL Lyonnes
Ada Hegerberg & Damaris Egurrola au Centre Léon Bérard ❤️,94,2426,12,@ОлексійТкач-в8р,"Будь проклят лион весь город, все здохните",0,OL Lyonnes
Ada Hegerberg & Damaris Egurrola au Centre Léon Bérard ❤️,94,2426,12,@SelvedgeWes,❤️💙 Dama,1,OL Lyonnes
Ada Hegerberg & Damaris Egurrola au Centre Léon Bérard ❤️,94,2426,12,@YvonPrigent-do7yb,"Merci et bravo mes Fenottes ,super sympas toutes les 2,vous avez redonnez le sourire à ces jeunes enfants à qui  je souhaite le meilleur ,la classe les filles 😍😍😍😍😍😍😍😍😍😍",0,OL Lyonnes
Ada Hegerberg & Damaris Egurrola au Centre Léon Bérard ❤️,94,2426,12,@annecarriorbeerinevuos7732,❤,0,OL Lyonnes
Ada Hegerberg & Damaris Egurrola au Centre Léon Bérard ❤️,94,2426,12,@renzielormera1225,Pour c'est l'image de l'année. Merci Ada et Dama.,3,OL Lyonnes
Ada Hegerberg & Damaris Egurrola au Centre Léon Bérard ❤️,94,2426,12,@jean-danielmartino9619,🙏🙏🙏🙏🙏🙏🙏🙏❤❤❤❤❤❤❤❤❤,1,OL Lyonnes
Ada Hegerberg & Damaris Egurrola au Centre Léon Bérard ❤️,94,2426,12,@TemitopeMatthew-fd3gl,👏👏👏,0,OL Lyonnes
Ada Hegerberg & Damaris Egurrola au Centre Léon Bérard ❤️,94,2426,12,@jean-claudeeme6520,Super Ada et Dama et les sourires des enfants,4,OL Lyonnes
Ada Hegerberg & Damaris Egurrola au Centre Léon Bérard ❤️,94,2426,12,@ilariaprincipi38,🥹🥹🥹❤,0,OL Lyonnes
Ada Hegerberg & Damaris Egurrola au Centre Léon Bérard ❤️,94,2426,12,@barbeauxthais7978,❤️💙,0,OL Lyonnes
Ada Hegerberg & Damaris Egurrola au Centre Léon Bérard ❤️,94,2426,12,@Momo-69-y5z,👌👌,0,OL Lyonnes
Ada Hegerberg & Damaris Egurrola au Centre Léon Bérard ❤️,94,2426,12,@IsaqueEmanoelDosSantosCunh-v4e,Oi❤❤❤❤❤❤❤lindo,2,OL Lyonnes
Résumé vidéo - OL vs Le Havre (2-0) ⚽️🎥,83,8728,7,@DamakoJoseph-d3r,Good job Lyon,1,OL Lyonnes
Résumé vidéo - OL vs Le Havre (2-0) ⚽️🎥,83,8728,7,@nellypenon2353,Eugénie Le Sommer la classe . Son entraîneur ne lui a pas fait confiance ...,3,OL Lyonnes
Résumé vidéo - OL vs Le Havre (2-0) ⚽️🎥,83,8728,7,@Aloïslefebvre,Gg les filles !!! ❤❤❤,1,OL Lyonnes
Résumé vidéo - OL vs Le Havre (2-0) ⚽️🎥,83,8728,7,@Aloïslefebvre,Gg les filles !!! ❤❤❤,1,OL Lyonnes
Résumé vidéo - OL vs Le Havre (2-0) ⚽️🎥,83,8728,7,@michelgal7387,""" LABORIEUX "" depuis 3 ou 4 matchs !  La ligue 1 est entrain de tout perdre , la réserve aussi et j'ai peur que la phase finale du championnat féminin soit pleine de désillusion après ce match catastrophe contre Arsenal  !",2,OL Lyonnes
Résumé vidéo - OL vs Le Havre (2-0) ⚽️🎥,83,8728,7,@TemitopeMatthew-fd3gl,👏👏👏,1,OL Lyonnes
Melchie Dumornay réagit à sa prolongation🎙️,151,4273,35,@coachrodriguestlouis7986,❤️❤️❤️,0,OL Lyonnes
Melchie Dumornay réagit à sa prolongation🎙️,151,4273,35,@AugustePierre-ef4qe,2:04,0,OL Lyonnes
Melchie Dumornay réagit à sa prolongation🎙️,151,4273,35,@basile-deyersin,Ballon d'OR !!!!!,0,OL Lyonnes
Melchie Dumornay réagit à sa prolongation🎙️,151,4273,35,@SmatvTV-x6n,Bravo Melchie ❤❤❤❤❤❤,1,OL Lyonnes
Melchie Dumornay réagit à sa prolongation🎙️,151,4273,35,@FrantzFrançisque-r3w,Sa ayisyen konn nan alah,0,OL Lyonnes
Melchie Dumornay réagit à sa prolongation🎙️,151,4273,35,@jean-noel-q4n,TOP joueuse!!!!!!!!++++++👍👍👍,1,OL Lyonnes
Melchie Dumornay réagit à sa prolongation🎙️,151,4273,35,@tutopod7892,❤️💙,0,OL Lyonnes
Melchie Dumornay réagit à sa prolongation🎙️,151,4273,35,@gehujoseph6680,Félicitations Goat 🐐 Melchie,1,OL Lyonnes
Melchie Dumornay réagit à sa prolongation🎙️,151,4273,35,@FaroukAbdillah,On doit faire revenir  Delphine,0,OL Lyonnes
Melchie Dumornay réagit à sa prolongation🎙️,151,4273,35,@RodolpheBerdenand,Ils fallait pas signer 3 ans a Lyon tout les équipes connais ton jeux sa va pas être facile pour vous,0,OL Lyonnes
Melchie Dumornay réagit à sa prolongation🎙️,151,4273,35,@dodo569officiel5,Alaso 🇭🇹🇭🇹🇭🇹,0,OL Lyonnes
Melchie Dumornay réagit à sa prolongation🎙️,151,4273,35,@rodriguezmoline2584,Je te souhaite le meilleur Melchie. J'espère qu'ils ont augmenté ton salaire aussi.,0,OL Lyonnes
Melchie Dumornay réagit à sa prolongation🎙️,151,4273,35,@JeanrobertBoucard,Bravo Melchie❤,1,OL Lyonnes
Melchie Dumornay réagit à sa prolongation🎙️,151,4273,35,@GladimirStPaul-dx3ol,Vous êtes la meilleure Corven,0,OL Lyonnes
Melchie Dumornay réagit à sa prolongation🎙️,151,4273,35,@équipehaiti,🤍👋🏾,1,OL Lyonnes
Melchie Dumornay réagit à sa prolongation🎙️,151,4273,35,@Yvilmenay198,Melchie 🇭🇹🇭🇹🇭🇹🇭🇹,0,OL Lyonnes
Melchie Dumornay réagit à sa prolongation🎙️,151,4273,35,@LicksonElibrum-sn3hk,Félicitation Corven ❤🌟🇭🇹👏🏼,2,OL Lyonnes
Melchie Dumornay réagit à sa prolongation🎙️,151,4273,35,@hourstooshort1447,Ma starr,0,OL Lyonnes
Melchie Dumornay réagit à sa prolongation🎙️,151,4273,35,@feelsoul5396,GOAT,0,OL Lyonnes
Melchie Dumornay réagit à sa prolongation🎙️,151,4273,35,@mariajorquera6966,Very good!!! I love Lyon 🦁❤️🎉,3,OL Lyonnes
Melchie Dumornay réagit à sa prolongation🎙️,151,4273,35,@lauc397,"J'espère que les supporters Haïtiens qui ont écouté Dumornay, arrêteront de critiquer le club et de dire que les joueuses lyonnaises n'aiment pas Dumornay qu'elles sont jalouses et racistes 😉🔴🔵🦁",0,OL Lyonnes
Melchie Dumornay réagit à sa prolongation🎙️,151,4273,35,@Simone-t7s,"Bjr a tout les français et merçi pour l""equipe qui acepte a notre qeen Haití 🇭🇹🇭🇹🇭🇹 joueuse melchie Daellee Dumoney nous taimons beacoup reste ae qué tu es tu sourriras bien tot et nous sommmes france et les haitienns courage coucoue deux nous 🇭🇹🔥🪴🫂🙏",0,OL Lyonnes
Melchie Dumornay réagit à sa prolongation🎙️,151,4273,35,@jean-danielmartino9619,"Enfin une bonne nouvelle dans la grisaille actuelle et peut-être que d'autres joueuses que l'on annonce partantes seront, à leur tour, tentées de rester au bercail.",2,OL Lyonnes
Melchie Dumornay réagit à sa prolongation🎙️,151,4273,35,@CASSAMAJOR52,Bravo Melchie !,1,OL Lyonnes
Melchie Dumornay réagit à sa prolongation🎙️,151,4273,35,@dukensjeangilles-zx5gk,"Félicitations et bonne continuation MELCHIE! 
Nous t’aimons beaucoup 🇭🇹🇭🇹🇭🇹",1,OL Lyonnes
Melchie Dumornay réagit à sa prolongation🎙️,151,4273,35,@RosaBaez-m1y,Melchie 🫶🏾🇭🇹💋 ❤,0,OL Lyonnes
Melchie Dumornay réagit à sa prolongation🎙️,151,4273,35,@Fadoudaful,J'aime ce que j'entends. Il faut avoir faim pour pouvoir se dépasser. Bravo Melchie et en travaillant encore plus fort tu atteindras tous tes objectifs. Bonne continuation avec le meilleur club de France 🎉🎉🇭🇹🇭🇹⚽️⚽️.,1,OL Lyonnes
Melchie Dumornay réagit à sa prolongation🎙️,151,4273,35,@toogueley07,Allez OL bon bagay Melchie,0,OL Lyonnes
Melchie Dumornay réagit à sa prolongation🎙️,151,4273,35,@OL-Asvel-kk.Partizan,"Ellie please follow Melchie's exemple, stay with us beyond 2026.",1,OL Lyonnes
Melchie Dumornay réagit à sa prolongation🎙️,151,4273,35,@OL-Asvel-kk.Partizan,Une super nouvelle pour L'OL féminin. Le club avait besoin de montrer qu'il est là pour rester au top. L'OL féminin est le club dans lequel on signe quand on veut gagner. Aller l'OL.,6,OL Lyonnes
Melchie Dumornay réagit à sa prolongation🎙️,151,4273,35,@DamakoJoseph-d3r,Good job 🔥🔥🔥🔥🔥 Lyon,1,OL Lyonnes
Melchie Dumornay réagit à sa prolongation🎙️,151,4273,35,@Christian-l9c,Super melchie❤,0,OL Lyonnes
Melchie Dumornay et l’OL Féminin jusqu'en 2029 📝,56,673,11,@stephenedestine6815,"Quelle erreure, elle pourait au moins prolonger un an, et ainsi continuer de voir le comportement du club et du championat face a elle. Mais 3 ans ca c't deja trop. Elle doit etre entelijante aussi, on va continuer de faire tout possible pour la empecher de gagner des titres individuels comme on l'a deja fait, et un seul titre individuel peut l'empecher de gagner le ballon d'or. On a deja donné des titres a des joueuses qui sont inferieures a elle en theme de qualité, nivo. Donc cambien plus on continuera a les donner si les autres font les memes ou un peu plus qu'elle? En d'autre terme il se peut bien qu'elle ne gagne jamais un grand titre individuel. Ce que je pense moi",0,OL Lyonnes
Melchie Dumornay et l’OL Féminin jusqu'en 2029 📝,56,673,11,@dodo569officiel5,Alaso 🇭🇹🇭🇹🇭🇹🇭🇹,0,OL Lyonnes
Melchie Dumornay et l’OL Féminin jusqu'en 2029 📝,56,673,11,@LicksonElibrum-sn3hk,Félicitation la meilleure joueuse du monde 👏🏼🇭🇹🌟🐐,0,OL Lyonnes
Melchie Dumornay et l’OL Féminin jusqu'en 2029 📝,56,673,11,@mariajorquera6966,Let's go Lyon 🦁❤️🎉,0,OL Lyonnes
Melchie Dumornay et l’OL Féminin jusqu'en 2029 📝,56,673,11,@ocfeleur6365,On est ensemble,0,OL Lyonnes
Melchie Dumornay et l’OL Féminin jusqu'en 2029 📝,56,673,11,@princewedchannel6680,❤❤❤💨🔥 Corven🌍,0,OL Lyonnes
Melchie Dumornay et l’OL Féminin jusqu'en 2029 📝,56,673,11,@tutopod7892,La meilleure melchie ❤️💙,0,OL Lyonnes
Melchie Dumornay et l’OL Féminin jusqu'en 2029 📝,56,673,11,@LuxersMultiverse2090,I hope they pay her 20 million or 50 million dollars for staying .,1,OL Lyonnes
Melchie Dumornay et l’OL Féminin jusqu'en 2029 📝,56,673,11,@LuxersMultiverse2090,That is very surprising . I hope she wins the ballon dor soon .,2,OL Lyonnes
Melchie Dumornay et l’OL Féminin jusqu'en 2029 📝,56,673,11,@FAM498,Du coup combien elle va payer,0,OL Lyonnes
Melchie Dumornay et l’OL Féminin jusqu'en 2029 📝,56,673,11,@Simone-t7s,Waow ça me plais😂❤mais elle nas pas vancre pour amporte la coupe on espere mieux pour elle merçi a toute les français et merçi 200000000a melchie Daellee Dumoney 🇭🇹📖 taimons 🥰🫂🙏,0,OL Lyonnes
Paroles de Lyonnes 🎤 : Christiane et Kadidiatou,123,2868,3,@ludovic7010,kadi ❤❤,1,OL Lyonnes
Paroles de Lyonnes 🎤 : Christiane et Kadidiatou,123,2868,3,@mariajorquera6966,I love Chris ❤🎉 I love lyon❤🎉❤🎉🦁,3,OL Lyonnes
Paroles de Lyonnes 🎤 : Christiane et Kadidiatou,123,2868,3,@Herblannan,"Thank you Endler and Diani❤.
 We need Ellie & Daan in this series.",4,OL Lyonnes
Résumé vidéo - OL vs Arsenal (1-4) ⚽️💫,43,2810,27,@heizen7705,Joe Montemurro OUT PLEASE. Is the club responsible for the injuries the players are suffering?,1,OL Lyonnes
Résumé vidéo - OL vs Arsenal (1-4) ⚽️💫,43,2810,27,@ОлексійТкач-в8р,Будь проклят лион,1,OL Lyonnes
Résumé vidéo - OL vs Arsenal (1-4) ⚽️💫,43,2810,27,@oliviervol1452,Le troisième but est digne du foot féminin,1,OL Lyonnes
Résumé vidéo - OL vs Arsenal (1-4) ⚽️💫,43,2810,27,@temboukezembou8718,"Moi je suis très déçu cette élimination de l'OL que celle de Réal Madrid Homme qui est mon Club de Cœur, les filles et dames de l'OL avaient tout pour aller embêter le Barça; 
Le Coach de l'OL doit comprendre aussi WENDI n'est plus à son niveau, le Coach de l’Équipe Nationale à compris et il a modérer sa titularisation. 
De toute les facon, félicitations aux filles et au dames pour ce parcours.",1,OL Lyonnes
Résumé vidéo - OL vs Arsenal (1-4) ⚽️💫,43,2810,27,@Zartixlevrai2,Et dire que j payer pour y aller mm si j eu une signature,1,OL Lyonnes
Résumé vidéo - OL vs Arsenal (1-4) ⚽️💫,43,2810,27,@infosport1infosport125,"Lyon need a new manager all he is fault 😮, they never change a team’s wins",2,OL Lyonnes
Résumé vidéo - OL vs Arsenal (1-4) ⚽️💫,43,2810,27,@SassouDieuly,C’est un cauchemar 🤦🏾‍♂️,2,OL Lyonnes
Résumé vidéo - OL vs Arsenal (1-4) ⚽️💫,43,2810,27,@thomassinbruno2612,"j'ai pesté quand je n'ai pas pu voir ce match et en fin de compte aucun regret quand on voit le résumé, C pitoyable ;gagner en extérieur; le + ""gros"" était fait et se prendre une déculottée à domicile:impensable:la gardienne et la ligne défensive ne sont pas exempts de tout reproche!!suis dégoûté!!!!,  au moins , on aura une belle finale si DAZN nous diffuse le match!!",5,OL Lyonnes
Résumé vidéo - OL vs Arsenal (1-4) ⚽️💫,43,2810,27,@FaroukAbdillah,Elle doit faire revenir DELPHIN,1,OL Lyonnes
Résumé vidéo - OL vs Arsenal (1-4) ⚽️💫,43,2810,27,@Olive-gd3wn,Montemurro n'est pas l'homme de la situation Kang s'est fourvoyée.Cette équipe a besoin d'un vrai fond de jeu.On n'est plus il y a 10 ans ou le jeu de transition rapide et un minimum de pressing suffisait.Aujourd'hui l'adversité est tout autre avec des équipes beaucoup plus techniques et physiques.L'ol doit très vite se réinventer sous de connaître un irrémédiable déclassement.,4,OL Lyonnes
Résumé vidéo - OL vs Arsenal (1-4) ⚽️💫,43,2810,27,@christopherikko7032,carpenter quelle bo cul surtou,1,OL Lyonnes
Résumé vidéo - OL vs Arsenal (1-4) ⚽️💫,43,2810,27,@regarn7171,"Si les filles font un petit effort, elles pourraient aussi perdre le championnat et faire un triplé historique! 😍",2,OL Lyonnes
Résumé vidéo - OL vs Arsenal (1-4) ⚽️💫,43,2810,27,@msamelie,"Il serait temps de faire le ménage 
Des cadres vielles, il faut du renouveau",5,OL Lyonnes
Résumé vidéo - OL vs Arsenal (1-4) ⚽️💫,43,2810,27,@JosephKabanda-w9z,Thanks for posting it,1,OL Lyonnes
Résumé vidéo - OL vs Arsenal (1-4) ⚽️💫,43,2810,27,@philippesabia9359,"Aucun fond de jeu : une équipe désorganisée,une tactique illisible,des joueuses perdues sur le terrain qui n ont plus le niveau ( Horan devenu Heap comme Cheap , Chawinga une vraie imposture ,Endler une gardienne sans envergure ,Carpenter faiblarde ,Gilles faible quand la pression est forte , Damaris débordée): un entraîneur sans solution ce qui donne la pire défaite dans l Histoire de OL feminin ; un Fiasco lamentable.
Une remise en question de tout le staff est une urgence absolue et l éviction de Montemurro une évidence..... inéluctable.",10,OL Lyonnes
Résumé vidéo - OL vs Arsenal (1-4) ⚽️💫,43,2810,27,@ndoukouman,"Tu laisses la balle a ll'adeversaire histoire de te  faire l'espace et voila le resultat..
C'est une defaite tactique..
Se faire battre par son adjoint 
Did-donc ton heure a sonné",4,OL Lyonnes
Résumé vidéo - OL vs Arsenal (1-4) ⚽️💫,43,2810,27,@tutopod7892,La pire honte de l’histoire du club,4,OL Lyonnes
Résumé vidéo - OL vs Arsenal (1-4) ⚽️💫,43,2810,27,@Aloïslefebvre,"Dommage les filles ❤❤❤❤ 
Continuer comme ça 🎉🎉🎉🎉
Et n'oublier pas , vous êtes championnes de France 🇫🇷🇫🇷🇫🇷🇫🇷",3,OL Lyonnes
Conférence de presse : OL Féminin vs Arsenal,45,2293,2,@kantsagurung175,Lion 🦁🦁🦁 🔥👏,0,OL Lyonnes
Conférence de presse : OL Féminin vs Arsenal,45,2293,2,@mariajorquera6966,Let's go Lyon ❤🎉❤🎉,0,OL Lyonnes
Résumé vidéo - Nantes vs OL (0-2) ⚽️🎥,153,6630,7,@DavidLangenfeld-p6t,Toujours très fortes les Lyonnaises.,1,OL Lyonnes
Résumé vidéo - Nantes vs OL (0-2) ⚽️🎥,153,6630,7,@HugoChar-673,Pourquoi ils n'ont pas gardé Liana Joseph et Maéline Mendy avec Inès Benyahia pour ce moment crucial de la saison? Je m'interroge encore sur ce choix...,0,OL Lyonnes
Résumé vidéo - Nantes vs OL (0-2) ⚽️🎥,153,6630,7,@olivierflavion4742,allez les verts allez les verts,0,OL Lyonnes
Résumé vidéo - Nantes vs OL (0-2) ⚽️🎥,153,6630,7,@Simone-t7s,Bravau LYON vas y 🇭🇹🇭🇹🇭🇹,0,OL Lyonnes
Résumé vidéo - Nantes vs OL (0-2) ⚽️🎥,153,6630,7,@TemitopeMatthew-fd3gl,👏👏👏,4,OL Lyonnes
Résumé vidéo - Nantes vs OL (0-2) ⚽️🎥,153,6630,7,@philippesabia9359,"Les jeunes fenottes ont fait honneur au blason .
Bravo à ces jeunes joueuses.
L OL féminin toujours au TOP.",8,OL Lyonnes
Inside - Arsenal vs OL (1-2) 👀,260,7567,28,@Goonerson1969,😂 You're not laughing now.!!!,0,OL Lyonnes
Inside - Arsenal vs OL (1-2) 👀,260,7567,28,@Yvilmenay198,Dumornay 🇭🇹 🇭🇹🇭🇹🇭🇹,0,OL Lyonnes
Inside - Arsenal vs OL (1-2) 👀,260,7567,28,@jean-claudeeme6520,Dommage vidéo sans image à la mi-temps et fin de match,0,OL Lyonnes
Inside - Arsenal vs OL (1-2) 👀,260,7567,28,@Jujupandaroux,Allez les Lyonnaises vous allez encore gagner la ligue des Champions ❤🦁,1,OL Lyonnes
Inside - Arsenal vs OL (1-2) 👀,260,7567,28,@BADOUTTEGUIRLENEJnCHARLE-jj4px,🎉🎉je vous aimes BCP les filles,0,OL Lyonnes
Inside - Arsenal vs OL (1-2) 👀,260,7567,28,@LicksonElibrum-sn3hk,Allez OL 🇭🇹 ❤,0,OL Lyonnes
Inside - Arsenal vs OL (1-2) 👀,260,7567,28,@ewpeenjore2782,"DvD es increíblemente hermosa. Además de ser la verdadera definición de sofisticación y elegancia, sin perder su esencia ni aparentar algo que no es",1,OL Lyonnes
Inside - Arsenal vs OL (1-2) 👀,260,7567,28,@wenxinhao914,"i love how elodie filmed arsenal fans' vibe before and at the match. i love this game, i love the vibe of woso.",0,OL Lyonnes
Inside - Arsenal vs OL (1-2) 👀,260,7567,28,@litogor,Il n'a rien d'exceptionnel ce stade mais bon bref le job a été fait même si je trouve que vous avez un peu trop reculé et laissé la possession à cette équipe d'Arsenal qui a nettement moins de talent que l'OL ..,1,OL Lyonnes
Inside - Arsenal vs OL (1-2) 👀,260,7567,28,@Charlotteherrgen,Daan literally is just like a classic elegant lady.,1,OL Lyonnes
Inside - Arsenal vs OL (1-2) 👀,260,7567,28,@princewedchannel6680,Le match retour aller Ol tous derrière notre génie Dumornay Haïtienne 🔥🔥💨,0,OL Lyonnes
Inside - Arsenal vs OL (1-2) 👀,260,7567,28,@TemitopeMatthew-fd3gl,Respect👏👏👏,1,OL Lyonnes
Inside - Arsenal vs OL (1-2) 👀,260,7567,28,@DamakoJoseph-d3r,Good job 🔥🔥🔥🔥🔥 Lyon Francia Dumornay 🇭🇹🇭🇹🇭🇹 Haití,0,OL Lyonnes
Inside - Arsenal vs OL (1-2) 👀,260,7567,28,@Simone-t7s,Melchie Daellee Dumoney 🌪️🌨️🇭🇹🇭🇹 one 🔥🔥🔥🔥 lest go Lyon,1,OL Lyonnes
Inside - Arsenal vs OL (1-2) 👀,260,7567,28,@emanueletortorelli9290,Elma è gigantesca !,0,OL Lyonnes
Inside - Arsenal vs OL (1-2) 👀,260,7567,28,@nushdalyaugustin6571,"Carpenter❤
Sombath❤ 
Majri❤
Endler❤
Dumornay ❤
Gilles❤
Wendie ❤",5,OL Lyonnes
Inside - Arsenal vs OL (1-2) 👀,260,7567,28,@stephenfreud6068,Goat MELCHIE ❤,2,OL Lyonnes
Inside - Arsenal vs OL (1-2) 👀,260,7567,28,@langevert1359,Et oui arrêtez de reculer p'tain! Vous laissez la balle à votre adversaire comme si vous aviez peur. Certes votre force offensive est impressionnante mais ne laissez plus la balle à vos adversaires et notamment Barcelone. On a vu à Turin que lorsque vous pressez haut vous étouffez votre adversaire. Allez l'OL!...féminin bien sûr 😁,3,OL Lyonnes
Inside - Arsenal vs OL (1-2) 👀,260,7567,28,@in_austin8T,"To be fair, I don't think the OL players accept their performance. Of course, you're the best team in the world, you have a lot of pressure. But you have to know that it's only Arsenal, a small club can't compare with your team. They have fans and you have 8 Champions League. 
Calm down, all the OL players need to believe in themselves and show the world who you are next Sunday.",4,OL Lyonnes
Inside - Arsenal vs OL (1-2) 👀,260,7567,28,@Herblannan,"Good games OL. 
4: 26 Danie van de Donk is absolutely stunning. I can’t get over how insanely gorgeous she looks.",7,OL Lyonnes
Inside - Arsenal vs OL (1-2) 👀,260,7567,28,@heitzmannpatrice4315,Majri DOIT plus jouer!! elle est la joueuse la plus expérimentée dans la vision du jeu en mouvement et très rapide!!,14,OL Lyonnes
Inside - Arsenal vs OL (1-2) 👀,260,7567,28,@feelsoul5396,🐐 GOAT Dumornay,6,OL Lyonnes
Inside - Arsenal vs OL (1-2) 👀,260,7567,28,@Frauenfußball_support,😍😍😍😍,1,OL Lyonnes
Inside - Arsenal vs OL (1-2) 👀,260,7567,28,@temboukezembou8718,Heureux de revoir ma Kadi et toute les filles OL.,2,OL Lyonnes
Résumé vidéo - Arsenal vs OL (1-2) ⚽️💫,153,5508,16,@Hardoro-u7h,Bravo les fenotes plus qu'a faire le taf au retour ❤️💙🦁,0,OL Lyonnes
Résumé vidéo - Arsenal vs OL (1-2) ⚽️💫,153,5508,16,@LenzCariest,Melcher goat haïtienne,0,OL Lyonnes
Résumé vidéo - Arsenal vs OL (1-2) ⚽️💫,153,5508,16,@Simone-t7s,Bonsoir melchie Daellee Dumoney 🌪️🌨️🇭🇹🇭🇹🇭🇹 Dieu te benisse vas y LYON 🛫,1,OL Lyonnes
Résumé vidéo - Arsenal vs OL (1-2) ⚽️💫,153,5508,16,@LicksonElibrum-sn3hk,Melchie Dumornay 😮🐐,2,OL Lyonnes
Résumé vidéo - Arsenal vs OL (1-2) ⚽️💫,153,5508,16,@Charlotteherrgen,"Kady 😮‍💨💥 une vraie reine.
Melchie ❤️‍🔥❤️‍🔥",0,OL Lyonnes
Résumé vidéo - Arsenal vs OL (1-2) ⚽️💫,153,5508,16,@reginaldcesar2876,DUMORNAY,0,OL Lyonnes
Résumé vidéo - Arsenal vs OL (1-2) ⚽️💫,153,5508,16,@kermesck5800,Attanquante thaitienne ?,0,OL Lyonnes
Résumé vidéo - Arsenal vs OL (1-2) ⚽️💫,153,5508,16,@temboukezembou8718,Kady mon combat. Heureux pour ton retour.,1,OL Lyonnes
Résumé vidéo - Arsenal vs OL (1-2) ⚽️💫,153,5508,16,@Yvilmenay198,Dumornay 🇭🇹🇭🇹🇭🇹🇭🇹🇭🇹🇭🇹🇭🇹🇭🇹🇭🇹🇭🇹🇭🇹🇭🇹🇭🇹,1,OL Lyonnes
Résumé vidéo - Arsenal vs OL (1-2) ⚽️💫,153,5508,16,@DamakoJoseph-d3r,Good job Dumornay 🇭🇹 Good Lyon Francia,5,OL Lyonnes
Résumé vidéo - Arsenal vs OL (1-2) ⚽️💫,153,5508,16,@bandeapart88,OL Le meilleur club féminin d'Europe !,0,OL Lyonnes
Résumé vidéo - Arsenal vs OL (1-2) ⚽️💫,153,5508,16,@feelsoul5396,🐐 GOAT Dumornay,1,OL Lyonnes
Résumé vidéo - Arsenal vs OL (1-2) ⚽️💫,153,5508,16,@tutopod7892,allez l'OL faudra faire le taf à la maison on aurait avoir 2 buts d'avance sans ce penalty injustement sifflé🔴🔵,6,OL Lyonnes
Résumé vidéo - Arsenal vs OL (1-2) ⚽️💫,153,5508,16,@DenisREY-i4v,"Diani était belle et bien hors-jeu, après avoir accordé son but, l'arbitre c'est racheté en sifflant penalty pour Arsenal. Pour revenir à partout.",1,OL Lyonnes
Résumé vidéo - Arsenal vs OL (1-2) ⚽️💫,153,5508,16,@dacoofficiel,🔴🔵🦁✨,2,OL Lyonnes
OL ⚔ ARSENAL : Pour une place en finale de Champions League ! 😤,68,1761,11,@TemitopeMatthew-fd3gl,Respect👏👏👏,0,OL Lyonnes
OL ⚔ ARSENAL : Pour une place en finale de Champions League ! 😤,68,1761,11,@ThierryCharreyron-tt1mq,Allez les filles ! Faites nous rêver ! ( Vous en avez l'habitude !...,0,OL Lyonnes
OL ⚔ ARSENAL : Pour une place en finale de Champions League ! 😤,68,1761,11,@marknoonan3854,This will be such an epic match!,0,OL Lyonnes
OL ⚔ ARSENAL : Pour une place en finale de Champions League ! 😤,68,1761,11,@RESEARCHWORK21,Allez OL. ''THE Team is coming to London'',0,OL Lyonnes
OL ⚔ ARSENAL : Pour une place en finale de Champions League ! 😤,68,1761,11,@stephenedestine6815,"C't bien desole pour le arsenal qui arrive dans son fin ds 7 cmptition, a dieu arsenal ,on vs fera le meme que bayern",2,OL Lyonnes
OL ⚔ ARSENAL : Pour une place en finale de Champions League ! 😤,68,1761,11,@roci9809,"You guys better win, I’ve been talking a lot of shit 😭😭🤣",0,OL Lyonnes
OL ⚔ ARSENAL : Pour une place en finale de Champions League ! 😤,68,1761,11,@riittarankinen4749,"First they take Real Madrid, and then they take Lyon.",1,OL Lyonnes
OL ⚔ ARSENAL : Pour une place en finale de Champions League ! 😤,68,1761,11,@JohnsonCharles-t1f,Allez L'OL ❤,0,OL Lyonnes
OL ⚔ ARSENAL : Pour une place en finale de Champions League ! 😤,68,1761,11,@Simone-t7s,Vamos LYON a ganar y campeón champions ❤❤❤🇭🇹🇭🇹🇭🇹 está con Tigo los francés 🙏,1,OL Lyonnes
Résumé vidéo - OL vs Paris FC (2-2) ⚽️🎥,152,10578,20,@sergefernandez3395,"Même si je suis supporter des lyonnaises, je suis ravi qu'un autre club en dehors du psg vient mettre un peu plus de compétition, ça ne peut qu'elever le niveau du championnat 😊. Quant au superbe coup franc, l'immense Michel platini ne l'aurait pas renier😊",0,OL Lyonnes
Résumé vidéo - OL vs Paris FC (2-2) ⚽️🎥,152,10578,20,@AntonioJosehtamako,Lyon Hala,0,OL Lyonnes
Résumé vidéo - OL vs Paris FC (2-2) ⚽️🎥,152,10578,20,@thomassinbruno2612,paris FC qui monte en puissance avec de très bonnes joueuses!!!!,2,OL Lyonnes
Résumé vidéo - OL vs Paris FC (2-2) ⚽️🎥,152,10578,20,@mariajorquera6966,Let's go Lyon champions 9 ❤🎉❤🎉,0,OL Lyonnes
Résumé vidéo - OL vs Paris FC (2-2) ⚽️🎥,152,10578,20,@PrayToSappho,Résultat décevant mais au pire osef puisque'il faut jouer les lay off de merde,0,OL Lyonnes
Résumé vidéo - OL vs Paris FC (2-2) ⚽️🎥,152,10578,20,@équipehaiti,Où😢Melchie,0,OL Lyonnes
Résumé vidéo - OL vs Paris FC (2-2) ⚽️🎥,152,10578,20,@Olive-gd3wn,Dumornay est indispensable dans cette equipe sinon y aura meme pas de finale.La pauvrete creative est affligeante.Apres avec un coach comme montemurro faut pas s'etonner.,3,OL Lyonnes
Résumé vidéo - OL vs Paris FC (2-2) ⚽️🎥,152,10578,20,@drizzy9580,Mais ne mettez pas le score dans le titre 😤,0,OL Lyonnes
Résumé vidéo - OL vs Paris FC (2-2) ⚽️🎥,152,10578,20,@dacoofficiel,🔴🔵🦁✨,1,OL Lyonnes
Résumé vidéo - OL vs Paris FC (2-2) ⚽️🎥,152,10578,20,@tutopod7892,À revoir,0,OL Lyonnes
Résumé vidéo - OL vs Paris FC (2-2) ⚽️🎥,152,10578,20,@jean-danielmartino9619,"Bourdes en défense, peu d'occasions en attaque, manque cruel de carburant chez certaines comme GILLES et CHAWINGA, notamment, blessure de DAMARIS, inquiétant, tout ça.",4,OL Lyonnes
Résumé vidéo - OL vs Paris FC (2-2) ⚽️🎥,152,10578,20,@dylanrobert4687,Un but magnifique de Majri 🤩,8,OL Lyonnes
Résumé vidéo - OL vs Paris FC (2-2) ⚽️🎥,152,10578,20,@jean-claudeeme6520,"Bon match du Pfc.
Lyon a eu peu d occasions.
En l absence de Dumornay y a pas d idée devant. ..Et derrière sans Renard ....dur",5,OL Lyonnes
Résumé vidéo - OL vs Paris FC (2-2) ⚽️🎥,152,10578,20,@florenciotharladiere1420,Une pépite d'Amel😱 très beau match🎉,3,OL Lyonnes
Paroles de Lyonnes 🎤 : Damaris et Sara,186,3674,22,@TemitopeMatthew-fd3gl,👏👏👏,0,OL Lyonnes
Paroles de Lyonnes 🎤 : Damaris et Sara,186,3674,22,@francoisroberge5085,"Quelles joueuses extraordinaires, quelles belles personnalités.",0,OL Lyonnes
Paroles de Lyonnes 🎤 : Damaris et Sara,186,3674,22,@PurpleSaThi,"J'adore ce format. On apprends à les connaitre et les apprécier.  Je comprends mieux du coup pourquoi l’ OL a une grande communautés de fans, pourquoi il y a cette proximité.  Hate de voir la suite.",1,OL Lyonnes
Paroles de Lyonnes 🎤 : Damaris et Sara,186,3674,22,@didierboutet2494,Le foot est extraordinaire pour les émotions. Hâte  de voir une revanche contre les filles du Barça.,3,OL Lyonnes
Paroles de Lyonnes 🎤 : Damaris et Sara,186,3674,22,@dr.manhattan_yk7906,❤️🫂💙,2,OL Lyonnes
Paroles de Lyonnes 🎤 : Damaris et Sara,186,3674,22,@roci9809,Sara pls renew!!!!,1,OL Lyonnes
Paroles de Lyonnes 🎤 : Damaris et Sara,186,3674,22,@ChristianGuyot-d1y,Merveilleuses joueuse de très grande classe. Leur place est à l'OL.,2,OL Lyonnes
Paroles de Lyonnes 🎤 : Damaris et Sara,186,3674,22,@kantsagurung175,Ladies 😍👏💐,2,OL Lyonnes
Paroles de Lyonnes 🎤 : Damaris et Sara,186,3674,22,@tutopod7892,2 joueuses incroyables et bravo pour le français parfait ❤️💙,1,OL Lyonnes
Paroles de Lyonnes 🎤 : Damaris et Sara,186,3674,22,@danielkaz6280,❤️💙😍,1,OL Lyonnes
Paroles de Lyonnes 🎤 : Damaris et Sara,186,3674,22,@charlescarlier4168,Une maîtrise de la langue très intéressante ! Entretien très sympatique ! Deux joueuses très importantes de l'effectif lyonnaise. Pourvu qu'elles restent avec nous encore quelques saisons !!!,3,OL Lyonnes
Paroles de Lyonnes 🎤 : Damaris et Sara,186,3674,22,@micheljarrousse1239,La Classe 😄,3,OL Lyonnes
Paroles de Lyonnes 🎤 : Damaris et Sara,186,3674,22,@cvandletter9330,Behind you. ❤ Keep going 🎉,1,OL Lyonnes
Paroles de Lyonnes 🎤 : Damaris et Sara,186,3674,22,@samton1978,"Merci pour cette entretien,  agréablement surpris de leur maîtrise du  français .
De la part du plus grand fan de Damaris ❤😊",5,OL Lyonnes
Paroles de Lyonnes 🎤 : Damaris et Sara,186,3674,22,@lamsior,"Deux adorables joueuses avec des personnalités sages, on sent leur profondeur d'âme. Allez l'OL 🔴🔵",9,OL Lyonnes
Paroles de Lyonnes 🎤 : Damaris et Sara,186,3674,22,@Hannaxxxxxx,Please renew both ❤,2,OL Lyonnes
Paroles de Lyonnes 🎤 : Damaris et Sara,186,3674,22,@nicolasi1844,Excellent français et elles sont très sympathiques.,10,OL Lyonnes
Paroles de Lyonnes 🎤 : Damaris et Sara,186,3674,22,@Dytirambik,Bravo les filles de parler si bien français 🥰,3,OL Lyonnes
Paroles de Lyonnes 🎤 : Damaris et Sara,186,3674,22,@jean-danielmartino9619,Chouette entretien et bravo pour le français impeccable.,12,OL Lyonnes
Paroles de Lyonnes 🎤 : Damaris et Sara,186,3674,22,@nelsonthiboperso6791,Ce sont des bonnes personnes vraiment au delà de sportives de haut niveau. Merci,5,OL Lyonnes
Paroles de Lyonnes 🎤 : Damaris et Sara,186,3674,22,@guillaumegnoly2148,Guillaume pour les filles de Lyonnaise fille 45.  Lyon D1 féminine,3,OL Lyonnes
Paroles de Lyonnes 🎤 : Damaris et Sara,186,3674,22,@dacoofficiel,🔴🔵🦁✨,4,OL Lyonnes
"Lindsey & Vanessa : Votre club, Notre force #3 💫",129,2219,9,@lamsior,Merci aux joueuses de l'OL d'illuminer les yeux de ces jeunes demoiselles :),0,OL Lyonnes
"Lindsey & Vanessa : Votre club, Notre force #3 💫",129,2219,9,@TemitopeMatthew-fd3gl,👏👏👏,0,OL Lyonnes
"Lindsey & Vanessa : Votre club, Notre force #3 💫",129,2219,9,@DamakoJoseph-d3r,Good job 🔥🔥🔥,1,OL Lyonnes
"Lindsey & Vanessa : Votre club, Notre force #3 💫",129,2219,9,@thereallg4587,*Lindsey and Vanessa🫶*,1,OL Lyonnes
"Lindsey & Vanessa : Votre club, Notre force #3 💫",129,2219,9,@ChanelVibrac,J'y étais c'était incroyable,0,OL Lyonnes
"Lindsey & Vanessa : Votre club, Notre force #3 💫",129,2219,9,@ChanelVibrac,J'y étais c'était incroyable,0,OL Lyonnes
"Lindsey & Vanessa : Votre club, Notre force #3 💫",129,2219,9,@ChanelVibrac,J'y suis c'était incroyable,0,OL Lyonnes
"Lindsey & Vanessa : Votre club, Notre force #3 💫",129,2219,9,@tutopod7892,J’ai cru à la prolongation de Vanessa 😩,0,OL Lyonnes
"Lindsey & Vanessa : Votre club, Notre force #3 💫",129,2219,9,@Simone-t7s,Bonjour depui 🇭🇹🇭🇹🇭🇹 woaw 🎉🎉🎉🎉🎉,1,OL Lyonnes
Table ronde : Comprendre et mieux vivre avec l'Endométriose,43,771,5,@lamsior,"OL un club investi dans la vie sociale, fier de toi.",0,OL Lyonnes
Table ronde : Comprendre et mieux vivre avec l'Endométriose,43,771,5,@guillaumegnoly2148,Guillaume pour les filles de Lyonnaise,1,OL Lyonnes
Table ronde : Comprendre et mieux vivre avec l'Endométriose,43,771,5,@mariajorquera6966,Michele Kang..... Thanks.,0,OL Lyonnes
Table ronde : Comprendre et mieux vivre avec l'Endométriose,43,771,5,@kantsagurung175,👏👏👏 support for women's sports,0,OL Lyonnes
Table ronde : Comprendre et mieux vivre avec l'Endométriose,43,771,5,@DamakoJoseph-d3r,Lyon Francia Good job 🇭🇹🇭🇹,0,OL Lyonnes
Résumé vidéo - OL vs Fleury (4-0) ⚽️🎥,165,7925,10,@premiadosavakinlife8654,Tarciane. ❤⚽️🇧🇷,0,OL Lyonnes
Résumé vidéo - OL vs Fleury (4-0) ⚽️🎥,165,7925,10,@tutopod7892,allez l'OL,1,OL Lyonnes
Résumé vidéo - OL vs Fleury (4-0) ⚽️🎥,165,7925,10,@temboukezembou8718,"Cette Fille Kadi, hummmmm. Mon Combat",1,OL Lyonnes
Résumé vidéo - OL vs Fleury (4-0) ⚽️🎥,165,7925,10,@valarmorghulis4984,Mais y'a HJ sur le premier but nan ???,0,OL Lyonnes
Résumé vidéo - OL vs Fleury (4-0) ⚽️🎥,165,7925,10,@djamelbouras138,A quel moment kadidiatou diani  a subi cette commotion cérébrale?,1,OL Lyonnes
Résumé vidéo - OL vs Fleury (4-0) ⚽️🎥,165,7925,10,@Simone-t7s,L'OL vas y depuis Haití 🇭🇹🇭🇹🇭🇹 je suis presente en sansatiin notre guerrier melchie Daellee Dumoney 🌪️🌨️❤️🇭🇹🇭🇹🇭🇹📖🫂🙏,1,OL Lyonnes
Résumé vidéo - OL vs Fleury (4-0) ⚽️🎥,165,7925,10,@elaxel1230,"Magnifique but de majri comme de Le Sommer, mais il me tard MARIE ANTOINETTE KATOTO a la place de Le Sommer y Majri devrait laisser la place à quelqu'un  d'autre leurs meilleurs jours sont d'arriérés, désolé mais c'est la vérité",0,OL Lyonnes
Résumé vidéo - OL vs Fleury (4-0) ⚽️🎥,165,7925,10,@lamsior,Magnifique but de Majri.,1,OL Lyonnes
Résumé vidéo - OL vs Fleury (4-0) ⚽️🎥,165,7925,10,@thomassinbruno2612,dommage pour Fleury mais l'O.l est vraiment au-dessus du lot et quels buts magnifiques!!!!!,0,OL Lyonnes
Inside - OL vs Bayern Munich (4-1) 👀,355,11999,30,@deliman7203,What a stud team. 👍👍😘😘🥰🥰😍😍,0,OL Lyonnes
Inside - OL vs Bayern Munich (4-1) 👀,355,11999,30,@BooksandArmchair,Can’t wait for Lyon v Arsenal. So good to see this especially at the main stadium where the 8 time European Champions belong.,1,OL Lyonnes
Inside - OL vs Bayern Munich (4-1) 👀,355,11999,30,@mada8530,"Voici l'une des tactiques pour gagner tous ses matchs : Ne jamais sous-estimer l'adversaire et se fixer un nombre de buts à atteindre dans un temps fixé.
Par exemple : 2 buts avant la demi-heure  et remporter toujours ses matchs avec au moins 2 buts d'écart.  Si l'équipe marque ses 2 buts après la demi-heure ou si elle gagne par 1 but d'écart seulement, alors les objectifs ne sont pas atteints, donc ""mauvais"". 
Un autre secret de la réussite consiste à ""manipuler"" l'adversaire. C'est-à-dire, à le faire jouer comme on l'a décidé (on provoque ses transmissions de balles en laissant démarquée la joueuse à qui l'on voudrait que la passe soit faite), En gros avoir une totale maîtrise du jeu de l'adversaire. 
 Plus importantes encore que les aptitudes physiques,  les capacités mentales seront des atouts majeurs pour gagner à tous les coups.  :)     Pliss Foss wendy !",2,OL Lyonnes
Inside - OL vs Bayern Munich (4-1) 👀,355,11999,30,@premiadosavakinlife8654,Quando será a estreia de Taciane?,0,OL Lyonnes
Inside - OL vs Bayern Munich (4-1) 👀,355,11999,30,@JaneendeCharlotte,"😂😂 Van De Donk fue el primero que salpicó de agua a Dumornay, pero después actuó como si no hubiera sucedido nada.",0,OL Lyonnes
Inside - OL vs Bayern Munich (4-1) 👀,355,11999,30,@sacholo-2907,Ct qui le mec du staff là 😂😂😭,0,OL Lyonnes
Inside - OL vs Bayern Munich (4-1) 👀,355,11999,30,@eddyrobenson4727,M.Dumornay❤❤❤,1,OL Lyonnes
Inside - OL vs Bayern Munich (4-1) 👀,355,11999,30,@infoskipper1,Il manque le sermon de la mi-temps 😊,1,OL Lyonnes
Inside - OL vs Bayern Munich (4-1) 👀,355,11999,30,@Yvilmenay198,Dumornay🇭🇹🇭🇹🇭🇹,0,OL Lyonnes
Inside - OL vs Bayern Munich (4-1) 👀,355,11999,30,@mariajorquera6966,I love Lyon ❤🎉❤🎉 champions 9,3,OL Lyonnes
Inside - OL vs Bayern Munich (4-1) 👀,355,11999,30,@mariajorquera6966,Nice! Good video,2,OL Lyonnes
Inside - OL vs Bayern Munich (4-1) 👀,355,11999,30,@Frauenfußball_support,😍❤️‍🔥💙,0,OL Lyonnes
Inside - OL vs Bayern Munich (4-1) 👀,355,11999,30,@jean-christianadrien9474,Melchie Dumornayyyy,2,OL Lyonnes
Inside - OL vs Bayern Munich (4-1) 👀,355,11999,30,@nushdalyaugustin6571,❤❤❤❤❤❤❤❤❤❤❤❤,1,OL Lyonnes
Inside - OL vs Bayern Munich (4-1) 👀,355,11999,30,@samueldadiaa9908,❤💙💯,1,OL Lyonnes
Inside - OL vs Bayern Munich (4-1) 👀,355,11999,30,@Charlotteherrgen,"Allez OL 🦁🦁
Danielle 😅c'est la vilaine de l'équipe",2,OL Lyonnes
Inside - OL vs Bayern Munich (4-1) 👀,355,11999,30,@LicksonElibrum-sn3hk,Olympique lyonnais est un art❤😊🇭🇹,2,OL Lyonnes
Inside - OL vs Bayern Munich (4-1) 👀,355,11999,30,@TemitopeMatthew-fd3gl,👏👏👏,1,OL Lyonnes
Inside - OL vs Bayern Munich (4-1) 👀,355,11999,30,@JaniceDevonel,"lol, Daan tried to hide behind Sara so she wouldn't get wet. and Sara took it all 🤣🤣

This is what you called a FRIENDSHIP 😂",4,OL Lyonnes
Inside - OL vs Bayern Munich (4-1) 👀,355,11999,30,@tutopod7892,Allez l’OL ❤️💙 merci pour l’inside,4,OL Lyonnes
Inside - OL vs Bayern Munich (4-1) 👀,355,11999,30,@SmatvTV-x6n,Dumornay ❤❤❤❤❤❤,4,OL Lyonnes
Inside - OL vs Bayern Munich (4-1) 👀,355,11999,30,@jean-danielmartino9619,"Dommage que cet ""Inside"" ne montre rien sur le moment important entre une première mi-temps très inquiétante et la seconde plus rassurante.
Cette vidéo aurait beaucoup gagné à nous montrer, au moins en partie, ce qui s'est dit à la pause pouvant expliquer la saine réaction des joueuses.",5,OL Lyonnes
Inside - OL vs Bayern Munich (4-1) 👀,355,11999,30,@RosaBaez-m1y,Bisous les filles 😘🫶🏾💪🏾💋💋💋🇭🇹🇭🇹🇭🇹🇭🇹🇭🇹,2,OL Lyonnes
Inside - OL vs Bayern Munich (4-1) 👀,355,11999,30,@Bkdesign6,Ce premier ☝️😅commentaire doit avoir beaucoup de likes 👍car vous aimez 🙏l'équipe des Lyonnaises ❤,12,OL Lyonnes
Inside - OL vs Bayern Munich (4-1) 👀,355,11999,30,@lamsior,Celui la je l'attendais :) :) :),6,OL Lyonnes
Inside - OL vs Bayern Munich (4-1) 👀,355,11999,30,@dacoofficiel,🔴🔵🦁✨,3,OL Lyonnes
Inside - OL vs Bayern Munich (4-1) 👀,355,11999,30,@DamakoJoseph-d3r,Lyon Francia Dumornay 🇭🇹,4,OL Lyonnes
Résumé vidéo - OL vs Bayern Munich (4-1) ⚽️💫,111,2991,12,@mariajorquera6966,I love Lyon ❤🎉❤🎉 champions 9,1,OL Lyonnes
Résumé vidéo - OL vs Bayern Munich (4-1) ⚽️💫,111,2991,12,@Anonymous-12xyz,Mais Melchie est une super joueuse . Elle a participé sur les 4 buts,1,OL Lyonnes
Résumé vidéo - OL vs Bayern Munich (4-1) ⚽️💫,111,2991,12,@Jimmitry-v8w,"Melchie Durmonay Mais quelle joueuse 😍😍😍!!!!!

 Magic Player 😍😍😍❤️‍🔥❤️‍🔥❤️‍🔥🤗🤗🤗",1,OL Lyonnes
Résumé vidéo - OL vs Bayern Munich (4-1) ⚽️💫,111,2991,12,@AntonioJosehtamako,Lyon 🔥🔥🔥,1,OL Lyonnes
Résumé vidéo - OL vs Bayern Munich (4-1) ⚽️💫,111,2991,12,@tutopod7892,On écrase arsenal maintenant ❤️💙,2,OL Lyonnes
Résumé vidéo - OL vs Bayern Munich (4-1) ⚽️💫,111,2991,12,@LicksonElibrum-sn3hk,Allez OL 🇭🇹,1,OL Lyonnes
Résumé vidéo - OL vs Bayern Munich (4-1) ⚽️💫,111,2991,12,@BonneAnnee2025,Allez l OL,3,OL Lyonnes
Résumé vidéo - OL vs Bayern Munich (4-1) ⚽️💫,111,2991,12,@etbadaboum,Bravo les filles !!!,4,OL Lyonnes
Résumé vidéo - OL vs Bayern Munich (4-1) ⚽️💫,111,2991,12,@JohnsonCharles-t1f,Fèlicitations les filles ❤️❤️,3,OL Lyonnes
Résumé vidéo - OL vs Bayern Munich (4-1) ⚽️💫,111,2991,12,@dacoofficiel,🔴🔵🦁✨,3,OL Lyonnes
Résumé vidéo - OL vs Bayern Munich (4-1) ⚽️💫,111,2991,12,@mahdikalil1499,Les Lyonnaises future championnes d'europe 2025🎉,10,OL Lyonnes
Cette équipe.❤️‍🔥 #football #foot #ol #soccer,350,5112,3,@IrisGrancher-e7y,Meilleur équipe de fille foot🦁🇨🇵,0,OL Lyonnes
Cette équipe.❤️‍🔥 #football #foot #ol #soccer,350,5112,3,@DianeBakekolo,🤩🤩🤩🤩,0,OL Lyonnes
Cette équipe.❤️‍🔥 #football #foot #ol #soccer,350,5112,3,@nancyrifo4928,Hermosas imágenes❤,0,OL Lyonnes
Conférence de presse : OL Féminin vs Bayern Munich,136,4693,15,@Annainneina,Press conference Semi final??,0,OL Lyonnes
Conférence de presse : OL Féminin vs Bayern Munich,136,4693,15,@For_Cruyff_Sake,I'm just here for the French in an aussie accent 😂,0,OL Lyonnes
Conférence de presse : OL Féminin vs Bayern Munich,136,4693,15,@schildkroet,Bien joue le francais!! :) :),1,OL Lyonnes
Conférence de presse : OL Féminin vs Bayern Munich,136,4693,15,@mariajorquera6966,I love Lyon ❤🎉❤🎉,0,OL Lyonnes
Conférence de presse : OL Féminin vs Bayern Munich,136,4693,15,@dr.manhattan_yk7906,❤💙,0,OL Lyonnes
Conférence de presse : OL Féminin vs Bayern Munich,136,4693,15,@nicolasi1844,Bel effort pour t'exprimer en français. Bravo Ellie !,0,OL Lyonnes
Conférence de presse : OL Féminin vs Bayern Munich,136,4693,15,@nicolasi1844,Des bouteilles de Gatorade sur l'estrade. Qui se souvient de Cristiano Ronaldo enlevant les bouteilles de Coca-Cola sur l'estrade et disant «drink water» !,0,OL Lyonnes
Conférence de presse : OL Féminin vs Bayern Munich,136,4693,15,@samueldadiaa9908,Éllie ❤💙💯,0,OL Lyonnes
Conférence de presse : OL Féminin vs Bayern Munich,136,4693,15,@gb4996,"Tous derrière le club 
Bravo a Élie et bientôt au coach pour le travail",2,OL Lyonnes
Conférence de presse : OL Féminin vs Bayern Munich,136,4693,15,@DenisREY-i4v,"C'est vrai, c'est une grande joueuse avec beaucoup de talent.",4,OL Lyonnes
Conférence de presse : OL Féminin vs Bayern Munich,136,4693,15,@bernardobadia3679,Bravo Ellie pour ton Français sans oublier ton immense talent !!,6,OL Lyonnes
Conférence de presse : OL Féminin vs Bayern Munich,136,4693,15,@dacoofficiel,🔴🔵🦁✨,3,OL Lyonnes
Conférence de presse : OL Féminin vs Bayern Munich,136,4693,15,@lamsior,Hello Ellie :) Allez l'OL,2,OL Lyonnes
Conférence de presse : OL Féminin vs Bayern Munich,136,4693,15,@jean-danielmartino9619,"Ellie déjà au top.
Félicitations pour son français. 🙏❤",5,OL Lyonnes
Le derby en images. 🎥⚔️ #football #foot #ol #sports,185,2206,3,@AnnieBohem,"De bien belles images, bravo pour la performance 💪💪💪❤️💙 🔴🔵",0,OL Lyonnes
Le derby en images. 🎥⚔️ #football #foot #ol #sports,185,2206,3,@Chris-gz2yz,Merci les Fenottes <3,0,OL Lyonnes
Le derby en images. 🎥⚔️ #football #foot #ol #sports,185,2206,3,@jean-danielmartino9619,Le raid de CAPUTO n'aurait pas déparé dans le paysage.,0,OL Lyonnes
Résumé vidéo - ASSE vs OL (0-5) ⚽️🎥,219,8977,15,@Jimmitry-v8w,"J'adore ce commentateur quand il parle de Melchie Dumornay avec classe 😍😍😍

Melchie Dumornay 😍😍😍 a very great soccer player 😍😍😍❤️‍🔥❤️‍🔥❤️‍🔥❤️‍🔥❤️‍🔥❤️‍🔥❤️‍🔥❤️‍🔥❤️‍🔥❤️‍🔥❤️‍🔥❤️‍🔥❤️‍🔥❤️‍🔥❤️‍🔥❤️‍🔥❤️‍🔥❤️‍🔥❤️‍🔥❤️‍🔥❤️‍🔥❤️‍🔥❤️‍🔥❤️‍🔥❤️‍🔥❤️‍🔥❤️‍🔥❤️‍🔥❤️‍🔥❤️‍🔥❤️‍🔥❤️‍🔥❤️‍🔥❤️‍🔥❤️‍🔥❤️‍🔥❤️‍🔥❤️‍🔥❤️‍🔥❤️‍🔥❤️‍🔥

Thx GOD Jesus Christ 🙏 for this player you give us to enjoy soccer 😍😍😍",0,OL Lyonnes
Résumé vidéo - ASSE vs OL (0-5) ⚽️🎥,219,8977,15,@feguensonhermogene6716,God saves the Queen❤🇭🇹🇭🇹🇭🇹,1,OL Lyonnes
Résumé vidéo - ASSE vs OL (0-5) ⚽️🎥,219,8977,15,@lamsior,Bon retour Ines on est avec toi :),1,OL Lyonnes
Résumé vidéo - ASSE vs OL (0-5) ⚽️🎥,219,8977,15,@tutopod7892,Allez l’OL et trop content pour Inès elle doit être titulaire au milieu ❤️💙,2,OL Lyonnes
Résumé vidéo - ASSE vs OL (0-5) ⚽️🎥,219,8977,15,@lucasteamol7159,"Des 5-0 à Geoffroy Guichard, une tradition finalement...",3,OL Lyonnes
Résumé vidéo - ASSE vs OL (0-5) ⚽️🎥,219,8977,15,@LicksonElibrum-sn3hk,Allez OL 🇭🇹 ❤,4,OL Lyonnes
Résumé vidéo - ASSE vs OL (0-5) ⚽️🎥,219,8977,15,@djamelbouras138,Le retour sur les terrains de Inès benyahia ça fait plaisir 👏,5,OL Lyonnes
Résumé vidéo - ASSE vs OL (0-5) ⚽️🎥,219,8977,15,@ricardojanvier5613,"""Ne posez pas de questions c'est Melchie Dumornay.""

Sa fè m vrèman plezi😍😍
Ayisyen m yo, kite yon like👍.",6,OL Lyonnes
Résumé vidéo - ASSE vs OL (0-5) ⚽️🎥,219,8977,15,@ricardojanvier5613,"❤❤🎉
Dumornay🇭🇹",3,OL Lyonnes
Résumé vidéo - ASSE vs OL (0-5) ⚽️🎥,219,8977,15,@dacoofficiel,🔴🔵🦁✨,6,OL Lyonnes
Résumé vidéo - ASSE vs OL (0-5) ⚽️🎥,219,8977,15,@Antoine-qe4bs,OUIIII Inès !!! Allez l’OL.,7,OL Lyonnes
Résumé vidéo - ASSE vs OL (0-5) ⚽️🎥,219,8977,15,@f1l1felftom56,🤍❤️💙,2,OL Lyonnes
Résumé vidéo - ASSE vs OL (0-5) ⚽️🎥,219,8977,15,@jonathanjamet4005,"11-0 à l'aller, 5-0 au retour, ça fait mal quand même",7,OL Lyonnes
Résumé vidéo - ASSE vs OL (0-5) ⚽️🎥,219,8977,15,@bugszoo1,👍🏽,3,OL Lyonnes
Inside - Bayern Munich vs OL (0-2) 👀,289,8166,29,@maxkemmoun1174,SB 🤲😁🤲😘,1,OL Lyonnes
Inside - Bayern Munich vs OL (0-2) 👀,289,8166,29,@guillaumegnoly2148,Guillaume pour les filles de Lyonnaise des demain soir pour les filles de Lyonnaise fille de Guillaume,1,OL Lyonnes
Inside - Bayern Munich vs OL (0-2) 👀,289,8166,29,@SmatvTV-x6n,Moi c'est l'accent des joueuses étrangères qui parlent le Français qui  me tue 😂😂😂😂😂,2,OL Lyonnes
Inside - Bayern Munich vs OL (0-2) 👀,289,8166,29,@For_Cruyff_Sake,"I feel like...if Michele Kang took over as interim coach for a month, the team would still win 😂",0,OL Lyonnes
Inside - Bayern Munich vs OL (0-2) 👀,289,8166,29,@kritzi5374,Can somebody translate what Eugenie and Selma are talking about at 10:55 ? ❤,3,OL Lyonnes
Inside - Bayern Munich vs OL (0-2) 👀,289,8166,29,@christianl6010,les filles de l'OL ont un formidable etat d'esprit . Bravo . Quelle belle equipe .,4,OL Lyonnes
Inside - Bayern Munich vs OL (0-2) 👀,289,8166,29,@pierrealixpiard6302,"La finale, Lyon vs Barcelone.",0,OL Lyonnes
Inside - Bayern Munich vs OL (0-2) 👀,289,8166,29,@tutopod7892,Allez l’OL merci pour l’inside ❤️💙,2,OL Lyonnes
Inside - Bayern Munich vs OL (0-2) 👀,289,8166,29,@Frauenfußball_support,So proud of this Team!! 😍,0,OL Lyonnes
Inside - Bayern Munich vs OL (0-2) 👀,289,8166,29,@jean-claudeeme6520,Lyon à part Barça pas de rival,1,OL Lyonnes
Inside - Bayern Munich vs OL (0-2) 👀,289,8166,29,@eliemerlin1452,Love  les  filles  !!  ❤😊,0,OL Lyonnes
Inside - Bayern Munich vs OL (0-2) 👀,289,8166,29,@eliemerlin1452,Love  les  filles  !!  ❤😊,1,OL Lyonnes
Inside - Bayern Munich vs OL (0-2) 👀,289,8166,29,@temboukezembou8718,Kadi mon combat.,0,OL Lyonnes
Inside - Bayern Munich vs OL (0-2) 👀,289,8166,29,@laurenttosh5655,Finale Lyon VS Barça,0,OL Lyonnes
Inside - Bayern Munich vs OL (0-2) 👀,289,8166,29,@jazminmartinezj.3142,BRING IT HOME !!!! VAAAAMOS TIANE !!! ORGULLO DE CHILE. QUIERO QUE GANES LA COPA ESTE AÑO Y GOLDEN GLOVE. YOU DISERVED IT.,3,OL Lyonnes
Inside - Bayern Munich vs OL (0-2) 👀,289,8166,29,@DamakoJoseph-d3r,Dumornay 🇭🇹 Good Lyon Francia job,0,OL Lyonnes
Inside - Bayern Munich vs OL (0-2) 👀,289,8166,29,@feelsoul5396,GOAT DUMORNAY,2,OL Lyonnes
Inside - Bayern Munich vs OL (0-2) 👀,289,8166,29,@lamsior,Veritable régal ces insides merci OL,5,OL Lyonnes
Inside - Bayern Munich vs OL (0-2) 👀,289,8166,29,@HugoChar-673,Merci pour la vidéo. Bravo Lyon. A confirmer la semaine prochaine.,2,OL Lyonnes
Inside - Bayern Munich vs OL (0-2) 👀,289,8166,29,@AntonioJosehtamako,Good job 🇭🇹🌟 Lyon,1,OL Lyonnes
Inside - Bayern Munich vs OL (0-2) 👀,289,8166,29,@nushdalyaugustin6571,Selma Bacha le match retour Sera Harrrr😂😂😂😂😂😂,0,OL Lyonnes
Inside - Bayern Munich vs OL (0-2) 👀,289,8166,29,@danielkaz6280,❤️💙😍,1,OL Lyonnes
Inside - Bayern Munich vs OL (0-2) 👀,289,8166,29,@heloisekernevy7514,"Selma ""j'en ai marre !"" 😂😂",0,OL Lyonnes
Inside - Bayern Munich vs OL (0-2) 👀,289,8166,29,@stephenedestine6815,"Regarde comment elle est deja habile ds 7 langue francaise. Bravo lyon bravo melchie, carpenter, gilles, wendie, chawinga etc etc etc etc. Je vs aime tous",6,OL Lyonnes
Inside - Bayern Munich vs OL (0-2) 👀,289,8166,29,@lilia5051,❤❤❤🦁🦁🦁,1,OL Lyonnes
Inside - Bayern Munich vs OL (0-2) 👀,289,8166,29,@angelinesotong6355,Je suis curieuse de connaître la conversation de Capi WR3 et de Lindsay 😂😅. Ça avait l'air intéressant 😅,3,OL Lyonnes
Inside - Bayern Munich vs OL (0-2) 👀,289,8166,29,@dacoofficiel,🔴🔵🦁✨,4,OL Lyonnes
Résumé vidéo - Bayern Munich vs OL (0-2) ⚽️💫,81,3293,10,@Jimmitry-v8w,Dumornay 😍😍😍,0,OL Lyonnes
Résumé vidéo - Bayern Munich vs OL (0-2) ⚽️💫,81,3293,10,@DamakoJoseph-d3r,Dumornay Lyon Francia Good job 🇭🇹🇭🇹,1,OL Lyonnes
Résumé vidéo - Bayern Munich vs OL (0-2) ⚽️💫,81,3293,10,@tutopod7892,❤️💙on pourrait avoir un inside aussi ?,2,OL Lyonnes
Résumé vidéo - Bayern Munich vs OL (0-2) ⚽️💫,81,3293,10,@heitzmannpatrice4315,Oui mais le Barça a battu Wolfsburg 4 à 1 chez les vertes!,0,OL Lyonnes
OL ⚔ BAYERN MUNICH : Une victoire pour accéder en 1/2 ! 😤,54,1284,5,@Hardoro-u7h,Ont vous aimes ❤❤❤,0,OL Lyonnes
OL ⚔ BAYERN MUNICH : Une victoire pour accéder en 1/2 ! 😤,54,1284,5,@JohnsonCharles-t1f,❤❤❤❤❤,0,OL Lyonnes
OL ⚔ BAYERN MUNICH : Une victoire pour accéder en 1/2 ! 😤,54,1284,5,@mariajorquera6966,I love Lyon ❤🎉❤🎉,1,OL Lyonnes
OL ⚔ BAYERN MUNICH : Une victoire pour accéder en 1/2 ! 😤,54,1284,5,@dacoofficiel,🔴🔵🦁✨,2,OL Lyonnes
Ada Hegerberg ⚽️⚽️🔥 #football #foot #ol #sports,212,3999,2,@sammiotoole1470,Easy does it,0,OL Lyonnes
Ada Hegerberg ⚽️⚽️🔥 #football #foot #ol #sports,212,3999,2,@jean-danielmartino9619,Adamantin.,0,OL Lyonnes
Résumé vidéo - OL vs Reims (8-1) ⚽️🎥,136,13566,10,@heloisekernevy7514,Ellie en feu !,0,OL Lyonnes
Résumé vidéo - OL vs Reims (8-1) ⚽️🎥,136,13566,10,@tutopod7892,Allez l’OL place à la ldc maintenant❤️💙,0,OL Lyonnes
Résumé vidéo - OL vs Reims (8-1) ⚽️🎥,136,13566,10,@HugoChar-673,"Merci pour le résumé. Bravo Lyon! Rassurante prestation car le Bayern a aussi fait sensation devant Wolfsburg. Cette confrontation promet d'être un vrai match de Ligue des Championnes. Il faudra bien s'y préparer encore et ne rien retenir pour soi, assumer et assurer, notamment pour contrer les Pernille Harder, Lea Schuller, Lohmann, K. Buhl, Gwinn, Damnjalovic, Dallman, Zadrazil, Tanikawa and Magdalena Ericsson. Et leur nouvelle gardienne est aussi assez bonne. Bonne chance Lyon! Bonne chance Tiane, Ada, Lyndsay, Wendie, Kadi, Selma, Dama, Ellie, Danielle, Sarah, Dzsenifer, Amel, Eugénie, Alice, Vicky, Sofia, Melchie Daëlle, Laura et les autres!  Ada, bon retour! Tarciane, on vous attend! Soyez toutes prêtes! Physiquement, techniquement, tactiquement, mentalement, c'est du lourd mais, c'est dans vos cordes, avec du sérieux et du travail. Cette place en finale, il va falloir la vouloir de toutes vos forces, capacités, potentialités et ressources; il va falloir encore la MÉ-RI-TER, comme tous vos titres, d'ailleurs. Les grandes équipes allemandes, vous savez déjà avec qui vous avez affaire et à quoi vous en tenir. L'expérience devra parler. Les épreuves, les vrais tests commencent maintenant, et c'est nettement plus sérieux que le Paris FC et le PSG. Du cœur, Mesdames et de la réussite dans l'effort! Tout donner! Bon travail à M. Montemurro et à son staff! Avec Lyon toujours,  jusqu'à la victoire finale!  - - - Depuis Haïti. Force à toi, notre Melchie, la Fierté nationale!",3,OL Lyonnes
Résumé vidéo - OL vs Reims (8-1) ⚽️🎥,136,13566,10,@djamelbouras138,Le retour sur les terrains de Inès benyahia c'est pour quand?🤔,0,OL Lyonnes
Résumé vidéo - OL vs Reims (8-1) ⚽️🎥,136,13566,10,@feelsoul5396,GOAT DUMORNAY 🐐,1,OL Lyonnes
Résumé vidéo - OL vs Reims (8-1) ⚽️🎥,136,13566,10,@mariajorquera6966,I love Lyon ❤🎉❤🎉,0,OL Lyonnes
Résumé vidéo - OL vs Reims (8-1) ⚽️🎥,136,13566,10,@mariajorquera6966,Let's go Lyon ❤🎉,1,OL Lyonnes
Résumé vidéo - OL vs Reims (8-1) ⚽️🎥,136,13566,10,@bugszoo1,🔴🔵,1,OL Lyonnes
Résumé vidéo - OL vs Reims (8-1) ⚽️🎥,136,13566,10,@joerrynicolas2006,Allez L'OL,2,OL Lyonnes
"Staff gardiennes : Votre club, Notre force #2 💫",57,986,5,@MarieThérèseCleiss,Transmettre sa passion c est magnifique....❤,0,OL Lyonnes
"Staff gardiennes : Votre club, Notre force #2 💫",57,986,5,@MarieThérèseCleiss,Trop top ma chérie ❤,0,OL Lyonnes
"Staff gardiennes : Votre club, Notre force #2 💫",57,986,5,@mariajorquera6966,Nice❤,0,OL Lyonnes
"Staff gardiennes : Votre club, Notre force #2 💫",57,986,5,@nicolasi1844,"Staff ? L'OL est une équipe française, pourquoi ne pas utiliser des mots français, le dictionnaire n'en manque pas. L'Académie française, ça ne prend pas de Y. #autocolonisés",0,OL Lyonnes
"Staff gardiennes : Votre club, Notre force #2 💫",57,986,5,@DamakoJoseph-d3r,Lyon Francia Good job 🔥🔥🔥🔥,0,OL Lyonnes
Paroles de Lyonnes 🎤 :  Eugénie et Ada,259,5218,21,@nushdalyaugustin6571,❤❤❤❤ très explicite j adorw,0,OL Lyonnes
Paroles de Lyonnes 🎤 :  Eugénie et Ada,259,5218,21,@laurettesilvio631,Quel plaisirs d’avoir ces 2 grandes joueuses. Grandes sur le terrain et en dehors.,1,OL Lyonnes
Paroles de Lyonnes 🎤 :  Eugénie et Ada,259,5218,21,@herudefriandilubis,DONATION YEA,0,OL Lyonnes
Paroles de Lyonnes 🎤 :  Eugénie et Ada,259,5218,21,@romain5749,On aime 🔥❤️💙,2,OL Lyonnes
Paroles de Lyonnes 🎤 :  Eugénie et Ada,259,5218,21,@georgesgautheron4184,"Bravo les filles, vous jouer au football aussi bien que les mecs, et surtout beaucoup plus collectives.
Mon premier diplôme de la ligue en 1965, une seule fille faisait le stage à Venissieux,puis aux 2 stages au CREPS de Voiron ( initiateur moniteur) aucune fille, que des mâles machistes. En 2010 lorsque j'ai vu jouer Eugénie, j'ai explosé de joie en disant à mes neveux ; à Lyon nous avons Gert Muller féminine capable de marquer dans n'importe quelles conditions, possédant une vision du jeu remarquable.
Quand à Ada qui remplaça Lotta Schelling, sont ballon d'or était Largement mérité, à quand le ballon d'or pour Eugénie c'est une incongruité de ne pas lui offrir.
82 ballons au compteur, ex-joueur et entraîneur ( j'ai eu Olio en cadet à Sathonay, puis en junior il a rejoint l'OL) très sérieux à l'entraînement. Je regarde tous les matchs de féminin de l'OL et de l'équipe de France ; et je me régale. Il en est de même pour le Handball et le Volley.
Je n'ai jamais entraîné de filles, pourtant je pense que vous êtes plus attentives aux consignes d'entraînement ; avec les mecs il fallait souvent être un garde chiourme ( surtout les juniors qui pensent qu'ils n'ont plus rien à apprendre).
Amandine, Selma, Amel, wendie, Delphine, et à toutes celles qui font de l'Olympique Lyonnais grâce aux grands hommes visionnaires, Louis Nicollin et jean Michel Aulas ; un des meilleurs club féminin d'Europe. Bravo encore à toutes.🤩",2,OL Lyonnes
Paroles de Lyonnes 🎤 :  Eugénie et Ada,259,5218,21,@baptistegardais9287,Et puis jean Michel aulas est passé par là et à investie dans le football féminin,3,OL Lyonnes
Paroles de Lyonnes 🎤 :  Eugénie et Ada,259,5218,21,@DamakoJoseph-d3r,Good job 🇭🇹🇭🇹,1,OL Lyonnes
Paroles de Lyonnes 🎤 :  Eugénie et Ada,259,5218,21,@sacholo-2907,2 des 3 meilleurs buteuses de la C1 🤝 avec la GOAT Hegerberg 🐐💀😎,1,OL Lyonnes
Paroles de Lyonnes 🎤 :  Eugénie et Ada,259,5218,21,@ana.4198,Deux légendes du sport!❤️💙,2,OL Lyonnes
Paroles de Lyonnes 🎤 :  Eugénie et Ada,259,5218,21,@mariajorquera6966,Let's go Lyon ❤🎉❤🎉,2,OL Lyonnes
Paroles de Lyonnes 🎤 :  Eugénie et Ada,259,5218,21,@regarn7171,Next : Linds et Vaness. 😁,1,OL Lyonnes
Paroles de Lyonnes 🎤 :  Eugénie et Ada,259,5218,21,@tutopod7892,Super concept merci à nos deux légendes à refaire ❤️💙,2,OL Lyonnes
Paroles de Lyonnes 🎤 :  Eugénie et Ada,259,5218,21,@Momo-69-y5z,👌👌👌👌,1,OL Lyonnes
Paroles de Lyonnes 🎤 :  Eugénie et Ada,259,5218,21,@ChristianGuyot-d1y,Nos deux légendes sont des ambassadrices de talent du foot féminin.,11,OL Lyonnes
Paroles de Lyonnes 🎤 :  Eugénie et Ada,259,5218,21,@renzielormera1225,"La bonne communication pour aidé le foot, bravo.... Great show",2,OL Lyonnes
Paroles de Lyonnes 🎤 :  Eugénie et Ada,259,5218,21,@pyfouille4669,Merci pour cette intervention,2,OL Lyonnes
Paroles de Lyonnes 🎤 :  Eugénie et Ada,259,5218,21,@philippesabia9359,"Deux magnifiques footballeuses ainsi que deux belles personnes ❤
Allez l OL feminin forever ❤❤",2,OL Lyonnes
Paroles de Lyonnes 🎤 :  Eugénie et Ada,259,5218,21,@annecarriorbeerinevuos7732,2 footballeuses hors pair. Bravo ❤,6,OL Lyonnes
Paroles de Lyonnes 🎤 :  Eugénie et Ada,259,5218,21,@dacoofficiel,🔴🔵🦁✨,4,OL Lyonnes
Résumé vidéo - Strasbourg vs OL (0-4) ⚽️🎥,204,16613,21,@heitzmannpatrice4315,Bécho Cfroid!!,0,OL Lyonnes
Résumé vidéo - Strasbourg vs OL (0-4) ⚽️🎥,204,16613,21,@Beverly_13,Bon match les filles ❤❤,0,OL Lyonnes
Résumé vidéo - Strasbourg vs OL (0-4) ⚽️🎥,204,16613,21,@SheenaysonRenoid,Melchie nous sommes fières de vous ❤🎉,1,OL Lyonnes
Résumé vidéo - Strasbourg vs OL (0-4) ⚽️🎥,204,16613,21,@SheenaysonRenoid,Melchie nous sommes fières de vous ❤🎉,1,OL Lyonnes
Résumé vidéo - Strasbourg vs OL (0-4) ⚽️🎥,204,16613,21,@Rodrigue-w9p,Vu ce match Lyon sans Horan et Vdd c est tres moyen.Banc faible.,0,OL Lyonnes
Résumé vidéo - Strasbourg vs OL (0-4) ⚽️🎥,204,16613,21,@tutopod7892,Allez l’OL ❤️💙,0,OL Lyonnes
Résumé vidéo - Strasbourg vs OL (0-4) ⚽️🎥,204,16613,21,@AntonioJosehtamako,Dumornay Melehie Lyon Good job Lyon 🔥🔥🌟🌟🌟,1,OL Lyonnes
Résumé vidéo - Strasbourg vs OL (0-4) ⚽️🎥,204,16613,21,@jean-claudeeme6520,Hardet et Buhl vont rigoler face à cette defense gruyere,0,OL Lyonnes
Résumé vidéo - Strasbourg vs OL (0-4) ⚽️🎥,204,16613,21,@ChristianEME-o7y,Sur l action de Mendy on voit toute la lourdeur de Renard.Le Bayern va s amuser,2,OL Lyonnes
Résumé vidéo - Strasbourg vs OL (0-4) ⚽️🎥,204,16613,21,@ChristianEME-o7y,2e but raccroc,0,OL Lyonnes
Résumé vidéo - Strasbourg vs OL (0-4) ⚽️🎥,204,16613,21,@ChristianEME-o7y,La defense sur le but de lesommer😂,0,OL Lyonnes
Résumé vidéo - Strasbourg vs OL (0-4) ⚽️🎥,204,16613,21,@jean-danielmartino9619,"Curieux commentaire (troisième but)
Une joueuse prêtée n'est pas une ancienne joueuse.",0,OL Lyonnes
Résumé vidéo - Strasbourg vs OL (0-4) ⚽️🎥,204,16613,21,@dacoofficiel,🔴🔵🦁✨,1,OL Lyonnes
"Maro & Tiane :  Votre club, Notre force #1 💫",106,2014,11,@guillaumegnoly2148,Guillaume pour les filles OL et de Lyon Fille de Lyonnaise pour les filles de Guillaume,1,OL Lyonnes
"Maro & Tiane :  Votre club, Notre force #1 💫",106,2014,11,@sacholo-2907,Endler Maroszan = Légendes 🤍❤️💙🤍🏆,1,OL Lyonnes
"Maro & Tiane :  Votre club, Notre force #1 💫",106,2014,11,@mariajorquera6966,ENDLER'S FANS ❤🎉❤🎉,1,OL Lyonnes
"Maro & Tiane :  Votre club, Notre force #1 💫",106,2014,11,@DamakoJoseph-d3r,Lyon Francia Dumornay 🇭🇹 Good job 🇭🇹,0,OL Lyonnes
"Maro & Tiane :  Votre club, Notre force #1 💫",106,2014,11,@jean-claudeeme6520,Endler doit remercier le Psg,0,OL Lyonnes
"Maro & Tiane :  Votre club, Notre force #1 💫",106,2014,11,@JohnsonCharles-t1f,❤❤❤❤❤,0,OL Lyonnes
"Maro & Tiane :  Votre club, Notre force #1 💫",106,2014,11,@mariajorquera6966,Very nice❤🎉❤🎉,0,OL Lyonnes
"Maro & Tiane :  Votre club, Notre force #1 💫",106,2014,11,@EnicaRené,Allez OL❤🎉,1,OL Lyonnes
Academy : Séance spécifique gardiennes avec les pros,96,2065,6,@DamakoJoseph-d3r,Lyon Francia Good job 🇭🇹🇭🇹🇭🇹,0,OL Lyonnes
Academy : Séance spécifique gardiennes avec les pros,96,2065,6,@ChristianGuyot-d1y,Bravo ! Il faut bien préparer la relève.,0,OL Lyonnes
Academy : Séance spécifique gardiennes avec les pros,96,2065,6,@tutopod7892,Super initiative 👍🏻❤️💙,0,OL Lyonnes
Academy : Séance spécifique gardiennes avec les pros,96,2065,6,@lamsior,Je suis tellement fier de mon club :) :) :) ALLEZ L'OL,0,OL Lyonnes
Academy : Séance spécifique gardiennes avec les pros,96,2065,6,@jean-danielmartino9619,Sympathique et utile.,0,OL Lyonnes
Academy : Séance spécifique gardiennes avec les pros,96,2065,6,@mariajorquera6966,Nice!,0,OL Lyonnes
OL ⚔ BAYERN MUNICH : un match décisif ! 😤,73,1420,6,@lorvensclairfond5085,DUMORNAY 🎉🎉🎉🎉❤,0,OL Lyonnes
OL ⚔ BAYERN MUNICH : un match décisif ! 😤,73,1420,6,@dacoofficiel,🔴🔵🦁✨,1,OL Lyonnes
OL ⚔ BAYERN MUNICH : un match décisif ! 😤,73,1420,6,@mariajorquera6966,I love Lyon ❤🎉❤🎉,2,OL Lyonnes
OL ⚔ BAYERN MUNICH : un match décisif ! 😤,73,1420,6,@mariajorquera6966,We want the ninth,1,OL Lyonnes
OL ⚔ BAYERN MUNICH : un match décisif ! 😤,73,1420,6,@mariajorquera6966,Let's go Lyon the Best team in the world,3,OL Lyonnes
OL ⚔ BAYERN MUNICH : un match décisif ! 😤,73,1420,6,@Momo-69-y5z,👌,2,OL Lyonnes
La séance de Damaris. ⚽️💪 #football #ol #foot,206,3260,3,@HugoChar-673,"La seule joueuse de champs qui n'ait pas encore vraiment sa remplaçante dans l'équipe! La perte de l'Espagne fait la richesse des Pays-Bas! Joueuse très sérieuse, travailleuse, sobre, courageuse, physique, technique, bonne coéquipière... La Damaris est une Reine! Reviens-nous vite, Damaris!",0,OL Lyonnes
La séance de Damaris. ⚽️💪 #football #ol #foot,206,3260,3,@KissCoolGM,hallo dama,0,OL Lyonnes
La séance de Damaris. ⚽️💪 #football #ol #foot,206,3260,3,@SelvedgeWes,Queen Dama!!!! 👸🏻 Dutch pride!!! 🇳🇱 hope you are doing well!!! 🩹❤️‍🩹,4,OL Lyonnes
Résumé vidéo - OL vs Guingamp (7-0) ⚽️🎥,191,7761,16,@PrayToSappho,🦁🦁🦁,0,OL Lyonnes
Résumé vidéo - OL vs Guingamp (7-0) ⚽️🎥,191,7761,16,@temboukezembou8718,Diani mon combat.,0,OL Lyonnes
Résumé vidéo - OL vs Guingamp (7-0) ⚽️🎥,191,7761,16,@kosingozlanthony9903,"Bravo, les dames !",0,OL Lyonnes
Résumé vidéo - OL vs Guingamp (7-0) ⚽️🎥,191,7761,16,@petercheeseboymokoena8659,Tabitha Chawinga 🇲🇼🇲🇼🇲🇼🇲🇼🇲🇼,0,OL Lyonnes
Résumé vidéo - OL vs Guingamp (7-0) ⚽️🎥,191,7761,16,@HugoPrevilus,❤❤❤😊,1,OL Lyonnes
Résumé vidéo - OL vs Guingamp (7-0) ⚽️🎥,191,7761,16,@DamakoJoseph-d3r,Lyon Francia Dumornay 🇭🇹🇭🇹,1,OL Lyonnes
Résumé vidéo - OL vs Guingamp (7-0) ⚽️🎥,191,7761,16,@Djehouty1618,"Easy ça va s'envoler vers le titre tout ça, allez l'OL ;)",1,OL Lyonnes
Résumé vidéo - OL vs Guingamp (7-0) ⚽️🎥,191,7761,16,@nostarikaaugustin6079,❤❤❤❤,1,OL Lyonnes
Résumé vidéo - OL vs Guingamp (7-0) ⚽️🎥,191,7761,16,@RosaBaez-m1y,Bravo Lyon👏⚽ Melchie Bisous 💋,1,OL Lyonnes
Résumé vidéo - OL vs Guingamp (7-0) ⚽️🎥,191,7761,16,@joerrynicolas2006,❤,1,OL Lyonnes
Résumé vidéo - OL vs Guingamp (7-0) ⚽️🎥,191,7761,16,@mariajorquera6966,I love Lyon ❤🎉❤🎉,2,OL Lyonnes
Résumé vidéo - OL vs Guingamp (7-0) ⚽️🎥,191,7761,16,@mariajorquera6966,All the team!!,1,OL Lyonnes
Résumé vidéo - OL vs Guingamp (7-0) ⚽️🎥,191,7761,16,@KatianaRoman,Dumornay ❤,1,OL Lyonnes
Résumé vidéo - OL vs Guingamp (7-0) ⚽️🎥,191,7761,16,@AbdellatifFaiq-h2j,Belle victoire❤❤❤,1,OL Lyonnes
Résumé vidéo - OL vs Guingamp (7-0) ⚽️🎥,191,7761,16,@AntonioJosehtamako,Dumornay Melehie Lyon ❤❤❤ Good job 🔥🔥🔥🔥,2,OL Lyonnes
Résumé vidéo - OL vs Guingamp (7-0) ⚽️🎥,191,7761,16,@RameshOfficiel,Elles sont trop fortes ces dames 🔥🔥🔥🔥🔥🔥🔥,1,OL Lyonnes
Kysha Sylla prolonge jusqu'en 2027📝,43,707,8,@frenchfoot8599,elle est deja tres forte,0,OL Lyonnes
Kysha Sylla prolonge jusqu'en 2027📝,43,707,8,@tutopod7892,❤️💙,0,OL Lyonnes
Kysha Sylla prolonge jusqu'en 2027📝,43,707,8,@Antoine-qe4bs,Allez Kysha. Profite et reviens plus forte. Et reviens avec Trinity dans un an s’il te plaît.,1,OL Lyonnes
Kysha Sylla prolonge jusqu'en 2027📝,43,707,8,@alastor2262,"Kysha, le club vous fait confiance mais aussi les supporters comme moi, vous êtes devenue une vraie championne.",1,OL Lyonnes
Kysha Sylla prolonge jusqu'en 2027📝,43,707,8,@joerrynicolas2006,Il faut prolonger Vanessa Gilles aussi.,0,OL Lyonnes
Kysha Sylla prolonge jusqu'en 2027📝,43,707,8,@mariajorquera6966,I love Lyon ❤🎉❤🎉,1,OL Lyonnes
Kysha Sylla prolonge jusqu'en 2027📝,43,707,8,@DamakoJoseph-d3r,Lyon Francia Good job 🔥🔥🔥🔥🔥🔥🔥🔥,1,OL Lyonnes
Tarciane rejoint l’OL Féminin ! 💫,159,4472,13,@dacoofficiel,🔴🔵🇧🇷🦁✨,1,OL Lyonnes
Tarciane rejoint l’OL Féminin ! 💫,159,4472,13,@tutopod7892,Bem vindo 🇧🇷❤️💙🦁🤩,0,OL Lyonnes
Tarciane rejoint l’OL Féminin ! 💫,159,4472,13,@jean-claudeeme6520,Bonne joueuse en + 1m84 remplaçante de Renard,0,OL Lyonnes
Tarciane rejoint l’OL Féminin ! 💫,159,4472,13,@charlescarlier4168,Bienvenue à toi Championne ! J'espère que tu vas vite t'intégrer !,1,OL Lyonnes
Tarciane rejoint l’OL Féminin ! 💫,159,4472,13,@mariajorquera6966,TARCIANE!!!!! ❤🎉,1,OL Lyonnes
Tarciane rejoint l’OL Féminin ! 💫,159,4472,13,@mariajorquera6966,I love Lyon ❤🎉❤🎉,2,OL Lyonnes
Tarciane rejoint l’OL Féminin ! 💫,159,4472,13,@mariajorquera6966,Welcome.. Super star ❤🎉❤🎉 thanks Michele Kang.,2,OL Lyonnes
Tarciane rejoint l’OL Féminin ! 💫,159,4472,13,@kantsagurung175,👏👏👏,0,OL Lyonnes
Tarciane rejoint l’OL Féminin ! 💫,159,4472,13,@joerrynicolas2006,Enfin Arrivée 😊. Bienvenue ⚽🇧🇷⚽🇧🇷⚽🇧🇷⚽🇧🇷⚽🇧🇷,2,OL Lyonnes
Tarciane rejoint l’OL Féminin ! 💫,159,4472,13,@jean-danielmartino9619,"Bem-vinda, Tarciane !",2,OL Lyonnes
Tarciane rejoint l’OL Féminin ! 💫,159,4472,13,@sacholo-2907,Braaaaasiiiiiil 🇧🇷🇧🇷🇧🇷🕺💃🕺😎,1,OL Lyonnes
Tarciane rejoint l’OL Féminin ! 💫,159,4472,13,@Antoine-qe4bs,Bienvenue Tarciane. Allez l’OL.,4,OL Lyonnes
Tarciane rejoint l’OL Féminin ! 💫,159,4472,13,@philippesabia9359,Bienvenue Championne à l  Olympique Lyonnais meilleure club feminin du monde.,7,OL Lyonnes
Résumé vidéo - Montpellier vs OL (1-4) ⚽️🎥,122,7945,11,@DamakoJoseph-d3r,Dumornay 🇭🇹 Good job Lyon Francia,1,OL Lyonnes
Résumé vidéo - Montpellier vs OL (1-4) ⚽️🎥,122,7945,11,@SaintLouisFrancine,I Love you melchie,1,OL Lyonnes
Résumé vidéo - Montpellier vs OL (1-4) ⚽️🎥,122,7945,11,@tutopod7892,Allez l’OL ❤️💙,0,OL Lyonnes
Résumé vidéo - Montpellier vs OL (1-4) ⚽️🎥,122,7945,11,@dr.manhattan_yk7906,"Peut on avoir des nouvelles de Damaris Egurrola ? Ce qui est, je pense, préoccupe le plus les supporters ! Merci",0,OL Lyonnes
Résumé vidéo - Montpellier vs OL (1-4) ⚽️🎥,122,7945,11,@mariajorquera6966,Welcome Tarciane❤🎉,1,OL Lyonnes
Résumé vidéo - Montpellier vs OL (1-4) ⚽️🎥,122,7945,11,@jean-danielmartino9619,"Etonnants, ces résumés qui laissent de côté les points essentiels - noirs en l'occurrence - comme la blessure dont a été victime la précieuse Damaris EGURROLA.
Je crains qu'on ne soit pas près d'avoir de ses nouvelles compte tenu de l'opacité du site du club en matière de santé.",4,OL Lyonnes
Résumé vidéo - Montpellier vs OL (1-4) ⚽️🎥,122,7945,11,@joerrynicolas2006,Où est votre recrue Hivernal ?  Où est Tarciane ?,0,OL Lyonnes
La ministre Aurore Bergé de visite au club 📰🎥,58,1592,8,@guillaumegnoly2148,Guillaume noly femme foot de Lyonnaise fille de Lyon D1 féminine pour Guillaume,0,OL Lyonnes
La ministre Aurore Bergé de visite au club 📰🎥,58,1592,8,@ChristianGuyot-d1y,Non évènement. Rien à faire avec ce pied nickelé de la politique.,0,OL Lyonnes
La ministre Aurore Bergé de visite au club 📰🎥,58,1592,8,@renzielormera1225,Ça progresse bravo..,0,OL Lyonnes
La ministre Aurore Bergé de visite au club 📰🎥,58,1592,8,@unznkzlsnsjsnnana3726,Quelle dégage du club elle salie la France,0,OL Lyonnes
La ministre Aurore Bergé de visite au club 📰🎥,58,1592,8,@lyonnais_5666,Gauchiasse 🤡,0,OL Lyonnes
La ministre Aurore Bergé de visite au club 📰🎥,58,1592,8,@tutopod7892,On vient de découvrir qu’aurore bergé est ministre des sports,1,OL Lyonnes
La ministre Aurore Bergé de visite au club 📰🎥,58,1592,8,@francoismonier1062,Le modèle ! 👏🏻👏🏻👏🏻💪🏻👍🏼,0,OL Lyonnes
La ministre Aurore Bergé de visite au club 📰🎥,58,1592,8,@DamakoJoseph-d3r,Lyon Francia para Good job 🔥💤💯💯,0,OL Lyonnes
Résumé vidéo - PSG vs OL (0-2) ⚽️🎥,345,19610,28,@aloinsederlin3938,Allez l'OL🇭🇹🇭🇹🇭🇹🇭🇹🇭🇹,0,OL Lyonnes
Résumé vidéo - PSG vs OL (0-2) ⚽️🎥,345,19610,28,@aloinsederlin3938,Allez l'OL🇭🇹🇭🇹🇭🇹🇭🇹🇭🇹,1,OL Lyonnes
Résumé vidéo - PSG vs OL (0-2) ⚽️🎥,345,19610,28,@Baybaylatèproduction,🇭🇹🇭🇹🇭🇹🇭🇹🇭🇹🇭🇹🇭🇹Bravo a Melchie Daëlle Dumorney,0,OL Lyonnes
Résumé vidéo - PSG vs OL (0-2) ⚽️🎥,345,19610,28,@ValdesGelin-vj6yr,🇭🇹🇭🇹🇭🇹❤❤❤❤❤❤,1,OL Lyonnes
Résumé vidéo - PSG vs OL (0-2) ⚽️🎥,345,19610,28,@MoeketsiRakosa,Alle paree❤❤❤❤❤,0,OL Lyonnes
Résumé vidéo - PSG vs OL (0-2) ⚽️🎥,345,19610,28,@tutopod7892,Allez l’OL ❤️💙,1,OL Lyonnes
Résumé vidéo - PSG vs OL (0-2) ⚽️🎥,345,19610,28,@Dieuquiseul,"Ou  se Yon bon joyeuse Corven! Menm lè yo ta fè tout sa ki depann de yo pou yo barew , se pou Bondye fè yo paka pakab au nom de Jésus!",0,OL Lyonnes
Résumé vidéo - PSG vs OL (0-2) ⚽️🎥,345,19610,28,@remy2824,"Il a fallu qu’on leur prenne endler, diani, däbritz, chawinga pour les battre",0,OL Lyonnes
Résumé vidéo - PSG vs OL (0-2) ⚽️🎥,345,19610,28,@EphraimChinthunzi,Chawinga the best 🔥,0,OL Lyonnes
Résumé vidéo - PSG vs OL (0-2) ⚽️🎥,345,19610,28,@ChadRob-ob5fc,melchie dumornay ❤❤❤❤,0,OL Lyonnes
Résumé vidéo - PSG vs OL (0-2) ⚽️🎥,345,19610,28,@jorguiniophilippe47,❤❤🇭🇹🇭🇹🇭🇹🇭🇹,1,OL Lyonnes
Résumé vidéo - PSG vs OL (0-2) ⚽️🎥,345,19610,28,@heloisekernevy7514,Merci Ellie ! 😍,1,OL Lyonnes
Résumé vidéo - PSG vs OL (0-2) ⚽️🎥,345,19610,28,@KatianaRoman,Durmonay meilleur,0,OL Lyonnes
Résumé vidéo - PSG vs OL (0-2) ⚽️🎥,345,19610,28,@Jun-yn5rv,"Bravo les filles. Je suis triste pour Selma Bacha, à peine revenue et déjà bléssée. J'espère qu'elle reviendra vite.",5,OL Lyonnes
Résumé vidéo - PSG vs OL (0-2) ⚽️🎥,345,19610,28,@RameshOfficiel,Vas-y comme ça doucement et sûrement Melchie ❤👌🎯💪,5,OL Lyonnes
Résumé vidéo - PSG vs OL (0-2) ⚽️🎥,345,19610,28,@charnellorgeat4781,Allez OL 🇭🇹🇭🇹🇭🇹🇭🇹🇭🇹🇭🇹🇭🇹,11,OL Lyonnes
Résumé vidéo - PSG vs OL (0-2) ⚽️🎥,345,19610,28,@LicksonElibrum-sn3hk,Allez OL 🇭🇹,7,OL Lyonnes
Résumé vidéo - PSG vs OL (0-2) ⚽️🎥,345,19610,28,@taz31,Tjrs aussi comique le fm 😂😂,0,OL Lyonnes
Résumé vidéo - PSG vs OL (0-2) ⚽️🎥,345,19610,28,@hervegille-u6k,C'est tres bien que le paris f.c soit deuxieme pour l'instant.,4,OL Lyonnes
Résumé vidéo - PSG vs OL (0-2) ⚽️🎥,345,19610,28,@DamakoJoseph-d3r,Good job 🔥🔥🔥🔥🔥🔥,0,OL Lyonnes
Résumé vidéo - PSG vs OL (0-2) ⚽️🎥,345,19610,28,@SA754,❤💙,0,OL Lyonnes
Résumé vidéo - PSG vs OL (0-2) ⚽️🎥,345,19610,28,@Momo-69-y5z,"J'ai envie de dire qu'heureusement les filles sauvent l'honneur 
ALLEZ L'OL",0,OL Lyonnes
Résumé vidéo - PSG vs OL (0-2) ⚽️🎥,345,19610,28,@charlescarlier4168,"Bon ! Voilà ! Je crois que c'est clair cette fois-ci ! Comme je l'avais évoqué, l'OL est une grande équipe ! Toutes les grandes équipes savent se remobiliser pour faire un grand match comme celui-là ! Le PSG est quand même moins incisif cette année, on sent bien une certaine tension dans cette équipe et cela nuit au bon déroulement du jeu ! L'entraineur est-il fautif ? En attendant, allez l'OL !",16,OL Lyonnes
Résumé vidéo - PSG vs OL (0-2) ⚽️🎥,345,19610,28,@joerrynicolas2006,Melchie Dumornay 🇭🇹🇭🇹,3,OL Lyonnes
Résumé vidéo - PSG vs OL (0-2) ⚽️🎥,345,19610,28,@dacoofficiel,🔴🔵🦁✨,2,OL Lyonnes
Résumé vidéo - PSG vs OL (0-2) ⚽️🎥,345,19610,28,@dieujustejacinthe,aller OL Aller Melchie tu es la Meilleur 👏👏👏👏,4,OL Lyonnes
Résumé vidéo - PSG vs OL (0-2) ⚽️🎥,345,19610,28,@dabbdmgofficial,Vamos Dumornay ❤❤❤,2,OL Lyonnes
"Résumé vidéo - Stade de Reims vs OL (0-0, 10 tab à 9) ⚽️🎥",138,9390,46,@AntonioJosehtamako,Good job 🔥🔥,0,OL Lyonnes
"Résumé vidéo - Stade de Reims vs OL (0-0, 10 tab à 9) ⚽️🎥",138,9390,46,@rffrancisque8080,"Mon club d'amour❤ de toujours l'olympique Lyonnais l'avenir seras plus forte pour nos Fenottes, faire battre le cœur ❤️ 💙🥰😘⚽️ cest sans toute la fiertés de touts les supporters de LO et le mien.....",0,OL Lyonnes
"Résumé vidéo - Stade de Reims vs OL (0-0, 10 tab à 9) ⚽️🎥",138,9390,46,@jean-louisboullu5991,Il y a des jours comme ça !  La victoire en ligue des champions n'en sera que plus belle !  🧡 🧡,1,OL Lyonnes
"Résumé vidéo - Stade de Reims vs OL (0-0, 10 tab à 9) ⚽️🎥",138,9390,46,@olivierflavion4742,au revoir OL,0,OL Lyonnes
"Résumé vidéo - Stade de Reims vs OL (0-0, 10 tab à 9) ⚽️🎥",138,9390,46,@sacholo-2907,"Oklm c’est la Coupe de France le club veut plus la gagner depuis 2,3 ans donc tout vas bien on laisse la CDF au autres on est hyper généreux nous comme d’hab 😉🤡🤡🤡🤡🤡🤡",0,OL Lyonnes
"Résumé vidéo - Stade de Reims vs OL (0-0, 10 tab à 9) ⚽️🎥",138,9390,46,@RespecTheLevYT,Vois-y! C'apparait que les penaltys ne sont pas pay-to-win 😂,0,OL Lyonnes
"Résumé vidéo - Stade de Reims vs OL (0-0, 10 tab à 9) ⚽️🎥",138,9390,46,@For_Cruyff_Sake,What happened to Endler?,1,OL Lyonnes
"Résumé vidéo - Stade de Reims vs OL (0-0, 10 tab à 9) ⚽️🎥",138,9390,46,@valmontvicomte8156,"Benkhart ne joue jamais et quand elle joue c'est toujours avec une équipe hybride et sans repères .. ce n'est pas un cadeau pour elle !
Pas de soutien de la part de ses partenaires après son péno. Si Endler se blesse, la fin de saison va être compliquée dans les buts de l'OL. 
J'adore Hegerberg mais j'ai peur que ce soit le vrai début de la fin. 
Chawinga est souvent hyper performante en retour défensif, mais pourquoi l'avoir prise au PSG si ce n'est pas pour jouer en profondeur avec elle ? 
Le milieu de terrain est technique mais mis à part DVD c'est trop lent ! Egurola est Top en N°6 mais si elle se blesse ... Ouille Ouille !  En fait, il y a des taulières indiscutables comme  Endler, Renard, Gilles, Egurola, DVD, Horan et Diani, des 'jeunes' au niveau comme Sombath, Dumornay et Bacha (si elle revient bien de blessure car c'est encore moyen), une bonne surprise avec Svava et une bonne joueuse mais mal utilisée avec Chawinga ... mais le reste de l'équpe semble dans un petit déclin ou dans le confort, avec un niveau juste suffisant pour rester la meilleure équipe Française. 
Il faudrait donner du temps de jeu aux jeunes du centre de formation car sinon elles ne progresseront jamais. Mendy ou Joseph ont du potentiel, il faut oser les lancer dans le grand bain. Il suffit de rester dans les 4 premières du championnat, il n'y a pas de risques à les faire jouer. On garde la plus grosse équipe, très expérimentée, uniquement pour tous les matchs couperets en coupe d'Europe et de France et dans certains matchs de championat pour que des automatismes perdurent. 
L'année prochaine il faut recruter des quelques joueuses battantes et techniques (pourquoi pas Clara Matteo). Le Top du Top serait Lauren Hemp la milieu offensif de Manchester City et une 'serial buteuse' (Katoto ?) car l'efficacité, malgré la pleiade de buts est pauvre ! Beaucoup trop de joueuses différentes marquent, ce n'est pas toujours bon signe. 
Enfin, osons tirer de loin ... c'est quand même fou qu'à l'entrainement toutes les filles s'amusent à frapper de loin en lucarne, avec succès et en match plus personne !",1,OL Lyonnes
"Résumé vidéo - Stade de Reims vs OL (0-0, 10 tab à 9) ⚽️🎥",138,9390,46,@laurenttosh5655,1 occasion nette  en 90 minutes ???  Chawinga je me demande si c'est bien la même qui étais au psg  ???  Becho j'arrive toujours pas à comprendre pourquoi on continu à la faire jouer,2,OL Lyonnes
"Résumé vidéo - Stade de Reims vs OL (0-0, 10 tab à 9) ⚽️🎥",138,9390,46,@mariajorquera6966,"Montemurro se confío demaciado pensó que iba a ser un trámite saco a Endler, no se si estará lesionada pero en este partido era más que nesesaria, sería otro el resultado u un triunfo para el Lyon...... No se puede jugar una competición tan importante con suplentes....... A concentrarse en lo que queda I LOVE LYON ❤🎉❤🎉",1,OL Lyonnes
"Résumé vidéo - Stade de Reims vs OL (0-0, 10 tab à 9) ⚽️🎥",138,9390,46,@hngp6863,"Why do Lyon players have to play in places with poor lighting conditions? 

I just came from Asia and if our tournaments, football fields don't enough have good lighting, we won't have to compete. Ball vision is important and fouling leads to injury at a much higher rate.",3,OL Lyonnes
"Résumé vidéo - Stade de Reims vs OL (0-0, 10 tab à 9) ⚽️🎥",138,9390,46,@charlescarlier4168,"Alors ! Incident de parcours ou début de désillusion ? Bon ! Je veux croire que samedi, elles vont faire un match magnifique face au PSG ! Sans cela, ça va commencer à ganberger ! L'OL est une grande équipe ! Samedi sera un autre jour ! Mais je suis désagréablement surpris !",4,OL Lyonnes
"Résumé vidéo - Stade de Reims vs OL (0-0, 10 tab à 9) ⚽️🎥",138,9390,46,@SylvainGardais,A priori l'OL pensait que ce march serait une formalité vu la compo et l'intensité du match...Reims a joué avec ses armes et bravo pour l'exploit,3,OL Lyonnes
"Résumé vidéo - Stade de Reims vs OL (0-0, 10 tab à 9) ⚽️🎥",138,9390,46,@didierboutet2494,Bravo Reims.,1,OL Lyonnes
"Résumé vidéo - Stade de Reims vs OL (0-0, 10 tab à 9) ⚽️🎥",138,9390,46,@didierboutet2494,Il n'y a qu'en France que l'on voit des éclairages de merde. Nous avons les centrales pour payer 10fois moins cher l'électricité. Réveillez-vous les Français. FREXIT rapidement pour retrouver notre autonomie.,1,OL Lyonnes
"Résumé vidéo - Stade de Reims vs OL (0-0, 10 tab à 9) ⚽️🎥",138,9390,46,@Matteblak,Michelle Kang is going to be fuming,0,OL Lyonnes
"Résumé vidéo - Stade de Reims vs OL (0-0, 10 tab à 9) ⚽️🎥",138,9390,46,@joerrynicolas2006,"OL féminin doit recruter au milieu du terrain, Dabritz et Horan trop lente,elles n'y arrivent pas",2,OL Lyonnes
"Résumé vidéo - Stade de Reims vs OL (0-0, 10 tab à 9) ⚽️🎥",138,9390,46,@Jun-yn5rv,"Je ne comprend pas pourquoi l'entraineur de L'OL change tout le temps son équipe, l'attaque alignée etait complètement inédite. Si cette compétition est importante pour Lyon, alors aligné les meilleures joueuses. Quelle déception!",6,OL Lyonnes
"Résumé vidéo - Stade de Reims vs OL (0-0, 10 tab à 9) ⚽️🎥",138,9390,46,@équipehaiti,No Dumornay No party 😢,2,OL Lyonnes
"Résumé vidéo - Stade de Reims vs OL (0-0, 10 tab à 9) ⚽️🎥",138,9390,46,@DamakoJoseph-d3r,Good job 🔥🔥💤💯💯,0,OL Lyonnes
"Résumé vidéo - Stade de Reims vs OL (0-0, 10 tab à 9) ⚽️🎥",138,9390,46,@philippesabia9359,"Je n ai pas vu le match mais le match contre Dijon gagné difficilement avec peu d intensité , tres peu de circuit de passes efficaces et surtout pas de tirs au but de loin marquait déjà un déficit de jeu collectif et un gros déchet technique préjudiciable pour une équipe qui a des objectifs élevés ; l entraîneur Montemurro doit se remettre en cause sinon les désillusions vont s enchaîner....",4,OL Lyonnes
"Résumé vidéo - Stade de Reims vs OL (0-0, 10 tab à 9) ⚽️🎥",138,9390,46,@tutopod7892,La honte mais la honte,7,OL Lyonnes
"Résumé vidéo - Stade de Reims vs OL (0-0, 10 tab à 9) ⚽️🎥",138,9390,46,@jean-claudeeme6520,"Les penos...reussite pour Lyon qui a 3 tirs touches ou barre.
Aucun soutien pauvre Benkhart que ses coequipieres laissent seule",3,OL Lyonnes
"Résumé vidéo - Stade de Reims vs OL (0-0, 10 tab à 9) ⚽️🎥",138,9390,46,@jean-claudeeme6520,Pas normal l eclairage😂,8,OL Lyonnes
"Résumé vidéo - Stade de Reims vs OL (0-0, 10 tab à 9) ⚽️🎥",138,9390,46,@jean-claudeeme6520,Reims a bien joué a bien choisi un terrain...mauvais et Lyon sans Renard pour 1 tête et Dumornay pour marquer y a rien,3,OL Lyonnes
"Résumé vidéo - Stade de Reims vs OL (0-0, 10 tab à 9) ⚽️🎥",138,9390,46,@heitzmannpatrice4315,"Melchie a beaucoup manqué, parce que la pelouse de Blériot elle connait parfaitement!! Maintenant se consacrer UNIQUEMENT à la LDC!!",6,OL Lyonnes
"Résumé vidéo - Stade de Reims vs OL (0-0, 10 tab à 9) ⚽️🎥",138,9390,46,@nicolasi1844,"Dire que l'OL a marqué 52 buts en 12 parties, contre 16 pour le Stade de Reims. La seule bonne nouvelle c'est que le niveau général de la ligue augmente, ont voit moins souvent des équipes complètement déclassées.",2,OL Lyonnes
𝟓𝟎 𝐦𝐚𝐭𝐜𝐡𝐬 pour Kady ✨ #football #ol,158,1706,3,@temboukezembou8718,Kady mon Combat.,0,OL Lyonnes
𝟓𝟎 𝐦𝐚𝐭𝐜𝐡𝐬 pour Kady ✨ #football #ol,158,1706,3,@dianijr,🎉🎉❤,1,OL Lyonnes
𝟓𝟎 𝐦𝐚𝐭𝐜𝐡𝐬 pour Kady ✨ #football #ol,158,1706,3,@MartineChabroux,"Tu as bien fait de quitter le   p.s.g. Pas de championnes league, cette année,  match nul  contre une équipe  présumé  moins forte, que soi. SUPER  LYON.",2,OL Lyonnes
Résumé vidéo - OL vs Dijon (2-0) ⚽️🎥,139,6013,7,@tutopod7892,Allez l’OL ❤️💙,0,OL Lyonnes
Résumé vidéo - OL vs Dijon (2-0) ⚽️🎥,139,6013,7,@heloisekernevy7514,"Lyon has more competitive league than barça in Spain... PSG and PFC hurt them every year ! French league is not the english one but lyon is not as strong... Anyway, I like my team and our DVD 😍",1,OL Lyonnes
Résumé vidéo - OL vs Dijon (2-0) ⚽️🎥,139,6013,7,@mariajorquera6966,"Ahora van a criticar al equipo? Lyon gana, solo gana y no para de ganar... Grandes mis leonas, ahora vamos x la copa de Francia..... Eres galáctico todo poderoso Lyon femenino ❤🎉❤🎉",2,OL Lyonnes
Résumé vidéo - OL vs Dijon (2-0) ⚽️🎥,139,6013,7,@Matteblak,Lyon celebrates too hard for a team with zero competition in their league.,1,OL Lyonnes
Résumé vidéo - OL vs Dijon (2-0) ⚽️🎥,139,6013,7,@joerrynicolas2006,OL,1,OL Lyonnes
Résumé vidéo - OL vs Dijon (2-0) ⚽️🎥,139,6013,7,@jean-claudeeme6520,"Vu les 35 dernieres minutes.Match tres moyen
1 seul vrai arret sur occas de le sommer",1,OL Lyonnes
Nommées pour faire partie des meilleures du monde. 🔥 #football #ol #fc25 #toty,152,1745,5,@philippemazet5525,Diani ou Bacha,0,OL Lyonnes
Nommées pour faire partie des meilleures du monde. 🔥 #football #ol #fc25 #toty,152,1745,5,@LohanCrozier-u4f,Lindsey,0,OL Lyonnes
Nommées pour faire partie des meilleures du monde. 🔥 #football #ol #fc25 #toty,152,1745,5,@MondestinRenel-ez8co,Melchie 🎉🎉🎉🎉#1,1,OL Lyonnes
Nommées pour faire partie des meilleures du monde. 🔥 #football #ol #fc25 #toty,152,1745,5,@yvonedouard9643,Melchie G. Dumornay is the BEST!,2,OL Lyonnes
Nommées pour faire partie des meilleures du monde. 🔥 #football #ol #fc25 #toty,152,1745,5,@SelvedgeWes,Damaris #1 💙,1,OL Lyonnes
Elma Junttila Nelhage rejoint l’OL Féminin ! 💫,118,3653,14,@joerrynicolas2006,Maintenant Un milieu offensif pour allez chercher la 9eme LDC.,0,OL Lyonnes
Elma Junttila Nelhage rejoint l’OL Féminin ! 💫,118,3653,14,@tutopod7892,Welcome Elma trop heureux de t’acquerir ❤️💙,1,OL Lyonnes
Elma Junttila Nelhage rejoint l’OL Féminin ! 💫,118,3653,14,@sacholo-2907,Welcome to the biggest of the biggest in Europe 👋🤍👑⚽️,2,OL Lyonnes
Elma Junttila Nelhage rejoint l’OL Féminin ! 💫,118,3653,14,@juinesa-r8y,"Welcome to the world's biggest team. Have trust in your ability to be here and train with outstanding players. They're friendly and humble, yet they are literally the best players. 
Welcome Elma.",2,OL Lyonnes
Elma Junttila Nelhage rejoint l’OL Féminin ! 💫,118,3653,14,@amiedheloise,Bienvenue !! :),1,OL Lyonnes
Elma Junttila Nelhage rejoint l’OL Féminin ! 💫,118,3653,14,@mariajorquera6966,No la conosco para nada pero bienvenida.,1,OL Lyonnes
Elma Junttila Nelhage rejoint l’OL Féminin ! 💫,118,3653,14,@charlescarlier4168,"Ah ! Une nouvelle fenotte ! Si elle joue aussi bien que Sofie Svava, ça va être au top ! Le coach prépare un éventuel départ de Vanessa Gilles ? Néanmoins, bienvenue à Elma !😀",3,OL Lyonnes
Elma Junttila Nelhage rejoint l’OL Féminin ! 💫,118,3653,14,@nicolasi1844,"Une grande joueuse (1,78m).",1,OL Lyonnes
Elma Junttila Nelhage rejoint l’OL Féminin ! 💫,118,3653,14,@dacoofficiel,🔴🔵🦁✨,1,OL Lyonnes
Elma Junttila Nelhage rejoint l’OL Féminin ! 💫,118,3653,14,@icardi9goat,welcome elma !,4,OL Lyonnes
Elma Junttila Nelhage rejoint l’OL Féminin ! 💫,118,3653,14,@onyekeedward612,Welcome madmoseille,1,OL Lyonnes
Bienvenue Elma. 🇸🇪✍️ #football #foot #ol,284,3192,3,@danielkaz6280,Welcome to Lyon ❤️💙😍,0,OL Lyonnes
Bienvenue Elma. 🇸🇪✍️ #football #foot #ol,284,3192,3,@Nelson69008,"Elle a l air heureuse d être la,cool…",0,OL Lyonnes
Bienvenue Elma. 🇸🇪✍️ #football #foot #ol,284,3192,3,@LucienGoma,Bienvenue à elle :),0,OL Lyonnes
Résumé vidéo - OL vs Wolfsburg (1-0) ⚽️💫,81,2270,9,@TitiVrls,❤🩵,0,OL Lyonnes
Résumé vidéo - OL vs Wolfsburg (1-0) ⚽️💫,81,2270,9,@mariajorquera6966,"Feliz año nuevo mi querido y todo poderoso Lyon femenino, que este 2025 sea un año lleno de gloria, copas y medallas...... Todas las luces para ustedes chicas...... I LOVE LYON ❤🎉❤🎉",0,OL Lyonnes
Résumé vidéo - OL vs Wolfsburg (1-0) ⚽️💫,81,2270,9,@PoiJame,Where's Inside Lyon - WOLFSBURG video?,0,OL Lyonnes
Résumé vidéo - OL vs Wolfsburg (1-0) ⚽️💫,81,2270,9,@tutopod7892,Pas une performance très convaincante mais le minium est fait 6/6 place au quart ❤️💙,0,OL Lyonnes
Résumé vidéo - OL vs Wolfsburg (1-0) ⚽️💫,81,2270,9,@Annainneina,"DvD, She's so beautiful, but loot at how is she crazy on the pitch? It's more impressive to me.",0,OL Lyonnes
Résumé vidéo - OL vs Wolfsburg (1-0) ⚽️💫,81,2270,9,@IsaqueEmanoelDosSantosCunh-v4e,Oi❤❤❤❤❤lindo,0,OL Lyonnes
Résumé vidéo - OL vs Wolfsburg (1-0) ⚽️💫,81,2270,9,@margauxc1369,Mettez les commentateurs anglais parce que là 😫,1,OL Lyonnes
Résumé vidéo - OL vs Wolfsburg (1-0) ⚽️💫,81,2270,9,@dacoofficiel,🔴🔵🦁✨,1,OL Lyonnes
DINGUEEEE 🤣 #foot #football #ol,276,5468,7,@maxkemmoun1174,Elle adore faite cette grimace avec ses deux mains ✋😁 ✋,1,OL Lyonnes
DINGUEEEE 🤣 #foot #football #ol,276,5468,7,@maxkemmoun1174,Selma yesssss 😘,1,OL Lyonnes
DINGUEEEE 🤣 #foot #football #ol,276,5468,7,@Haitiwillwinthegoldcup,Salma on death bed : Dingue ...,1,OL Lyonnes
DINGUEEEE 🤣 #foot #football #ol,276,5468,7,@ndoukouman,Dinguerie !!!!,2,OL Lyonnes
DINGUEEEE 🤣 #foot #football #ol,276,5468,7,@palakido5711,JE L' AIME TANT . L' UNE DE MES PREFEREES DE L'EQUIPE .,4,OL Lyonnes
DINGUEEEE 🤣 #foot #football #ol,276,5468,7,@BenaBengrine,❤,2,OL Lyonnes
DINGUEEEE 🤣 #foot #football #ol,276,5468,7,@danielkaz6280,Selma Bacha ❤️💙😍,4,OL Lyonnes
Les réactions de Michele Kang et Selma Bacha 🎙️,230,6590,60,@myriembacha9532,Tu est très belle et adorable ta cousine Myriem Bacha qui t embrasse très fort ❤❤❤j espère te voir bientôt inchallah,0,OL Lyonnes
Les réactions de Michele Kang et Selma Bacha 🎙️,230,6590,60,@renzielormera1225,🎉🎉🎉🎉 yeah,0,OL Lyonnes
Les réactions de Michele Kang et Selma Bacha 🎙️,230,6590,60,@Annainneina,Merci Selma Bacha,0,OL Lyonnes
Les réactions de Michele Kang et Selma Bacha 🎙️,230,6590,60,@IsaqueEmanoelDosSantosCunh-v4e,❤❤❤❤,0,OL Lyonnes
Les réactions de Michele Kang et Selma Bacha 🎙️,230,6590,60,@hngp6863,This is loyal of Selma. We love you Selma,0,OL Lyonnes
Les réactions de Michele Kang et Selma Bacha 🎙️,230,6590,60,@thomassinbruno2612,"un chien fou (dans le bons sens du terme!!), une battante!!!!!!!et douée, souhaitons lui une longue carrière!!!",1,OL Lyonnes
Les réactions de Michele Kang et Selma Bacha 🎙️,230,6590,60,@DiarrababaFaye,❤❤❤❤on t'adore,0,OL Lyonnes
Les réactions de Michele Kang et Selma Bacha 🎙️,230,6590,60,@AntonioJosehtamako,Lyon 🇭🇹🇭🇹,1,OL Lyonnes
Les réactions de Michele Kang et Selma Bacha 🎙️,230,6590,60,@WeekendMuse,Superbe nouvelle 🎉,2,OL Lyonnes
Les réactions de Michele Kang et Selma Bacha 🎙️,230,6590,60,@Nelson69008,"Je l adore cette joueuse,cette femme,une guerrière,toujours ce sourire magnifique,merci Selma",2,OL Lyonnes
Les réactions de Michele Kang et Selma Bacha 🎙️,230,6590,60,@jean-claudeeme6520,Ballon d or😂😂,1,OL Lyonnes
Les réactions de Michele Kang et Selma Bacha 🎙️,230,6590,60,@jean-claudeeme6520,Le cinema de l interet du Barça s arrete.Aucun autre club ne voulait d elle point,0,OL Lyonnes
Les réactions de Michele Kang et Selma Bacha 🎙️,230,6590,60,@roci9809,"Im so sorry for doubting you Selma, I love you 😭❤️❤️",1,OL Lyonnes
Les réactions de Michele Kang et Selma Bacha 🎙️,230,6590,60,@jmc560,Quelle chance pour l’OL et pour nous. Merci d’apporter autant à Lyon et à l’équipe de France.,1,OL Lyonnes
Les réactions de Michele Kang et Selma Bacha 🎙️,230,6590,60,@mauricetropos8853,"Le meilleur pied qauche du championnat et une sacrée guerrière 
Bravo à l'ol d'avoir su la garder.",1,OL Lyonnes
Les réactions de Michele Kang et Selma Bacha 🎙️,230,6590,60,@remy2824,Félicitations 🎊🎈🍾🎉,1,OL Lyonnes
Les réactions de Michele Kang et Selma Bacha 🎙️,230,6590,60,@josewerle1288,Super de reste a Lyon super cadeau a ton équipe❤❤❤❤❤❤,2,OL Lyonnes
Les réactions de Michele Kang et Selma Bacha 🎙️,230,6590,60,@aurelienperrier3682,"Magnifique ! La meilleure des nouvelles pour cette fin d'année et le plus beau des cadeaux  pour l'OL feminin et ses supporters ❤️💙. C'est pour cela qu'on t'aime Selma, ton amour du club, de la ville et des supporters t’ honneur et je me réjoui de pouvoir continuer à te voir porter les couleurs qui te sont chères à ton coeur.  Bravo en tout cas pour ton retour réussi et tu frappe un grand coup avec cette prolongation d'aventure ! A bientôt sur les terrains pour de nouveaux trophées 🏆🥇 et allez L'OL !!!",3,OL Lyonnes
Les réactions de Michele Kang et Selma Bacha 🎙️,230,6590,60,@sacholo-2907,Vaaaaaaaaaaaaaaamos Selmaaaaaa 😭😭😭🥳🥳😍😍😍,1,OL Lyonnes
Les réactions de Michele Kang et Selma Bacha 🎙️,230,6590,60,@wunnne,"Ca c'est de la détermination,
Tu restes à la maison ❤💙💥",4,OL Lyonnes
Les réactions de Michele Kang et Selma Bacha 🎙️,230,6590,60,@malefrancis4383,not even a lyon fan but i only watch Lyon coz of Selma and Van der Donk,4,OL Lyonnes
Les réactions de Michele Kang et Selma Bacha 🎙️,230,6590,60,@massambafall71,"Très bonne affaire pour les deux parties. Vivement que le Seigneur assiste cette grande pro Selma partout et toujours, pour le grand bénef de l'O.L .❤❤❤❤❤❤❤❤❤❤❤❤❤❤❤❤❤❤❤❤❤❤❤❤❤❤❤❤❤❤❤❤❤❤❤❤❤❤❤❤❤❤❤❤❤❤❤❤❤❤❤❤❤❤❤❤❤❤❤❤❤❤❤❤❤❤❤❤❤❤❤❤❤❤❤❤❤❤❤❤❤❤❤❤❤❤❤❤❤❤❤❤❤❤❤❤❤❤❤❤❤❤❤❤❤❤❤❤❤❤❤❤❤❤❤❤❤❤❤❤❤❤❤❤❤❤❤❤❤❤",3,OL Lyonnes
Les réactions de Michele Kang et Selma Bacha 🎙️,230,6590,60,@danielkaz6280,❤️❤️❤️,1,OL Lyonnes
Les réactions de Michele Kang et Selma Bacha 🎙️,230,6590,60,@quentinjuninho1516,La prochaine fois mettez des sous titres quand c’est en anglais svp,2,OL Lyonnes
Les réactions de Michele Kang et Selma Bacha 🎙️,230,6590,60,@mariusbajoc4803,"Bravo selma, tu es dans le plus grand club du monde pourquoi aller ailleurs. Vive les fenotes.",4,OL Lyonnes
Les réactions de Michele Kang et Selma Bacha 🎙️,230,6590,60,@dacoofficiel,🔴🔵🦁✨,2,OL Lyonnes
Les réactions de Michele Kang et Selma Bacha 🎙️,230,6590,60,@cedfury2934,"ca c est une tres grande nouvelle !!! merci selma de rester a la maison , tu es chez toi a l'ol ! c est ton jardin !",3,OL Lyonnes
Les réactions de Michele Kang et Selma Bacha 🎙️,230,6590,60,@mariajorquera6966,"La quería, el Barcelona..... Pues nada se queda, en su casa!!! I love Lyon ❤🎉❤🎉",4,OL Lyonnes
Les réactions de Michele Kang et Selma Bacha 🎙️,230,6590,60,@temboukezembou8718,Cette équipe te représente bien. Continue comme ça.,2,OL Lyonnes
Les réactions de Michele Kang et Selma Bacha 🎙️,230,6590,60,@didierboutet2494,On t'adore Selma. Content que tu restes à l'OL. Ce serait aller où ? Quel club est aussi fort au monde ?,7,OL Lyonnes
Selma Bacha prolonge jusqu'en 2029 📝,204,3218,23,@UthaGotr-p2k,Courage Selma😘,0,OL Lyonnes
Selma Bacha prolonge jusqu'en 2029 📝,204,3218,23,@WeekendMuse,Superbe nouvelle 🎉,0,OL Lyonnes
Selma Bacha prolonge jusqu'en 2029 📝,204,3218,23,@sacholo-2907,On veut plus de Bacha au club 🫠🥰 au travail la OL Académie✨💎✨🔭,0,OL Lyonnes
Selma Bacha prolonge jusqu'en 2029 📝,204,3218,23,@mariajorquera6966,La mejor del mundo en su puesto......... Vamos Lyon ❤🎉❤🎉,1,OL Lyonnes
Selma Bacha prolonge jusqu'en 2029 📝,204,3218,23,@jean-noel-q4n,TOP joueuse!!!,2,OL Lyonnes
Selma Bacha prolonge jusqu'en 2029 📝,204,3218,23,@Ff0xysTtv,super nouvelle que notre fenotte continue l'aventure,2,OL Lyonnes
Selma Bacha prolonge jusqu'en 2029 📝,204,3218,23,@christianl6010,Super nouvelle,0,OL Lyonnes
Selma Bacha prolonge jusqu'en 2029 📝,204,3218,23,@gwenbaup3953,Très très bonne nouvelle !!! 🥳 Super joueuse 👍🏾 contente pour elle et l'OL féminin 👏🏾🥰,6,OL Lyonnes
Selma Bacha prolonge jusqu'en 2029 📝,204,3218,23,@djamelbouras2806,Une future ballon d'or👍,2,OL Lyonnes
Selma Bacha prolonge jusqu'en 2029 📝,204,3218,23,@cybertop20,Courageous lady. Bonne chance pour la suite.,1,OL Lyonnes
Selma Bacha prolonge jusqu'en 2029 📝,204,3218,23,@IsaqueEmanoelDosSantosCunh-v4e,Oi❤❤❤❤❤lindo,0,OL Lyonnes
Selma Bacha prolonge jusqu'en 2029 📝,204,3218,23,@Frauenfußball_support,I’m so happy that you’re staying until 2029! Your passion and talent are a huge asset to the team. Here’s to many successful years with OL Féminin!😊🫶🏻,1,OL Lyonnes
Selma Bacha prolonge jusqu'en 2029 📝,204,3218,23,@valarmorghulis4984,Ohhhh ouii merci Selma,1,OL Lyonnes
Selma Bacha prolonge jusqu'en 2029 📝,204,3218,23,@dembo-xf6vx,Nous sommes olympique lyonnais   et merci  bâcha,4,OL Lyonnes
Selma Bacha prolonge jusqu'en 2029 📝,204,3218,23,@kantsagurung175,👏👏👏,0,OL Lyonnes
Selma Bacha prolonge jusqu'en 2029 📝,204,3218,23,@Pettragriffin,👑,0,OL Lyonnes
Selma Bacha prolonge jusqu'en 2029 📝,204,3218,23,@danielkaz6280,Big surprise,0,OL Lyonnes
Selma Bacha prolonge jusqu'en 2029 📝,204,3218,23,@Munshkin27,Une véritable déclaration d'amour ! Merci de rester avec nous Selma ! ❤💙,4,OL Lyonnes
Selma Bacha prolonge jusqu'en 2029 📝,204,3218,23,@DiarrababaFaye,Une bonne nouvelle,1,OL Lyonnes
Selma Bacha prolonge jusqu'en 2029 📝,204,3218,23,@jean-danielmartino9619,"Une prolongation aussi longue, je n'ai jamais vu ça !",1,OL Lyonnes
Selma Bacha prolonge jusqu'en 2029 📝,204,3218,23,@nicolasi1844,Excellente défensivement et offensivement. Ses coups de pied de coin ou ses passes latérales aux joueuses devant le but sont parfois de véritables chefs-d'oeuvres.,5,OL Lyonnes
Selma Bacha prolonge jusqu'en 2029 📝,204,3218,23,@dacoofficiel,🔴🔵🦁✨,1,OL Lyonnes
Selma Bacha prolonge jusqu'en 2029 📝,204,3218,23,@tutopod7892,Selmmaaaa 🥹❤️💙🫶🏻,0,OL Lyonnes
Notre match face à Nantes. ✨🎞️ #football #foot #ol,383,6259,2,@stephg6028,Daan ❤,3,OL Lyonnes
Notre match face à Nantes. ✨🎞️ #football #foot #ol,383,6259,2,@danielkaz6280,❤️💙🥰🥰🥰🥰,1,OL Lyonnes
"Eugénie pour Amel, c’est magnifique. 🤌",143,2155,1,@dacoofficiel,🔴🔵🦁✨,1,OL Lyonnes
Résumé vidéo - OL vs Nantes (5-1) ⚽️🎥,272,12214,22,@abedjumohamed7666,"Melchie Dumornay doit travailler sur ses frappes par  moment. Dans des matchs serieux comme face @ fc barcelone par exemple, Lyon va payer ca tres cher. Les tirs lourds et forts font peur aux gardiens. C'est ou bien tu veux marquer ou bien tu ne veux pas. Essayer de marquer toujours avec le plat du pied ou avec l'interieur du pied a un temps ou une position pour ca. Parfois il faut tirer en utilisant le dos du pied. C'est plus sur. Elle rate des buts en club et en selection toujours comme ca. Il lui faut plus de concentration.

Kadia Shaw en ce sens est plus sûre, je dirais pareil pour Tabita Chawinga.",0,OL Lyonnes
Résumé vidéo - OL vs Nantes (5-1) ⚽️🎥,272,12214,22,@AntonioJosehtamako,Melchie Demornay 🇭🇹 Lyon Good job 🇭🇹,0,OL Lyonnes
Résumé vidéo - OL vs Nantes (5-1) ⚽️🎥,272,12214,22,@mariajorquera6966,Where is Endler????,0,OL Lyonnes
Résumé vidéo - OL vs Nantes (5-1) ⚽️🎥,272,12214,22,@tutopod7892,Dommage le but encaissé et la blessure d’Amel allez l’OL ❤️💙,0,OL Lyonnes
Résumé vidéo - OL vs Nantes (5-1) ⚽️🎥,272,12214,22,@oldick7013,chawinga et dumorney se sont des meufs...oups..,0,OL Lyonnes
Résumé vidéo - OL vs Nantes (5-1) ⚽️🎥,272,12214,22,@joerrynicolas2006,"Le Trio offensif Chawinga, Melchie,Diani❤",0,OL Lyonnes
Résumé vidéo - OL vs Nantes (5-1) ⚽️🎥,272,12214,22,@augustejamson3666,Tu vas y arriver Melchie continue,3,OL Lyonnes
Résumé vidéo - OL vs Nantes (5-1) ⚽️🎥,272,12214,22,@augustejamson3666,"❤ allez les filles bravo OL. 
Félicitations Melchie Dumorney, tu es unstoppable. Bon doublé",2,OL Lyonnes
Résumé vidéo - OL vs Nantes (5-1) ⚽️🎥,272,12214,22,@dacoofficiel,🔴🔵🦁✨,1,OL Lyonnes
Résumé vidéo - OL vs Nantes (5-1) ⚽️🎥,272,12214,22,@IsaqueEmanoelDosSantosCunh-v4e,Oi❤❤❤❤❤❤lindo,0,OL Lyonnes
Résumé vidéo - OL vs Nantes (5-1) ⚽️🎥,272,12214,22,@jean-noel-q4n,Amel magnifique!!!,1,OL Lyonnes
Résumé vidéo - OL vs Nantes (5-1) ⚽️🎥,272,12214,22,@HugoPrevilus,Allez les fenottes,0,OL Lyonnes
Résumé vidéo - OL vs Nantes (5-1) ⚽️🎥,272,12214,22,@solotx8798,Dumornay is the best player in the world tbh,3,OL Lyonnes
Résumé vidéo - OL vs Nantes (5-1) ⚽️🎥,272,12214,22,@Momo-69-y5z,"Bravo les filles 
ALLEZ L'OL",1,OL Lyonnes
Résumé vidéo - OL vs Nantes (5-1) ⚽️🎥,272,12214,22,@DavidLangenfeld-p6t,L'OL déroule.,3,OL Lyonnes
Résumé vidéo - OL vs Nantes (5-1) ⚽️🎥,272,12214,22,@lyonnais_5666,Le 3 de durmornay honteusement refuser on n'en parle c'est grave quand même,10,OL Lyonnes
Résumé vidéo - OL vs Nantes (5-1) ⚽️🎥,272,12214,22,@temboukezembou8718,Kadi mon Combat. Félicitation à toutes les filles.,7,OL Lyonnes
Résumé vidéo - OL vs Nantes (5-1) ⚽️🎥,272,12214,22,@jean-claudeeme6520,Match sans interet,1,OL Lyonnes
Inside - Galatasaray vs OL (0-6) 👀,296,12047,16,@Frauenfußball_support,love this team so much! so proud! ❤,0,OL Lyonnes
Inside - Galatasaray vs OL (0-6) 👀,296,12047,16,@lamsior,We love you :),0,OL Lyonnes
Inside - Galatasaray vs OL (0-6) 👀,296,12047,16,@tutopod7892,Allez l’OL ❤️💙,0,OL Lyonnes
Inside - Galatasaray vs OL (0-6) 👀,296,12047,16,@temboukezembou8718,Envoyer moi vos survêtement pour mes sœurs.,0,OL Lyonnes
Inside - Galatasaray vs OL (0-6) 👀,296,12047,16,@jioelinez,DvD is so unintentionally funny. The cutest girl ever,3,OL Lyonnes
Inside - Galatasaray vs OL (0-6) 👀,296,12047,16,@nataliajaviera7539,"Ellie , Dan ❤️❤️",6,OL Lyonnes
Inside - Galatasaray vs OL (0-6) 👀,296,12047,16,@mariajorquera6966,"Lindo, me encantan este tipo de videos "" Endler""....... I LOVE LYON ❤🎉❤🎉",2,OL Lyonnes
Inside - Galatasaray vs OL (0-6) 👀,296,12047,16,@さんきょう一七三,"チャンネルあることを知ったのでこれから見ていきます😊
リヨンのサッカー面白いね",1,OL Lyonnes
Inside - Galatasaray vs OL (0-6) 👀,296,12047,16,@brianlyon1073,"Très sympa les vidéos inside, j'adore le moment Ellie, Daan, Vanessa 😂",11,OL Lyonnes
Inside - Galatasaray vs OL (0-6) 👀,296,12047,16,@AntonioJosehtamako,Lyon 🇭🇹🇭🇹 Arsenal 🇭🇹 Good job,1,OL Lyonnes
Inside - Galatasaray vs OL (0-6) 👀,296,12047,16,@PoiJame,Daan has the purest soul and kind heart 🤍 deserves all the praise,11,OL Lyonnes
Inside - Galatasaray vs OL (0-6) 👀,296,12047,16,@amiedheloise,Merci pour vos vidéos ! tellement sympa de vivre à l'interieur ces petits moment avec cette grande équipe  :),7,OL Lyonnes
Inside - Galatasaray vs OL (0-6) 👀,296,12047,16,@AllureMarisa,"i swear, give the phone to Vanessa Gilles and Van de Donk in a room for 1 hour, Admin will have 100 videos to upload.",14,OL Lyonnes
Inside - Galatasaray vs OL (0-6) 👀,296,12047,16,@margauxc1369,Daan Ellie Vanessa 🤣🤣,9,OL Lyonnes
Inside - Galatasaray vs OL (0-6) 👀,296,12047,16,@IsaqueEmanoelDosSantosCunh-v4e,Oi❤❤❤❤lindo,0,OL Lyonnes
Inside - Galatasaray vs OL (0-6) 👀,296,12047,16,@NadiaMervil-p5u,OL vibe Melchie,2,OL Lyonnes
Résumé vidéo - Galatasaray vs OL (0-6) ⚽️💫,80,1448,5,@tutopod7892,Allez l’OL ❤️💙,1,OL Lyonnes
Résumé vidéo - Galatasaray vs OL (0-6) ⚽️💫,80,1448,5,@kantsagurung175,Where's audience?   No support for women's games?,0,OL Lyonnes
Résumé vidéo - Galatasaray vs OL (0-6) ⚽️💫,80,1448,5,@lamsior,Allez l'OL :),0,OL Lyonnes
Résumé vidéo - Galatasaray vs OL (0-6) ⚽️💫,80,1448,5,@dinhantran3493,Inside video ??,1,OL Lyonnes
Résumé vidéo - Galatasaray vs OL (0-6) ⚽️💫,80,1448,5,@zppp,i need bacha to score an Olimpico: a goal directly from a corner,0,OL Lyonnes
Résumé vidéo - Stade de Reims vs OL (0-3) ⚽️🎥,196,6171,12,@wendyalexis9802,Dumornay ❤,0,OL Lyonnes
Résumé vidéo - Stade de Reims vs OL (0-3) ⚽️🎥,196,6171,12,@tutopod7892,Allez l’OL ❤️💙,1,OL Lyonnes
Résumé vidéo - Stade de Reims vs OL (0-3) ⚽️🎥,196,6171,12,@xavensbonheur7132,Allez Dumornay 😊,0,OL Lyonnes
Résumé vidéo - Stade de Reims vs OL (0-3) ⚽️🎥,196,6171,12,@sacholo-2907,2X 3-0 😎😎🥳,0,OL Lyonnes
Résumé vidéo - Stade de Reims vs OL (0-3) ⚽️🎥,196,6171,12,@RameshOfficiel,Melchie 🔥🔥🔥🔥🎯🎯,0,OL Lyonnes
Résumé vidéo - Stade de Reims vs OL (0-3) ⚽️🎥,196,6171,12,@feelsoul5396,GOAT DUMORNAY,1,OL Lyonnes
Résumé vidéo - Stade de Reims vs OL (0-3) ⚽️🎥,196,6171,12,@remy2824,C’est vraiment intéressant les montées des latérales aussi bien svava que Huerta en attaque,3,OL Lyonnes
Résumé vidéo - Stade de Reims vs OL (0-3) ⚽️🎥,196,6171,12,@équipehaiti,Dumornay 🎉,0,OL Lyonnes
Résumé vidéo - Stade de Reims vs OL (0-3) ⚽️🎥,196,6171,12,@gb4996,Bon match et bonne gardienne  du stade de Reims,1,OL Lyonnes
Résumé vidéo - Stade de Reims vs OL (0-3) ⚽️🎥,196,6171,12,@JaniceDevonel,"Melchie on fire. 
And Finally ADAAAAA back",6,OL Lyonnes
Résumé vidéo - Stade de Reims vs OL (0-3) ⚽️🎥,196,6171,12,@Momo-69-y5z,Comme L'OL masculin contre Angers,2,OL Lyonnes
Résumé vidéo - HAC vs OL (0-3) ⚽️🎥,148,7108,23,@GpouGéz,Bravo. Mille fois. Pour. Ma.niece.AmeL.majri.mabrouk.pour.toute.Lequipe.(0L),0,OL Lyonnes
Résumé vidéo - HAC vs OL (0-3) ⚽️🎥,148,7108,23,@JeanmichelLaurent-s2k,Gloire vous soit rendue au généreuse au souveraine ou excellente lyonnaise,0,OL Lyonnes
Résumé vidéo - HAC vs OL (0-3) ⚽️🎥,148,7108,23,@alchimie8892,Bel arrêt de Christiane Endler ❤️‍🔥👍,1,OL Lyonnes
Résumé vidéo - HAC vs OL (0-3) ⚽️🎥,148,7108,23,@a.n.526,"Sofie Svava pas au niveau. Contre Barcelone, Chelsea ou Arsenal, on encaissera beaucoup.
Marozan n'a plus le physique. Déjà fatiguée.",0,OL Lyonnes
Résumé vidéo - HAC vs OL (0-3) ⚽️🎥,148,7108,23,@tutopod7892,Allez l’OL ❤️💙,0,OL Lyonnes
Résumé vidéo - HAC vs OL (0-3) ⚽️🎥,148,7108,23,@patriciacontreras4374,Que golazo el de Amel y el de Vicky.,1,OL Lyonnes
Résumé vidéo - HAC vs OL (0-3) ⚽️🎥,148,7108,23,@patrickpaoli7328,"Les 3 sont  savoureux !   La patte de Amel   le caviar technique de Kadi  pour  Eugénie,    et enfin  une sucrerie  pour Vicky   en mal de réussite  ds la conclusion  jusque là..   toujours  un plaisir renouvelé  de voir nos féminines  performer..",1,OL Lyonnes
Résumé vidéo - HAC vs OL (0-3) ⚽️🎥,148,7108,23,@Nlr7097,"Bonjour à tous, je suis un gros porc misogyne et dégueulasse, et j'estime que la place des femmes n'est pas sur un terrain de foot, mais à la maison, à faire le ménage et les pipes.",0,OL Lyonnes
Résumé vidéo - HAC vs OL (0-3) ⚽️🎥,148,7108,23,@MickaelCarlier-Mix,Tres beau match. Merci les filles 😊,4,OL Lyonnes
Résumé vidéo - HAC vs OL (0-3) ⚽️🎥,148,7108,23,@AntonioJosehtamako,Lyon Melchie Haïti 🇭🇹🇭🇹🇭🇹,3,OL Lyonnes
Résumé vidéo - HAC vs OL (0-3) ⚽️🎥,148,7108,23,@Lyonaumasculin,Ce troisième but 🤪,4,OL Lyonnes
Inside - OL vs AS Roma (4-1) 👀,277,7654,33,@DamakoJoseph-d3r,Lyon Francia Dumornay 🇭🇹,0,OL Lyonnes
Inside - OL vs AS Roma (4-1) 👀,277,7654,33,@plc20100,Romettà ! 🤣,1,OL Lyonnes
Inside - OL vs AS Roma (4-1) 👀,277,7654,33,@tutopod7892,Allez l’OL toujours top les insides ❤️💙,1,OL Lyonnes
Inside - OL vs AS Roma (4-1) 👀,277,7654,33,@JaniceDevonel,Selma in her world 😅,1,OL Lyonnes
Inside - OL vs AS Roma (4-1) 👀,277,7654,33,@moustaphababoy3466,yes souper champions belle courage 👍,1,OL Lyonnes
Inside - OL vs AS Roma (4-1) 👀,277,7654,33,@temboukezembou8718,Selma BACHA ma préféré et Kadi mon Tout. J’aime toute les filles  pour leur énergies.,1,OL Lyonnes
Inside - OL vs AS Roma (4-1) 👀,277,7654,33,@Nelson69008,"Ada j espère qu elle restera dans le staff de l OL,c est une guerriere",0,OL Lyonnes
Inside - OL vs AS Roma (4-1) 👀,277,7654,33,@emanueletortorelli9290,"Très beau, merci !",1,OL Lyonnes
Inside - OL vs AS Roma (4-1) 👀,277,7654,33,@laurenttosh5655,Le retour de Bacha va faire souffler un peu  Svava,1,OL Lyonnes
Inside - OL vs AS Roma (4-1) 👀,277,7654,33,@Frauenfußball_support,😍😍😍💪,1,OL Lyonnes
Inside - OL vs AS Roma (4-1) 👀,277,7654,33,@danielkaz6280,Let’s go tomorrow girl ❤️💙🔥,1,OL Lyonnes
Inside - OL vs AS Roma (4-1) 👀,277,7654,33,@danielkaz6280,Selma she has many energy 😅,1,OL Lyonnes
Inside - OL vs AS Roma (4-1) 👀,277,7654,33,@danielkaz6280,❤️💙❤️💙🔥🔥🔥🔥,1,OL Lyonnes
Inside - OL vs AS Roma (4-1) 👀,277,7654,33,@joerrynicolas2006,Ada jouera Face au Havre,1,OL Lyonnes
Inside - OL vs AS Roma (4-1) 👀,277,7654,33,@karior,Las amo mucho.,2,OL Lyonnes
Inside - OL vs AS Roma (4-1) 👀,277,7654,33,@AntonioJosehtamako,Lyon 🔥🙏🙏🙏🙏,2,OL Lyonnes
Inside - OL vs AS Roma (4-1) 👀,277,7654,33,@B-oneIZI-CLICK,Bravo les filles,2,OL Lyonnes
Inside - OL vs AS Roma (4-1) 👀,277,7654,33,@thunderj1015,"Clean match sans cartons,  félicitations 👏🏾👏🏾👏🏾💫💫💫 see you",2,OL Lyonnes
Inside - OL vs AS Roma (4-1) 👀,277,7654,33,@Nelladrama633,Ada elle est devenue une cheerleader,2,OL Lyonnes
Inside - OL vs AS Roma (4-1) 👀,277,7654,33,@ManonForay-df2qy,💪🏽💪🏽,2,OL Lyonnes
Inside - OL vs AS Roma (4-1) 👀,277,7654,33,@RosaBaez-m1y,Les filles 😅😅😅😂❤🎉🇭🇹🫶,2,OL Lyonnes
Inside - OL vs AS Roma (4-1) 👀,277,7654,33,@hngp6863,"Lyon girls are so lovely. Sincerely, I'm hoping for more content so that our knowledge of Lyon players extends beyond their talent and hard work.
Thanks a lot Admin.",10,OL Lyonnes
Inside - OL vs AS Roma (4-1) 👀,277,7654,33,@Momo-69-y5z,👌👌👌👌👌👌👌👌,2,OL Lyonnes
Inside - OL vs AS Roma (4-1) 👀,277,7654,33,@GeordanyDorme-q4s,❤thank you melchie dumornay,1,OL Lyonnes
Inside - OL vs AS Roma (4-1) 👀,277,7654,33,@icardi9goat,LETS GO LYONNAISE,2,OL Lyonnes
Inside - OL vs AS Roma (4-1) 👀,277,7654,33,@iooci,Selma Bacha her energy 😂😂,9,OL Lyonnes
Inside - OL vs AS Roma (4-1) 👀,277,7654,33,@MickaelCarlier-Mix,Félicitations les filles pour ce match. ❤,5,OL Lyonnes
Résumé vidéo - OL vs AS Roma (4-1) ⚽️💫,72,1841,8,@tutopod7892,Allez l’OL ❤️💙mais les 75 premières minutes du match vraiment à gerber,0,OL Lyonnes
Résumé vidéo - OL vs AS Roma (4-1) ⚽️💫,72,1841,8,@danielkaz6280,❤️💙🔥🔥🔥,0,OL Lyonnes
Résumé vidéo - OL vs AS Roma (4-1) ⚽️💫,72,1841,8,@MickaelCarlier-Mix,Jai eu chaud lorsque les joueuses de L'as Roma ont mis le 1er but mais les Lyonnaise ont su se surpasser 😊 Félicitations,2,OL Lyonnes
Résumé vidéo - OL vs AS Roma (4-1) ⚽️💫,72,1841,8,@hongchengzhu-n2x,CORVENTINA~!!!!!,1,OL Lyonnes
Résumé vidéo - OL vs AS Roma (4-1) ⚽️💫,72,1841,8,@Momo-69-y5z,👌,0,OL Lyonnes
Résumé vidéo - OL vs ASSE (11-0) ⚽️🎥,435,26597,57,@yveshangtime3586,5eme but ...la gardienne a peur ou quoi !?!?!,0,OL Lyonnes
Résumé vidéo - OL vs ASSE (11-0) ⚽️🎥,435,26597,57,@augustejamson3666,"Quel but encore pour Melchie Dumorney 
Écrasante victoire des lyones",0,OL Lyonnes
Résumé vidéo - OL vs ASSE (11-0) ⚽️🎥,435,26597,57,@tutopod7892,Allez l’OL quel régale 🤩❤️💙,0,OL Lyonnes
Résumé vidéo - OL vs ASSE (11-0) ⚽️🎥,435,26597,57,@renegoupil4347,Bon faut reconnaître qu'il y a une grosse. différence de niveau mais 11 à 0 y a pas de quoi à se trémousser. On sait bien qu'une équipe qui prend 4 buts n'a plus la même motivation pour vraiment lutter et espérer remonter voir gagner. Alors après c'est porte ouverte. Et qui n'a pas marqué son but!? Moi je suis lyonnais et je dis qu'à ce niveau c'est même un manque de respect pour l'adversaire et non digne de sportifs ves.,0,OL Lyonnes
Résumé vidéo - OL vs ASSE (11-0) ⚽️🎥,435,26597,57,@maxcady5837,c est bien quand les scores sont accrochés .. ça a l' air partitionnant vos matchs .. tous le monde doit se languir le match retour ..,0,OL Lyonnes
Résumé vidéo - OL vs ASSE (11-0) ⚽️🎥,435,26597,57,@cBgt-is1lc,Question il y avait un gardien chez st Étienne ?,0,OL Lyonnes
Résumé vidéo - OL vs ASSE (11-0) ⚽️🎥,435,26597,57,@Charlotteherrgen,"Bravo Ol.
Lindsey si bonne. 
mais j'apprécie beaucoup Danielle van de Donk. c'est elle qui est responsable de toutes les attaques de Lyon. et sa capacité à mettre la pression sur ses adversaires est immense, comme toujours.",2,OL Lyonnes
Résumé vidéo - OL vs ASSE (11-0) ⚽️🎥,435,26597,57,@lonetsevere5045,"שלום שלום שלום מלכי דאל דומורני. אנחנו אהבים אותך❤❤❤. 

Shalom shalom shalom Melchie Daelle Dumornay. we love you ❤❤❤",2,OL Lyonnes
Résumé vidéo - OL vs ASSE (11-0) ⚽️🎥,435,26597,57,@DidierPlasse,"Comment peut on faire progresser le football féminin et donner de la crédibilité au championnat de France avec un tel écart de niveau, on enlève l OL et le PSG , il ne reste pas grand chose. Je suis supporter , donné leur un vrai statut professionnel, avec un salaire décent qui leur permette d en vivre correctement, et ces  valables pour tous les clubs de ligue un .au niveau international et européen on est en train de ce faire dépasser par les autres nations , que fait la fédération, rien, ayez un minimum de respect pour les joueuses.",0,OL Lyonnes
Résumé vidéo - OL vs ASSE (11-0) ⚽️🎥,435,26597,57,@heloisekernevy7514,"Ellie, Daan et Sofie en feu ! 😍",3,OL Lyonnes
Résumé vidéo - OL vs ASSE (11-0) ⚽️🎥,435,26597,57,@sacholo-2907,"🖐️🖐️🖕

-c’est cadeau les verts de terre 🐛",0,OL Lyonnes
Résumé vidéo - OL vs ASSE (11-0) ⚽️🎥,435,26597,57,@robertjean3984,"Match d'entrainement, au centre d'entrainement de l'OL ??⚽🎃🎈🎈⚽⚽",1,OL Lyonnes
Résumé vidéo - OL vs ASSE (11-0) ⚽️🎥,435,26597,57,@DavidLangenfeld-p6t,Quelle piquette !,1,OL Lyonnes
Résumé vidéo - OL vs ASSE (11-0) ⚽️🎥,435,26597,57,@AntonioJosehtamako,Lyon 🔥🔥🌟🌟🌟,1,OL Lyonnes
Résumé vidéo - OL vs ASSE (11-0) ⚽️🎥,435,26597,57,@Djehouty1618,mdr ça fait toujours plaisir ça :p,0,OL Lyonnes
Résumé vidéo - OL vs ASSE (11-0) ⚽️🎥,435,26597,57,@francoishantz4088,Bravo aux Lyonnaises pour être restées appliquées jusqu'au bout même avec plus de 6 minutes de temps additionnel quand le score était déjà acquis. Un mystère arbitral ou de la cruauté ? Hélas ce genre de match ne prépare pas aux joutes européennes où l'OL n'est plus aussi dominateur car ailleurs on a copié ce qui fit le succès de l'OL.,1,OL Lyonnes
Résumé vidéo - OL vs ASSE (11-0) ⚽️🎥,435,26597,57,@wingshot1875,"Désolé hein mais le niveau de la gardienne Stéphanoise est CATASTROPHIQUE 
Ne parlons même pas de la défense c’est honteux",1,OL Lyonnes
Résumé vidéo - OL vs ASSE (11-0) ⚽️🎥,435,26597,57,@noorahalotaiby1278,Lindsay the best ♥️,2,OL Lyonnes
Résumé vidéo - OL vs ASSE (11-0) ⚽️🎥,435,26597,57,@Florient-f7p,Le Sommer ❤,2,OL Lyonnes
Résumé vidéo - OL vs ASSE (11-0) ⚽️🎥,435,26597,57,@CarmenGloriaAravena-c7f,Vamos lyon 🎉🎉🎉,1,OL Lyonnes
Résumé vidéo - OL vs ASSE (11-0) ⚽️🎥,435,26597,57,@francoist6330,faudra changer de gardienne pour 2025 à st étienne,0,OL Lyonnes
Résumé vidéo - OL vs ASSE (11-0) ⚽️🎥,435,26597,57,@davey90,"Dumornay, unbelievable female player 🇭🇹🇭🇹🇭🇹🇭🇹🇭🇹",2,OL Lyonnes
Résumé vidéo - OL vs ASSE (11-0) ⚽️🎥,435,26597,57,@remy2824,"2:45 Svava apporte vraiment offensivement. 
Bon courage à Selma pour son retour!",5,OL Lyonnes
Résumé vidéo - OL vs ASSE (11-0) ⚽️🎥,435,26597,57,@remy2824,0:19 la première passe par Alice 👌🐐,1,OL Lyonnes
Résumé vidéo - OL vs ASSE (11-0) ⚽️🎥,435,26597,57,@denislabbe4191,"Il manque le sixième but, non?",1,OL Lyonnes
Résumé vidéo - OL vs ASSE (11-0) ⚽️🎥,435,26597,57,@Anonymous-y2c,🤚🤚🖕 ça fait 11 non 😂😂,2,OL Lyonnes
Résumé vidéo - OL vs ASSE (11-0) ⚽️🎥,435,26597,57,@AllureMarisa,"0 :11 Van De Donk assist that surpasses 4 opposing players? 
Crazy, she freaking knows who she is",4,OL Lyonnes
Résumé vidéo - OL vs ASSE (11-0) ⚽️🎥,435,26597,57,@lawalnuradeen2984,😂😂😂,3,OL Lyonnes
Résumé vidéo - OL vs ASSE (11-0) ⚽️🎥,435,26597,57,@danielkaz6280,❤️💙🔥🔥🔥,1,OL Lyonnes
Résumé vidéo - OL vs ASSE (11-0) ⚽️🎥,435,26597,57,@jeanmilaurent1283,❤les lionnes avait 🎉faim,3,OL Lyonnes
Résumé vidéo - OL vs ASSE (11-0) ⚽️🎥,435,26597,57,@ericbauchet81,So embarrassing to watch Lindsay Horan playing in front of a crowd smaller than for a high school game. French women football is a joke,0,OL Lyonnes
Résumé vidéo - OL vs ASSE (11-0) ⚽️🎥,435,26597,57,@pattedours1531,bravo les filles,4,OL Lyonnes
Résumé vidéo - OL vs ASSE (11-0) ⚽️🎥,435,26597,57,@MickaelCarlier-Mix,11-0 J'adore ce score ❤ Félicitations les filles. Merci,9,OL Lyonnes
Résumé vidéo - OL vs ASSE (11-0) ⚽️🎥,435,26597,57,@lucsaro8318,des Stéphanoises bien trop tendres,5,OL Lyonnes
Résumé vidéo - OL vs ASSE (11-0) ⚽️🎥,435,26597,57,@philippesabia9359,"L OL féminin : le summum du foot féminin: un football total à l instar de l Ajax  des années 70 , un rouleau compresseur insatiable et intraitable.
Allez l OL féminin forever.",9,OL Lyonnes
Résumé vidéo - OL vs ASSE (11-0) ⚽️🎥,435,26597,57,@bertrandfrance1910,BRAVO A VOUS TOUTES,10,OL Lyonnes
Résumé vidéo - OL vs ASSE (11-0) ⚽️🎥,435,26597,57,@enarozing,Les meilleurs.🎉.bravo les lyonnaise ❤❤❤❤,6,OL Lyonnes
Résumé vidéo - OL vs ASSE (11-0) ⚽️🎥,435,26597,57,@Momo-69-y5z,🔥🔥🔥🔥🔥🔥🔥🔥🔥🔥🔥🔥🔥🔥🔥🔥🔥🔥🔥,3,OL Lyonnes
Inside - AS Roma vs OL (0-3) 👀,288,11198,31,@guillaumegnoly2148,Guillaume pour les filles de Lyonnaise de Lyon foot Les filles,1,OL Lyonnes
Inside - AS Roma vs OL (0-3) 👀,288,11198,31,@DamakoJoseph-d3r,Dumornay 🇭🇹🇭🇹 Lyon Francia Good job 🔥🔥🔥🔥🔥🔥🔥🔥🔥🔥,0,OL Lyonnes
Inside - AS Roma vs OL (0-3) 👀,288,11198,31,@alexandramagnien37,Un grand tu vas meilleur,0,OL Lyonnes
Inside - AS Roma vs OL (0-3) 👀,288,11198,31,@evensonzephyr3743,"Melchie Dumornay notre perle haïtienne ❤,we love you so much.",1,OL Lyonnes
Inside - AS Roma vs OL (0-3) 👀,288,11198,31,@romain5749,🔴🔵🔥,1,OL Lyonnes
Inside - AS Roma vs OL (0-3) 👀,288,11198,31,@mariajorquera6966,"Thanks nice, I LOVE LYON ❤🎉❤🎉",2,OL Lyonnes
Inside - AS Roma vs OL (0-3) 👀,288,11198,31,@harrysonsmithdubreus3013,Melchie 🇭🇹🇭🇹😍🔥🔥🔥🔥,2,OL Lyonnes
Inside - AS Roma vs OL (0-3) 👀,288,11198,31,@sacholo-2907,C’est les seules qui représentent le club la où il devrait être…❤️💙🥹🙏 contrairement à d’autres 😑🤡,1,OL Lyonnes
Inside - AS Roma vs OL (0-3) 👀,288,11198,31,@laurenttosh5655,Attention aux chevilles qui enflent ! vous irez loin si vous restez collective Svava  💋💋🤪,0,OL Lyonnes
Inside - AS Roma vs OL (0-3) 👀,288,11198,31,@feelsoul5396,GOAT Melchie 🐐,2,OL Lyonnes
Inside - AS Roma vs OL (0-3) 👀,288,11198,31,@PetionMichelson,Melchie notre chouchou ❤❤,3,OL Lyonnes
Inside - AS Roma vs OL (0-3) 👀,288,11198,31,@ggclerc3895,Trop bien le moment avec Evelyne Viens à la fin ! Une chance qu'elle nous as pas mis 3 buts :-),1,OL Lyonnes
Inside - AS Roma vs OL (0-3) 👀,288,11198,31,@AntonioJosehtamako,Lyon 🔥🔥🌟🌟,3,OL Lyonnes
Inside - AS Roma vs OL (0-3) 👀,288,11198,31,@antoinelucienne9532,J'adore le second but de Mel,3,OL Lyonnes
Inside - AS Roma vs OL (0-3) 👀,288,11198,31,@AlexanderPerez-yy1tm,We love melchie,3,OL Lyonnes
Inside - AS Roma vs OL (0-3) 👀,288,11198,31,@HugoChar-673,"Trop Top l'ambiance! Tout un petit monde, cet OL! Et une super prestation au final. Très bien, les filles! Continuez! Merci, format intéressant!",4,OL Lyonnes
Inside - AS Roma vs OL (0-3) 👀,288,11198,31,@MrJeay07,Dumornay ♥,3,OL Lyonnes
Inside - AS Roma vs OL (0-3) 👀,288,11198,31,@Frauenfußball_support,"Impressive Performance by Lyons womens Team! A dominant 3-0 victory in the Champions League - once again proving why they are at the 🔝 European Football. Great effort and fascinating insights into the Team. Keep it up, Lyon 💙🤍❤️‍🔥🙌🏻",4,OL Lyonnes
Inside - AS Roma vs OL (0-3) 👀,288,11198,31,@tutopod7892,Trop bien les insides on adore allez l’OL ❤️💙,4,OL Lyonnes
Inside - AS Roma vs OL (0-3) 👀,288,11198,31,@Charlotteherrgen,"Franchement, Daan Van de Donk, elle est grave belle.",5,OL Lyonnes
Inside - AS Roma vs OL (0-3) 👀,288,11198,31,@69latricklyon,Allez l’OL🤝🏽🩸,4,OL Lyonnes
Inside - AS Roma vs OL (0-3) 👀,288,11198,31,@lamsior,Le sourire de Saki :},10,OL Lyonnes
Inside - AS Roma vs OL (0-3) 👀,288,11198,31,@JaniceDevonel,Daan 😆 her facial expression hahaha she was trying to not shy,6,OL Lyonnes
Inside - AS Roma vs OL (0-3) 👀,288,11198,31,@Miyuwyd,j'adore,2,OL Lyonnes
Inside - AS Roma vs OL (0-3) 👀,288,11198,31,@in_austin8T,"5:42 sorry, but I won't shut up anytime soon about DvD face card being this insane ☺️☺️",3,OL Lyonnes
Inside - AS Roma vs OL (0-3) 👀,288,11198,31,@Fretoche,J'adore❤💙,2,OL Lyonnes
Inside - AS Roma vs OL (0-3) 👀,288,11198,31,@lamsior,Ce format est tres interessant merci OLF :),5,OL Lyonnes
Inside - AS Roma vs OL (0-3) 👀,288,11198,31,@icardi9goat,9th Title Championsleague incoming!! God is with Lyonnaise,8,OL Lyonnes
Résumé vidéo - AS Roma vs OL (0-3) ⚽️💫,74,2048,10,@ricoa2681,"Le 2èm but est classe, parcequ'il nécessite de la vision, de l'intelligence de jeu mais surtout de la confiance en soi. Parceque les grands du foot l'ont tenté avant Coventina, sans succès, à l'instar d'un Pelee, ce but , forcément reste dans les annales et partant, est anthologique.",0,OL Lyonnes
Résumé vidéo - AS Roma vs OL (0-3) ⚽️💫,74,2048,10,@footelite-06,Melchie ❤,0,OL Lyonnes
Résumé vidéo - AS Roma vs OL (0-3) ⚽️💫,74,2048,10,@tutopod7892,On est trop forte ❤️💙,0,OL Lyonnes
Résumé vidéo - AS Roma vs OL (0-3) ⚽️💫,74,2048,10,@JaniceDevonel,back on TOP,0,OL Lyonnes
Résumé vidéo - AS Roma vs OL (0-3) ⚽️💫,74,2048,10,@Nlr7097,"Le foot féminin toujours ce mélange de faiblesse physique, de gestes magnifiques, et de ratés catastrophiques....",0,OL Lyonnes
Résumé vidéo - AS Roma vs OL (0-3) ⚽️💫,74,2048,10,@mariajorquera6966,Endler la muralla.,1,OL Lyonnes
Résumé vidéo - AS Roma vs OL (0-3) ⚽️💫,74,2048,10,@joerrynicolas2006,Melchie Dumornay 🇭🇹🐐🇭🇹⚽⚽⚽,0,OL Lyonnes
Résumé vidéo - AS Roma vs OL (0-3) ⚽️💫,74,2048,10,@AntonioJosehtamako,Dumornay Melehie 🇭🇹 Haïti Good job Lyon,0,OL Lyonnes
Résumé vidéo - AS Roma vs OL (0-3) ⚽️💫,74,2048,10,@feelsoul5396,GOAT MELCHIE 🐐,0,OL Lyonnes
Résumé vidéo - AS Roma vs OL (0-3) ⚽️💫,74,2048,10,@MickaelCarlier-Mix,Le 2eme but magistral. Du milieu du terrain magnifique,0,OL Lyonnes
Résumé vidéo - Guingamp vs OL (0-8) ⚽️🎥,129,4320,14,@jean-claudeeme6520,Trop facile la D1,0,OL Lyonnes
Résumé vidéo - Guingamp vs OL (0-8) ⚽️🎥,129,4320,14,@MickaelCarlier-Mix,J'adore le 8eme but. Merci Amel Majri,0,OL Lyonnes
Résumé vidéo - Guingamp vs OL (0-8) ⚽️🎥,129,4320,14,@MickaelCarlier-Mix,Super score merci les filles 😊❤,0,OL Lyonnes
Résumé vidéo - Guingamp vs OL (0-8) ⚽️🎥,129,4320,14,@tutopod7892,Allez l’OL ❤️💙,0,OL Lyonnes
Résumé vidéo - Guingamp vs OL (0-8) ⚽️🎥,129,4320,14,@équipehaiti,Melchie 🎉❤🇭🇹,0,OL Lyonnes
Résumé vidéo - Guingamp vs OL (0-8) ⚽️🎥,129,4320,14,@MustapherAubi-qh5lm,Malawian star,0,OL Lyonnes
Résumé vidéo - Guingamp vs OL (0-8) ⚽️🎥,129,4320,14,@mariajorquera6966,I love Lyon ❤🎉❤🎉,0,OL Lyonnes
Résumé vidéo - Guingamp vs OL (0-8) ⚽️🎥,129,4320,14,@mariajorquera6966,The Best team!,0,OL Lyonnes
Résumé vidéo - Guingamp vs OL (0-8) ⚽️🎥,129,4320,14,@Eric-j4u3w,"Incroyable, le manque de vitesse des filles de Guingamp.
C’est même pas qu’elle ne vont pas vite, c’est qu’elle n’avancent pas…
On se croirait en cours de récré.
Tu cours (correctement), tu enlèves 6 buts.
(Et tu en ajoutes bien 1 ou 2)
2-2 au lieu de 8-0, c’est bizarre mais j’ai l’impression que c’est pas pareil 🤔",0,OL Lyonnes
Résumé vidéo - Guingamp vs OL (0-8) ⚽️🎥,129,4320,14,@joerrynicolas2006,Le duo Melchwinga va nous régaler ❤,0,OL Lyonnes
Résumé vidéo - Guingamp vs OL (0-8) ⚽️🎥,129,4320,14,@thunderj1015,"Allez l OL, la Roma nous attend 💥💥💥💫💫",1,OL Lyonnes
Résumé vidéo - Guingamp vs OL (0-8) ⚽️🎥,129,4320,14,@Rodneyjean4U,Chawinga is a star,0,OL Lyonnes
Résumé vidéo - Guingamp vs OL (0-8) ⚽️🎥,129,4320,14,@LicksonElibrum-sn3hk,Allez OL 🇭🇹,1,OL Lyonnes
Résumé vidéo - Guingamp vs OL (0-8) ⚽️🎥,129,4320,14,@AntonioJosehtamako,Dumornay Melehie 🇭🇹 Haïti Good job Lyon 🔥🔥🌟🌟🌟🌟,2,OL Lyonnes
Selma Bacha 🔥❤️‍🔥,651,12289,27,@GabrielKaniyawi,Selma Bacha je te fais de gros bisous de la part de Tiger Green 💚🤗🌍🐅,0,OL Lyonnes
Selma Bacha 🔥❤️‍🔥,651,12289,27,@safetynudge9026,She's priceless,0,OL Lyonnes
Selma Bacha 🔥❤️‍🔥,651,12289,27,@Salim-t4v8j,C grave nul le foot féminin,0,OL Lyonnes
Selma Bacha 🔥❤️‍🔥,651,12289,27,@maxkemmoun1174,Selma yesssss 🦶⚽🤳,1,OL Lyonnes
Selma Bacha 🔥❤️‍🔥,651,12289,27,@AdilMouhammed-zf1br,Salma has been the best.,0,OL Lyonnes
Selma Bacha 🔥❤️‍🔥,651,12289,27,@DiarrababaFaye,❤❤❤❤,0,OL Lyonnes
Selma Bacha 🔥❤️‍🔥,651,12289,27,@MADMAX-bd3yk,⚽️👩SELMA-B  ☝️la reine 👑 des LYONNES 🦁,1,OL Lyonnes
Selma Bacha 🔥❤️‍🔥,651,12289,27,@palakido5711,"WOOOOOOOOOOOOH, JE L'AIME A ' MOURIR CETTE JOUEUSE LA' . L'UNE DE MES PREFEREES DE L'EQUIPE. SELMA BACHA, BON BAGAY.",1,OL Lyonnes
Selma Bacha 🔥❤️‍🔥,651,12289,27,@AbdelHalikouBoukari,❤❤❤❤❤❤,0,OL Lyonnes
Selma Bacha 🔥❤️‍🔥,651,12289,27,@RaoulLouisdolce,Après durmoney Jaime bcoup a ella ❤,1,OL Lyonnes
Selma Bacha 🔥❤️‍🔥,651,12289,27,@temboukezembou8718,"J'adore trop cette Dame, elle distribue très bien son énergie.",3,OL Lyonnes
Selma Bacha 🔥❤️‍🔥,651,12289,27,@nadaldupont549,❤❤❤for Selma,2,OL Lyonnes
Selma Bacha 🔥❤️‍🔥,651,12289,27,@AntonioJosehtamako,Dumornay Melehie 🇭🇹 Haïti Good job Lyon,2,OL Lyonnes
Selma Bacha 🔥❤️‍🔥,651,12289,27,@AkimaRipley-eh8qq,Elle est très forte et super belle 🙅🏽‍♂️👑🔥,5,OL Lyonnes
Selma Bacha 🔥❤️‍🔥,651,12289,27,@remy2824,Welcome back Selma!,1,OL Lyonnes
Selma Bacha 🔥❤️‍🔥,651,12289,27,@adjoolie,I know my goat,1,OL Lyonnes
Selma Bacha 🔥❤️‍🔥,651,12289,27,@cybertop20,❤🎉,1,OL Lyonnes
Selma Bacha 🔥❤️‍🔥,651,12289,27,@dieujustejacinthe,Je l’aime ❤Au My God Elle est trop belle et en plus Elle est forte il es tant Que tu Revienne Je trop envie de te vois @Selma Bacha💓🙏,1,OL Lyonnes
Selma Bacha 🔥❤️‍🔥,651,12289,27,@AnnickRuth,Dmu❤,1,OL Lyonnes
Selma Bacha 🔥❤️‍🔥,651,12289,27,@MickaelCarlier-Mix,Une de mes joueuses préférées,5,OL Lyonnes
Selma Bacha 🔥❤️‍🔥,651,12289,27,@asmitakunwar2462,She is my crush,2,OL Lyonnes
Selma Bacha 🔥❤️‍🔥,651,12289,27,@INSTITUTESPAGNOLENCREOLE,M panse.Bacha te kite club la! Qeul  retour!,2,OL Lyonnes
Selma Bacha 🔥❤️‍🔥,651,12289,27,@gwenbaup3953,Vite quelle revienne 🤞🏾🫶🏾,2,OL Lyonnes
Selma Bacha 🔥❤️‍🔥,651,12289,27,@jean-danielmartino9619,"Quand Selma rentre dans la danse, c'est bon pour l'ambiance.",5,OL Lyonnes
Selma Bacha 🔥❤️‍🔥,651,12289,27,@jacklelyonnais1302,❤❤❤❤❤❤🎉🎉🎉,2,OL Lyonnes
Diani pour Chawinga 🥵  #football #womenssports,198,3362,2,@MickaelCarlier-Mix,Magnifique tir,1,OL Lyonnes
Diani pour Chawinga 🥵  #football #womenssports,198,3362,2,@LucienGoma,😮❤🎉😊,1,OL Lyonnes
Résumé vidéo - OL vs PSG (1-0) ⚽️🎥,128,7163,15,@adamodiallo8086,Les filles sont si fortes,0,OL Lyonnes
Résumé vidéo - OL vs PSG (1-0) ⚽️🎥,128,7163,15,@mariajorquera6966,I love Lyon ❤🎉❤🎉,0,OL Lyonnes
Résumé vidéo - OL vs PSG (1-0) ⚽️🎥,128,7163,15,@bd9531,Damn.... Ellie's playing great and I'm loving Carpenter x Diani.  And in every recent OL game I've watched Ellie is getting into great goal scoring positions but never gets the ball passed to her...  I think she might explode if she ever actually gets the goal.,0,OL Lyonnes
Résumé vidéo - OL vs PSG (1-0) ⚽️🎥,128,7163,15,@HerveFoucher,La course de Carpenter sur le but est assez folle. Content qu'elle revienne à son niveau d'avant-blessure.,5,OL Lyonnes
Résumé vidéo - OL vs PSG (1-0) ⚽️🎥,128,7163,15,@lamsior,Allez l'OL ❤💙 :) :) :),0,OL Lyonnes
Résumé vidéo - OL vs PSG (1-0) ⚽️🎥,128,7163,15,@heloisekernevy7514,"Quand Madrid fait des hors-jeux, Lyon fait des poteaux... Allez l'OL !",1,OL Lyonnes
Résumé vidéo - OL vs PSG (1-0) ⚽️🎥,128,7163,15,@francoishantz4088,Le PSG tire l'OL vers le bas. A force de ne pas avoir d'opposition crédible en France pour l'OL l'écart commence à se creuser avec les meilleurs clubs européens. Ne vous laissez pas endormir pour redevenir les reines d'Europe.,3,OL Lyonnes
Résumé vidéo - OL vs PSG (1-0) ⚽️🎥,128,7163,15,@tutopod7892,Allez l’OL ❤️💙,3,OL Lyonnes
Résumé vidéo - OL vs PSG (1-0) ⚽️🎥,128,7163,15,@AntonioJosehtamako,Good job,1,OL Lyonnes
Résumé vidéo - OL vs PSG (1-0) ⚽️🎥,128,7163,15,@LicksonElibrum-sn3hk,Allez OL 🇭🇹,2,OL Lyonnes
Résumé vidéo - OL vs PSG (1-0) ⚽️🎥,128,7163,15,@JeanMarc-s6v,Les parisiennes peuvent dire merci à Marie Antoinette KATOTO,3,OL Lyonnes
OL ⚔ PSG : le Classique est de retour ! 😤,75,1305,8,@mariajorquera6966,I love Lyon ❤🎉❤🎉,0,OL Lyonnes
OL ⚔ PSG : le Classique est de retour ! 😤,75,1305,8,@mariajorquera6966,Vamos todo poderoso Lyon a ganar!!!,0,OL Lyonnes
OL ⚔ PSG : le Classique est de retour ! 😤,75,1305,8,@margauxc1369,Tellement dommage de faire de la Com super tard !,2,OL Lyonnes
OL ⚔ PSG : le Classique est de retour ! 😤,75,1305,8,@icardi9goat,"Conquer Paris!!!!!!!

Melchie Ada Kady 

allez lyonn❤️💙🐐",1,OL Lyonnes
OL ⚔ PSG : le Classique est de retour ! 😤,75,1305,8,@LicksonElibrum-sn3hk,Allez OL 🇭🇹 🇭🇹,1,OL Lyonnes
OL ⚔ PSG : le Classique est de retour ! 😤,75,1305,8,@jean-danielmartino9619,"Elle ne va pas être très fraîche, notre Lindsey qui jouait encore cette nuit avec les USA !",1,OL Lyonnes
OL ⚔ PSG : le Classique est de retour ! 😤,75,1305,8,@Farah_ly69,Aller l ol ❤💙,0,OL Lyonnes
La légende Sandrine Dusang en visite au club ❤️💙,85,2439,11,@AntonioJosehtamako,Good job 🔥🔥🔥🔥,0,OL Lyonnes
La légende Sandrine Dusang en visite au club ❤️💙,85,2439,11,@lamsior,Gloire a nos anciennes joueuses  ❤💙,0,OL Lyonnes
La légende Sandrine Dusang en visite au club ❤️💙,85,2439,11,@alastor2262,Chouette apparition d'une ancienne pas si ancienne !,1,OL Lyonnes
La légende Sandrine Dusang en visite au club ❤️💙,85,2439,11,@tutopod7892,Légende ❤️💙,1,OL Lyonnes
La légende Sandrine Dusang en visite au club ❤️💙,85,2439,11,@jean-claudeeme6520,Legende??,0,OL Lyonnes
Résumé vidéo - Paris FC vs OL (0-0) ⚽️🎥,63,3053,10,@WeekendMuse,PFC a bien joue’ et la gardienne est top classe. L’OL peut mieux faire.,1,OL Lyonnes
Résumé vidéo - Paris FC vs OL (0-0) ⚽️🎥,63,3053,10,@thunderj1015,"Yes hat off to Carpenter 👏🏾👏🏾💫💫💫, il faudra la ménager la saison est encore longue. Une grande gardienne en face aussi,pas trop de regrets 💪🏾",0,OL Lyonnes
Résumé vidéo - Paris FC vs OL (0-0) ⚽️🎥,63,3053,10,@HugoChar-673,"Si ces récents matchs pouvaient faire comprendre à Lyon qu'il a encore beaucoup de travail à abattre, dans cette transition avec un nouvel entraineur étranger, beaucoup de sacrifices à consentir pour progresser aussi vite que l'élite du  foot féminin européen. Ne faudra-t-il pas déjà réapprendre à jouer ensemble dans le nouveau système, toutes et chacune pour l'équipe d'abord, faire abstraction des égos, jouer plus sobrement, plus directement, être plus réalistes, plus décisives, parfois moins sûres (de soi), toujours vigilantes, sans perdre sa conscience d'être Lyon, le club roi du foot féminin européen? Avec une rivalité assez moyenne en championnat, où les matchs difficiles tous les quinze jours feraient tellement de bien pour évaluer sa progression réelle, (faudra-t-il jouer les u15 et U17 masculins de Lyon sans se blesser? - je ne sais pas)le travail s'annonce doublement plus acharné, plus intense et méthodique, ce qui n'est pas si facile quand on a affaire avec des stars dont plusieurs ont déjà connu le succès mutiple qui use le mental et la motivation et nourrit les illusions... Seulement, les vraies ambitions de Lyon sont européennes, et on doit savoir que des clubs comme le Barça, Chelsea, City, Arsenal, Roma voire certaines équipes scandinaves veulent en finir définitivement avec cette hégémonie et distancer Lyon une fois pour toutes. Et, les regardant jouer chaque semaine, très sérieusement, on pourrait avoir raison de s'inquiéter pour Lyon. Or, les Fenottes sont pourtant capables de relever le défi, même si l'accès au dernier carré n'est pas très évident pour l'instant, malgré une finale honorable la saison dernière... Hm! Enfin. Allez Lyon, Allez Championnes! Rassurez-nous! Vous pouvez y arriver! Vous pouvez reconquérir le trône! Et surtout, continuez à nous faire vibrer et rêver! Vas-y, Melchie! Pour Lyon et pour Haïti!- Un fan inconditionnel de Lyon, un admirateur local du foot de Melchie Daëlle Dumornay! Ambassadeure foot haïtienne! Trésor national! Fierté des Grenadiers/ères! Gloire bleue et rouge! Légende vivante du ballon rond chez les deux sexes, ici, au pays de Jean-Jacques Dessalines, de Guy Saint-Vil, M. Sanon. Tom Pouce et Philippe Vorbe.",2,OL Lyonnes
Résumé vidéo - Paris FC vs OL (0-0) ⚽️🎥,63,3053,10,@Roland.L26,"l'OL aurait pu perdre ce match, malgré le changement de coach ,les Lyonnaises retombent dans leurs inconsistances des années précédentes",0,OL Lyonnes
Résumé vidéo - Paris FC vs OL (0-0) ⚽️🎥,63,3053,10,@Lmjrih,Ellie MVP,0,OL Lyonnes
Résumé vidéo - Paris FC vs OL (0-0) ⚽️🎥,63,3053,10,@mariajorquera6966,"Yo perdono este empate, tu vieron que viajar de Alemania a París, sin descansar, sin poder preparar el partido y de visita.... Así se siguen haciendo las cosas en esta parte de Europa..... Más, adelante lo arreglamos, I love Lyon ❤🎉❤🎉",1,OL Lyonnes
Résumé vidéo - Paris FC vs OL (0-0) ⚽️🎥,63,3053,10,@joerrynicolas2006,Melchie Dumornay 🇭🇹⚽,3,OL Lyonnes
Résumé vidéo - Paris FC vs OL (0-0) ⚽️🎥,63,3053,10,@ricoa2681,"Quel esprit de jeu , sur le jeu sans balon, pour laisser à Diani, domage que cette phase de jeux ne se concrétise par un but. Du grand art, magistral.",3,OL Lyonnes
Résumé vidéo - Paris FC vs OL (0-0) ⚽️🎥,63,3053,10,@tutopod7892,Faut écraser Paris le 3 novembre pas le choix,0,OL Lyonnes
Résumé vidéo - Paris FC vs OL (0-0) ⚽️🎥,63,3053,10,@feelsoul5396,GOAT Melchie Dumornay 🐐,2,OL Lyonnes
Inside - Wolfsburg vs OL (0-2) 👀,357,12658,31,@dieujustejacinthe,Allez OL Allez Melchie 👏👏👏 cette Saison se seras nous la Chanpionne,0,OL Lyonnes
Inside - Wolfsburg vs OL (0-2) 👀,357,12658,31,@INSTITUTESPAGNOLENCREOLE,First class thing,1,OL Lyonnes
Inside - Wolfsburg vs OL (0-2) 👀,357,12658,31,@tutopod7892,Joyeux anniversaire Alice 🥳,0,OL Lyonnes
Inside - Wolfsburg vs OL (0-2) 👀,357,12658,31,@tutopod7892,Allez l’OL ❤️💙,0,OL Lyonnes
Inside - Wolfsburg vs OL (0-2) 👀,357,12658,31,@JaneendeCharlotte,"How lucky is Lyon to have DvD on the team? She is hilarious, endearing, and makes her teammates laugh a lot.",3,OL Lyonnes
Inside - Wolfsburg vs OL (0-2) 👀,357,12658,31,@Antonkingue,Merci à la team media pour cette nouvelle vidéo de qualité ! C'est génial de pouvoir suivre les joueuses dans leur quotidien d'athlètes de haut niveau! Bravo au staff et aux joueuses pour cet top performance à Wolfsburg ! 💪,2,OL Lyonnes
Inside - Wolfsburg vs OL (0-2) 👀,357,12658,31,@mariajorquera6966,I love Lyon ❤🎉❤🎉,1,OL Lyonnes
Inside - Wolfsburg vs OL (0-2) 👀,357,12658,31,@mariajorquera6966,"Very nice, thanks",1,OL Lyonnes
Inside - Wolfsburg vs OL (0-2) 👀,357,12658,31,@dembo-xf6vx,Et merci nous sommes olympique lyonnais,2,OL Lyonnes
Inside - Wolfsburg vs OL (0-2) 👀,357,12658,31,@joerrynicolas2006,Melchie Dumornay 🇭🇹⚽❤,2,OL Lyonnes
Inside - Wolfsburg vs OL (0-2) 👀,357,12658,31,@danielkaz6280,❤️💙😍,2,OL Lyonnes
Inside - Wolfsburg vs OL (0-2) 👀,357,12658,31,@Fretoche,J'aime les insides❤ il faut toujours les donner! Merciiiiii,3,OL Lyonnes
Inside - Wolfsburg vs OL (0-2) 👀,357,12658,31,@lamsior,Pauvre Dama 🤕,3,OL Lyonnes
Inside - Wolfsburg vs OL (0-2) 👀,357,12658,31,@Frauenfußball_support,Proud of this Team 🫶🏻😍💪,3,OL Lyonnes
Inside - Wolfsburg vs OL (0-2) 👀,357,12658,31,@kefiloepheko9623,Danielle and Ellie being the last to join group pic😂❤,2,OL Lyonnes
Inside - Wolfsburg vs OL (0-2) 👀,357,12658,31,@hngp6863,no one can be sweeter than Daan...,2,OL Lyonnes
Inside - Wolfsburg vs OL (0-2) 👀,357,12658,31,@Annainneina,"Daan, ¿cómo puede ser tan linda y hermosa?",1,OL Lyonnes
Inside - Wolfsburg vs OL (0-2) 👀,357,12658,31,@karior,"Las amo mucho, sobre todo a la número 26. Es el camino para ganar la Champions. Que así sea, asís será.",0,OL Lyonnes
Inside - Wolfsburg vs OL (0-2) 👀,357,12658,31,@Charlotteherrgen,"The fact that Danie Van De Donk owns the hearts of every player on the team is why I truly love her, even though I know she's cute.",16,OL Lyonnes
Inside - Wolfsburg vs OL (0-2) 👀,357,12658,31,@bugszoo1,"Trop fortes ! On sent vraiment qu’il y a une bonne ambiance dans le groupe, des amies qui travaillent ensemble….🔴🔵",11,OL Lyonnes
Inside - Wolfsburg vs OL (0-2) 👀,357,12658,31,@ManonForay-df2qy,Mais quelle vidéo incroyable  on en veut + 🤩,4,OL Lyonnes
Inside - Wolfsburg vs OL (0-2) 👀,357,12658,31,@jean-claudeeme6520,Les inside...en cas de defaite jamais .On attend celui de la finale perdue,0,OL Lyonnes
Inside - Wolfsburg vs OL (0-2) 👀,357,12658,31,@jean-claudeeme6520,Hegerberg va couper les citrons longtemps?,1,OL Lyonnes
Inside - Wolfsburg vs OL (0-2) 👀,357,12658,31,@LucienGoma,Y a pas de wesh !! 😂❤❤❤,2,OL Lyonnes
Inside - Wolfsburg vs OL (0-2) 👀,357,12658,31,@jean-danielmartino9619,"Les lionnes ont pris les louves à la gorge dès la première seconde.
Impressionnantes.
Et cette vidéo nous restitue à merveille le bon esprit de groupe qui règne dans cette équipe.",9,OL Lyonnes
Inside - Wolfsburg vs OL (0-2) 👀,357,12658,31,@alchimie8892,"Merci pour l ' inside 🫶 , belle victoire,  solide , Allez l ' OL❤️💙",3,OL Lyonnes
Inside - Wolfsburg vs OL (0-2) 👀,357,12658,31,@LicksonElibrum-sn3hk,❤❤❤,3,OL Lyonnes
Inside - Wolfsburg vs OL (0-2) 👀,357,12658,31,@anacy236,great content,1,OL Lyonnes
Inside - Wolfsburg vs OL (0-2) 👀,357,12658,31,@alessandrablasznski6859,OL❤,1,OL Lyonnes
Résumé vidéo - Wolfsburg vs OL (0-2) ⚽️💫,68,1116,6,@AntonioJosehtamako,Lyon 🔥🙏🔥🔥,0,OL Lyonnes
Résumé vidéo - Wolfsburg vs OL (0-2) ⚽️💫,68,1116,6,@mariajorquera6966,I love Lyon ❤🎉❤🎉,0,OL Lyonnes
Résumé vidéo - Wolfsburg vs OL (0-2) ⚽️💫,68,1116,6,@karior,¡Vamos por otra Champions!,1,OL Lyonnes
Résumé vidéo - Wolfsburg vs OL (0-2) ⚽️💫,68,1116,6,@tutopod7892,Allez l’OL bravo ❤️💙,0,OL Lyonnes
Résumé vidéo - Wolfsburg vs OL (0-2) ⚽️💫,68,1116,6,@anacy236,great win,0,OL Lyonnes
Résumé vidéo - Dijon vs OL (0-3) ⚽️🎥,151,6202,13,@anacy236,lideres de liga y a seguir,0,OL Lyonnes
Résumé vidéo - Dijon vs OL (0-3) ⚽️🎥,151,6202,13,@tutopod7892,Allez l’OL ❤️💙,0,OL Lyonnes
Résumé vidéo - Dijon vs OL (0-3) ⚽️🎥,151,6202,13,@AntonioJosehtamako,Lyon Good job 🔥🔥🔥🔥,0,OL Lyonnes
Résumé vidéo - Dijon vs OL (0-3) ⚽️🎥,151,6202,13,@FARINAOlivier,je vois un match nul contre wolfsburg,0,OL Lyonnes
Résumé vidéo - Dijon vs OL (0-3) ⚽️🎥,151,6202,13,@cocovi,Il faut plus de contre-attaques rapides pour que Chawinga puisse s'exprimer. Une fois que la dEfense est en place en demi-terrain ca devient compliquE,2,OL Lyonnes
Résumé vidéo - Dijon vs OL (0-3) ⚽️🎥,151,6202,13,@joerrynicolas2006,"Wolfsburg me fait peur,Vicki Becho manque d'efficacité",2,OL Lyonnes
Résumé vidéo - Dijon vs OL (0-3) ⚽️🎥,151,6202,13,@jean-danielmartino9619,"Attention à WOLFSBURG qui a, devant un public fourni, battu le Bayern de Munich par 2 buts à zéro à l'occasion de la sixième journée du championnat d'Allemagne.",2,OL Lyonnes
Résumé vidéo - Dijon vs OL (0-3) ⚽️🎥,151,6202,13,@ManonForay-df2qy,❤️❤️,0,OL Lyonnes
Résumé vidéo - Dijon vs OL (0-3) ⚽️🎥,151,6202,13,@WeekendMuse,"Bravo OL, content qu’Eugenie ait marque’ son but.",4,OL Lyonnes
Inside - OL vs Galatasaray (3-0) 👀,255,7604,27,@ph6665,Trop bien toutes ces vidéos! Merci.,0,OL Lyonnes
Inside - OL vs Galatasaray (3-0) 👀,255,7604,27,@anacy236,"en pocos equipos femeninos se ve este tipo de partido pre y post partido, banco",0,OL Lyonnes
Inside - OL vs Galatasaray (3-0) 👀,255,7604,27,@anacy236,"es muy bueno el contenido ,felicitaciones",0,OL Lyonnes
Inside - OL vs Galatasaray (3-0) 👀,255,7604,27,@ChristianGuyot-d1y,Vraiment très classe nos joueuses.,2,OL Lyonnes
Inside - OL vs Galatasaray (3-0) 👀,255,7604,27,@bugszoo1,Bravo  les filles !  C’est vraiment dommage de voir le stade presque vide…,2,OL Lyonnes
Inside - OL vs Galatasaray (3-0) 👀,255,7604,27,@tutopod7892,Allez l’OL ❤️💙merci pour l’inside,2,OL Lyonnes
Inside - OL vs Galatasaray (3-0) 👀,255,7604,27,@jean-claudeeme6520,Gilles hors jeu,0,OL Lyonnes
Inside - OL vs Galatasaray (3-0) 👀,255,7604,27,@romain5749,Merci 💙❤️,1,OL Lyonnes
Inside - OL vs Galatasaray (3-0) 👀,255,7604,27,@pmehler2955,👍🤩👍,1,OL Lyonnes
Inside - OL vs Galatasaray (3-0) 👀,255,7604,27,@Matteblak,I wish Arsenal had kept Joe Montemurro,0,OL Lyonnes
Inside - OL vs Galatasaray (3-0) 👀,255,7604,27,@sacholo-2907,Les gars faut remplir plus le Groupama sérieux…😑,1,OL Lyonnes
Inside - OL vs Galatasaray (3-0) 👀,255,7604,27,@mariajorquera6966,Volvió Ada Hegenberg...... ENDLER'S FANS..... I LOVE LYON ❤🎉❤🎉,2,OL Lyonnes
Inside - OL vs Galatasaray (3-0) 👀,255,7604,27,@edenslymaurepas,🇭🇹🔥,2,OL Lyonnes
Inside - OL vs Galatasaray (3-0) 👀,255,7604,27,@maiwenn4293,Merci pour la vidéos elle est vraiment incroyable je sait pas pourquoi peut être le fait de mettre de la musique comme ça … 🤯❤️💙,2,OL Lyonnes
Inside - OL vs Galatasaray (3-0) 👀,255,7604,27,@danielkaz6280,❤️💙🔥,1,OL Lyonnes
Inside - OL vs Galatasaray (3-0) 👀,255,7604,27,@joerrynicolas2006,Allez L'OL 💪 L'AS Roma va pas être facile.,1,OL Lyonnes
Inside - OL vs Galatasaray (3-0) 👀,255,7604,27,@JaniceDevonel,0:27 DvD is the player that every team needs.Her enormous energy is always needed by players. And she is kind of sweet sometimes.,2,OL Lyonnes
Inside - OL vs Galatasaray (3-0) 👀,255,7604,27,@alchimie8892,Merci pour cet inside 👌Pourrez - vous en proposer régulièrement dans l ' avenir svp ? Allez l ' OL❤💙🙏,8,OL Lyonnes
Inside - OL vs Galatasaray (3-0) 👀,255,7604,27,@lamsior,Bravo les fenottes ❤💙,2,OL Lyonnes
Inside - OL vs Galatasaray (3-0) 👀,255,7604,27,@langevert1359,Ca fait plaisir de revoir Marozsan dans cette équipe c'est ce qui manquait l'année dernière de la technique au milieu,7,OL Lyonnes
Inside - OL vs Galatasaray (3-0) 👀,255,7604,27,@WeekendMuse,"Like 1, comment 1. Bravo OL 🎉",1,OL Lyonnes
Une soirée au Groupama Stadium. ✨ #football #womenssports #championsleague,682,15546,19,@NicoleGANTIM,Mon équipe 🎉,2,OL Lyonnes
Une soirée au Groupama Stadium. ✨ #football #womenssports #championsleague,682,15546,19,@SARAKAT-w5k,Super... c'est vous qui  ouvrer le chemin pour les générations de filles qui arrivent lentement mais sûrement continuez d'ailleurs je ne loupe aucun match,0,OL Lyonnes
Une soirée au Groupama Stadium. ✨ #football #womenssports #championsleague,682,15546,19,@MAGNUMKOMPA2,❤❤❤❤❤🇭🇹🇭🇹🇭🇹🇭🇹🇭🇹,0,OL Lyonnes
Une soirée au Groupama Stadium. ✨ #football #womenssports #championsleague,682,15546,19,@rithalouis2606,Cette grenadière est toujours a l'assaut. .,1,OL Lyonnes
Une soirée au Groupama Stadium. ✨ #football #womenssports #championsleague,682,15546,19,@AnnieBohem,"Une équipe de Warriores, bravo pour la performance ❤️💙💪💪💪🔴🔵",0,OL Lyonnes
Une soirée au Groupama Stadium. ✨ #football #womenssports #championsleague,682,15546,19,@PhilippeMIGISHA,Images belles. Bien des bonnes choses à celle ou à celui qui lit ce présent message.,0,OL Lyonnes
Une soirée au Groupama Stadium. ✨ #football #womenssports #championsleague,682,15546,19,@RichemondCadet,Alasooo 🇭🇹🇭🇹🇭🇹🇭🇹🇭🇹🇭🇹🇭🇹🇭🇹🇭🇹🇭🇹🇭🇹🇭🇹,0,OL Lyonnes
Une soirée au Groupama Stadium. ✨ #football #womenssports #championsleague,682,15546,19,@AbdelHalikouBoukari,❤❤❤❤❤❤❤❤❤,0,OL Lyonnes
Une soirée au Groupama Stadium. ✨ #football #womenssports #championsleague,682,15546,19,@Nelson69008,"C est un vrai bonheur ces filles,en plus d être de vraies guerrières,elles ont toujours le sourire,et attirent la sympathie,bravooohh les fenottes",1,OL Lyonnes
Une soirée au Groupama Stadium. ✨ #football #womenssports #championsleague,682,15546,19,@BrunoChipaux,Bonjour les lyonnaises je  vous aime beaucoup gros bisous bisous de belfort ❤❤❤❤,0,OL Lyonnes
Une soirée au Groupama Stadium. ✨ #football #womenssports #championsleague,682,15546,19,@équipehaiti,Dumornay 🎉❤,3,OL Lyonnes
Une soirée au Groupama Stadium. ✨ #football #womenssports #championsleague,682,15546,19,@temboukezembou8718,Kadi mon Combat.,0,OL Lyonnes
Une soirée au Groupama Stadium. ✨ #football #womenssports #championsleague,682,15546,19,@kleberacina4841,Une belle équipe de footballeuses!,0,OL Lyonnes
Une soirée au Groupama Stadium. ✨ #football #womenssports #championsleague,682,15546,19,@B-oneIZI-CLICK,Nou la rèd,0,OL Lyonnes
Une soirée au Groupama Stadium. ✨ #football #womenssports #championsleague,682,15546,19,@MickaelCarlier-Mix,On vous aime les filles. Merci ❤,0,OL Lyonnes
Une soirée au Groupama Stadium. ✨ #football #womenssports #championsleague,682,15546,19,@INSTITUTESPAGNOLENCREOLE,En avant LOL! Je vous aime tous!,0,OL Lyonnes
Une soirée au Groupama Stadium. ✨ #football #womenssports #championsleague,682,15546,19,@denisejoseph7661,🔥🇭🇹❤️,0,OL Lyonnes
Une soirée au Groupama Stadium. ✨ #football #womenssports #championsleague,682,15546,19,@YasnaCavieres,🦁❤️💙,0,OL Lyonnes
Une soirée au Groupama Stadium. ✨ #football #womenssports #championsleague,682,15546,19,@joerrynicolas2006,Allez L'OL 💪,0,OL Lyonnes
Résumé vidéo - OL vs Galatasaray (3-0) ⚽️💫,75,1994,9,@anacy236,buen inicio en champions,0,OL Lyonnes
Résumé vidéo - OL vs Galatasaray (3-0) ⚽️💫,75,1994,9,@lamsior,Un résumé pas un Inside :),0,OL Lyonnes
Résumé vidéo - OL vs Galatasaray (3-0) ⚽️💫,75,1994,9,@Matteblak,0:13 Even DVD knew it was a handball lol,0,OL Lyonnes
Résumé vidéo - OL vs Galatasaray (3-0) ⚽️💫,75,1994,9,@tutopod7892,Allez l’OL ❤️💙,0,OL Lyonnes
Résumé vidéo - OL vs Galatasaray (3-0) ⚽️💫,75,1994,9,@mariajorquera6966,I love Lyon ❤🎉❤🎉,0,OL Lyonnes
Résumé vidéo - OL vs Galatasaray (3-0) ⚽️💫,75,1994,9,@Haitiwillwinthegoldcup,Goat 🐐  Dumornay,1,OL Lyonnes
Résumé vidéo - OL vs Galatasaray (3-0) ⚽️💫,75,1994,9,@joerrynicolas2006,"Allez L'OL,vas y Melchie Dumornay",3,OL Lyonnes
Capitaine 🎯🫡  #football  #womenssports,173,2271,3,@MickaelCarlier-Mix,Magnifique j'adore. Merci les filles de nous faire vibrer. A chaque match c'est un bonheur de vous voir jouer.,0,OL Lyonnes
Capitaine 🎯🫡  #football  #womenssports,173,2271,3,@équipehaiti,🎉🎉Renard,0,OL Lyonnes
Capitaine 🎯🫡  #football  #womenssports,173,2271,3,@Modyscule,Numéro 33 défend dans le but bien joué,1,OL Lyonnes
Le 100e match d’Ellie. 💫😍 #football #womenssports,425,7710,5,@AnnieBohem,"Tout simplement extraordinaire, bravo pour la performance ❤️💙💪🔴🔵",0,OL Lyonnes
Le 100e match d’Ellie. 💫😍 #football #womenssports,425,7710,5,@MickaelCarlier-Mix,Félicitations Ellie. ❤,2,OL Lyonnes
Le 100e match d’Ellie. 💫😍 #football #womenssports,425,7710,5,@remy2824,"Bravo Ellie!
S’imposer à ce poste après Lucy Bronze, ça dit beaucoup de sa performance.",3,OL Lyonnes
Le 100e match d’Ellie. 💫😍 #football #womenssports,425,7710,5,@ThibaudMercier,Bravo !!! 🎉,2,OL Lyonnes
Résumé vidéo - OL vs Montpellier (4-0) ⚽️🎥,194,9358,21,@Annainneina,So fuerte,0,OL Lyonnes
Résumé vidéo - OL vs Montpellier (4-0) ⚽️🎥,194,9358,21,@gabi1998sz,Great win!!!,0,OL Lyonnes
Résumé vidéo - OL vs Montpellier (4-0) ⚽️🎥,194,9358,21,@komedyenoficial,🇭🇹🇭🇹🇭🇹🇭🇹🇭🇹,0,OL Lyonnes
Résumé vidéo - OL vs Montpellier (4-0) ⚽️🎥,194,9358,21,@tutopod7892,Allez l’OL ❤️💙,0,OL Lyonnes
Résumé vidéo - OL vs Montpellier (4-0) ⚽️🎥,194,9358,21,@AntonioJosehtamako,Lyon 🔥🙏🙏🙏🙏💪💪,0,OL Lyonnes
Résumé vidéo - OL vs Montpellier (4-0) ⚽️🎥,194,9358,21,@Jimmitry-v8w,Dumornay 🇭🇹💗💓❤️💖❣️❣️,1,OL Lyonnes
Résumé vidéo - OL vs Montpellier (4-0) ⚽️🎥,194,9358,21,@sacholo-2907,Allez l’OL ❤️💙 on lâche pas direction la 9eme 🏆,1,OL Lyonnes
Résumé vidéo - OL vs Montpellier (4-0) ⚽️🎥,194,9358,21,@JeanBaptisteMichael,Melchie dumornay,1,OL Lyonnes
Résumé vidéo - OL vs Montpellier (4-0) ⚽️🎥,194,9358,21,@joerrynicolas2006,Allez L'OL 💪 Bravo Melchie Dumornay 🇭🇹⚽,1,OL Lyonnes
Résumé vidéo - OL vs Montpellier (4-0) ⚽️🎥,194,9358,21,@geraldnoel7900,Haïti 🇭🇹⚽ OL 🏆🥇,1,OL Lyonnes
Résumé vidéo - OL vs Montpellier (4-0) ⚽️🎥,194,9358,21,@let-seetvk6587,Good job ladies  bravo 🇭🇹 👏🏿,1,OL Lyonnes
Résumé vidéo - OL vs Montpellier (4-0) ⚽️🎥,194,9358,21,@ricoa2681,"4  0 , certes victoire impressionnante de OL . Cependant l'action de la vista , aboutissant au tir de loin pour lober la gardienne, à l'entame du match, est  extraordinaire.  Du talent de cette équipe, la meilleure de l'Europe.  Allez l'OL.",3,OL Lyonnes
Résumé vidéo - OL vs Montpellier (4-0) ⚽️🎥,194,9358,21,@jean-claudeeme6520,"Mhsc a perdu ses 2 centrales Lakrar et Mpomé et 2 attaquantes Mondesir et Robert.Plus Torrent suspendue et Bilbaut out.
Ça fait bcp .",4,OL Lyonnes
Résumé vidéo - OL vs Montpellier (4-0) ⚽️🎥,194,9358,21,@patriciacontreras4374,Más 2 que fueron anulados erróneamente.,0,OL Lyonnes
Résumé vidéo - OL vs Montpellier (4-0) ⚽️🎥,194,9358,21,@LicksonElibrum-sn3hk,Bravo les filles 👏🏼🇭🇹🇭🇹,2,OL Lyonnes
Résumé vidéo - OL vs Montpellier (4-0) ⚽️🎥,194,9358,21,@WeekendMuse,Bravo OL 🎉,1,OL Lyonnes
Résumé vidéo - OL vs Montpellier (4-0) ⚽️🎥,194,9358,21,@regarn7171,5 – 0. Le but d’Horan refusé pour un hors-jeu imaginaire doit être validé a posteriori par la fédération. Ces erreurs d’arbitrage ne doivent pas impacter les résultats et les statistiques du club et des joueuses.,5,OL Lyonnes
Résumé vidéo - OL vs Montpellier (4-0) ⚽️🎥,194,9358,21,@abedjumohamed7666,"Bravo à toute l'équipe. Salma Bacha, tu nous manques.",0,OL Lyonnes
Résumé vidéo - OL vs Montpellier (4-0) ⚽️🎥,194,9358,21,@marcJEAN-e4h,"arbitrage de broute gazon , ......les lesbiennes ont bcp de mal a voir les choses sur le terrain....
mettre des hommes ça ira mieux.....",0,OL Lyonnes
Résumé vidéo - OL vs Montpellier (4-0) ⚽️🎥,194,9358,21,@GRakesan,"""Second poteau Wendie Renard"" je vois ce que le commentateur a fait !",0,OL Lyonnes
Déjeuner en famille 📸🍴,196,5667,19,@guillaumegnoly2148,Guillaume pour les filles de Lyon et je suis à votre arrivée de Guillaume de Lyon D1 féminine de Lyon,1,OL Lyonnes
Déjeuner en famille 📸🍴,196,5667,19,@DamakoJoseph-d3r,Lyon Francia Good job 🇭🇹🇭🇹,0,OL Lyonnes
Déjeuner en famille 📸🍴,196,5667,19,@TemitopeMatthewOlusesi,🔥👏👏,0,OL Lyonnes
Déjeuner en famille 📸🍴,196,5667,19,@marcJEAN-e4h,pour avoir regarder les autres équipes.....Lyon est vraiment très au dessus techniquement et dans le talent des joueuses..et l'envie de gagner que l'on vois,1,OL Lyonnes
Déjeuner en famille 📸🍴,196,5667,19,@ZinedineBelgomri,The KANG dynasty 😂,0,OL Lyonnes
Déjeuner en famille 📸🍴,196,5667,19,@nervenest,One of the best team ❤,0,OL Lyonnes
Déjeuner en famille 📸🍴,196,5667,19,@AmandoSURIN,Notre famille a nous..Allez les filles,0,OL Lyonnes
Déjeuner en famille 📸🍴,196,5667,19,@Frauenfußball_support,Love this Team so much! You all in my Heart so exciting with you in the new season ❤️💙,0,OL Lyonnes
Déjeuner en famille 📸🍴,196,5667,19,@dorenson20_05,I LOVE YOO Melchie Dumornay❤,0,OL Lyonnes
Déjeuner en famille 📸🍴,196,5667,19,@WeekendMuse,What was on the menu? Ellie must feel more at home with the new coach. Great team 🎉 Can’t wait to see OL vs Chelsea. Will Sonia hold back?,0,OL Lyonnes
Déjeuner en famille 📸🍴,196,5667,19,@mariajorquera6966,Este si es un equipo..... I LOVE LYON ❤🎉❤🎉,0,OL Lyonnes
Déjeuner en famille 📸🍴,196,5667,19,@abedjumohamed7666,Débrouillez vous cette année pour battre Barcelone ....la ligue des champions est votre !,1,OL Lyonnes
Déjeuner en famille 📸🍴,196,5667,19,@ChristianGuyot-d1y,Wonderful team!,2,OL Lyonnes
Déjeuner en famille 📸🍴,196,5667,19,@jean-claudeeme6520,Sympa bonne equipe de d1,0,OL Lyonnes
Déjeuner en famille 📸🍴,196,5667,19,@tutopod7892,Notre équipe ❤️💙,2,OL Lyonnes
Déjeuner en famille 📸🍴,196,5667,19,@icardi9goat,Champions 9 Title incoming,1,OL Lyonnes
Déjeuner en famille 📸🍴,196,5667,19,@AntonioJosehtamako,Lyon 💪💪💪💪,1,OL Lyonnes
Déjeuner en famille 📸🍴,196,5667,19,@shade.01,I love my team❤,1,OL Lyonnes
Déjeuner en famille 📸🍴,196,5667,19,@maiwenn4293,Notre grande famille !❤️💙,2,OL Lyonnes
La photo officielle 📸🤪,305,9263,32,@guillaumegnoly2148,Guillaume pour les filles de Lyonnaise D1 féminine,1,OL Lyonnes
La photo officielle 📸🤪,305,9263,32,@DamakoJoseph-d3r,Lyon Francia Dumornay 🇭🇹 Good job 🔥,0,OL Lyonnes
La photo officielle 📸🤪,305,9263,32,@mansaeng22,i love you so much DvD ♥,0,OL Lyonnes
La photo officielle 📸🤪,305,9263,32,@FootballerMuffy,TABI GOAT,0,OL Lyonnes
La photo officielle 📸🤪,305,9263,32,@AntonioJosehtamako,Dumornay Melehie 🇭🇹 Haïti Lyon,2,OL Lyonnes
La photo officielle 📸🤪,305,9263,32,@tutopod7892,Allez l’OL ❤️💙,1,OL Lyonnes
La photo officielle 📸🤪,305,9263,32,@let-seetvk6587,La tite haitienne Melshie Dumorney 🇭🇹👋🏿,2,OL Lyonnes
La photo officielle 📸🤪,305,9263,32,@sacholo-2907,Selma on t’aime prolonnnnnnnnnge 😫😭🤧❤️🦁💙,1,OL Lyonnes
La photo officielle 📸🤪,305,9263,32,@PoiJame,0:22 Daan: ...... *Push* She's so hilarious yet cute at the same time,1,OL Lyonnes
La photo officielle 📸🤪,305,9263,32,@ImAli0171,Est-ce la raison pour laquelle Daniëlle est si populaire auprès de tous les joueurs français ? Même Wendie l'aime tellement ?,0,OL Lyonnes
La photo officielle 📸🤪,305,9263,32,@renzielormera1225,Great team ever😂😂😂😂😂😂 sooooo funny moment,2,OL Lyonnes
La photo officielle 📸🤪,305,9263,32,@edenslymaurepas,Melchie ❤,0,OL Lyonnes
La photo officielle 📸🤪,305,9263,32,@VilmenayYvenso,Dumornay 🇭🇹🇭🇹🇭🇹🇭🇹,1,OL Lyonnes
La photo officielle 📸🤪,305,9263,32,@MozilMadanjean,Je n' ai pas vu Melchie où est t'elle 😍😍😍,1,OL Lyonnes
La photo officielle 📸🤪,305,9263,32,@MaryAliceWagner,Can't believe they got Chawinga Horan is the best,0,OL Lyonnes
La photo officielle 📸🤪,305,9263,32,@nandhithakbabu,Dan❤,0,OL Lyonnes
La photo officielle 📸🤪,305,9263,32,@jean-claudeeme6520,Dumornay Chawinga...ça fait peur,3,OL Lyonnes
La photo officielle 📸🤪,305,9263,32,@mariajorquera6966,Nice ❤,0,OL Lyonnes
La photo officielle 📸🤪,305,9263,32,@mariajorquera6966,I love Lyon ❤🎉❤🎉,0,OL Lyonnes
La photo officielle 📸🤪,305,9263,32,@lilia5051,Je suis morte elles sont pommé à la fin 🤣🤣🤣,1,OL Lyonnes
La photo officielle 📸🤪,305,9263,32,@thunderj1015,Lindsey with her f** reminds me the Netherlands US clashes 😅😅😅 Real and funny group girls 💖💥💥💥💐,2,OL Lyonnes
La photo officielle 📸🤪,305,9263,32,@Annainneina,"honestamente que hermosa se ve Danielle Van De Donk, es tan hermosa, se ve tan dulce, linda y todo, Ella es perfección.",6,OL Lyonnes
La photo officielle 📸🤪,305,9263,32,@MithunKp-v5h,Need more videos like this 🤗,2,OL Lyonnes
La photo officielle 📸🤪,305,9263,32,@MithunKp-v5h,DVD ❤❤,4,OL Lyonnes
La photo officielle 📸🤪,305,9263,32,@Dominicgro9,"Van De Donk voice omg
In all honesty, her voice is as honey-sweet.",4,OL Lyonnes
La photo officielle 📸🤪,305,9263,32,@hngp6863,"Danielle so cute. Her voice, her expressions are so animated i feel like i’m watching a cartoon character.",10,OL Lyonnes
La photo officielle 📸🤪,305,9263,32,@feelsoul5396,"Où est la 2ème partie avec Melchie DUMORNAY?? 
Kadi est belle 😊",1,OL Lyonnes
La photo officielle 📸🤪,305,9263,32,@thereallg4587,*Lindsey always cursing😂*,2,OL Lyonnes
La photo officielle 📸🤪,305,9263,32,@maiwenn4293,Vous êtes trop drôles 🤣❤️💙 !,6,OL Lyonnes
La photo officielle 📸🤪,305,9263,32,@jacklelyonnais1302,Macha-allah vous êtes tous belles,0,OL Lyonnes
Résumé vidéo - OL vs Strasbourg (6-0) ⚽️🎥,228,10340,23,@AntonioJosehtamako,Dumornay Melehie 🇭🇹 Haïti Good job 🔥🔥,0,OL Lyonnes
Résumé vidéo - OL vs Strasbourg (6-0) ⚽️🎥,228,10340,23,@tutopod7892,Allez l’OL ❤️💙,0,OL Lyonnes
Résumé vidéo - OL vs Strasbourg (6-0) ⚽️🎥,228,10340,23,@équipehaiti,Melchie ❤,0,OL Lyonnes
Résumé vidéo - OL vs Strasbourg (6-0) ⚽️🎥,228,10340,23,@mariajorquera6966,All the team is so good!! I LOVE LYON ❤🎉❤🎉,0,OL Lyonnes
Résumé vidéo - OL vs Strasbourg (6-0) ⚽️🎥,228,10340,23,@IsaacPierre-dg4oq,Dumornay ❤️❤️❤️,1,OL Lyonnes
Résumé vidéo - OL vs Strasbourg (6-0) ⚽️🎥,228,10340,23,@ricoa2681,"Allez l'OL!!! 6 magnifiques buts, toutefois le 5èm but , avec la petite louche millimètrée , faisant tomber le ballon comme une feuille morte, est anthologique.",1,OL Lyonnes
Résumé vidéo - OL vs Strasbourg (6-0) ⚽️🎥,228,10340,23,@RameshOfficiel,Que des beaux buts franchement ❤,0,OL Lyonnes
Résumé vidéo - OL vs Strasbourg (6-0) ⚽️🎥,228,10340,23,@langevert1359,Le duo Dumornay-Chawinga va faire très mal cette année,2,OL Lyonnes
Résumé vidéo - OL vs Strasbourg (6-0) ⚽️🎥,228,10340,23,@geffrardlens6852,Dumornay❤,1,OL Lyonnes
Résumé vidéo - OL vs Strasbourg (6-0) ⚽️🎥,228,10340,23,@damsdanville,Bien ouèj les fenottes ! Allez l'OL !,1,OL Lyonnes
Résumé vidéo - OL vs Strasbourg (6-0) ⚽️🎥,228,10340,23,@joerrynicolas2006,Melchie Dumornay ❤,3,OL Lyonnes
Résumé vidéo - OL vs Strasbourg (6-0) ⚽️🎥,228,10340,23,@anysslad,Tout les buts sont somptueux c’est un régals pour les yeux,9,OL Lyonnes
Résumé vidéo - OL vs Strasbourg (6-0) ⚽️🎥,228,10340,23,@arlandehonore2810,Dumorney we love you😍😍😍😍😍,4,OL Lyonnes
Résumé vidéo - OL vs Strasbourg (6-0) ⚽️🎥,228,10340,23,@ilariaprincipi38,Diani e Chawinga!🤯😱🤩😍😍😍😍😍😍❤💙❤💙,1,OL Lyonnes
Résumé vidéo - OL vs Strasbourg (6-0) ⚽️🎥,228,10340,23,@jean-claudeeme6520,Face à des plots😂,0,OL Lyonnes
Tirage au sort UWCL : réactions du coach Joe Montemurro,38,1275,7,@christineclatot5352,J'espère que OL va rencontrer Chelsea !!!!!!!,0,OL Lyonnes
Tirage au sort UWCL : réactions du coach Joe Montemurro,38,1275,7,@tutopod7892,Pas le choix faut finir 1ere du groupe allez l’OL ❤️💙,2,OL Lyonnes
Tirage au sort UWCL : réactions du coach Joe Montemurro,38,1275,7,@jean-danielmartino9619,Ne jamais oublier que le tirage est toujours compliqué pour les équipes devant rencontrer l'OL féminin.,1,OL Lyonnes
Tirage au sort UWCL : réactions du coach Joe Montemurro,38,1275,7,@Ldv_8,"Ça serait bien que l’Olympique Lyonnais, club français, mettent au moins des sous titres français…",0,OL Lyonnes
Résumé vidéo - Fleury vs OL (2-6) ⚽️🎥,242,12016,21,@DamakoJoseph-d3r,Dumornay Melchie Lyon Francia Good job 🔥🔥🔥🔥🔥,0,OL Lyonnes
Résumé vidéo - Fleury vs OL (2-6) ⚽️🎥,242,12016,21,@milainaramos-q9r,"Que le club qui a le plus de fric gagne ! Cynique et nul, le football de l'argent. La différence de niveau entre l'OL et les autres démontre qu'une chose, ce sport est pourri. 14 joueuses étrangères à l'OL sur 28, soit 50 %, super pour les filles formées en France ! Toutes les places sont prises. Dégueu... système de mer... Aucun mérite... Sans compter les inégalités de moyens pour les entrainements... la mauvaise redistribution... Une Fédération qui ne régule rien... Une mentalité de mer... Tout ça mériterait un grand nettoyage et restructuration totale pour ramener le foot à sa juste mesure éducative et sociale. Là, on voit même à petit niveau des matchs qui se finissent en bagarre... Super éducatif ! le foot tout pourri ? OUi !!!! A quoi bon financer la formation et l'éducation de joueuse en France avec nos impôts et nos cotisations si les places sont prises à 50 % par des étrangères ? A quoi bon financer ce sport s'il n'éduque pas les jeunes à devenir des citoyen-nes instruit-es, responsables, et éduquées mais juste à se battre les un-es contre les autres ? C'est ça le modère sportif ? Court ou crève ? Bah, on fait pas société avec cette mentalité là.",0,OL Lyonnes
Résumé vidéo - Fleury vs OL (2-6) ⚽️🎥,242,12016,21,@andypromo9775,🇭🇹⚽⚽🔥🔥,1,OL Lyonnes
Résumé vidéo - Fleury vs OL (2-6) ⚽️🎥,242,12016,21,@chancemzumara1175,TC 11 our own Malawian pangolin 🔥🔥🔥🔥🔥🇲🇼,0,OL Lyonnes
Résumé vidéo - Fleury vs OL (2-6) ⚽️🎥,242,12016,21,@mariajorquera6966,I love Lyon ❤🎉❤🎉,0,OL Lyonnes
Résumé vidéo - Fleury vs OL (2-6) ⚽️🎥,242,12016,21,@WeekendMuse,Bravo OL 🎉,1,OL Lyonnes
Résumé vidéo - Fleury vs OL (2-6) ⚽️🎥,242,12016,21,@tutopod7892,Allez l’OL ❤️💙,1,OL Lyonnes
Résumé vidéo - Fleury vs OL (2-6) ⚽️🎥,242,12016,21,@lepryeliel,Bravo les filles ❤❤❤❤,0,OL Lyonnes
Résumé vidéo - Fleury vs OL (2-6) ⚽️🎥,242,12016,21,@alilou1454,bravos a vous vous êtes des championnes,1,OL Lyonnes
Résumé vidéo - Fleury vs OL (2-6) ⚽️🎥,242,12016,21,@dominiquesimon640,"Dumornay🇭🇹🇭🇹🇭🇹🇭🇹🇭🇹🇭🇹🇭🇹.
Oleeeeee.",1,OL Lyonnes
Résumé vidéo - Fleury vs OL (2-6) ⚽️🎥,242,12016,21,@thomassinbruno2612,"pauvre Fleury qui se prend une ""tôle"" en club champion et idem en championnat, courage!!bravo l'O.L",1,OL Lyonnes
Résumé vidéo - Fleury vs OL (2-6) ⚽️🎥,242,12016,21,@ManouchekaSaintjoy,Melchie,0,OL Lyonnes
Résumé vidéo - Fleury vs OL (2-6) ⚽️🎥,242,12016,21,@Kelo7,A Malawi tonse tifikile pano,0,OL Lyonnes
Résumé vidéo - Fleury vs OL (2-6) ⚽️🎥,242,12016,21,@FloriusStevebarkley,Melchie Dumornay 🎉🎉🎉🎉🇭🇹🇭🇹🇭🇹🇭🇹🇭🇹🇭🇹🇭🇹🇭🇹🇭🇹🇭🇹,0,OL Lyonnes
Résumé vidéo - Fleury vs OL (2-6) ⚽️🎥,242,12016,21,@joerrynicolas2006,Allez L'OL 💪 Bravo Melchie Dumornay 🇭🇹🇭🇹,3,OL Lyonnes
Résumé vidéo - Fleury vs OL (2-6) ⚽️🎥,242,12016,21,@MozilMadanjean,Yon sèl Melechie pou tout yon nasyon 🇭🇹🇭🇹,0,OL Lyonnes
Résumé vidéo - Fleury vs OL (2-6) ⚽️🎥,242,12016,21,@lamsior,SUper mais ce serait bien de pouvoir voir la joie des filles apres les buts merci :),1,OL Lyonnes
Résumé vidéo - Fleury vs OL (2-6) ⚽️🎥,242,12016,21,@AntonioJosehtamako,Good job 🔥 Dumornay Melehie Lyon 🔥,1,OL Lyonnes
Résumé vidéo - Fleury vs OL (2-6) ⚽️🎥,242,12016,21,@delattremartial,par contre la gardienne de Fleury elle est juste pas au niveau,2,OL Lyonnes
Résumé vidéo - Fleury vs OL (2-6) ⚽️🎥,242,12016,21,@BonneAnnee2025,Allez l OL,0,OL Lyonnes
⌛️🔥 #womenssports #football,163,2239,3,@Charlotteherrgen,Van De Donk magic 🫶,0,OL Lyonnes
⌛️🔥 #womenssports #football,163,2239,3,@FelixFregis,So why didn't melchy 🇭🇹💪🏿🥷🏽🦈 made the balon dor nominees. If anyone think that was highly unfair please leave your comments. She's easily among the top 5 female best players in the world and y'all know it. Why didn't the club say something about this. Y'all know the world is watching🧐 right. We not in the 90s anymore. People see the numbers the power the skills the over all thee melch😂 ok her number one fan yess so proud of you babygirl like a daughter going off to college. Anyways balon dor winner season 25-26 d1 champions. Champions League champions. I'll bet she will score at least 40 goals all competitions this season with no injuries. I love you melchy Haiti is watching baby girl it's ok. We already know we must work 3 times harder for less because of reasons that don't matter anymore.😩💥🦈🥷🏽💪🏿🇭🇹⚽⚽🦵🏽👏🏽👏🏽,1,OL Lyonnes
⌛️🔥 #womenssports #football,163,2239,3,@Soldat-x2o,👌,0,OL Lyonnes
Conférence de presse : Lancement de la saison 2024-25,94,2549,9,@guillaumegnoly2148,Guillaume pour les filles de Lyonnaise,1,OL Lyonnes
Conférence de presse : Lancement de la saison 2024-25,94,2549,9,@Players-f5t,❤❤ ol,0,OL Lyonnes
Conférence de presse : Lancement de la saison 2024-25,94,2549,9,@mariajorquera6966,I love Lyon and I love Endler.,4,OL Lyonnes
Conférence de presse : Lancement de la saison 2024-25,94,2549,9,@tutopod7892,Wendie Richard 😅,0,OL Lyonnes
Conférence de presse : Lancement de la saison 2024-25,94,2549,9,@Matteblak,"It would be great to watch OL matches and replays, but I'm not paying $8 a month just to view them on their website. I already have enough subscriptions.",1,OL Lyonnes
Conférence de presse : Lancement de la saison 2024-25,94,2549,9,@lamsior,Allez l'OL,3,OL Lyonnes
Conférence de presse : Lancement de la saison 2024-25,94,2549,9,@WeekendMuse,Allez l’OL 🎉,3,OL Lyonnes
Conférence de presse : Lancement de la saison 2024-25,94,2549,9,@jean-danielmartino9619,"Des journalistes bien trop peu nombreux mais plutôt endormis ( Pardon ! on en a aperçu 1 qui se réveillait quand la traductrice a parlé de ""Wendie Richard"" ) et se contentant de questions convenues.
Cette équipe mérite mieux.",4,OL Lyonnes
Wendie Renard. ©️🫶  #football #womenssports,175,3029,4,@yohannbelloc6984,WENDIE on ce rapprocher des 40 trophées 🏆..😂😂😂😂😂😂,0,OL Lyonnes
Wendie Renard. ©️🫶  #football #womenssports,175,3029,4,@alexandramagnien37,Merci ma vie tu aurais tué un vignole et un fou la vénu Es-tu jeune très bien voilà❤,0,OL Lyonnes
Wendie Renard. ©️🫶  #football #womenssports,175,3029,4,@wandyrene7412,🙏🙏,0,OL Lyonnes
Résumé vidéo - OL vs KFF Vllaznia (8-0) ⚽️🎥,273,18665,29,@jeanmarieBUSCAIL,"Si oplay disparait, cette chaine youtube diffusera t-elle les matchs joués non seulement en résumé mais aussi en intégralité?",0,OL Lyonnes
Résumé vidéo - OL vs KFF Vllaznia (8-0) ⚽️🎥,273,18665,29,@danielkaz6280,we done Lyon girl,0,OL Lyonnes
Résumé vidéo - OL vs KFF Vllaznia (8-0) ⚽️🎥,273,18665,29,@langevert1359,J'espère qu'on verra plus Maro cette saison,1,OL Lyonnes
Résumé vidéo - OL vs KFF Vllaznia (8-0) ⚽️🎥,273,18665,29,@lamsior,Allez l'OL,0,OL Lyonnes
Résumé vidéo - OL vs KFF Vllaznia (8-0) ⚽️🎥,273,18665,29,@jeantau3018,"Bravo au site qui met le score juste sous la video !!!!!
Au fait, que devient Adda Hegerberg ?",2,OL Lyonnes
Résumé vidéo - OL vs KFF Vllaznia (8-0) ⚽️🎥,273,18665,29,@tutopod7892,C’est super d’avoir des résumés long ❤️💙,4,OL Lyonnes
Résumé vidéo - OL vs KFF Vllaznia (8-0) ⚽️🎥,273,18665,29,@tutopod7892,Allez l’OL ❤️💙,1,OL Lyonnes
Résumé vidéo - OL vs KFF Vllaznia (8-0) ⚽️🎥,273,18665,29,@mariajorquera6966,Give me the complete lineup for this match please,0,OL Lyonnes
Résumé vidéo - OL vs KFF Vllaznia (8-0) ⚽️🎥,273,18665,29,@mariajorquera6966,"ENDLER CAPITANA❤❤❤❤ espero que como ahora empieza la liga se, retrasmitan los partidos completos I LOVE LYON ❤🎉❤🎉",3,OL Lyonnes
Résumé vidéo - OL vs KFF Vllaznia (8-0) ⚽️🎥,273,18665,29,@-valentinosanto-,On dirait que le football féminin c'est FIFA en mode semi pro 😂,1,OL Lyonnes
Résumé vidéo - OL vs KFF Vllaznia (8-0) ⚽️🎥,273,18665,29,@thunderj1015,Annnnnnd Lindsey the header ✨✨✨✨,0,OL Lyonnes
Résumé vidéo - OL vs KFF Vllaznia (8-0) ⚽️🎥,273,18665,29,@laurenttosh5655,La nouveauté : le jeu à une touche de balle 👌,5,OL Lyonnes
Résumé vidéo - OL vs KFF Vllaznia (8-0) ⚽️🎥,273,18665,29,@AntonioJosehtamako,Good job 🔥🔥🔥🔥🔥,0,OL Lyonnes
Résumé vidéo - OL vs KFF Vllaznia (8-0) ⚽️🎥,273,18665,29,@heitzmannpatrice4315,Tout n'est pas parfait aucun but entre la 23' et la 63' peu ou pas vu Dumornay et Chawinga,3,OL Lyonnes
Résumé vidéo - OL vs KFF Vllaznia (8-0) ⚽️🎥,273,18665,29,@WeekendMuse,Happy for Lindsey and Ellie 🎉. Allez l’OL.,7,OL Lyonnes
Résumé vidéo - OL vs KFF Vllaznia (8-0) ⚽️🎥,273,18665,29,@wandyrene7412,🙏🙏,1,OL Lyonnes
Résumé vidéo - OL vs KFF Vllaznia (8-0) ⚽️🎥,273,18665,29,@lunatiznizyo21,Vicki Becho la goat,2,OL Lyonnes
Résumé vidéo - OL vs KFF Vllaznia (8-0) ⚽️🎥,273,18665,29,@gb4996,❤69💙,4,OL Lyonnes
Résumé vidéo - OL vs KFF Vllaznia (8-0) ⚽️🎥,273,18665,29,@iQueenca,Go OL 🤍🤍🤍🤍,3,OL Lyonnes
Tiane 💫🧤 #football #womenssports,198,7188,2,@alialex39,"Vive les gardiennes ❤🎉
Le meilleur poste ❤",0,OL Lyonnes
Tiane 💫🧤 #football #womenssports,198,7188,2,@LohanCrozier-u4f,Continuez comme ça ❤️❤️,0,OL Lyonnes
Sofia Huerta est Lyonnaise ! 💫,99,4178,27,@tlee64,"Sofia is one of the best crossers out there, she can definitely contribute!",0,OL Lyonnes
Sofia Huerta est Lyonnaise ! 💫,99,4178,27,@mercus2012,Is she from LA?,0,OL Lyonnes
Sofia Huerta est Lyonnaise ! 💫,99,4178,27,@tutopod7892,Welcome ❤️💙,0,OL Lyonnes
Sofia Huerta est Lyonnaise ! 💫,99,4178,27,@alainboursier2603,Je pense pas me tromper je pense que l OL 1:58  a trouvé une très bonne joueuse et aussi une joueuse qui va bien s'intégrer à l'équipe,0,OL Lyonnes
Sofia Huerta est Lyonnaise ! 💫,99,4178,27,@safetynudge9026,Brava sweetheart. That is the way to go.,0,OL Lyonnes
Sofia Huerta est Lyonnaise ! 💫,99,4178,27,@jean-claudeeme6520,A big personality....she repeats,0,OL Lyonnes
Sofia Huerta est Lyonnaise ! 💫,99,4178,27,@didierboutet2494,Bienvenue et que tous tes souhaits se réalisent...,1,OL Lyonnes
Sofia Huerta est Lyonnaise ! 💫,99,4178,27,@Antoine-qe4bs,Bienvenue Sofia. À toi de jouer.,2,OL Lyonnes
Sofia Huerta est Lyonnaise ! 💫,99,4178,27,@coachrodriguestlouis7986,Guys I could be wrong it seems she has like…a big personality.,2,OL Lyonnes
Sofia Huerta est Lyonnaise ! 💫,99,4178,27,@frenchfoot8599,Il y a deja beaucoup de monde a son poste,1,OL Lyonnes
Sofia Huerta est Lyonnaise ! 💫,99,4178,27,@mariajorquera6966,Excelente viene con todo el rodaje de estados unidos y nos faltaba una defensa...... Welcome.... I LOVE LYON ❤🎉❤🎉,1,OL Lyonnes
Sofia Huerta est Lyonnaise ! 💫,99,4178,27,@thunderj1015,All the best 👏🏾👏🏾👏🏾✨✨✨,1,OL Lyonnes
Sofia Huerta est Lyonnaise ! 💫,99,4178,27,@sacholo-2907,Let’s go Sofiaaaaa 😤❤️🦁💙🫡,2,OL Lyonnes
Sofia Huerta est Lyonnaise ! 💫,99,4178,27,@frenchfoot8599,elle va jouer ou ? parce que des demis on en manque pas mais elle est peux etre polyvalente,0,OL Lyonnes
Sofia Huerta est Lyonnaise ! 💫,99,4178,27,@joerrynicolas2006,Justement je pensais que L'OL allait s'offrir Tarciane 🇧🇷⚽ Elle est très bonne defenseure,2,OL Lyonnes
Sofia Huerta est Lyonnaise ! 💫,99,4178,27,@iQueenca,Welcome 🤍,2,OL Lyonnes
Eugé 🔥🔍  #football #womenssports,170,2705,1,@maiwenn4293,Eugenie la meilleur 🤩🤯,4,OL Lyonnes
Résumé vidéo - OL vs Juventus (4-2) ⚽️🎥,412,29867,60,@DamakoJoseph-d3r,Lyon Francia ❤❤❤❤❤,0,OL Lyonnes
Résumé vidéo - OL vs Juventus (4-2) ⚽️🎥,412,29867,60,@danastordavidsonlucknitzky4435,🇭🇹🇭🇹🇭🇹🇭🇹,0,OL Lyonnes
Résumé vidéo - OL vs Juventus (4-2) ⚽️🎥,412,29867,60,@joerrynicolas2006,La défense inquiète,0,OL Lyonnes
Résumé vidéo - OL vs Juventus (4-2) ⚽️🎥,412,29867,60,@tutopod7892,On a la meilleure attaque d’Europe mais faut absolument recruter en défense c’est obligatoire,4,OL Lyonnes
Résumé vidéo - OL vs Juventus (4-2) ⚽️🎥,412,29867,60,@geffrardlens6852,Dumornay❤,0,OL Lyonnes
Résumé vidéo - OL vs Juventus (4-2) ⚽️🎥,412,29867,60,@mariajorquera6966,I love Lyon ❤🎉❤🎉,1,OL Lyonnes
Résumé vidéo - OL vs Juventus (4-2) ⚽️🎥,412,29867,60,@mariajorquera6966,Endler capitaine❤❤❤,1,OL Lyonnes
Résumé vidéo - OL vs Juventus (4-2) ⚽️🎥,412,29867,60,@marcelleyves2546,🇭🇹🇭🇹🇭🇹🇭🇹🇭🇹,0,OL Lyonnes
Résumé vidéo - OL vs Juventus (4-2) ⚽️🎥,412,29867,60,@CASSAMAJOR52,Dumornay est tout simplement MA-GNI-FI-QUE❤❤❤,3,OL Lyonnes
Résumé vidéo - OL vs Juventus (4-2) ⚽️🎥,412,29867,60,@ocfeleur6365,La passe de Melchie là ❤,1,OL Lyonnes
Résumé vidéo - OL vs Juventus (4-2) ⚽️🎥,412,29867,60,@LoovensAugustin,Dumornay 🇭🇹🇭🇹💯,0,OL Lyonnes
Résumé vidéo - OL vs Juventus (4-2) ⚽️🎥,412,29867,60,@odanelaugustin6549,Melchie cheri we love you,0,OL Lyonnes
Résumé vidéo - OL vs Juventus (4-2) ⚽️🎥,412,29867,60,@oliversonpierre7275,"Melchie, toujours au top!❤",1,OL Lyonnes
Résumé vidéo - OL vs Juventus (4-2) ⚽️🎥,412,29867,60,@denisejoseph7661,🔥🇭🇹❤️,0,OL Lyonnes
Résumé vidéo - OL vs Juventus (4-2) ⚽️🎥,412,29867,60,@patrickedgard,Gardienne française de la Juventus : pas au top !,0,OL Lyonnes
Résumé vidéo - OL vs Juventus (4-2) ⚽️🎥,412,29867,60,@patrickedgard,Autant de monde qu'un match de district ! à qui la faute,0,OL Lyonnes
Résumé vidéo - OL vs Juventus (4-2) ⚽️🎥,412,29867,60,@timmpalma4881,OL still with the horrible Adidas shorts: With the stripes they look like brewery horses (chevaux de brasserie). 😜,0,OL Lyonnes
Résumé vidéo - OL vs Juventus (4-2) ⚽️🎥,412,29867,60,@wandyrene7412,🙏🙏,0,OL Lyonnes
Résumé vidéo - OL vs Juventus (4-2) ⚽️🎥,412,29867,60,@ricoa2681,"Dumornay :  disponibilité, touche de balle polyvalence,, générosité, vista.  Quel plaisir à la regarder jouer , surtout quel talent !!",8,OL Lyonnes
Résumé vidéo - OL vs Juventus (4-2) ⚽️🎥,412,29867,60,@Annainneina,lo que grité el gol de Van De Donk es increíble,4,OL Lyonnes
Résumé vidéo - OL vs Juventus (4-2) ⚽️🎥,412,29867,60,@thomassinbruno2612,"quelle attaque cette année pour l'O.L, Chawinga, Dumornay, Diani et toujours Notre Eugénie qui nous claque des buts de Ouf!!!!",5,OL Lyonnes
Résumé vidéo - OL vs Juventus (4-2) ⚽️🎥,412,29867,60,@Annainneina,Gooooool de Van De Donk!,5,OL Lyonnes
Résumé vidéo - OL vs Juventus (4-2) ⚽️🎥,412,29867,60,@duajemm1578,Van de Donk with her insane running and goal.,5,OL Lyonnes
Résumé vidéo - OL vs Juventus (4-2) ⚽️🎥,412,29867,60,@équipehaiti,Dumonay 🎉❤❤#6🇭🇹,0,OL Lyonnes
Résumé vidéo - OL vs Juventus (4-2) ⚽️🎥,412,29867,60,@ImAli0171,"But de Danie Van De Donk à la fin de l'action, c'est beau.",9,OL Lyonnes
Résumé vidéo - OL vs Juventus (4-2) ⚽️🎥,412,29867,60,@djileyalce,Dumornay cherieeee,0,OL Lyonnes
Résumé vidéo - OL vs Juventus (4-2) ⚽️🎥,412,29867,60,@mrJeay,Dumornay ❤⚽,1,OL Lyonnes
Résumé vidéo - OL vs Juventus (4-2) ⚽️🎥,412,29867,60,@RG92-w6d,Quando perde la Juventus é sempre festa!!!!,0,OL Lyonnes
Résumé vidéo - OL vs Juventus (4-2) ⚽️🎥,412,29867,60,@MustapherAubi-qh5lm,Chawinga 😂😂,1,OL Lyonnes
Résumé vidéo - OL vs Juventus (4-2) ⚽️🎥,412,29867,60,@geraldnoel7900,Dumornay 🇭🇹⚽♥️🌹 OL 🏆,2,OL Lyonnes
Résumé vidéo - OL vs Juventus (4-2) ⚽️🎥,412,29867,60,@abedjumohamed7666,"Je remarque que pendant ces deux matchs amicaux que OL a une mi temps...après ça elles  encaissent et se décaissent...

On doit corriger ça au plus vite ! Barça ou Chelsea ne leur pardonneront pas!",1,OL Lyonnes
Résumé vidéo - OL vs Juventus (4-2) ⚽️🎥,412,29867,60,@dydou6194,J'y etais gros match et bonne ambience allez lyon❤💙,7,OL Lyonnes
Résumé vidéo - OL vs Juventus (4-2) ⚽️🎥,412,29867,60,@eronlynaissance2593,Magnifique melchie,2,OL Lyonnes
Résumé vidéo - OL vs Juventus (4-2) ⚽️🎥,412,29867,60,@RosaBaez-m1y,Melchie 😘😘😘 nou renmen'w anpil❤❤❤,4,OL Lyonnes
Résumé vidéo - OL vs Juventus (4-2) ⚽️🎥,412,29867,60,@RosaBaez-m1y,❤💋💋💋🇭🇹,2,OL Lyonnes
Résumé vidéo - OL vs Juventus (4-2) ⚽️🎥,412,29867,60,@claudialaurenanguopnjingan5010,Dumornay est juste magique !!🎉,2,OL Lyonnes
Résumé vidéo - OL vs Juventus (4-2) ⚽️🎥,412,29867,60,@AntonioJosehtamako,🇭🇹🇭🇹🇭🇹🇭🇹🇭🇹🇭🇹,1,OL Lyonnes
Résumé vidéo - OL vs Juventus (4-2) ⚽️🎥,412,29867,60,@Cyclisteo,C'est moi ou cette vidéo est complètement flou,0,OL Lyonnes
Résumé vidéo - OL vs Juventus (4-2) ⚽️🎥,412,29867,60,@WeekendMuse,Allez l'OL ! Ca fait plaisir de voir L. Horan dans le role de capitaine. Bonne chance pour la nouvelle saison.,1,OL Lyonnes
Résumé vidéo - OL vs Juventus (4-2) ⚽️🎥,412,29867,60,@LicksonElibrum-sn3hk,Allez OL 🇭🇹🇭🇹🇭🇹,6,OL Lyonnes
Résumé vidéo - OL vs Juventus (4-2) ⚽️🎥,412,29867,60,@BonneAnnee2025,Y a Amandine Henry qui est libre,1,OL Lyonnes
Résumé vidéo - OL vs Juventus (4-2) ⚽️🎥,412,29867,60,@hngp6863,3:47 What a glorious goal this was...! GOAT Danielle Van De Donk,9,OL Lyonnes
Résumé vidéo - OL vs Juventus (4-2) ⚽️🎥,412,29867,60,@thunderj1015,La technique de Le Sommer est de retour 💥💥👏🏾👏🏾👏🏾,14,OL Lyonnes
Résumé vidéo - OL vs Juventus (4-2) ⚽️🎥,412,29867,60,@6iph3r,Cette passe de Dumornay 💎,3,OL Lyonnes
Résumé vidéo - OL vs Juventus (4-2) ⚽️🎥,412,29867,60,@JaneendeCharlotte,"VAN DE DONK WITH A CRAZY RUN , ALMOST SCORED AN INSANE GOAL",10,OL Lyonnes
Résumé vidéo - OL vs Juventus (4-2) ⚽️🎥,412,29867,60,@heitzmannpatrice4315,Va falloir serrer derrière..sinon contre Arsenal ou le Barça ça sera la punition !! Je comprends pas qu'on ait laissé partir Grège!! L'attaque une fois bien rodée sera le point fort des fenottes bravo!!,11,OL Lyonnes
Résumé vidéo - OL vs Juventus (4-2) ⚽️🎥,412,29867,60,@joerrynicolas2006,Allez L'OL ❤. Premier Commentaire 😅,2,OL Lyonnes
September: work and fun! 😁 #football #sports,241,3657,4,@danielkaz6280,❤️💙🔥,0,OL Lyonnes
September: work and fun! 😁 #football #sports,241,3657,4,@équipehaiti,Dumonay 🎉😊,1,OL Lyonnes
September: work and fun! 😁 #football #sports,241,3657,4,@Footballsoccer.69,Lindsey Ballon d'or 2024 !✨⚽🇺🇸,3,OL Lyonnes
September: work and fun! 😁 #football #sports,241,3657,4,@joerrynicolas2006,Allez L'OL,2,OL Lyonnes
"Wendie Renard, la légende s'écrit depuis 2006 ! 💫",97,2759,9,@AntonioJosehtamako,Good job Lyon,0,OL Lyonnes
"Wendie Renard, la légende s'écrit depuis 2006 ! 💫",97,2759,9,@alainpierrel4986,❤🇫🇷⚽️🇫🇷❤La meilleure ❤,0,OL Lyonnes
"Wendie Renard, la légende s'écrit depuis 2006 ! 💫",97,2759,9,@mariajorquera6966,Today's game please Lyon vs juventus,0,OL Lyonnes
"Wendie Renard, la légende s'écrit depuis 2006 ! 💫",97,2759,9,@tutopod7892,La meilleure défenseur du monde ❤️💙,0,OL Lyonnes
"Wendie Renard, la légende s'écrit depuis 2006 ! 💫",97,2759,9,@iQueenca,💙❤🤍,0,OL Lyonnes
"Wendie Renard, la légende s'écrit depuis 2006 ! 💫",97,2759,9,@JaneendeCharlotte,Wendie Renard - a real Legend in life,0,OL Lyonnes
"Wendie Renard, la légende s'écrit depuis 2006 ! 💫",97,2759,9,@mariajorquera6966,La mejor defensa Central del mundo I LOVE LYON ❤🎉❤🎉,1,OL Lyonnes
"Wendie Renard, la légende s'écrit depuis 2006 ! 💫",97,2759,9,@joerrynicolas2006,Capi 💪,0,OL Lyonnes
"Wendie Renard, la légende s'écrit depuis 2006 ! 💫",97,2759,9,@HerveFoucher,Quelle joueuse incroyable !!!,3,OL Lyonnes
"Conférence de presse Michele Kang, Wendie Renard & Vincent Ponsot",89,2963,14,@guillaumegnoly2148,Guillaume noly Foot féminin D1 de Lyon,1,OL Lyonnes
"Conférence de presse Michele Kang, Wendie Renard & Vincent Ponsot",89,2963,14,@guillaumegnoly2148,Guillaume noly Foot féminin D1 de Lyon pour Gagner foot de Lyonnaise de Lyon pour Guillaume,1,OL Lyonnes
"Conférence de presse Michele Kang, Wendie Renard & Vincent Ponsot",89,2963,14,@guillaumegnoly2148,Guillaume noly Foot féminin D1 de Lyon,1,OL Lyonnes
"Conférence de presse Michele Kang, Wendie Renard & Vincent Ponsot",89,2963,14,@guillaumegnoly2148,Guillaume noly Foot féminin D1 de Lyon pour Gagner de Lyon pour Guillaume,1,OL Lyonnes
"Conférence de presse Michele Kang, Wendie Renard & Vincent Ponsot",89,2963,14,@guillaumegnoly2148,Guillaume noly Foot féminin D1 de Lyon,1,OL Lyonnes
"Conférence de presse Michele Kang, Wendie Renard & Vincent Ponsot",89,2963,14,@guillaumegnoly2148,Guillaume noly Foot féminin D1 de Lyon,1,OL Lyonnes
"Conférence de presse Michele Kang, Wendie Renard & Vincent Ponsot",89,2963,14,@guillaumegnoly2148,Guillaume noly Foot féminin de Lyon pour le poste à partir de demain soir,1,OL Lyonnes
"Conférence de presse Michele Kang, Wendie Renard & Vincent Ponsot",89,2963,14,@guillaumegnoly2148,Guillaume pour les filles de Lyonnaise fille de Lyon pour Guillaume a été chercher les filles de Lyon,1,OL Lyonnes
"Conférence de presse Michele Kang, Wendie Renard & Vincent Ponsot",89,2963,14,@DamakoJoseph-d3r,Good job 🇭🇹 Lyon Francia,0,OL Lyonnes
"Conférence de presse Michele Kang, Wendie Renard & Vincent Ponsot",89,2963,14,@guillaumegnoly2148,Guillaume pour les filles de Lyonnaise,1,OL Lyonnes
"Conférence de presse Michele Kang, Wendie Renard & Vincent Ponsot",89,2963,14,@WeekendMuse,"Une nouvelle ere commence, très interessant.",0,OL Lyonnes
"Conférence de presse Michele Kang, Wendie Renard & Vincent Ponsot",89,2963,14,@tutopod7892,Recrutez des joueuses,0,OL Lyonnes
"Conférence de presse Michele Kang, Wendie Renard & Vincent Ponsot",89,2963,14,@baldwinyeah7042,Très intéressante conférence de presse. Michelle Kang est une véritable pionnière pour le football féminin.,4,OL Lyonnes
Wendie Renard se confie après sa prolongation 🎙️,164,4425,38,@georgesgautheron4184,"Wendy, grande structure intellectuelle, grande intelligence ; grande aptitude d'analyse ; un exemple pour les jeunes joueuses.",1,OL Lyonnes
Wendie Renard se confie après sa prolongation 🎙️,164,4425,38,@alexandramagnien37,❤,0,OL Lyonnes
Wendie Renard se confie après sa prolongation 🎙️,164,4425,38,@alexandramagnien37,WendieRenard alexandra a un problème pour les,0,OL Lyonnes
Wendie Renard se confie après sa prolongation 🎙️,164,4425,38,@christiandesayes4718,WENDIEQ TRES BONNE JOUEUSE ET VOUS ETES UNE BELLE AME!,0,OL Lyonnes
Wendie Renard se confie après sa prolongation 🎙️,164,4425,38,@christiandesayes4718,merci a vous capitaine WENDIE!,0,OL Lyonnes
Wendie Renard se confie après sa prolongation 🎙️,164,4425,38,@jacquesbof5726,"L'une des rares qui a donné satisfaction aux JO, avec Bacha, dommage que le buteur ne prend pas ses responsabilités sur le penalty. La France pouvait gagner ce titre, en étant plus rigoureuse, de l'énergie dépensée inutilement, parfois, à certain moment du match. L'Espagne et les USA étaient un peu moins forte que d'habitude.",1,OL Lyonnes
Wendie Renard se confie après sa prolongation 🎙️,164,4425,38,@tutopod7892,La mentalité de patronne wendie c’est l’OL ❤️💙,2,OL Lyonnes
Wendie Renard se confie après sa prolongation 🎙️,164,4425,38,@tutopod7892,Notre légende ❤️💙,0,OL Lyonnes
Wendie Renard se confie après sa prolongation 🎙️,164,4425,38,@feelsoul5396,"Great Capi Wendie...
J'aimerais regarder une longue entrevue avec Melchie Dumornay aussi",0,OL Lyonnes
Wendie Renard se confie après sa prolongation 🎙️,164,4425,38,@noorahalotaiby1278,الجميع فخور بك ،👍🏻,1,OL Lyonnes
Wendie Renard se confie après sa prolongation 🎙️,164,4425,38,@dawitneguse-hd4ze,Encore,0,OL Lyonnes
Wendie Renard se confie après sa prolongation 🎙️,164,4425,38,@AntonioJosehtamako,Good job 🔥🔥🔥🔥🔥🔥,1,OL Lyonnes
Wendie Renard se confie après sa prolongation 🎙️,164,4425,38,@CASSAMAJOR52,J'adore cette Femme ❤❤❤,2,OL Lyonnes
Wendie Renard se confie après sa prolongation 🎙️,164,4425,38,@abedjumohamed7666,Une grande âme ! Fier d'elle !,1,OL Lyonnes
Wendie Renard se confie après sa prolongation 🎙️,164,4425,38,@cocovi,Ce qu'elle dit sur l'apprentissage des échecs s'applique aussi à l'EDF,2,OL Lyonnes
Wendie Renard se confie après sa prolongation 🎙️,164,4425,38,@mariajorquera6966,La mejor defensa Central del mundo,2,OL Lyonnes
Wendie Renard se confie après sa prolongation 🎙️,164,4425,38,@mariajorquera6966,I love Lyon ❤🎉❤🎉,2,OL Lyonnes
Wendie Renard se confie après sa prolongation 🎙️,164,4425,38,@BonneAnnee2025,Très heureux de sa prolongation,2,OL Lyonnes
Wendie Renard se confie après sa prolongation 🎙️,164,4425,38,@maiwenn4293,Capiii Wendy !!!❤️💙 Rouge et bleu son nos couleurs !🤩,5,OL Lyonnes
Résumé vidéo - OL vs Madrid CFF (2-0) ⚽️🎥,334,21819,40,@DamakoJoseph-d3r,Lyon Francia para ❤❤ del mensaje reenviado tu respuesta saludos María José te adjunto el comprobante fiscal adjunto,0,OL Lyonnes
Résumé vidéo - OL vs Madrid CFF (2-0) ⚽️🎥,334,21819,40,@zantrayayiti7807,Melchie = valverde😮‍💨. Ti pitit la sou tout kò teren an,0,OL Lyonnes
Résumé vidéo - OL vs Madrid CFF (2-0) ⚽️🎥,334,21819,40,@christiandesayes4718,bravo a nos fenottes!,0,OL Lyonnes
Résumé vidéo - OL vs Madrid CFF (2-0) ⚽️🎥,334,21819,40,@B-oneIZI-CLICK,Bravo,0,OL Lyonnes
Résumé vidéo - OL vs Madrid CFF (2-0) ⚽️🎥,334,21819,40,@RaoulLouisdolce,Bien jouer,0,OL Lyonnes
Résumé vidéo - OL vs Madrid CFF (2-0) ⚽️🎥,334,21819,40,@FelixFregis,Melchy is back like she never left. This season will be magical. Let's got 🇭🇹💪🏿🆘💯 melchy balon dor season 25-26 loading,2,OL Lyonnes
Résumé vidéo - OL vs Madrid CFF (2-0) ⚽️🎥,334,21819,40,@FloriusStevebarkley,Allez Melchie 🇭🇹🇭🇹🇭🇹🇭🇹🇭🇹🇭🇹🇭🇹🇭🇹🇭🇹🇭🇹🇭🇹🇭🇹🇭🇹🇭🇹🇭🇹🇭🇹🇭🇹🇭🇹🇭🇹🇭🇹🇭🇹🇭🇹🇭🇹🇭🇹🇭🇹🇭🇹🇭🇹🇭🇹🇭🇹🇭🇹🇭🇹🇭🇹🇭🇹🇭🇹,1,OL Lyonnes
Résumé vidéo - OL vs Madrid CFF (2-0) ⚽️🎥,334,21819,40,@mariajorquera6966,"I love lyon❤🎉❤🎉 cual fue la formación del equipo para, este partido?",1,OL Lyonnes
Résumé vidéo - OL vs Madrid CFF (2-0) ⚽️🎥,334,21819,40,@georgesduperray,Allez l'OL féminin ... Merci de nous faire rêver !!!,2,OL Lyonnes
Résumé vidéo - OL vs Madrid CFF (2-0) ⚽️🎥,334,21819,40,@alilou1454,Bravo a vous félicitations pour cette victoire 🎉👏👍,1,OL Lyonnes
Résumé vidéo - OL vs Madrid CFF (2-0) ⚽️🎥,334,21819,40,@PAAKWAMEPAA,Feliz,1,OL Lyonnes
Résumé vidéo - OL vs Madrid CFF (2-0) ⚽️🎥,334,21819,40,@tutopod7892,Allez l’OL ❤️💙,4,OL Lyonnes
Résumé vidéo - OL vs Madrid CFF (2-0) ⚽️🎥,334,21819,40,@danielkaz6280,❤️💙🥰,1,OL Lyonnes
Résumé vidéo - OL vs Madrid CFF (2-0) ⚽️🎥,334,21819,40,@PierreRosemitha-ex1hz,🇭🇹🇭🇹🇭🇹🇭🇹🇭🇹🇭🇹🇭🇹🇭🇹🇭🇹🇭🇹🌷🌷,0,OL Lyonnes
Résumé vidéo - OL vs Madrid CFF (2-0) ⚽️🎥,334,21819,40,@jodelelouis8437,Allez OL,1,OL Lyonnes
Résumé vidéo - OL vs Madrid CFF (2-0) ⚽️🎥,334,21819,40,@JaniceDevonel,"danielle Goal, esse gol foi uma obra de arte. 
el sonido ambiental es glorioso",10,OL Lyonnes
Résumé vidéo - OL vs Madrid CFF (2-0) ⚽️🎥,334,21819,40,@JaneendeCharlotte,"Danielle vd Donk just scored one of the most fabulous goals you’ll ever see..
Pls come to RM, a modern fitness center awaiting",8,OL Lyonnes
Résumé vidéo - OL vs Madrid CFF (2-0) ⚽️🎥,334,21819,40,@lilia5051,Triste de les voir jouer dans un camp d’entraînement,4,OL Lyonnes
Résumé vidéo - OL vs Madrid CFF (2-0) ⚽️🎥,334,21819,40,@PoiJame,Van de Donk hit the volley for Lyon first goal this season 💥,11,OL Lyonnes
Résumé vidéo - OL vs Madrid CFF (2-0) ⚽️🎥,334,21819,40,@joerrynicolas2006,Melchie 🇭🇹⚽😍⚽🇭🇹😍🇭🇹⚽😍🇭🇹⚽,5,OL Lyonnes
Résumé vidéo - OL vs Madrid CFF (2-0) ⚽️🎥,334,21819,40,@CASSAMAJOR52,Dumornay❤❤❤,2,OL Lyonnes
Résumé vidéo - OL vs Madrid CFF (2-0) ⚽️🎥,334,21819,40,@DieunelDescopin-qi6we,Notre melchie🇭🇹🇭🇹🇭🇹,6,OL Lyonnes
Résumé vidéo - OL vs Madrid CFF (2-0) ⚽️🎥,334,21819,40,@cybertop20,Étonnant non. Votre stratégie média sociaux est mal calibrée. Pour voir un match amical vous voulez que les gens s'inscrivent alors que vous n'avez que 1050 abonnés sur YouTube ?,3,OL Lyonnes
Résumé vidéo - OL vs Madrid CFF (2-0) ⚽️🎥,334,21819,40,@margauxc1369,Van de donk 😍 🔥🔥,8,OL Lyonnes
Résumé vidéo - OL vs Madrid CFF (2-0) ⚽️🎥,334,21819,40,@LicksonElibrum-sn3hk,Allez les filles 🇭🇹🇭🇹🇭🇹,6,OL Lyonnes
Résumé vidéo - OL vs Madrid CFF (2-0) ⚽️🎥,334,21819,40,@kerlyroyal9182,Melchie 🇭🇹💪💪,3,OL Lyonnes
Résumé vidéo - OL vs Madrid CFF (2-0) ⚽️🎥,334,21819,40,@RosaBaez-m1y,❤💋💋💋🇭🇹,3,OL Lyonnes
Derniers moments à Tignes ! ✨,218,7637,10,@guillaumegnoly2148,Guillaume de Lyon D1 féminine de Guillaume pour les filles de Lyon,1,OL Lyonnes
Derniers moments à Tignes ! ✨,218,7637,10,@DamakoJoseph-d3r,Good job 🇭🇹🇭🇹🇭🇹,1,OL Lyonnes
Derniers moments à Tignes ! ✨,218,7637,10,@AntonioJosehtamako,Good job 🔥🔥🔥🔥🔥,1,OL Lyonnes
Derniers moments à Tignes ! ✨,218,7637,10,@WeekendMuse,Congrats Lindsey for the Olympics gold medal. Delighted to hear you speak French. Go OL 🎉,1,OL Lyonnes
Derniers moments à Tignes ! ✨,218,7637,10,@tutopod7892,C’était top de les voir allez l’OL ❤️💙,1,OL Lyonnes
Derniers moments à Tignes ! ✨,218,7637,10,@lilia5051,J’aime troppppp,6,OL Lyonnes
Derniers moments à Tignes ! ✨,218,7637,10,@brianlyon1073,"Intéressant de voir Ellie dans le jeu offensif buteuse, passeuse l'impression aussi que techniquement elle a monté son niveau. Intéressant de suivre durant la saison avec le nouveau plan de jeu de Joe.",11,OL Lyonnes
Derniers moments à Tignes ! ✨,218,7637,10,@Charlotteherrgen,"Danielle, je pourrais la décrire comme une fille spontanée, gaie, extravagante, aventurière, sociable, douce et belle",13,OL Lyonnes
Derniers moments à Tignes ! ✨,218,7637,10,@regarn7171,Lindsey est vraiment adorable et drôle.,9,OL Lyonnes
Un anniversaire sportif à Tignes 🎂,253,7437,7,@guillaumegnoly2148,Guillaume noly Foot féminin de Lyon pour le poste de travail de Guillaume,0,OL Lyonnes
Un anniversaire sportif à Tignes 🎂,253,7437,7,@tutopod7892,Chawinga qui fait déjà des misères 😁,2,OL Lyonnes
Un anniversaire sportif à Tignes 🎂,253,7437,7,@lamsior,"J'adore le format, on se regale...mais trop trop court",4,OL Lyonnes
Un anniversaire sportif à Tignes 🎂,253,7437,7,@posting.random_stuff6527,Love the content❤,3,OL Lyonnes
Un anniversaire sportif à Tignes 🎂,253,7437,7,@prosperedoh698,Le temps passe vite hein 😂😂 28 non c 25 😂,2,OL Lyonnes
Un anniversaire sportif à Tignes 🎂,253,7437,7,@JaneendeCharlotte,"6:15 Daan's instability is transmitted to the cameraman
Happy birthday chill girl, Dama",6,OL Lyonnes
Un anniversaire sportif à Tignes 🎂,253,7437,7,@margauxc1369,Faites des vidéos plus longues c’est trop drôle 😂,15,OL Lyonnes
Du rafting avec Lindsey Horan et sa GoPro 🌊😂,285,5811,16,@mariajorquera6966,Thanks female lyon the Best!! Endler's fans,0,OL Lyonnes
Du rafting avec Lindsey Horan et sa GoPro 🌊😂,285,5811,16,@didierboutet2494,Elles sont plus belles en short qu'en cosmonaute de rivière mais c'est une bouffée d'oxygène de les voir heureuses.,1,OL Lyonnes
Du rafting avec Lindsey Horan et sa GoPro 🌊😂,285,5811,16,@tutopod7892,Beaucoup trop hilarant 😂,1,OL Lyonnes
Du rafting avec Lindsey Horan et sa GoPro 🌊😂,285,5811,16,@TdotTwiFic,"That edit with the three of em just looking so wiped and starring at Horan, cut from chaos to more chaos. Too good. The kind of content I am here for. The one line that I wished was said was, ""I'm an olympian."" Right up there with we're athletic.",3,OL Lyonnes
Du rafting avec Lindsey Horan et sa GoPro 🌊😂,285,5811,16,@lamsior,:) :) :),0,OL Lyonnes
Du rafting avec Lindsey Horan et sa GoPro 🌊😂,285,5811,16,@mc7998,On est athlétique ouais 😭,4,OL Lyonnes
Du rafting avec Lindsey Horan et sa GoPro 🌊😂,285,5811,16,@Matteblak,This looks like so much fun!!! Loving this channel so far!,7,OL Lyonnes
Du rafting avec Lindsey Horan et sa GoPro 🌊😂,285,5811,16,@karior,Best video ever! 😂❤,1,OL Lyonnes
Du rafting avec Lindsey Horan et sa GoPro 🌊😂,285,5811,16,@regarn7171,"Ada/Lindsey/Vanessa, le trio infernal. 😂😂😂",16,OL Lyonnes
Du rafting avec Lindsey Horan et sa GoPro 🌊😂,285,5811,16,@melissandebonnefond7489,Y'a des moments où Linsdey ne rigole pas ??😂,6,OL Lyonnes
Du rafting avec Lindsey Horan et sa GoPro 🌊😂,285,5811,16,@abellardkentoche-fb3bk,😮😂😂😂,0,OL Lyonnes
Du rafting avec Lindsey Horan et sa GoPro 🌊😂,285,5811,16,@lilia5051,Je suis morte 😂😂😂,0,OL Lyonnes
Du rafting avec Lindsey Horan et sa GoPro 🌊😂,285,5811,16,@SuperNekorroke,😂 merci pour ce partage.,3,OL Lyonnes
Du rafting avec Lindsey Horan et sa GoPro 🌊😂,285,5811,16,@cisko2,Elle a bien arrosé son titre Olympique notre Championne !,5,OL Lyonnes
Du rafting avec Lindsey Horan et sa GoPro 🌊😂,285,5811,16,@thereallg4587,*They put them on the same boat😂*,4,OL Lyonnes
Du rafting avec Lindsey Horan et sa GoPro 🌊😂,285,5811,16,@maiwenn4293,Incroyable 🤣🤣🤣,4,OL Lyonnes
"Tignes, des sommets aux rapides ! 🌊",228,6013,12,@mariajorquera6966,Bacha?,0,OL Lyonnes
"Tignes, des sommets aux rapides ! 🌊",228,6013,12,@tutopod7892,Merci pour le contenu allez l’OL ❤️💙,3,OL Lyonnes
"Tignes, des sommets aux rapides ! 🌊",228,6013,12,@francoislouiseberdine41,🇭🇹🇭🇹🇭🇹,0,OL Lyonnes
"Tignes, des sommets aux rapides ! 🌊",228,6013,12,@joerrynicolas2006,Bacha manque au groupe 😢,2,OL Lyonnes
"Tignes, des sommets aux rapides ! 🌊",228,6013,12,@prosperedoh698,Bonne ambiance cette saison on va tout raflé 😂😂❤❤❤,5,OL Lyonnes
"Tignes, des sommets aux rapides ! 🌊",228,6013,12,@JaneendeCharlotte,"2:55 Video highlights here!
But   ?",0,OL Lyonnes
"Tignes, des sommets aux rapides ! 🌊",228,6013,12,@Matteblak,These behind the scenes videos are the best,3,OL Lyonnes
"Tignes, des sommets aux rapides ! 🌊",228,6013,12,@brianlyon1073,Ellie qui pique la veste a Daan 🥰👀,4,OL Lyonnes
"Tignes, des sommets aux rapides ! 🌊",228,6013,12,@brianlyon1073,Très bonne vidéo comme la première. Un plaisir à regarder et de voir du contenu sympa et de qualité,3,OL Lyonnes
"Tignes, des sommets aux rapides ! 🌊",228,6013,12,@maiwenn4293,Trop bien la vidéo dommage elle est pas aussi longue que la première … ❤️💙,2,OL Lyonnes
🌄 Début du stage à Tignes !,256,7796,20,@DamakoJoseph-d3r,Lyon Francia Good job 🔥💯💯💯,0,OL Lyonnes
🌄 Début du stage à Tignes !,256,7796,20,@mariajorquera6966,Where is Bacha?,0,OL Lyonnes
🌄 Début du stage à Tignes !,256,7796,20,@mariajorquera6966,I love lyon❤🎉❤🎉 thanks,1,OL Lyonnes
🌄 Début du stage à Tignes !,256,7796,20,@WakisaDesireMwantende,"Just waiting for pre season to end, so that we can enjoy the league starting September ❤❤❤",1,OL Lyonnes
🌄 Début du stage à Tignes !,256,7796,20,@lamsior,Regal,0,OL Lyonnes
🌄 Début du stage à Tignes !,256,7796,20,@maiwenn4293,Incroyable les vidéos comme ça ! Ça serais incroyable un vlog tout les jours ou tout les 2 jours … Aller l’OL 💙❤️,5,OL Lyonnes
🌄 Début du stage à Tignes !,256,7796,20,@Matteblak,Joe Montemurro is so underrated,3,OL Lyonnes
🌄 Début du stage à Tignes !,256,7796,20,@Matteblak,New channel is awesome!,2,OL Lyonnes
🌄 Début du stage à Tignes !,256,7796,20,@joerrynicolas2006,Où est Gilles ?,1,OL Lyonnes
🌄 Début du stage à Tignes !,256,7796,20,@joerrynicolas2006,Elle doit grave vous manquer Selma Bacha 😊😊 . Si seulement elle était présente 😂,3,OL Lyonnes
🌄 Début du stage à Tignes !,256,7796,20,@Charlotteherrgen,7:29 Van De Donk so strong,2,OL Lyonnes
🌄 Début du stage à Tignes !,256,7796,20,@Dytirambik,Merci beau boulot 😎,1,OL Lyonnes
🌄 Début du stage à Tignes !,256,7796,20,@abellardkentoche-fb3bk,Je m'abonne déjà et vous????,0,OL Lyonnes
🌄 Début du stage à Tignes !,256,7796,20,@regarn7171,"Très beau travail, qui plus est mis en ligne très rapidement. On espère que ce rythme restera le même tout au long de la saison. 😁",9,OL Lyonnes
🌄 Début du stage à Tignes !,256,7796,20,@prosperedoh698,"Allez l,ol❤❤❤",1,OL Lyonnes
🌄 Début du stage à Tignes !,256,7796,20,@posting.random_stuff6527,Best team❤,3,OL Lyonnes
🌄 Début du stage à Tignes !,256,7796,20,@JaneendeCharlotte,"finally we were able to watch the Lyon girls behind the pitch.
sorry, even if I turn on subtitles, it still doesn't work",1,OL Lyonnes
🌄 Début du stage à Tignes !,256,7796,20,@joerrynicolas2006,ALLEZ L'OL,2,OL Lyonnes
🌄 Début du stage à Tignes !,256,7796,20,@tutopod7892,Top le contenu merci et allez l’OL ❤️💙,1,OL Lyonnes
Les coulisses de la reprise au GOLTC 👋,176,5010,25,@guillaumegnoly2148,Guillaume de femme de Lyon fille de Lyonnaise fille de Lyonnaise fille de Guillaume,0,OL Lyonnes
Les coulisses de la reprise au GOLTC 👋,176,5010,25,@AntonioJosehtamako,Good job 🔥🔥,0,OL Lyonnes
Les coulisses de la reprise au GOLTC 👋,176,5010,25,@heisenbergwhite8410,Hope Dumornay will make a great season! Her performance was interesting last year.,1,OL Lyonnes
Les coulisses de la reprise au GOLTC 👋,176,5010,25,@lalyvandamme9973,"Trop bien j'adore, vous êtes trop fortes les filles bonne saison",1,OL Lyonnes
Les coulisses de la reprise au GOLTC 👋,176,5010,25,@joerrynicolas2006,Good,0,OL Lyonnes
Les coulisses de la reprise au GOLTC 👋,176,5010,25,@PlWI774,L'OL repond a ses fans?,0,OL Lyonnes
Les coulisses de la reprise au GOLTC 👋,176,5010,25,@JaneendeCharlotte,"Wonderful. Lyon women team is ready for big big support to players...
Can we have English sub, pls?",2,OL Lyonnes
Les coulisses de la reprise au GOLTC 👋,176,5010,25,@LicksonElibrum-sn3hk,😊😊😊😊,0,OL Lyonnes
Les coulisses de la reprise au GOLTC 👋,176,5010,25,@vamoslyontv,VAMOOOOS! J'ai l'honneur de m'abonner à la meilleure chaîne YouTube du monde. ALLEZ l'OL 🦁❤️💙,2,OL Lyonnes
Les coulisses de la reprise au GOLTC 👋,176,5010,25,@JaniceDevonel,"This is incredible. Next, I aim to sign with Dazn or YouTube so that the whole world may see our girls compete. This is more important than any other sort of marketing promotion for the team.
I'm so tired VPN",0,OL Lyonnes
Les coulisses de la reprise au GOLTC 👋,176,5010,25,@delattremartial,content de revoir j'espérent surtout que ol vont enfin la faire jouer c'est la seule que j'aime bien à ol,0,OL Lyonnes
Les coulisses de la reprise au GOLTC 👋,176,5010,25,@delattremartial,je suis du tout fan de ol féminin mais vus que c'est la seule chaine des clubs féminin je me suis abonner car je suis fan de foot féminin,1,OL Lyonnes
Les coulisses de la reprise au GOLTC 👋,176,5010,25,@gb4996,"Que de beaux sourires ça fait plaisir, à fond avec vous encore cette saison ❤️💙",0,OL Lyonnes
Les coulisses de la reprise au GOLTC 👋,176,5010,25,@tutopod7892,❤️💙,0,OL Lyonnes
Les coulisses de la reprise au GOLTC 👋,176,5010,25,@khl_family4592,Très bonne idée avec des vidéo plus longues,11,OL Lyonnes
Les coulisses de la reprise au GOLTC 👋,176,5010,25,@nubiennesblog,go go go,0,OL Lyonnes
Les coulisses de la reprise au GOLTC 👋,176,5010,25,@lucien1988nadal,Ah une chaîne seulement pour l’OL féminin ! Excellente idée ❤❤❤!! Bonne reprise les Fenottes !,4,OL Lyonnes
Les coulisses de la reprise au GOLTC 👋,176,5010,25,@luciliusxx,"Très bonne idée, une chaîne Youtube dédiée aux filles. 🎉❤💙",4,OL Lyonnes
Les coulisses de la reprise au GOLTC 👋,176,5010,25,@icardi9goat,We are happy to have you Svava!,2,OL Lyonnes
Les coulisses de la reprise au GOLTC 👋,176,5010,25,@enzovls6941,Déjà là meilleure chaîne Youtube du football féminin ❤️💙🦁,3,OL Lyonnes
Résumé Saint-Etienne - OL : Une défaite au goût amer (2-1),2129,309257,1040,@oiled94,Ici rien que pour boire des larmes de lyonnais <3 Hate from marseille <3,0,Olympique Lyonnais
🤩 Une séquence à montrer dans toutes les écoles de foot ! 🎓 #shorts #ol,2348,52728,35,@marcoitalia90,Si c est pour faire ça et après prendre 3 buts en 10 minutes à old trafford et perdre à Saint Étienne au final ça sert à rien,0,Olympique Lyonnais
Une victoire de caractère : OL-Rennes (2023),358,19402,29,@PandaBadGone,"Il faut gagner ces 4 matchs pour espérer se qualifier en Ligue des champions, allez l'OL ❤️💙",13,Olympique Lyonnais
On était avec Rayan Cherki quand il a appris LA nouvelle 😏👀 #ol #shorts,2349,79513,246,@Kruskras,Cherk lei gros traître,0,Olympique Lyonnais
L'intégrale des 201 buts d'Alexandre Lacazette sous le maillot l'OL,1539,51939,100,@latimfoot4581,"Il a fait une tres belle carrière 
Mais son départ chez nos amis  Anglais ,,, 
Je me demande ce que ca aurait donné en Espagne plus d éspace 

Son ame de guerrier a l atletico j aurai aimé voir ca",0,Olympique Lyonnais
Veille de match 😤 #ligue1 #football #training,699,9432,25,@Momo-69-y5z,👌👌👌,0,Olympique Lyonnais
Résumé Manchester United - OL : immense déception (5-4),8851,751638,736,@krishnaram-o4x,This is going straight into my favorites playlist,0,Olympique Lyonnais
Résumé AJA - OL : les Lyonnais se rapprochent du podium ! (1-3),3801,197584,215,@nathip1053,Je t’aime OL,0,Olympique Lyonnais
Résumé Manchester United - OL : immense déception (5-4),8851,751638,736,@BisetsaPaul-fo6mo,Man utd forever ❤,0,Olympique Lyonnais
Résumé Saint-Etienne - OL : Une défaite au goût amer (2-1),2129,309257,1040,@Nor-Man-Dy,Ce joueur est clairement un ASSTASSIN ! 🟥,0,Olympique Lyonnais
"""On doit s’excuser auprès de nos supporters"" : les réactions après ASSE-OL",249,12224,78,@LJ-SANS-FILTRE,"À 10 contre 11 c’est pas le même match, non mais d’accord mais att vous êtes Lyon non ? Et dans le haut du classement ! Vous aviez besoin que l’on soit 10 pour gagner ?????? Okay je vous l’accorde complètement et sans discuter, il y a rouge c’est certain ! Mais sur un 11 vs 11 vous l’avez perdu ce derby donc les excuses sur une bataille comme ça ne sont pas valables (je parle juste de la bataille 11 bonhomme contre 11 bonhomme) pour le reste effectivement c’est scandaleux de la part de l’arbitrage. Mais enfin nous et Marseille aussi subissons des scandales chaque semaine….",0,Olympique Lyonnais
Résumé OL - Angers : Le Général Alex Lacazette en patron pour sa dernière (2-0),3448,166651,190,@regisgranjon5896,bravo,1,Olympique Lyonnais
"🪄 Rayan Cherki, Top Passeur Ligue 1 2024-2025 🤩🔴🔵 #ligue1 #football",1530,24786,48,@mehdislimani794,Qu es que tu ressemble a ton Padret quand tu es mode BG🎉,2,Olympique Lyonnais
"Paulo Fonseca avant le derby contre l'ASSE : ""Nous n’avons pas le temps d’être dépressifs""",178,5980,22,@dacoofficiel,🔴🔵🦁✨,2,Olympique Lyonnais
Résumé OL - Rennes : des buts de folie et un petit pas vers l'Europe (4-1),4111,192634,222,@LucioBanda-l2x,Farmers league shining here but they can’t even win Man U 😂😂😂,1,Olympique Lyonnais
Sans Crampons avec Clinton Mata,620,10263,29,@NB69009,Clinton contrat a vie au club je veux rien savoir ❤💙,0,Olympique Lyonnais
Avec notre maillot extérieur ce soir 🦁⚫️ #football #ligue1 #asmol,541,8566,15,@Ytb_reposte-w6n,Aller l’OM vous bien guez mdrrrr😂,0,Olympique Lyonnais
Résumé OL - Angers : Le Général Alex Lacazette en patron pour sa dernière (2-0),3448,166651,190,@Lucas-nx5cm,❤❤❤❤❤,0,Olympique Lyonnais
LE MATCH : MAN UTD - OL,641,48377,149,@quentinlegendre7052,"""Maguire et Shaw font 150 kilos chacun il y a aucun bon joueur dans cette équipe de Manchester"" But de la victoire de Maguire mdrrr le karma",16,Olympique Lyonnais
Résumé Manchester United - OL : immense déception (5-4),8851,751638,736,@yj7jjjuk5fghira,"Une entreprise allemande a organisé une exposition de corps humains dans plusieurs villes du Danemark de début novembre 2024 à début mars 2025. Parce que les organisateurs de l'exposition n'ont pas pu prouver la provenance des spécimens, et parce qu'il existe des preuves de persécution systématique des pratiquants et des dissidents du Falun Gong ainsi que de prélèvements forcés d'organes en Chine, de nombreuses personnes au Danemark se sont posées des questions.

Des parlementaires danois, des représentants des gouvernements des villes où s'est tenue l'exposition, des médias grand public, des locataires de salles et des citoyens ordinaires ont tous exprimé leur inquiétude quant à l'origine des corps. De nombreuses personnes ont exprimé leur soutien aux efforts des pratiquants de Falun Gong pour dénoncer la persécution du Parti communiste chinois (PCC).

Français Selon l'enquête de l'Organisation mondiale pour enquêter sur la persécution du Falun Gong (WOIPFG) sur la source des cadavres dans l'industrie chinoise de plastination de spécimens humains : En 2008, à la demande du procureur général de l'État de New York, Sui Hongjin [Note : président de Dalian Hongfeng, une entreprise qui utilise des cadavres chinois pour fabriquer des spécimens humains plastinés], le partenaire Premier Exhibitions a publié un « avertissement » sur le site Web officiel de l'exposition et sur le site de l'exposition de New York, qui a rendu publique la source originale des spécimens humains de Dalian Hongfeng : « Les restes de citoyens ou de résidents chinois exposés dans cette exposition proviennent de la police chinoise. »

Le premier paragraphe de la clause de non-responsabilité de la First Exhibition Company aux États-Unis stipule : « Les dépouilles de citoyens ou de résidents chinois exposées dans cette exposition proviennent de la police chinoise, qui pourrait les avoir obtenues dans des prisons chinoises. Premier Exhibition ne peut pas confirmer de manière indépendante que les corps que vous voyez ne sont pas ceux détenus dans des prisons chinoises. »",0,Olympique Lyonnais
Hommage : Sur la route avec Bernard Lacombe,660,24916,76,@yveshenrijacquesottolini2104,Bel hommage un grand joueur qui a su rester simple et qui a marqué ma génération,9,Olympique Lyonnais
Warm up ⚽️ #ol #shorts #olympiquelyonnais,368,5503,6,@thepunisher1799,Fofana Lacazette Almada Cherki Mikau Matic ! C’est de la provocation ? Si ils sont pas là l’année prochaine c’est de la provocation !!!!!!! En vérité les vidéos c’est pour les supporters ou pour les autres clubs et vos futurs ventes ??!!,3,Olympique Lyonnais
🤩 Une séquence à montrer dans toutes les écoles de foot ! 🎓 #shorts #ol,2348,52728,35,@julian-eu3xh,La séquence à montrer c'est comment perdre deux buts d'avance en 15 minutes contre le United de Maguire 😆,0,Olympique Lyonnais
Résumé Fulham FC - OL : Les Gones en finale de la Premier League International Cup (0-2),277,43787,20,@Momo-69-y5z,🤩👌,0,Olympique Lyonnais
Résumé OL - Angers : Le Général Alex Lacazette en patron pour sa dernière (2-0),3448,166651,190,@liverpoolfc8nov,we will take good care of Cherki in Liverpool!! Allez,0,Olympique Lyonnais
"""On doit s’excuser auprès de nos supporters"" : les réactions après ASSE-OL",249,12224,78,@BlueNight77,"La pire compo de fonseca. D’où tu mets pas tagliafico , mata et almada titulaire ??",4,Olympique Lyonnais
💥 L’Europe se joue cette semaine 🔴🔵 #shorts #ol,712,11659,17,@nevrijaetemov4854,Un lion ne meut jamais ❤💙,0,Olympique Lyonnais
☄️🇬🇪 Georges Mikautadze #ol #shorts #olympiquelyonnais,810,26075,16,@Eliott-lo9hk,"King Georges 👑🦁🔴🔵 
Tous ses appels ne sont pas forcément suivis en match, dommage car on le sait, il PEUT être décisif",3,Olympique Lyonnais
Résumé OL - Lens (2002) : le choc décisif pour le titre !,312,15302,30,@paulfernandez3941,❤❤❤❤🙏🙏🙏🙏🇫🇷🇫🇷🇫🇷,0,Olympique Lyonnais
Résumé OL - Rennes : des buts de folie et un petit pas vers l'Europe (4-1),4111,192634,222,@_PLANK_,"Almada e Mikaltadze é uma apelação esse meio de campo. Se a defesa fosse um pouco melhor, era papo pra brigar por título de champions todo ano.",3,Olympique Lyonnais
"Paulo Fonseca avant OL - Rennes : ""On a beaucoup parlé de notre avenir""",168,8322,33,@youss1142,Arrete avec tes compos foireuses met nous les joueurs qui vont nous faire gagner il reste 4 match sa doit etre 4 victoire .!!!,3,Olympique Lyonnais
Résumé Manchester United - OL : immense déception (5-4),8851,751638,736,@maknincarga4120,"Je peux comprendre le mot déception mais vraiment fier d'être lyonnais, d'y être né, d'y voir des joueurs lyonnais jouer à ce niveau, des joueurs non lyonnais et impliqués et embrasser le blason. Montrer une telle force de caractère et de si belles valeurs. Moi, je ne suis pas triste mais fier de mon équipe ! Merci les gars ! Vraiment du fond du cœur ! Les joueurs s'aiment entre eux et ça se sent ! N'abandonnez pas il faut être dans leS 3 premiers en Ligue 1!",9,Olympique Lyonnais
Résumé Manchester United - OL : immense déception (5-4),8851,751638,736,@akhiln16,"To all the OL fans you guys were amazing and the team fought really hard. We were just luckier. 

I hope you overcome all the difficulties your club is going through!",8,Olympique Lyonnais
Quiz spécial Dubaï présenté par Emirates,192,4049,6,@Eliott-lo9hk,Le sponsor qui nous occupe pendants la trêve ! 🤣🤣,1,Olympique Lyonnais
Résumé Saint-Etienne - OL : Une défaite au goût amer (2-1),2129,309257,1040,@laurentjamert,"Ça ne les empêchera pas de descendre en ligue 2, ces paysans !",0,Olympique Lyonnais
Hommage : Sur la route avec Bernard Lacombe,660,24916,76,@annickvirieux8526,"Tout est dit ,Merci à Lacombe d avoir eu cette franchise,Lyon a eu la haine de Sainte parce qu on dominait le foot ,et pas avec du fric .
Lyon de génération en génération  à Jamais supporters ça,car les lyonnais trop grosse tete",1,Olympique Lyonnais
Résumé Manchester United - OL : immense déception (5-4),8851,751638,736,@Antoine-ii9nu,J’en ai des frissons 🥰,0,Olympique Lyonnais
"La réaction de Paulo Fonseca après Manchester United - OL : ""Nous devons apprendre de ce moment""",287,21673,113,@Hissam-c7c,"Je me délecte des larmes des arrogants supporters lyonnais ! Ne vous inquiétez pas, vous pourrez toujours regarder les joueurs du QSG soulever la LDC en fin de saison",1,Olympique Lyonnais
Résumé AJA - OL : les Lyonnais se rapprochent du podium ! (1-3),3801,197584,215,@Romain_1234,5:46 sur le tir d'almada ca touche le poteau ?,1,Olympique Lyonnais
"Rayan Cherki : ""J'aime le beau jeu et le spectacle""",651,20906,72,@MASSINISSA-xc4tf,Vient en Algérie 🇩🇿,2,Olympique Lyonnais
Résumé Manchester United - OL : immense déception (5-4),8851,751638,736,@ahmed-i1e9q,lyon is so trash,0,Olympique Lyonnais
"""C'est une grosse déception"" : les réactions après OL - RC Lens (1-2)",109,10398,66,@userzjksdrhgkjzergnsklgj,"Il fallait faire venir toute l'équipe de Botafogo,
De toute façon, à la Ligue, ils disent rien....
Et puis, c'est de la faute de l'arbitre en plus...
C'est beau le sport à la sauce lyonnaise.",1,Olympique Lyonnais
Quand l’art rencontre notre histoire 👀​ #ol #shorts #olympiquelyonnais,2131,66074,16,@juliendasilva7520,Magnifique 🎉🎉🎉,15,Olympique Lyonnais
L'intégrale des 201 buts d'Alexandre Lacazette sous le maillot l'OL,1539,51939,100,@Bongaboi151,"The Lion of Lyon, the Ligue 1 and OL legend, the General, the one and only...Mr. Alexandre Lacazette.",0,Olympique Lyonnais
"""C'est une grosse déception"" : les réactions après OL - RC Lens (1-2)",109,10398,66,@romainromain8466,"Non , on rejoue ce match 10 fois , on le perd 10 fois .. aucune initiative dans la frappe, comme toujours la défense est spectatrice dans les actions et toujours les mêmes discours a la fin des matchs",1,Olympique Lyonnais
Résumé Manchester United - OL : immense déception (5-4),8851,751638,736,@bebelprive4427,"Quel plaisir , Il faut aller dire à votre président que le PETIT club de Paris est en demi finale lui",0,Olympique Lyonnais
Résumé OL - RC Lens : Une défaite cruelle (1-2),868,81114,365,@julietteduflot9388,"Bravo pour le tifo , aller Lens on se mettra mieux la saison pro 🙌",0,Olympique Lyonnais
Quart de finale en approche 👀 #europaleague #football,791,11914,23,@MatteoClement-vl7iy,Aller l’OL🦁,1,Olympique Lyonnais
Les émotions 🥲 #ligue1 #bts #lacazette,4069,117722,83,@LexyPerret,On t'aime général merci pour tout ce que tu as fait ❤,3,Olympique Lyonnais
Une action qui respire le football (et le 6-9) 🔴🔵 #shorts #ol #football,1516,31866,119,@WilliamKerikorian-f5x,Marc Casadó,0,Olympique Lyonnais
Résumé Manchester United - OL : immense déception (5-4),8851,751638,736,@zaurrr82,Respect to Lyon. This is the real football.Mcguire .... even the stick on the wall shoots ones in the lifetime.,0,Olympique Lyonnais
Résumé Saint-Etienne - OL : Une défaite au goût amer (2-1),2129,309257,1040,@stephano456,"le carton rouge aurait du être validé. 
par contre le commentateur   tu sors. d ou tu portes le maillot lyonnais 
comment peut ont laisser commenté des matchs par de tels incompétents",0,Olympique Lyonnais
Résumé Saint-Etienne - OL : Une défaite au goût amer (2-1),2129,309257,1040,@QuentinRoux-aymard,Aller pleure la semaine dois être dure 😂😂💚,0,Olympique Lyonnais
“L'OL ça représente toute ma vie” : la dernière interview d'Alexandre Lacazette,2576,52622,169,@kingsirious1319,merci pour tout Alex . allez l'OL,0,Olympique Lyonnais
"Vitesse, dribbles, finition, Malick Fofana nous a régalé cette saison ⚡️😍 #shorts #ol",938,11481,24,@SoulayBeldjilali,C un bg ce gar la je le kiff et j'espère que il quitterais surtout pas ol ❤❤,3,Olympique Lyonnais
Entraînement veille de derby,793,15056,80,@Knicksamare,ALLEZ L'OL ALLEZ 🔴🔵,7,Olympique Lyonnais
Résumé OL - RC Lens : Une défaite cruelle (1-2),868,81114,365,@nicofootball1488,Insupportables ces commentaires,13,Olympique Lyonnais
Inside Premier League International Cup : Fulham FC - OL | Direction la finale !,596,18447,26,@Hardoro-u7h,Fier d'etre supporter lyonnais❤️💙🦁🦁🦁,1,Olympique Lyonnais
75 ans 🎂 #ol #shorts #olympiquelyonnais,836,20922,10,@MadaniOuazar,Joyeux anniversaire des 75 ans du club 🎉🎉🎉,4,Olympique Lyonnais
Matthieu Louis-Jean après le derby,154,3573,17,@stephaneferraton1196,Et la semelle de la cajette ?,0,Olympique Lyonnais
Les coulisses d’une soirée… chevaleresque ! 😂🔴🔵 #ol #shorts #olympiquelyonnais,1076,29439,16,@MrRenelarue,Tuture,0,Olympique Lyonnais
🎨🧑‍🎨🔴🔵 #ol #shorts #olympiquelyonnais,559,11905,7,@LorenzoLorenzo-oc3sz,"IL N'Y A QU'UN SEUL OLYMPIQUE...... LOM 💙🤍💙🤍💙🤍
Bon anniversaire le fc lyon 😂😂😂😂😂",0,Olympique Lyonnais
Les réactions après OL - Stade Rennais FC,850,39119,53,@DiegoTriquer,J’ai le coeur lyonnais 🔴🔵🔴🔵🔴🔵🔴,2,Olympique Lyonnais
Hommage : Sur la route avec Bernard Lacombe,660,24916,76,@laplusbelldeyoutube9514,"Quel bon joueur mais alors l'homme vrai et formidable. J'ai eu mon grand plaisir de discuter avec lui il y a un peu plus d'un an et malgré mon grand âge, j'en ai pleuré après et maintenant encore plus. Jamais, je ne t'oublierai Bernard. Merci pour toute cette gentilesse et cette humanité. Repose en paix mon ami !",0,Olympique Lyonnais
Résumé Monaco - OL : les Lyonnais défaits à Louis II,741,69232,182,@julian-eu3xh,"LOL, c'est chaud d'être nul comme ça.",0,Olympique Lyonnais
Résumé AJA - OL : les Lyonnais se rapprochent du podium ! (1-3),3801,197584,215,@yazidmansouri8623,Yeeeeeeeesss yeeeeeeess !!!! On va le faire !!  on va le faire les amis on va y aller en Ligue des Champions on va être sur le toit de la France et sur le toit de l'Europe allez l OL ❤🎉🎉🎉😊😊❤❤❤,157,Olympique Lyonnais
Résumé Monaco - OL : les Lyonnais défaits à Louis II,741,69232,182,@mtsm971,"Faut bosser les bases du recule frein. C'est honteux pour des pros. Ridicule. Cette saison est finie. Bravo pour le caca. Maintenant faut recruter de vrais joueurs et laisser la cellule bosser pour trouver des bons coups. Les niakate à 32m et mangala à 35m, il y en a marre.",0,Olympique Lyonnais
Résumé OL - RC Lens : Une défaite cruelle (1-2),868,81114,365,@theking62,Alors pas trop le seum les commentateurs ?,0,Olympique Lyonnais
Hommage : Quand le football français célébrait les 70 ans de Bernard Lacombe,763,28233,71,@Jeanemilr-hn7tj,"UN HOMME,
NE MEURT JAMAIS,
ÉTERNELLEMENT 
❤❤",0,Olympique Lyonnais
Retour au travail 👊 🔜 #olsrfc #training #ligue1,927,12950,21,@SergioBonhomme,Pas un sourire les visage sont fermés d habitude ont les voit rigoler s amuser la sa sent pas bon pour la fin de saison j espère me tromper allez l’OL pour toujours,0,Olympique Lyonnais
🥺 Les émotions #ol #football,1866,35243,62,@muriere.1740,merci alex,1,Olympique Lyonnais
"""On doit s’excuser auprès de nos supporters"" : les réactions après ASSE-OL",249,12224,78,@dacoofficiel,🔴🔵🦁✨,2,Olympique Lyonnais
"La réaction de Paulo Fonseca après Manchester United - OL : ""Nous devons apprendre de ce moment""",287,21673,113,@alexstevens8665,HAHAHA HOLD THAT YOU SILLY FROGS,0,Olympique Lyonnais
Résumé Saint-Etienne - OL : Une défaite au goût amer (2-1),2129,309257,1040,@curedent6086,"Pas fan de Lyon et de ses fachos dans les tribunes, mais là, le rouge, c'est incroyable...",0,Olympique Lyonnais
🇬🇪 🇫🇷 Leçon de Géorgien avec Georges Mikautadze et Rayan Cherki 😂 #shorts #ol,2992,177946,62,@PAWY-h1n,"Cherki c'est vraiment la cité... Encore pire que Ben Arfa, Benzema et Fekir... 🤣🤣🤣💪❤️",0,Olympique Lyonnais
Résumé OL - RC Lens : Une défaite cruelle (1-2),868,81114,365,@pyramcohas347,changer les commentateurs aucune objectivité,0,Olympique Lyonnais
Quand l’art rencontre notre histoire 👀​ #ol #shorts #olympiquelyonnais,2131,66074,16,@jean-christianchapelet8578,Bravo pour le tableau ❤❤❤,3,Olympique Lyonnais
"Paulo Fonseca avant OL - Rennes : ""On a beaucoup parlé de notre avenir""",168,8322,33,@Momo-69-y5z,"J'espère que notre  avenir sera en LDC
ALLEZ L'OL",2,Olympique Lyonnais
L'intégrale des 201 buts d'Alexandre Lacazette sous le maillot l'OL,1539,51939,100,@jeugaming3677,J’ai envie de pleurer😢,4,Olympique Lyonnais
Résumé OL - RC Lens : Une défaite cruelle (1-2),868,81114,365,@damienforot-naturopathie1870,"Défense toujours autant au abonnés absents !
Puis quand a l'arbitrage... Si il y avait un doute.... Là on est certain qu'on se fait escroc !",0,Olympique Lyonnais
“L'OL ça représente toute ma vie” : la dernière interview d'Alexandre Lacazette,2576,52622,169,@Nexhan,Lacazette on t’aime ❤❤❤❤❤❤,16,Olympique Lyonnais
“L'OL ça représente toute ma vie” : la dernière interview d'Alexandre Lacazette,2576,52622,169,@syanasyana7016,Merci général ❤,4,Olympique Lyonnais
"Paulo Fonseca avant OL - Angers : ""Ce match doit être l’occasion d’envoyer un message""",128,7098,60,@cedriccedric5351,Composition hasardeuses certainement dictés par notre president laisser ses meilleurs elements sur le banc tous les blessés pas de coaching car il a ete sanctionné  pour moi il a une grandes part de responsabilités a voir la suite mais faut assumer et non avoir un discours plat,1,Olympique Lyonnais
"🪄 Rayan Cherki, Top Passeur Ligue 1 2024-2025 🤩🔴🔵 #ligue1 #football",1530,24786,48,@Tmoxion2013,Allez l'OL cha la la la la la la,7,Olympique Lyonnais
Résumé Manchester United - OL : immense déception (5-4),8851,751638,736,@GnfsigoJackhros,This deserves way more views. Absolutely underrated,0,Olympique Lyonnais
Résumé AJA - OL : les Lyonnais se rapprochent du podium ! (1-3),3801,197584,215,@goblune,Un excellent match de quoi nous mettre en confiance pour Old Trafford puis le derby 🔥,18,Olympique Lyonnais
Résumé Manchester United - OL : immense déception (5-4),8851,751638,736,@elifsikyurek7182,Chuis parisien. Je voulais que lyon va en demi finale maic c  raté 😢,1,Olympique Lyonnais
"Rayan Cherki avant OL - Angers : ""On sait que les chances sont infimes, mais on y croit""",376,15826,45,@Aymen-ftg,لاعب جزائري 200/100…🇩🇿☠️,0,Olympique Lyonnais
J’ai tellement faim que je pourrais manger … 🔴🔵 #shorts #ol #football,1391,83639,23,@vincentetcarolinerousseau7964,Perri merci por ton gant a nantes/lyon,16,Olympique Lyonnais
🦁 Un vestiaire 𝐑𝐨𝐮𝐠𝐞 & 𝐁𝐥𝐞𝐮 🔴🔵,1030,18456,32,@Lamar2956-n2q,💙🦁❤️💙🦁❤️,0,Olympique Lyonnais
Quiz spécial Dubaï présenté par Emirates,192,4049,6,@MaaxTKT,Dire que tagliafico Lacazette cherki et probablement perri partiront j'en pleure 😢😢,2,Olympique Lyonnais
L'intégrale des 201 buts d'Alexandre Lacazette sous le maillot l'OL,1539,51939,100,@chamberofshitposts7783,11:25 👑,1,Olympique Lyonnais
On était avec Rayan Cherki quand il a appris LA nouvelle 😏👀 #ol #shorts,2349,79513,246,@Dzfamiglia,traitre,0,Olympique Lyonnais
Résumé Saint-Etienne - OL : Une défaite au goût amer (2-1),2129,309257,1040,@bellasimonpodcastrelation,L’arbitrage de Leteixier on en parle ? A non j’oubliais c’est la faute de Nasser et du méchant PSG 😊,0,Olympique Lyonnais
Résumé OL - RC Lens : Une défaite cruelle (1-2),868,81114,365,@DavidAchard,"Aulas a pigeonné Textor.
Il est parti avec un gros chèque et se moque des conséquences.
Soyons conscients, les lions utilisent les moutons ! 9:42",0,Olympique Lyonnais
Résumé AJA - OL : les Lyonnais se rapprochent du podium ! (1-3),3801,197584,215,@LennyDeski,Nn par contre le commentateur c’est énervant toujours à crier pour rien,0,Olympique Lyonnais
Focus sur Malick Fofana vs Rennes,1028,17124,10,@becasseadrie4844,Aller olympique lyonnais vous êtes les meilleurs aller je regarde presque tous les matchs apart quand c'est à 21h00 je peux pas parsque j' ai école si non je peux quand je suis en vacances,0,Olympique Lyonnais
Résumé OL - RC Lens : Une défaite cruelle (1-2),868,81114,365,@tahenn69,"Entre l'arbitrage et la domination lyonnaise, la défaite a vraiment un sale goût surtout à ce stade de la saison",74,Olympique Lyonnais
"""On doit s’excuser auprès de nos supporters"" : les réactions après ASSE-OL",249,12224,78,@nirooostl5375,"Donc OL vs OM match annuler pour un objet jeter sur un joueur et la c’est un arbitre qui reçois un projectile et on reprend le match mdrrrrr 
Ont est vraiment la Farmer league qu’on pense être",1,Olympique Lyonnais
“L'OL ça représente toute ma vie” : la dernière interview d'Alexandre Lacazette,2576,52622,169,@adel_djo,"Merci pour tout général, dans nos cœurs à tout jamais, lyonnais pour toujours 🫡🦁❤💙",3,Olympique Lyonnais
"Rayan Cherki avant OL - Angers : ""On sait que les chances sont infimes, mais on y croit""",376,15826,45,@sportersante9724,Va jouer pour l italie...sinon la fekirisation,1,Olympique Lyonnais
🎧 L'avant-match avait bien commencé avec @Trinix 🔥,1184,49589,33,@LiviaGavignet-i4j,Aller l ol❤,2,Olympique Lyonnais
On était avec Rayan Cherki quand il a appris LA nouvelle 😏👀 #ol #shorts,2349,79513,246,@mehreznabil367,Tu va regreter meme si tu mange du porc et que tu chante  la marseillaise sa sera la meme chanson 🎵,0,Olympique Lyonnais
Résumé OL - Angers : Le Général Alex Lacazette en patron pour sa dernière (2-0),3448,166651,190,@latimfoot4581,"Joueurs élite lacazette > équipe de France > olympique lyonnais /  arsena/  olympique lyonnais 
Plus de 300 buts(  champions league compris ) 
Équipe de France compris ) 
200 but à Lyon 
70 à arsenal 
10 en équipe de France 
Je dois pas être loin ⚽️😱
Il rentre dans les grands joueurs ayant joué en ligue1 est marqué en ligue1",0,Olympique Lyonnais
"🪄 Rayan Cherki, Top Passeur Ligue 1 2024-2025 🤩🔴🔵 #ligue1 #football",1530,24786,48,@baptistegocer1166,Le R est galbé hein !,0,Olympique Lyonnais
Résumé Saint-Etienne - OL : Une défaite au goût amer (2-1),2129,309257,1040,@elyesotte6826,Allez l om,0,Olympique Lyonnais
Résumé Saint-Etienne - OL : Une défaite au goût amer (2-1),2129,309257,1040,@dingueriste,Le FC Lyon défavorisé par l'arbitrage... le football il a changé 😂,2,Olympique Lyonnais
25 MINUTES DE BONHEUR : tous les buts des victoires de l’OL dans le derby depuis 25 ans !,978,37765,71,@julianqueugniet8379,"la nostalgie des derby ou les supporters adverses pouvaient se déplacé, le foot est à vomir aujourd'hui",1,Olympique Lyonnais
Résumé OL - Rennes : des buts de folie et un petit pas vers l'Europe (4-1),4111,192634,222,@ZakariaElouadani,Je vous aime mon OL🔴🔵💪🏼,9,Olympique Lyonnais
"""Il fallait rester concentrés du début à la fin"" : Les réactions après AJA - OL",416,8917,39,@Marcus-y1p8b,Sa fait zizir allez allez LOL,0,Olympique Lyonnais
On était avec Rayan Cherki quand il a appris LA nouvelle 😏👀 #ol #shorts,2349,79513,246,@mehdim2619,Cherki rime avec harki,0,Olympique Lyonnais
Résumé AJA - OL : les Lyonnais se rapprochent du podium ! (1-3),3801,197584,215,@Adrien-r4y,OL🎉🎉,2,Olympique Lyonnais
Résumé Manchester United - OL : immense déception (5-4),8851,751638,736,@naxoc5783,"envie de chialer, mais fière d'avoir pu au moins rever un peu",25,Olympique Lyonnais
Résumé Saint-Etienne - OL : Une défaite au goût amer (2-1),2129,309257,1040,@NoureddineDahoui,Je suis supporter neutre mes là ya clairement rouge du grand n'importe quoi.,8,Olympique Lyonnais
"Les réactions après OL - Angers : ""Merci à cette famille que j'ai retrouvée en revenant ici""",306,12253,34,@charlygourdinn832,Merci pour toute les émotions générale je te souhaite le meilleur pour la suite et dans vie en général ❤❤,0,Olympique Lyonnais
“L'OL ça représente toute ma vie” : la dernière interview d'Alexandre Lacazette,2576,52622,169,@Hardoro-u7h,Notre légende a jamais ❤️💙💙,0,Olympique Lyonnais
Résumé AJA - OL : les Lyonnais se rapprochent du podium ! (1-3),3801,197584,215,@Alban_Gaultier,"Malgré les 3 buts encaissés, le gardien de l'AJA est exceptionnel, sans lui en première mi-temps Lyon aurait déjà eu ses 3 buts d'avance.",2,Olympique Lyonnais
"🪄 Rayan Cherki, Top Passeur Ligue 1 2024-2025 🤩🔴🔵 #ligue1 #football",1530,24786,48,@timotheebinet5319,Bravo ryan,0,Olympique Lyonnais
Hommage : Les meilleures punchlines de Bernard Lacombe sur OLTV,407,43392,36,@MrStrat01,"Quel personnage, quel grand bonhomme 🤩 Et revoir les coup francs de Juni .... quel régal 😍 RIP Mr Lacombe 😭",3,Olympique Lyonnais
"""C'est une grosse déception"" : les réactions après OL - RC Lens (1-2)",109,10398,66,@diegologiudice444,Une défense en carton et comme chacun sait le carton ne résiste pas à la pluie.,0,Olympique Lyonnais
Deux nouveaux Chevaliers dans l’ordre national du Mérite🏅 #ol #shorts #olympiquelyonnais,841,22263,21,@bricetiloup612,"C'est super pour eux, cependant quels sont les critères choisis pour se voir octroyer cette distinction?",4,Olympique Lyonnais
Hommage : Quand le football français célébrait les 70 ans de Bernard Lacombe,763,28233,71,@Momo-69-y5z,RIP,1,Olympique Lyonnais
Résumé Fulham FC - OL : Les Gones en finale de la Premier League International Cup (0-2),277,43787,20,@PandaBadGone,Moi qui croyais que c'était un résumé Légendaire de Monaco -OL 😭,7,Olympique Lyonnais
🎙️ Alex Lacazette revient sur sa décision de rester à l’OL l’été dernier 🔴🔵 #shorts #ol,1015,31231,8,@laurentbouclier8013,Bravo Alexandre merci a toi et bonne chance dans l’avenir,11,Olympique Lyonnais
🇬🇪 🇫🇷 Leçon de Géorgien avec Georges Mikautadze et Rayan Cherki 😂 #shorts #ol,2992,177946,62,@sababaramidze5802,გამარჯობა gamarjoba,2,Olympique Lyonnais
LE MATCH : OL - Angers SCO,371,13359,27,@fm1635,Svp fait pas partir cherki,4,Olympique Lyonnais
Résumé Manchester United - OL : immense déception (5-4),8851,751638,736,@RavanaRavana-uk7mj,The way you explained this is SO clear. Thank you,1,Olympique Lyonnais
Résumé Saint-Etienne - OL : Une défaite au goût amer (2-1),2129,309257,1040,@RayKing-l4i,I learned more in 10 minutes than hours of Googling,0,Olympique Lyonnais
"Les réactions après Monaco - OL : ""On va se concentrer sur nous-mêmes""",65,4325,36,@larry_1393,ciao l'Europe,5,Olympique Lyonnais
Rayan Cherki ✨ #shorts #ol #football,945,28717,27,@andersoncarmohenriquedemed9480,Pior time da Eagle se num fosse o Botafogo esse timeco já tinha ido pra segunda divisão faz tempo e uma sacanagem o Jhon textor mandar dinheiro do título das premiações da libertadores e brasileirão fora os direitos econômicos dos três importantes jogador do Botafogo investir no Lyon e zero retorno timeco que perdeu pro Manchester United com o jogo ganhou já tomou virada essa e minha indignação,0,Olympique Lyonnais
💥 L’Europe se joue cette semaine 🔴🔵 #shorts #ol,712,11659,17,@MrVCPaco,ALLER LOL❤,0,Olympique Lyonnais
Résumé Manchester United - OL : immense déception (5-4),8851,751638,736,@XHUNTERTV,Last goal was a fault against the defender maguire push him,0,Olympique Lyonnais
Résumé OL - RC Lens : Une défaite cruelle (1-2),868,81114,365,@guillaumehrvoj3924,Le commentateur me font trop rire surtout quand ils perdent,151,Olympique Lyonnais
"🎥💔 Un dernier moment, une dernière étreinte #shorts #ol",2083,90296,25,@Morty_Sceptique,"Un gars en or notre général ! Sous ces airs discrets et réservés, se trouve un grand cœur, c’est sur.
Merci pour avoir beaucoup donné pour notre si beau club.
À jamais une légende.
❤💙❤️💙✊
❤️💙❤️💙✊
Ahouuuuuuu !",1,Olympique Lyonnais
Résumé Saint-Etienne - OL : Une défaite au goût amer (2-1),2129,309257,1040,@wilfridvedel,"Je suis supporter de l'om et la victoire de sainté nous arrange bien. Mais letexier, ses décisions arbitrales sont de plus en plus scandaleuses 🤔🤔🤔🥵🥵🥵",13,Olympique Lyonnais
Résumé Manchester United - OL : immense déception (5-4),8851,751638,736,@santoshmani5065,Pure talent. No words,0,Olympique Lyonnais
"Jusqu’en 2030, on visera toujours plus haut ✈️🔴🔵 #shorts #ol",976,12354,19,@AmrNjah,🔝🔵🔴🦁,0,Olympique Lyonnais
Résumé AJA - OL : les Lyonnais se rapprochent du podium ! (1-3),3801,197584,215,@davidbach-zt9hk,"Lyon, Lille, Strasbourg, Nice, si ces 4 équipes pouvaient gagner les quelques matchs qu'ils restent en cette fin de saison, je crois qu'on rigolerait avec l'O.M. Juste pour le plaisir de voir les supporters marseillais en déprime (dont Mohamed Henni), ça serait bien que ces 4 équipes gagnent.",0,Olympique Lyonnais
Résumé AJA - OL : les Lyonnais se rapprochent du podium ! (1-3),3801,197584,215,@erwan08206,Lacazette ne tombe pas dans la surface comme un bonhomme er le karma lui rend bien 🎉,2,Olympique Lyonnais
"Intérieur, extérieur ... Malick Fofana était on fire 🔥 #shorts #ol #football",1221,22264,30,@ANAÉE_01,Aller ol !!!!!,1,Olympique Lyonnais
Résumé Manchester United - OL : immense déception (5-4),8851,751638,736,@ricopeepo9129,Le temps de réaction de maguire,0,Olympique Lyonnais
Dans les coulisses de notre victoire face à Angers (2-0),303,7900,14,@ltoto28,Les émotions 🥹🥹🥹🥹🥹🥹🥹🥹🥹🥹🥹🥹🥹,7,Olympique Lyonnais
🦁 Un vestiaire 𝐑𝐨𝐮𝐠𝐞 & 𝐁𝐥𝐞𝐮 🔴🔵,1030,18456,32,@LorenzoLorenzo-oc3sz,BIENTOT LA LIGUE 2 POUR LE FC LYON  😂😂😂😂😂😂,0,Olympique Lyonnais
Résumé Manchester United - OL : immense déception (5-4),8851,751638,736,@chamoux73,Éliminé par la pire équipe de Man u des 150 dernières années,1,Olympique Lyonnais
"La réaction de Paulo Fonseca après Manchester United - OL : ""Nous devons apprendre de ce moment""",287,21673,113,@alilou1454,vous n'avez vraiment a rougir de votre élimination car vous avez tout donner jusqu'à la fin merci a vous bravos a tous,39,Olympique Lyonnais
📺 Plongez dans la vie des joueurs hors du terrain 🔴🔵 #ol #football #shorts,263,3835,3,@ANONYME69-h5s,Clinton goat,1,Olympique Lyonnais
Résumé Manchester United - OL : immense déception (5-4),8851,751638,736,@Lasuaestatua,Le flash back de Séville 82. Mener de 2 buts en prolongation et perdre … petit moov’ à la française quoi,0,Olympique Lyonnais
Résumé AJA - OL : les Lyonnais se rapprochent du podium ! (1-3),3801,197584,215,@SeikouGikineh,L’oooooooool ❤,0,Olympique Lyonnais
Résumé OL - Angers : Le Général Alex Lacazette en patron pour sa dernière (2-0),3448,166651,190,@maxenceleduc4636,Rayan qui pleure… ça m’a eu 🙃😢 il m’aura fait rêver,54,Olympique Lyonnais
Le plein d’énergie avec la présence de plus de 700 enfants de nos clubs partenaires 🙌 #ligue1 #bts,1341,34180,25,@JeyitM10,"J'aurais jamais liker OL 
Pour les enfants ❤❤",4,Olympique Lyonnais
Gone pour toujours ❤️💙,1167,14249,56,@yahiyahi4226,"merci😢❤
d avoir fait notre ol avec jma
et m avoir donné tant d emitions avec la france quand j etais petit...✨",2,Olympique Lyonnais
Résumé Saint-Etienne - OL : Une défaite au goût amer (2-1),2129,309257,1040,@papaphane,C'est la première fois que j'entends ces deux commentateurs ils sont à la fois de mauvaise foi et hypocrite. Je leur conseille d'aller commenter les tournois de baby-foot. Je comprends pourquoi il y a de la violence dans les stades.,0,Olympique Lyonnais
Résumé AJA - OL : les Lyonnais se rapprochent du podium ! (1-3),3801,197584,215,@etiennewalter1345,C'est quoi ces commentaires de merdes 😂,0,Olympique Lyonnais
"""On doit s’excuser auprès de nos supporters"" : les réactions après ASSE-OL",249,12224,78,@HaidariOA,Fonceca le seul responsable du defaite Akoukou n a pas le niveau d un derby et l arbitre aussi n a pas le niveau d un derby,1,Olympique Lyonnais
25 MINUTES DE BONHEUR : tous les buts des victoires de l’OL dans le derby depuis 25 ans !,978,37765,71,@goblune,Sur le premier 5-0 à GG vous avez oublié le 4ème but signé Bertrand Traoré,28,Olympique Lyonnais
Résumé Saint-Etienne - OL : Une défaite au goût amer (2-1),2129,309257,1040,@MustaphaMuhammad-u1g,Mood instantly lifted. Thank you for this,0,Olympique Lyonnais
Hommage : Sur la route avec Bernard Lacombe,660,24916,76,@charlatmaurice,rip Bernard; immense souvenir de Chaban; tu m'as fait vibrer,0,Olympique Lyonnais
LE MATCH : MAN UTD - OL,641,48377,149,@bertrand9543,Mdr 😂😂,2,Olympique Lyonnais
Résumé OL - Rennes : des buts de folie et un petit pas vers l'Europe (4-1),4111,192634,222,@OlympiqueLyonFans,"Match parfait pour se relancer 
Aller l’OL ❤",0,Olympique Lyonnais
Résumé Saint-Etienne - OL : Une défaite au goût amer (2-1),2129,309257,1040,@RozitaRahmani-r5t,"Came for the thumbnail, stayed for the vibes",0,Olympique Lyonnais
"100 humains VS 1 gorille, qui gagne ? 🦍 #shorts #ol #football",3658,209292,57,@jonathanesquian2339,La strat Matic banger,6,Olympique Lyonnais
Résumé OL - Rennes : des buts de folie et un petit pas vers l'Europe (4-1),4111,192634,222,@bgaissytbgaissyt3773,Allez OL,0,Olympique Lyonnais
Résumé Monaco - OL : les Lyonnais défaits à Louis II,741,69232,182,@EmmaOn15K,C moi ou la qualité + les voix des commentateurs ont dirait un match de il y a tarpin longtemps mdrrr,1,Olympique Lyonnais
Résumé OL - Angers : Le Général Alex Lacazette en patron pour sa dernière (2-0),3448,166651,190,@PandaBadGone,"Un très grand merci mon général de m'avoir fait rêver, on t'aime tous, allez l'OL ❤️💙",6,Olympique Lyonnais
Entraînement veille de derby,793,15056,80,@TemitopeMatthew-fd3gl,👏👏👏,0,Olympique Lyonnais
Résumé Saint-Etienne - OL : Une défaite au goût amer (2-1),2129,309257,1040,@PurpleNication,J'adore boire les larmes de lyonnais,0,Olympique Lyonnais
“L'OL ça représente toute ma vie” : la dernière interview d'Alexandre Lacazette,2576,52622,169,@cyrilgros4654,"Je crois que je réalise pas, j’ai pris une telle claque avec le match contre Manchester que je suis vide, impossible de lâcher une larme même si je sais qu’au fond je suis triste, mais cette saison m’a lessivé, alors côté joueur je pense ça doit être quelque chose aussi",0,Olympique Lyonnais
"Nouvelle saison, nouveau maillot.",910,14366,27,@mtsm971,Nouvelle saison ❤💙 mais toujours les mêmes recrues textor qui ne laisse pas la cellule faire son travail 👀,0,Olympique Lyonnais
75 ans 🎂 #ol #shorts #olympiquelyonnais,836,20922,10,@Kaos-91,Vous pensez ils ont refait le gâteau plein de fois ou c’est le même à chaque fois ou ils ont reallumer les bougies ?,2,Olympique Lyonnais
🥺 Les émotions #ol #football,1866,35243,62,@Elouann-y2n,Mais il quitte l’OL ou pas,0,Olympique Lyonnais
Hommage : Quand le football français célébrait les 70 ans de Bernard Lacombe,763,28233,71,@naxoc5783,"Quel vidéo incroyable et émouvante, avec toutes ces légendes du foot (et avec notre général qui avait sa voix cassée).
Reposez en paix Mr Lacombe, et merci infiniment pour tout",0,Olympique Lyonnais
"Intérieur, extérieur ... Malick Fofana était on fire 🔥 #shorts #ol #football",1221,22264,30,@Lennykowka,"Pour ceux qui se pose la question sur le ballon sorti ou non en touche avant le but :

« La VAR doit fournir une image claire, net, précise et indiscutable sur le fait que l’ensemble de la sphère du ballon a quitté l’air de jeu »

Dans le cas contraire le but sera accordé",13,Olympique Lyonnais
Résumé OL - Rennes : des buts de folie et un petit pas vers l'Europe (4-1),4111,192634,222,@HabibAbouhamda,Merci à mon équipe Lyon,0,Olympique Lyonnais
On était avec Rayan Cherki quand il a appris LA nouvelle 😏👀 #ol #shorts,2349,79513,246,@Fatiboubou,😂 mdr il sera un figurant 😂 miskine ça sera le nouveau Nabil Fekir 😢 un petit tour et puis sans va ! Aucune fierté 🤮🤮🤮,3,Olympique Lyonnais
Résumé Saint-Etienne - OL : Une défaite au goût amer (2-1),2129,309257,1040,@yancadet1103,"Aucune objectivité à chaque fois c’ets Inssuportable a écouter, bien sûr que c’est un carton jaune certe là semelle est méchante mais ce n’est pas rouge faut arrêter 5 min",0,Olympique Lyonnais
Résumé Manchester United - OL : immense déception (5-4),8851,751638,736,@FuryRex,Why is the video not in french?,0,Olympique Lyonnais
Résumé AJA - OL : les Lyonnais se rapprochent du podium ! (1-3),3801,197584,215,@Bh34-k1u,Avec l équipe qu on a on peut aller loin en League des champions on la déjà fait et merci à Sage d avoir remis cette équipe sur la bonne route et Fonseca d avoir fait cette équipe qui peut faire peur au adversaire allez l olympique lyonnais !!!,2,Olympique Lyonnais
L'intégrale des 201 buts d'Alexandre Lacazette sous le maillot l'OL,1539,51939,100,@number8159,"Je ne suis pas pour l ol, mais il faut reconnaître que c etait a un moment donné ,un top joueur a son poste toujours bien placé  , grosse capacité de finission pied gauche pied droit , opportuniste, bravo lacazette de la part d un supporter de l om",0,Olympique Lyonnais
L'APRES MATCH : OL - RC LENS,71,4551,7,@CristopheMillan,Nul décevant 😢,0,Olympique Lyonnais
Rayan Cherki ✨ #shorts #ol #football,945,28717,27,@ANAÉE_01,Aller ol ❤,1,Olympique Lyonnais
"Parades, réflexes, relances à la main : les plus beaux moments de Lucas Perri cette saison",296,7112,21,@WilliamDu69-q9z,Merci infiniment Perri sans lui jamais on joue une coupe d’Europe ils nous a sauvés énormément de points 😊. La relève de Lopes est largement assuré 🎉.,21,Olympique Lyonnais
Résumé Saint-Etienne - OL : Une défaite au goût amer (2-1),2129,309257,1040,@Laurentlaurent69,J'ai l'impression que Lyon gène !?!,0,Olympique Lyonnais
Hommage : Les meilleures punchlines de Bernard Lacombe sur OLTV,407,43392,36,@davidzerathe3817,J'espère un bel hommage au delà de Lyon! C'était aussi un sacré pilier de l'équipe de France de platoche période 78 84,3,Olympique Lyonnais
Sans Crampons avec Clinton Mata,620,10263,29,@elmehdimoufi9207,Incroyable,2,Olympique Lyonnais
"Grand soleil aujourd’hui, mais il commence à pleuvoir 🥲 #ligue1 #football",2510,97904,68,@TiiZaK_K2,😢😢,1,Olympique Lyonnais
Gone pour toujours ❤️💙,1167,14249,56,@sabrinasafsaf4250,Bernard Lacombe❤❤❤❤❤❤🕊️🕊️🕊️🕊️🕊️🕊️❤️💙💙💙💙💙💙💙,0,Olympique Lyonnais
Résumé OL - Rennes : des buts de folie et un petit pas vers l'Europe (4-1),4111,192634,222,@alioris-zc1ot,Almada 😂 même en U13 tu ne fais pas ça,2,Olympique Lyonnais
Une action qui respire le football (et le 6-9) 🔴🔵 #shorts #ol #football,1516,31866,119,@damienforot-naturopathie1870,"Cherki c'est 45 millions ! Non ??
Minimum !!
Pas 30 !",8,Olympique Lyonnais
Résumé Saint-Etienne - OL : Une défaite au goût amer (2-1),2129,309257,1040,@EmmanuelLozada-g8p,Muy mal jugado metieron a mucho suplente weyes y se los comieron además el anotador de los goles se debió de ir al minuto 17,0,Olympique Lyonnais
"Son 200e but, chez lui, dans son jardin, pour son dernier match avec l'OL 🫡🦁 #ligue1 #goal",2058,50423,58,@Nexhan,Lacazette t le meilleur joueur du minse,4,Olympique Lyonnais
"""Mets la vidéo du petit pont, il va rien faire"" : on t'a écouté Corentin, désolé Rayan 😆 #ligue1",1698,70974,23,@MadaniOuazar,"❤️💙 On est les meilleurs, Allez L'OL",1,Olympique Lyonnais
"Trainline Challenge : à vos marques, voyagez !",1053,24017,42,@kapsito6962,"Incroyable vidéo, on veut plus de concept comme ça 🙏🙏",0,Olympique Lyonnais
Les réactions après OL - Stade Rennais FC,850,39119,53,@Hardoro-u7h,Bravo les gars je me suis régalé sur se match magnifique ont continue sur cette lancer et la LDC et dans la poche allez l'OL💙❤️🦁🔥👍,8,Olympique Lyonnais
"Grand soleil aujourd’hui, mais il commence à pleuvoir 🥲 #ligue1 #football",2510,97904,68,@MaaxTKT,"Rentrons, il pleut😢",0,Olympique Lyonnais
"La réaction de Paulo Fonseca après Manchester United - OL : ""Nous devons apprendre de ce moment""",287,21673,113,@neytoune,Matic a couché avec la femme de Fonseca pour être interdit de match ? Ce briscard et ses 40 ans d’expérience auraient fait du bien pendant la prolongation,9,Olympique Lyonnais
Une action qui respire le football (et le 6-9) 🔴🔵 #shorts #ol #football,1516,31866,119,@Djehouty1618,"Il y a que Cherki pour la voir cette passe 😊 
Allez l'OL, on veut un 3/3 ! ❤💙",7,Olympique Lyonnais
"Rayan Cherki avant OL - Angers : ""On sait que les chances sont infimes, mais on y croit""",376,15826,45,@jbruandet3304,"il faut prendre du recul et ne pas oublier le principal problème de l'OL, la dette colossale et les intérêts qui se cumulent chaque année. Textor pour se sauver continue a faire en vendant les joueurs ce qu'il a fait en vendant l arena, ol reign, les féminines (en gros en vendant des actifs) et est ce que ça a marché ? Non. La dette se creuse malgré ça. Est ce qu'il faut vendre nos joueurs et baisser la masse salariale ? Oui, dans tous les cas. Mais ça ne suffira pas. Cette année peut être, mais pas dans les deux ans. Textor a dors et déjà perdu.",2,Olympique Lyonnais
Résumé AJA - OL : les Lyonnais se rapprochent du podium ! (1-3),3801,197584,215,@ArthurTrigno,J’aime l’OL du plus profond de mon cœur mais les commentaires … faut faire quelque chose ..,0,Olympique Lyonnais
J’ai tellement faim que je pourrais manger … 🔴🔵 #shorts #ol #football,1391,83639,23,@mthulys1230,Contenu pourri vous avez pas mieux les gars ?,4,Olympique Lyonnais
Résumé AJA - OL : les Lyonnais se rapprochent du podium ! (1-3),3801,197584,215,@dragancoric4283,Pourquoi le gardien d Auxerre ne prend pas de rouge !!!!?,0,Olympique Lyonnais
Résumé OL - Angers : Le Général Alex Lacazette en patron pour sa dernière (2-0),3448,166651,190,@albanlillay9964,Ca me fait penser à Juni qui avait marqué son 100e sur un penalty. Il avait touché le poteau après.,0,Olympique Lyonnais
"Trainline Challenge : à vos marques, voyagez !",1053,24017,42,@unfooteuxlyonnais,"NON, je uis désolé de dire ça mes les gars je sais vous donner du contenu et de l'amusement a moi et au autre mais se que vous fêtes VOUS SABORDEZ on va finir a poil devant la DNCG on voit rien comprendre  interdit de mercato et mais je n'y croit pas trop rétrogradé en L2 alors les gars juste gagné et surtout ALRX ET RAYAN qui vont quitté le club.",0,Olympique Lyonnais
"""Le process National 3/PLIC est très intéressant"" : le bilan du coach de la réserve Gueïda Fofana",123,3241,2,@kochinonenvz,"Même en gagnant la Gambardella personne n’a percé en équipe première on forme pour qui ???
 Vive la RÉGULARITÉ mais si c’est MÉDIOCRE 😂",0,Olympique Lyonnais
Résumé OL - RC Lens : Une défaite cruelle (1-2),868,81114,365,@ThomasCruchos,C'est Bassem qui commente? Ça rage chez les lyonnais 😂,0,Olympique Lyonnais
Résumé Saint-Etienne - OL : Une défaite au goût amer (2-1),2129,309257,1040,@brahimks2310,"Dans cette équipe lyonnaise qui manque cruellement de grinta! pas de motivation ! pas de sursaut d'orgueil ! conclusion, rien dans le ventre ! trop dans le confort !",0,Olympique Lyonnais
🦁 Un vestiaire 𝐑𝐨𝐮𝐠𝐞 & 𝐁𝐥𝐞𝐮 🔴🔵,1030,18456,32,@albanlillay9964,Cette chanson insulte la musique. Les lyonnais ont insulté le foot jeudi.,1,Olympique Lyonnais
Résumé Saint-Etienne - OL : Une défaite au goût amer (2-1),2129,309257,1040,@dibloblo,"Entre Reveillère qui ferait bien de se....réveiller (lolilol) et l'autre qui fait que chouiner en BOUCLE pendant TOUT le match comme un immense aigri, va falloir apprendre à vos commentateurs le professionnalisme et leur expliquer qu'ils commentent pas le match entre eux au PMU du coin",4,Olympique Lyonnais
Résumé Saint-Etienne - OL : Une défaite au goût amer (2-1),2129,309257,1040,@SachaLyonnaz,Quel plaisir d’entendre le seum des commentateurs lyonnais avec leurs exemples bidons,0,Olympique Lyonnais
"Ça part vite devant, Lacazette conclut en patron 🔥 Rien à ajouter. #ol #shorts #football",1029,22047,27,@WilliamKerikorian-f5x,Lucas Paquetá,1,Olympique Lyonnais
LE MATCH : MAN UTD - OL,641,48377,149,@patrickg9767,L'olympique lyonnais une formidable raison de nous rendre malheureux,0,Olympique Lyonnais
Les émotions 🥲 #ligue1 #bts #lacazette,4069,117722,83,@Bobdy37,Merci pour tout général on t’aime 🫡❤️💙,1,Olympique Lyonnais
Résumé OL - Rennes : des buts de folie et un petit pas vers l'Europe (4-1),4111,192634,222,@kevinfaivre9903,❤️💙🦁🦁🦁💪,0,Olympique Lyonnais
Résumé Manchester United - OL : immense déception (5-4),8851,751638,736,@amad_21_diallo,Bottle jobs,0,Olympique Lyonnais
Quand l’art rencontre notre histoire 👀​ #ol #shorts #olympiquelyonnais,2131,66074,16,@Wissem-g3k,Sortir,0,Olympique Lyonnais
"Alexandre Lacazette avant le derby contre l'ASSE : ""La saveur d’un derby ne change pas""",431,13938,80,@ochomai2734,"Il faut garder un max de joueurs qui ont vécu la débacle de jeudi soir, une équipe se construit et est soudée par son vécu. 
Si on veut du résultat sur le long terme faut pas tout redéfinir chaque saison.",3,Olympique Lyonnais
"Alexandre Lacazette avant le derby contre l'ASSE : ""La saveur d’un derby ne change pas""",431,13938,80,@JeanPaulDuchene-v9f,Allez lol on est les plus fort,1,Olympique Lyonnais
Le plein d’énergie avec la présence de plus de 700 enfants de nos clubs partenaires 🙌 #ligue1 #bts,1341,34180,25,@MX.gamingFR,Trop bien,2,Olympique Lyonnais
Résumé OL - Angers : Le Général Alex Lacazette en patron pour sa dernière (2-0),3448,166651,190,@bronco9838,"Lacazette ou pas Lacazette, c'est plus possible de tirer les penalty comme ça sérieux...",1,Olympique Lyonnais
"Les réactions après Monaco - OL : ""On va se concentrer sur nous-mêmes""",65,4325,36,@whatsupmarine,"Aucune envie.
Aucune motivation.
Honteux encore cette composition d’équipe ….",8,Olympique Lyonnais
Résumé Manchester United - OL : immense déception (5-4),8851,751638,736,@noname-sc6vo,cherki keep humble heh😅,0,Olympique Lyonnais
Dans les coulisses de notre victoire face à Angers (2-0),303,7900,14,@alantry7997,"Dernier match de Lacazette, dernier match de Cherki j'ai les larmes aux yeux",2,Olympique Lyonnais
"Rayan Cherki avant OL - Angers : ""On sait que les chances sont infimes, mais on y croit""",376,15826,45,@michaelgurnaut2436,"Lui , Tolisso plus Perri etaient les 3 joueurs qui auraient promue L'OL en LDC . Malheureusement, l'environement toxic de la direction a polluer les joueurs qui apres MU ont eu la tete a l'envers. Faut pas nous raconter des histoires !! .  Un Chercki bien dans la tete change la destine d'un match. C'est un super joueurs et encore une saison de  gacheet . Je commence vraiment a en avoir ras le bol du mic mac L'OL surtout avec la direction.",0,Olympique Lyonnais
J’ai tellement faim que je pourrais manger … 🔴🔵 #shorts #ol #football,1391,83639,23,@MgMk-r5w,L'intention est bonne mais c'est éclaté ^^,1,Olympique Lyonnais
Résumé Saint-Etienne - OL : Une défaite au goût amer (2-1),2129,309257,1040,@jukebox7563,"Les meilleurs ont gagné. Point 
L OL est passé à travers. Pauvre cherki jouer avec ce niveau là a côté ça doit être fatiguant",0,Olympique Lyonnais
Résumé OL - RC Lens : Une défaite cruelle (1-2),868,81114,365,@patrickcerta4998,🤣🤣🤣🤣🤣🤣🤣🤣🤣🤣🤣🤣🤣,0,Olympique Lyonnais
"100 humains VS 1 gorille, qui gagne ? 🦍 #shorts #ol #football",3658,209292,57,@Chrizzzepeto,un coup 12 c finito,0,Olympique Lyonnais
L'intégrale des 201 buts d'Alexandre Lacazette sous le maillot l'OL,1539,51939,100,@jonathanesquian2339,👏👏👏👏👏👏👏,1,Olympique Lyonnais
Une action qui respire le football (et le 6-9) 🔴🔵 #shorts #ol #football,1516,31866,119,@WilliamKerikorian-f5x,Ousmane Dembélé,0,Olympique Lyonnais
Résumé OL - RC Lens : Une défaite cruelle (1-2),868,81114,365,@satanoff6740,Ça pue le seum de ouf 😂😂,0,Olympique Lyonnais
Résumé OL - Rennes : des buts de folie et un petit pas vers l'Europe (4-1),4111,192634,222,@FodayJallow-d4s,The match was crazzzzzzzyyyy 👏💪,0,Olympique Lyonnais
🌠 Rayan Cherki. Lyonnais pour toujours ! #shorts #ol #football #cherki,1487,16391,38,@Email-j9e,Bonne chance à city❤💙,1,Olympique Lyonnais
Résumé Saint-Etienne - OL : Une défaite au goût amer (2-1),2129,309257,1040,@Midaodao,"Ca me fait tellement plaisir que lyon perd et les commentateurs lyonnais mdrrr mais parcontre le carton rouge devrait y etre, il y a du avoir une sacré baston après Stéphanois vs lyonnais mdrr jles aimes tellement pas les lyonnais supporter, que des têtes de cxn",0,Olympique Lyonnais
Nos clubs partenaires assistent à l'entraînement du groupe pro,146,4645,9,@AmrNjah,"🔵🔴🦁✨
ALLLE Z OL 💪",0,Olympique Lyonnais
Résumé OL - Angers : Le Général Alex Lacazette en patron pour sa dernière (2-0),3448,166651,190,@AlexandreRonin,Un très grand joueur que l'on a finalement peu vu en équipe de France dommage,37,Olympique Lyonnais
Résumé AJA - OL : les Lyonnais se rapprochent du podium ! (1-3),3801,197584,215,@latimfoot4581,"@DERNIÈRE DE MR GENERAL LACAZETTE , Ahou 

Le stade , ont comptent sur  vous pour faire une folie pour notre jeune de formation partie en Angleterre est revenir tous pete à LYON 

il n est pas du tout venu en touriste ❤💜👍🏻👍🏻👍🏻👍🏻👍🏻👍🏻

Joueurs exceptionnel tel un lisandro lopez 
Mais façonné OL",0,Olympique Lyonnais
Résumé Saint-Etienne - OL : Une défaite au goût amer (2-1),2129,309257,1040,@DavidTin-w4y,Your consistency is inspiring—keep going,0,Olympique Lyonnais
“L'OL ça représente toute ma vie” : la dernière interview d'Alexandre Lacazette,2576,52622,169,@Nono-fd3li,"De la part d'un Marseillais vous avez eu un sacré joueur 
Une légende de votre club et de la ligue 1 
Soyez fière",3,Olympique Lyonnais
Résumé Monaco - OL : les Lyonnais défaits à Louis II,741,69232,182,@oiled94,mmmh les bonnes larmes de lyonnais pleurez encore svp j'ai soif,3,Olympique Lyonnais
"""Il fallait rester concentrés du début à la fin"" : Les réactions après AJA - OL",416,8917,39,@Hardoro-u7h,Sa c'est mon équipe j'ai kiffer se match ont vous aime jusqu'au bout ont n'y va ont n'est une grande equipe collectif mental et la gagne ❤️💙❤️💙❤️💙🇨🇵🔥,0,Olympique Lyonnais
Résumé Saint-Etienne - OL : Une défaite au goût amer (2-1),2129,309257,1040,@yannickgrente1925,Les commentateurs sont au niveau du foot professionnel Français médiocres et nullissimes.😢😢,0,Olympique Lyonnais
"Paulo Fonseca avant OL-Lens : ""L’ambition de gagner est dans l’esprit de tous.""",202,8918,18,@michelgal7387,"la critique est toujours facile , mais lorsque tous les médias ont critiqués la défaite à Manchester , le résultat de ce club à Bilbao hier , montre que l'OL a été plus que bon sur les deux matchs contre ce grand club !...et cela ne s'est joué à un rien du tout !",8,Olympique Lyonnais
Résumé Manchester United - OL : immense déception (5-4),8851,751638,736,@Lolympien-o6v,Pas touche a la compétition de l'Olympique de Marseille 😏🤍💙🌟,0,Olympique Lyonnais
Résumé OL - Rennes : des buts de folie et un petit pas vers l'Europe (4-1),4111,192634,222,@VéroniqueVivel,Pour la ligue des champions,0,Olympique Lyonnais
Résumé OL - RC Lens : Une défaite cruelle (1-2),868,81114,365,@nokturn-r1r,,0,Olympique Lyonnais
"Alexandre Lacazette avant le derby contre l'ASSE : ""La saveur d’un derby ne change pas""",431,13938,80,@Michael-ft6nz,On t'aime alex ❤💙 !!,0,Olympique Lyonnais
Résumé Manchester United - OL : immense déception (5-4),8851,751638,736,@morphilou,"le equipes francaises sont tres tres faibles mentalement
ils ont le niveau de gosses de 10 ans  ^^",0,Olympique Lyonnais
Résumé Manchester United - OL : immense déception (5-4),8851,751638,736,@kaydeeduminy4804,Best performance from United this season,1,Olympique Lyonnais
LE MATCH : AS Saint-Étienne - OL,645,46737,34,@nonototogary,Honteux le match aurait dû être reporté 😡😡😡,0,Olympique Lyonnais
Résumé Manchester United - OL : immense déception (5-4),8851,751638,736,@tacklesickle,Indeed huge disappointment,0,Olympique Lyonnais
"Paulo Fonseca avant le derby contre l'ASSE : ""Nous n’avons pas le temps d’être dépressifs""",178,5980,22,@redone5277,En fait on se serait bien passé de t'entendre tellement cette défaite elle est à cause de toi,1,Olympique Lyonnais
LE MATCH : MAN UTD - OL,641,48377,149,@MarlooxxxBS,Je suis dsl pour vous les Lyonnais 😢❤,9,Olympique Lyonnais
Résumé Saint-Etienne - OL : Une défaite au goût amer (2-1),2129,309257,1040,@Tomg1312,quel régal,0,Olympique Lyonnais
Une action qui respire le football (et le 6-9) 🔴🔵 #shorts #ol #football,1516,31866,119,@WilliamKerikorian-f5x,Tommaso Baldanzi,0,Olympique Lyonnais
Deux nouveaux Chevaliers dans l’ordre national du Mérite🏅 #ol #shorts #olympiquelyonnais,841,22263,21,@Hardoro-u7h,🥂❤️💙,6,Olympique Lyonnais
Résumé Fulham FC - OL : Les Gones en finale de la Premier League International Cup (0-2),277,43787,20,@playerone3747,Mdrr ils sont tous plus fort que les joueurs de nôtres club c'est vraiment la honte,1,Olympique Lyonnais
Résumé Saint-Etienne - OL : Une défaite au goût amer (2-1),2129,309257,1040,@alexandrefruteau3182,😂😂😂😂😂😂😂😂😂😂😂😂😂😂😂😂😂😂😂😂😂😂😂😂😂,1,Olympique Lyonnais
Quand l’art rencontre notre histoire 👀​ #ol #shorts #olympiquelyonnais,2131,66074,16,@francelibre372,Incroyable la fin 😮😍😍 le général de Gaulle qui te remet la coupe 😍😍,1,Olympique Lyonnais
Hommage : Sur la route avec Bernard Lacombe,660,24916,76,@christophebretagne8843,"Un grand joueur, humble et humain. RIP",4,Olympique Lyonnais
Résumé OL - Rennes : des buts de folie et un petit pas vers l'Europe (4-1),4111,192634,222,@lishar4083,pq ils jouaient pas comme ça face à MAN U,0,Olympique Lyonnais
Résumé Saint-Etienne - OL : Une défaite au goût amer (2-1),2129,309257,1040,@chq439,"L'équipe et le staff doivent être plus pragmatique, quand l'arbitrage est aussi Orienté ils doivent aller chercher le nul ou le 1-0 tout le monde sait que Lyon est l'équipe a abattre..✌️",0,Olympique Lyonnais
25 MINUTES DE BONHEUR : tous les buts des victoires de l’OL dans le derby depuis 25 ans !,978,37765,71,@dacoofficiel,🔴🔵🦁✨,5,Olympique Lyonnais
Hommage : Sur la route avec Bernard Lacombe,660,24916,76,@Isabelle-d5p,"Un joueur talentueux mais pas apprécié à sa juste valeur à l'époque.Je l'ai découvert à l'âge de dix ans et je l'ai toujours admiré 
Rip .Tu manqueras à beaucoup de monde.",2,Olympique Lyonnais
"Grand soleil aujourd’hui, mais il commence à pleuvoir 🥲 #ligue1 #football",2510,97904,68,@metou6661,"Rentrons, il pleut.
Merci pour tout Alex",2,Olympique Lyonnais
Hommage : Les meilleures punchlines de Bernard Lacombe sur OLTV,407,43392,36,@Brecholien44,Les commentaires de Lacombe 🤌🏻 Merci Bernard ❤️💙🕊️,5,Olympique Lyonnais
Read My Lips présenté par Emirates,348,6616,14,@الجمري-ن6ي,😂😂😂😂,1,Olympique Lyonnais
Résumé Manchester United - OL : immense déception (5-4),8851,751638,736,@PataphysiKe,"*Vous êtes au Top les gars , on est avec vous quoi qu'il  arrive, merci pour ces moments magiques*",9,Olympique Lyonnais
🕺🤣 #shorts #ol #cherki #football,1884,59587,68,@Shay-lw8wc,mdrrr😂,0,Olympique Lyonnais
Résumé Saint-Etienne - OL : Une défaite au goût amer (2-1),2129,309257,1040,@oliviergascongarcia3051,Les commentaires sont autant pitoyables que jubilatoires 🤣🤣 un régal ce chauvinisme d'ado,0,Olympique Lyonnais
Résumé OL - Rennes : des buts de folie et un petit pas vers l'Europe (4-1),4111,192634,222,@AmrNjah,🦁🔴🔵🔝,1,Olympique Lyonnais
Résumé Saint-Etienne - OL : Une défaite au goût amer (2-1),2129,309257,1040,@Alfred-qm1ow,"On se fout de l'un et de l'autre (allez Gf38! Ils vont tous vous écrabouiller), mais le carton rouge est beaucoup plus qu'évident.",0,Olympique Lyonnais
"Tout un symbole, l'offrande de Rayan pour le dernier but en Rouge & Bleu de son pote Alex 😍 #ligue1",1640,37505,26,@Lyl_11,Au final Lyon reste en ligue 1 ?,4,Olympique Lyonnais
Résumé OL - Angers : Le Général Alex Lacazette en patron pour sa dernière (2-0),3448,166651,190,@JohannesAlthusiusTheFirst,Je ne vois pas trop ce que Lacazette a de légendaire…,0,Olympique Lyonnais
Sans Crampons avec Clinton Mata,620,10263,29,@Email-j9e,Quel joueur en plus il est très gentil hors des matchs et on espère que tu vas rester pour la saison 2025/2026,1,Olympique Lyonnais
"Paulo Fonseca avant Monaco - OL : ""Je veux être l'entraîneur qui remet Lyon en Ligue des champions""",166,6272,41,@most-on-saddle,"Where's Cherki? Your c o c c ks gone bow? 5-4 Full Time at Old Trafford! 

- merci, Maguire!",0,Olympique Lyonnais
Résumé OL - RC Lens : Une défaite cruelle (1-2),868,81114,365,@userzjksdrhgkjzergnsklgj,"C'est de la faute de l'arbitre !
La preuve : Il y a même pas eu un seul pénalty pour Lacazette !
Quel scandale lyonnais !",2,Olympique Lyonnais
"""On doit s’excuser auprès de nos supporters"" : les réactions après ASSE-OL",249,12224,78,@nabilfekir69,"Cette semaine c’est un truc de ouf , entre le 2 eme jaune de Tolisso en Europa, inexistante la faute au passage…
Puis ce soir Stassin doit pas finir le match, et donc il doit jamais marquer ce 2 eme but.
Et Lyon aurait sûrement gagner le match.
J’espère que sur la fin de saison on sera européen.
Parce que la , ça fait mal au cu…
J ai pas d’autre mots",15,Olympique Lyonnais
Le plein d’énergie avec la présence de plus de 700 enfants de nos clubs partenaires 🙌 #ligue1 #bts,1341,34180,25,@JeyitM10,Joyeux anniversaire ❤❤,8,Olympique Lyonnais
“L'OL ça représente toute ma vie” : la dernière interview d'Alexandre Lacazette,2576,52622,169,@AmrNjah,🫡©️,0,Olympique Lyonnais
Résumé Manchester United - OL : immense déception (5-4),8851,751638,736,@blng5059,9 but. 1 min de vidéo….,6,Olympique Lyonnais
"100 humains VS 1 gorille, qui gagne ? 🦍 #shorts #ol #football",3658,209292,57,@lazargringo4169,Maitland niles c un tueur 😂 Je serait le 99 eme 😂😂😂🤣🤣🤣🤣🤣,0,Olympique Lyonnais
Résumé OL - RC Lens : Une défaite cruelle (1-2),868,81114,365,@alexbadg8734,"La catastrophe financière… on est tous triste tant au niveau de l’avenir du club, que le côté sportif de jouer la LDC
Aucune stabilité dans le club, le répercute aussi sur le terrain",5,Olympique Lyonnais
"Les réactions après OL - Angers : ""Merci à cette famille que j'ai retrouvée en revenant ici""",306,12253,34,@AmrNjah,شكرا لاكزت©️🦁🔵🔴,0,Olympique Lyonnais
Résumé AJA - OL : les Lyonnais se rapprochent du podium ! (1-3),3801,197584,215,@geoGg67,Trop bien de mettre des longs résumés! Travail quali des insides du cm de tout merci,3,Olympique Lyonnais
Résumé Saint-Etienne - OL : Une défaite au goût amer (2-1),2129,309257,1040,@Ashennn_one,Les larmes de Tolisso ne me suffisait alors je suis venu écouté ce résumé d'OLtv pour être bien rassasié 😹,0,Olympique Lyonnais
Résumé AJA - OL : les Lyonnais se rapprochent du podium ! (1-3),3801,197584,215,@kevin-wp2rb,Ça c’est un beau match collectif taper Manchester jeudi ça serais magnifique,2,Olympique Lyonnais
75 ans 🎂 #ol #shorts #olympiquelyonnais,836,20922,10,@dacoofficiel,🔴🔵🦁✨,2,Olympique Lyonnais
Résumé Saint-Etienne - OL : Une défaite au goût amer (2-1),2129,309257,1040,@FaersHsesd,I ve had this on repeat all day,0,Olympique Lyonnais
Les émotions 🥲 #ligue1 #bts #lacazette,4069,117722,83,@lamininho4744,"J’ai 28 ans et j’ai vu toute sa carrière à Lyon. Le temps passe vite, profitons de chaque instant, on parle de « la saison de trop » Emegha fait une top saison mais mets moins de buts que notre général, encore merci pour chaque émotion et bonne continuation 🫡",1,Olympique Lyonnais
Résumé Manchester United - OL : immense déception (5-4),8851,751638,736,@BASSZAMEGoroszország,Best Manchester United Semi Final,1,Olympique Lyonnais
"Georges Mikautadze avant OL-Lens : ""On a notre destin entre nos mains.""",272,10376,18,@ousmanea.sidibe1677,"Effectivement, trois finales qu'il faut gagner, avec de préférence un non score pour améliorer la différence de buts, pour etre au moins quatrième, sinon troisième.",0,Olympique Lyonnais
"Paulo Fonseca avant OL-Lens : ""L’ambition de gagner est dans l’esprit de tous.""",202,8918,18,@declo69120,Il a fait appel si je me trompe donc ce mois si on va savoir il serai mieux pret des joueur 😊,0,Olympique Lyonnais
Résumé Saint-Etienne - OL : Une défaite au goût amer (2-1),2129,309257,1040,@damienforot-naturopathie1870,Défense lyonnaise complètement a la rue ! 😮😮😮,6,Olympique Lyonnais
"Tout un symbole, l'offrande de Rayan pour le dernier but en Rouge & Bleu de son pote Alex 😍 #ligue1",1640,37505,26,@Murat-e3w1n,🎉ol c'est la première  équipe du monde,3,Olympique Lyonnais
Résumé Monaco - OL : les Lyonnais défaits à Louis II,741,69232,182,@alexandreh5942,Rip l'OL,8,Olympique Lyonnais
Résumé Manchester United - OL : immense déception (5-4),8851,751638,736,@BJackson.,What kind of stoopid commentators are these,0,Olympique Lyonnais
Entraînement veille de derby,793,15056,80,@sabrinasafsaf4250,"Allez OL❤❤ faisait la même quand Nabil Fekir a mis un doublé contre santé, si vous pouvez essayer de mettre comme la célébration deuxième but de Fekir péter un Cable qu’on dépasse Monaco et Marseille, I d’abord tu es Saint-Étienne et aller OL❤️❤️🟥🟦🟥🟦",0,Olympique Lyonnais
Hommage : Quand le football français célébrait les 70 ans de Bernard Lacombe,763,28233,71,@christophem8141,"J'ai dix de moins, mais tu as marqué à jamais toute une génération. Bravo Bernard Lacombe.... La colombe s'envole ! Repose en paix mon gars. 
Merci pour cet hommage.",4,Olympique Lyonnais
"Grand soleil aujourd’hui, mais il commence à pleuvoir 🥲 #ligue1 #football",2510,97904,68,@jean-christianchapelet8578,Merci ol❤❤,0,Olympique Lyonnais
On était avec Rayan Cherki quand il a appris LA nouvelle 😏👀 #ol #shorts,2349,79513,246,@bn7884,Le Rayan Harki 😊,0,Olympique Lyonnais
Résumé Manchester United - OL : immense déception (5-4),8851,751638,736,@MarxlaMenace59,"J'ai rien contre les joueurs mais commencer une deuxième fois avec Akouokou qui ne joue jamais. Ne faire qu'un changement contre Auxerre 
Laisser Almada tout le match 



Tout ça c'est criminel",3,Olympique Lyonnais
"La joie collective avec le parcage sur notre dernier but, c'est pour vous les Gones ! 🔥🦁💪 #bts",1338,28311,30,@atila101nomercy3,❤️ALLEZ💙 L'OLYMPIQUE⚽ LYONNAIS 🦁❣️❤️‍🔥😁☀️🫵🏾✨,0,Olympique Lyonnais
🤩 Une séquence à montrer dans toutes les écoles de foot ! 🎓 #shorts #ol,2348,52728,35,@dacoofficiel,🔴🔵🦁✨,3,Olympique Lyonnais
Résumé AJA - OL : les Lyonnais se rapprochent du podium ! (1-3),3801,197584,215,@SebBrandenberg,"En Anglais on prononce 'Lyon' le meme que en Francais, les gars! :) Lee-on. Pas 'Lie-on'.",0,Olympique Lyonnais
"""C'est une grosse déception"" : les réactions après OL - RC Lens (1-2)",109,10398,66,@lafuze6324,La Défense cest plus possible on peut pas défendre comme ça pour le gardien les 2 but il sont inévitable sur le 2ème but il était même pas marqué par un défenseur le lensois,1,Olympique Lyonnais
"La réaction de Paulo Fonseca après Manchester United - OL : ""Nous devons apprendre de ce moment""",287,21673,113,@justjacob360,GLORY GLORY MAN UNITED,3,Olympique Lyonnais
"Grand soleil aujourd’hui, mais il commence à pleuvoir 🥲 #ligue1 #football",2510,97904,68,@NolanPlassais,Merci général pour tout se que tu as fait pour le club 😢😢,51,Olympique Lyonnais
"Intérieur, extérieur ... Malick Fofana était on fire 🔥 #shorts #ol #football",1221,22264,30,@shayetetematkal8147,L année prochaine si tout se passe bien on a trio à couper le souffle,0,Olympique Lyonnais
"""Il fallait rester concentrés du début à la fin"" : Les réactions après AJA - OL",416,8917,39,@samuelavit5690,Nos brésiliens me régalent. Ils sont contents d'être là et font l'effort de parler FR. MERCI LES GARS !,0,Olympique Lyonnais
“L'OL ça représente toute ma vie” : la dernière interview d'Alexandre Lacazette,2576,52622,169,@Majorettegeraldine,"16:10 ""Plus nombreux sont les ennemis, plus belle est la victoire""",0,Olympique Lyonnais
🎧 L'avant-match avait bien commencé avec @Trinix 🔥,1184,49589,33,@christianzapata-d8i,"Dommage, je pense pas qu’on ira en ligue des champions, même si on avait très bien joué sur ce match, il ne mérite pas trop",0,Olympique Lyonnais
🥺 Les émotions #ol #football,1866,35243,62,@paulfernandez3941,J espère quand va sens sortir ❤❤❤🙏🙏🙏 pour vous deux des vrais lyonnais ça ce respect,1,Olympique Lyonnais
Une action qui respire le football (et le 6-9) 🔴🔵 #shorts #ol #football,1516,31866,119,@Anri-l7z,❤✝️🇬🇪✊🏻,0,Olympique Lyonnais
Gone pour toujours ❤️💙,1167,14249,56,@allezlom45,🧂🧂🧂 sa vit dans le passé comme vs etes fini 😂😂😂😂,0,Olympique Lyonnais
L'AVANT MATCH : MAN UTD - OL,369,13408,4,@LoganDartenset,Eux et toi comment ça,0,Olympique Lyonnais
Les émotions 🥲 #ligue1 #bts #lacazette,4069,117722,83,@HakimSaidi-fc7zf,merci alex tu reste dans notre cœur,5,Olympique Lyonnais
Nos clubs partenaires assistent à l'entraînement du groupe pro,146,4645,9,@med69016,https://youtu.be/gvGVYsCPmgU,0,Olympique Lyonnais
🎧 L'avant-match avait bien commencé avec @Trinix 🔥,1184,49589,33,@IliesKorkbane,Allez L’OL ❤️💙🦁,7,Olympique Lyonnais
Résumé Manchester United - OL : immense déception (5-4),8851,751638,736,@didilaa2358,C pour ça faut y aller doucement avec les célébrations de but..célébrez qd l’arbitre siffle la fin du match,0,Olympique Lyonnais
Résumé Manchester United - OL : immense déception (5-4),8851,751638,736,@rdz6407,Pas sûr qu’il faille le poster celui là,12,Olympique Lyonnais
🕺🤣 #shorts #ol #cherki #football,1884,59587,68,@Hugo-k5y7h,Il est drôle Rayan 😂❤❤,27,Olympique Lyonnais
Résumé OL - RC Lens : Une défaite cruelle (1-2),868,81114,365,@ndiennetv6389,Perdu 150000f pour lyon nul 😭😭😭😭,0,Olympique Lyonnais
Résumé OL - RC Lens : Une défaite cruelle (1-2),868,81114,365,@partisandesahlal-bayt1900,"Qu’on le veuille ou non, l’arbitre n’a pas sifflé un penalty, ce n’est pas une erreur mais c’est volontaire de l’arbitrage",6,Olympique Lyonnais
Résumé Saint-Etienne - OL : Une défaite au goût amer (2-1),2129,309257,1040,@mamadouD94,1:51 et 3:37 parce que je sais qu'on est tous venu pour la même chose 😂😂😂,1,Olympique Lyonnais
25 MINUTES DE BONHEUR : tous les buts des victoires de l’OL dans le derby depuis 25 ans !,978,37765,71,@OlympiqueLyonnais,🧠✨Quel but reste gravé dans votre mémoire ? 💬,6,Olympique Lyonnais
Résumé Manchester United - OL : immense déception (5-4),8851,751638,736,@olivieramani821,"Onana vous avez prévenu mais
comme vous avez la tête dure❗️😂🤣🤣😂🤣😂",0,Olympique Lyonnais
Entraînement veille de derby,793,15056,80,@monavis5924,Superbe ambiance,2,Olympique Lyonnais
Hommage : Les meilleures punchlines de Bernard Lacombe sur OLTV,407,43392,36,@westwest7349,On renomme le stade: Bernard Lacombe à moins que Gerland ?,3,Olympique Lyonnais
Résumé Saint-Etienne - OL : Une défaite au goût amer (2-1),2129,309257,1040,@GoudaneMorel,Allé asse allé les verre,1,Olympique Lyonnais
"Grand soleil aujourd’hui, mais il commence à pleuvoir 🥲 #ligue1 #football",2510,97904,68,@Ly0nnais7,Merci Général lacazette 😢,0,Olympique Lyonnais
"🎥💔 Un dernier moment, une dernière étreinte #shorts #ol",2083,90296,25,@soumayladiaby7716,Général est trop humain🎉,1,Olympique Lyonnais
Résumé Manchester United - OL : immense déception (5-4),8851,751638,736,@hillvineyard,Qué despropósito de comentarios son estos?,0,Olympique Lyonnais
Entraînement veille de derby,793,15056,80,@yvesschmit2561,Putains fier d'être pour Lyon Allez Lyon corrigé la ASSE,0,Olympique Lyonnais
Avec notre maillot extérieur ce soir 🦁⚫️ #football #ligue1 #asmol,541,8566,15,@CarlMazzola,"Allez,les gones encore deux match et ont fera un bilan après 😂🎉",0,Olympique Lyonnais
"Alexandre Lacazette avant le derby contre l'ASSE : ""La saveur d’un derby ne change pas""",431,13938,80,@JonasA95,Always with OL from DK 🇩🇰🇫🇷,21,Olympique Lyonnais
"""C'est une grosse déception"" : les réactions après OL - RC Lens (1-2)",109,10398,66,@AurelianoBuendia-qu2hn,L'impression de vivre un troisième mandat de Foutriquet ! 😤,0,Olympique Lyonnais
Une action qui respire le football (et le 6-9) 🔴🔵 #shorts #ol #football,1516,31866,119,@WilliamKerikorian-f5x,Jonathan David,0,Olympique Lyonnais
“L'OL ça représente toute ma vie” : la dernière interview d'Alexandre Lacazette,2576,52622,169,@MgMk-r5w,"On t'aime alex, merci pour tout",0,Olympique Lyonnais
25 MINUTES DE BONHEUR : tous les buts des victoires de l’OL dans le derby depuis 25 ans !,978,37765,71,@jeremyg.7143,"Sainté a sorti la même vidéo, elle dure 2min30.",54,Olympique Lyonnais
"Moussa Niakhaté avant OL - Rennes : ""On a hâte de rectifier le tir""",182,4556,30,@fleche4614,"Ce n est pas mental  le dernier  but contre man United  et le premier  but de stassin , c est un manque de qualité !",2,Olympique Lyonnais
Félicitations au jeune papa ! 👏💕 #shorts #olympiquelyonnais #lucasperri,1691,54658,52,@Eliott-lo9hk,Félicitations Lucas ! 😍,2,Olympique Lyonnais
LE MATCH : OL - Angers SCO,371,13359,27,@DylanGrollet,On est en conférence league 🎉🎉🎉🎉🎉🎉,1,Olympique Lyonnais
Résumé OL - Rennes : des buts de folie et un petit pas vers l'Europe (4-1),4111,192634,222,@thedoggaming1188,"les hors jeux siffler 3 jours après l'actions j'en peut plus, le joueur et hors jeux il joue le ballon lève le drapeau et siffle point",0,Olympique Lyonnais
"Alexandre Lacazette avant le derby contre l'ASSE : ""La saveur d’un derby ne change pas""",431,13938,80,@dacoofficiel,🔴🔵🦁✨,1,Olympique Lyonnais
Résumé Manchester United - OL : immense déception (5-4),8851,751638,736,@pascalmascareta5375,"Triste fin . Le carton rouge a pesé, sans cela ça passait.",0,Olympique Lyonnais
Résumé Saint-Etienne - OL : Une défaite au goût amer (2-1),2129,309257,1040,@dacoofficiel,🔴🔵🦁✨,9,Olympique Lyonnais
Une action qui respire le football (et le 6-9) 🔴🔵 #shorts #ol #football,1516,31866,119,@Riri-69i7t,J ai trop de la chance j etai a ce matchs au bad gones😊,4,Olympique Lyonnais
Lucas do Brazil 😮‍💨🇧🇷 #shorts #ol #football,713,21016,15,@pascalgritou,"C'est à cause de lui qu'on en est la ou on en est aujourd'hui... même si c'est un très bon gars,... Le mec c barré contre St-Etienne ... pas le droit je comprend même pas comment ils ont laissé faire ça...bref après antho il devait être irréprochable et c'est pas du tout le cas",0,Olympique Lyonnais
"""Il fallait rester concentrés du début à la fin"" : Les réactions après AJA - OL",416,8917,39,@ADEL69184,Magnifique,4,Olympique Lyonnais
LE MATCH : MAN UTD - OL,641,48377,149,@doudalia,Le joueur qui peut pas courir ta climatisé 😂😂😂,0,Olympique Lyonnais
Résumé Manchester United - OL : immense déception (5-4),8851,751638,736,@BlueWhiteRed_Patriote,"Ok t'es a 10,mais ca t'empêche pas de revenir a 2-2 🤬 le 4-4 tu dois pas le prendre, ca défend pas assez taclez je sais pas moi 😮😮
J'espère qu'ils retiendront la leçon pour la prochaine saison : un match n'est jamais fini... surtout en Angleterre 🤬🤬🤬",5,Olympique Lyonnais
"Rayan Cherki : ""J'aime le beau jeu et le spectacle""",651,20906,72,@AdmAdm-g4v,"Cherki et Nabilla Fekir c'est kif-kif, alors la réponse donner au journaliste quand il vous demander pour l'équipe nationale d'Algérie, le charki a répondu chaque chose en son temps 🤣🤣,  🇩🇿 est plus grande que toi,  Les algérien son contre ta venue ainsi que le sélectionneur Aller va rejoindre Nabilla Fekir,",2,Olympique Lyonnais
On était avec Rayan Cherki quand il a appris LA nouvelle 😏👀 #ol #shorts,2349,79513,246,@CherchePas-f9j,C'harki,0,Olympique Lyonnais
Résumé AJA - OL : les Lyonnais se rapprochent du podium ! (1-3),3801,197584,215,@bilala7622,Perri faut vraiment qu'il arrête de boxer les ballons plein axe comme ça c'est hyper dangereux,1,Olympique Lyonnais
25 MINUTES DE BONHEUR : tous les buts des victoires de l’OL dans le derby depuis 25 ans !,978,37765,71,@naxoc5783,pourquoi il n'y a rien de 2001 à 2004 et de 2022 à 2024 ?,5,Olympique Lyonnais
Résumé AJA - OL : les Lyonnais se rapprochent du podium ! (1-3),3801,197584,215,@ZangoTBZ,C'est pas une vraie célébration si Cherki t'envoi pas 2/3 tâchons 😂,0,Olympique Lyonnais
Résumé Manchester United - OL : immense déception (5-4),8851,751638,736,@shonik6920,C'est pas Julien brun le commentateur ?,0,Olympique Lyonnais
"""On doit s’excuser auprès de nos supporters"" : les réactions après ASSE-OL",249,12224,78,@brunowayne-i6z,"On est pas aux excuses, ça ne sert à rien, hier il y avait des faits de jeu contre l'OL, quelque soit la compo de l'équipe, rien n'aurait changé, c'est à l'arbitre et surtout la ligue de s'excuser, s'ils sont intelligents bien sur...",0,Olympique Lyonnais
Hommage : Quand le football français célébrait les 70 ans de Bernard Lacombe,763,28233,71,@furyball7086,"Un lion ne meurt jamais. Il dort.
Quel homme vraiment. Un exemple.",35,Olympique Lyonnais
"Grand soleil aujourd’hui, mais il commence à pleuvoir 🥲 #ligue1 #football",2510,97904,68,@AmazingJambon,Vous me rendez dépressif et pourtant qu'est-ce que je vous aime...,0,Olympique Lyonnais
Résumé Manchester United - OL : immense déception (5-4),8851,751638,736,@manickdeng4995,Quel match belle victoire pour Manchester United mais franchement Lyon ils n’ont pas démérité.,3,Olympique Lyonnais
Rayan Cherki ✨ #ligue1 #training #football,622,26804,55,@LorenzoLorenzo-oc3sz,"VOUS ÊTES FOURTUS 😂😂😂😂😂😂
ET N'OUBLIEZ JAMAIS : IL NY A QU'UN SEUL OLYMPIQUE 💙🤍💙🤍💙🤍",0,Olympique Lyonnais
Résumé OL - Rennes : des buts de folie et un petit pas vers l'Europe (4-1),4111,192634,222,@LaparMakan-u2k,Gg comentator,0,Olympique Lyonnais
Warm up ⚽️ #ol #shorts #olympiquelyonnais,368,5503,6,@Momo-69-y5z,👌👌👌👌,0,Olympique Lyonnais
Résumé Manchester United - OL : immense déception (5-4),8851,751638,736,@PaytonStephens-b8l,Algorithm finally did something right,0,Olympique Lyonnais
"Rayan Cherki avant OL - Angers : ""On sait que les chances sont infimes, mais on y croit""",376,15826,45,@69KHOZA,"Sa fraîcheur et son naturel font tellement de bien à ce foot aseptisé.. dommage de perdre ce joueur qui aime tellement notre ville .. bonne route Rayan, déchire tout !",0,Olympique Lyonnais
"""On doit s’excuser auprès de nos supporters"" : les réactions après ASSE-OL",249,12224,78,@AmrNjah,😮😮😮,0,Olympique Lyonnais
Hommage : Sur la route avec Bernard Lacombe,660,24916,76,@gregorybolle2181,Très bien ce documentaire,0,Olympique Lyonnais
Lucas do Brazil 😮‍💨🇧🇷 #shorts #ol #football,713,21016,15,@electroma97,Goat ❤💙,1,Olympique Lyonnais
"Les réactions après OL - Angers : ""Merci à cette famille que j'ai retrouvée en revenant ici""",306,12253,34,@ChantalNaroyanin,"Merci mais grand merci à toute l Équipe Lyonnaise 
Surtout g.Merci  au Général Lacasette A. Dieu te Bénisse et te protège pour le reste de ta carrière  . Mne rouge v.joli la Martinique ❤",0,Olympique Lyonnais
LE MATCH : MAN UTD - OL,641,48377,149,@earthteamjordan,Man United needed 1 extra player + 1 red card + 1 penalty + 35 extra minutes to defeat Lyon. If the situation was reversed Manchester could never go from 2-2 to 4-2 with 10 players.,1,Olympique Lyonnais
Résumé Manchester United - OL : immense déception (5-4),8851,751638,736,@Gameman34346,"Well played lyon 
But 






GLORY GLORY MAN UNITEEEEDDDDDDDDD",0,Olympique Lyonnais
Retour au travail 👊 🔜 #olsrfc #training #ligue1,927,12950,21,@jj-p2654,FAITES JOUER NEMAAA,0,Olympique Lyonnais
Les émotions 🥲 #ligue1 #bts #lacazette,4069,117722,83,@otto_wiz,A jamais dans nos coeurs Général Alex Lacazette ❤💙❤️💙,50,Olympique Lyonnais
🇬🇪 🇫🇷 Leçon de Géorgien avec Georges Mikautadze et Rayan Cherki 😂 #shorts #ol,2992,177946,62,@Israel-palestine-pourlapaix,C'est 2 pti me font rire . J'aime bien cette mentalité faut qui reste les 2.,0,Olympique Lyonnais
Résumé OL - Rennes : des buts de folie et un petit pas vers l'Europe (4-1),4111,192634,222,@Snowboard431,Adieu la LDC 😢😢🤣🤣💚💚,0,Olympique Lyonnais
"Rayan Cherki : ""J'aime le beau jeu et le spectacle""",651,20906,72,@CherchePas-f9j,Rayan c'harki,0,Olympique Lyonnais
Résumé AJA - OL : les Lyonnais se rapprochent du podium ! (1-3),3801,197584,215,@tfkamnesia9116,"Let’s gooo 🎉
Super les commentateurs 😊",1,Olympique Lyonnais
Les émotions 🥲 #ligue1 #bts #lacazette,4069,117722,83,@juliedoussiere627,J i étaient un like si vous l aimer,1,Olympique Lyonnais
🕺🤣 #shorts #ol #cherki #football,1884,59587,68,@mathilde12345-c,Omg❤,1,Olympique Lyonnais
Résumé Saint-Etienne - OL : Une défaite au goût amer (2-1),2129,309257,1040,@N.C-z7m,InchaAllah qu'on termine 7e pour gagner la conference league l'an prochain. Aller l'ol.,0,Olympique Lyonnais
"La joie collective avec le parcage sur notre dernier but, c'est pour vous les Gones ! 🔥🦁💪 #bts",1338,28311,30,@lennoxlindsay7282,I love Lyon,7,Olympique Lyonnais
Une victoire de caractère : OL-Rennes (2023),358,19402,29,@Kylo69000,Barcola qui embrasse le maillot mdrrr tout ça pour partir à Paris,5,Olympique Lyonnais
Dans les coulisses de notre victoire face à Angers (2-0),303,7900,14,@Beldia-i2o,"Ce duo cherki - général , c’est vraiment beau à voir",6,Olympique Lyonnais
Résumé Manchester United - OL : immense déception (5-4),8851,751638,736,@philippeminier2663,"Pitoyables commentateurs lyonnais, toujours aussi blaireaux 😅",0,Olympique Lyonnais
Focus sur Malick Fofana vs Rennes,1028,17124,10,@alap124,L ol !❤❤❤❤❤❤❤,4,Olympique Lyonnais
Résumé Saint-Etienne - OL : Une défaite au goût amer (2-1),2129,309257,1040,@momodoudoucamara2759,"nimporte quoi, lyon a deja fait une tres bonne saison et très bon  europa league allez les gones allez niakhate",0,Olympique Lyonnais
Résumé Saint-Etienne - OL : Une défaite au goût amer (2-1),2129,309257,1040,@cricrimmm,Commentaires en carton 📦,0,Olympique Lyonnais
Bernard Lacombe 🙏❤️💙 #shorts #ol,1038,21416,33,@KamelNB213,Ce serait beau que les Bad Gone crée un chant pour Bernard Lacombe. Un chant présent à tous les matchs !,3,Olympique Lyonnais
Résumé Saint-Etienne - OL : Une défaite au goût amer (2-1),2129,309257,1040,@nasfiprod4063,Mdrr l'autre commentateur peux garder c'est commentaire pour chez lui devant sa Télé slvp,0,Olympique Lyonnais
Résumé Manchester United - OL : immense déception (5-4),8851,751638,736,@LadronInterista,"Ouiiiiii ouuiiiii , non non",0,Olympique Lyonnais
"🧤 Claquettes, parades, Lucas Perri a été décisif de nombreuses fois cette saison #ol #football",844,13536,28,@star_2.0.78,Ne t'inquiètes pas Antho ta relève est assurée,2,Olympique Lyonnais
25 MINUTES DE BONHEUR : tous les buts des victoires de l’OL dans le derby depuis 25 ans !,978,37765,71,@fifou6901,Le but de bastos et le chambrage derrière... 😍,2,Olympique Lyonnais
"Trainline Challenge : à vos marques, voyagez !",1053,24017,42,@yanniskimbatsa9312,Enzooo,0,Olympique Lyonnais
Résumé Manchester United - OL : immense déception (5-4),8851,751638,736,@AmrNjah,🦁,0,Olympique Lyonnais
"🧤 Claquettes, parades, Lucas Perri a été décisif de nombreuses fois cette saison #ol #football",844,13536,28,@sinystr672,"On a eu un grand Antho pendant des années, espérons qu'on ait un Lucas de ce niveau pendant de nombreuses années",1,Olympique Lyonnais
Résumé Saint-Etienne - OL : Une défaite au goût amer (2-1),2129,309257,1040,@darc8844,C'est magnifique 😂 merci de remonté le moral d'un marseillais mais pas de panique on perd nos 4 derniers macths,0,Olympique Lyonnais
Résumé OL - RC Lens : Une défaite cruelle (1-2),868,81114,365,@andrelesueur6252,Quels pleureurs ces commentateurs !!,0,Olympique Lyonnais
"100 humains VS 1 gorille, qui gagne ? 🦍 #shorts #ol #football",3658,209292,57,@tbpro-p6h,Du nimporte quoi,2,Olympique Lyonnais
Résumé OL - RC Lens : Une défaite cruelle (1-2),868,81114,365,@jeanuguet8440,"Lens, le plus grand club de France.",0,Olympique Lyonnais
“L'OL ça représente toute ma vie” : la dernière interview d'Alexandre Lacazette,2576,52622,169,@didinvictus,On en parle pas mais le fait de ne pas avoir fait plus de match en équipe de France... Quand Didier choisi gignac au lieu de lacazette c'est honteux (notre capitaine ne l'aurait pas mise sur le poteau lui :)). Félicitation pour ce grand parcours!,0,Olympique Lyonnais
Résumé Saint-Etienne - OL : Une défaite au goût amer (2-1),2129,309257,1040,@eh7373,💚💚💚💚💚,3,Olympique Lyonnais
75 ans 🎂 #ol #shorts #olympiquelyonnais,836,20922,10,@Momo-69-y5z,👌,0,Olympique Lyonnais
"Grand soleil aujourd’hui, mais il commence à pleuvoir 🥲 #ligue1 #football",2510,97904,68,@Ludo_Petit_69,❤Merci mon général 🫡💙,0,Olympique Lyonnais
"Alexandre Lacazette avant le derby contre l'ASSE : ""La saveur d’un derby ne change pas""",431,13938,80,@zolanimbhele5288,YANITED YANITED!!!!!!!!!!5-4❤❤❤❤❤❤,0,Olympique Lyonnais
Résumé Saint-Etienne - OL : Une défaite au goût amer (2-1),2129,309257,1040,@olivieralicia9443,Les Lyonnais 😂😂😂😂,0,Olympique Lyonnais
"Corentin Tolisso avant Manchester - OL : ""Etre très agressifs et marquer """,611,17627,37,@Mwura_wav,Aller l OL❤💙,1,Olympique Lyonnais
J’ai tellement faim que je pourrais manger … 🔴🔵 #shorts #ol #football,1391,83639,23,@romain8269,Et niakamerde il a faim ce gruyère ?,2,Olympique Lyonnais
Résumé OL - RC Lens : Une défaite cruelle (1-2),868,81114,365,@GuillaumeSTRIPPOLI-f3z,"les commentaires des ""commentateurs"" sont insupportables. à gerber.",0,Olympique Lyonnais
"Corentin Tolisso avant Manchester - OL : ""Etre très agressifs et marquer """,611,17627,37,@alexandreporte3544,❤️💙 un match hors de la saison faites nous rêver encore on veut y croire à cette coupe.,3,Olympique Lyonnais
Résumé OL - Rennes : des buts de folie et un petit pas vers l'Europe (4-1),4111,192634,222,@mustaphabaroudi5421,❤❤❤❤❤😊😊😊😊 aller ol,0,Olympique Lyonnais
On était avec Rayan Cherki quand il a appris LA nouvelle 😏👀 #ol #shorts,2349,79513,246,@brunop2927,Cherki le crack,25,Olympique Lyonnais
Résumé Saint-Etienne - OL : Une défaite au goût amer (2-1),2129,309257,1040,@anonymous-1815,Le seum des commentateurs 😂,0,Olympique Lyonnais
On était avec Rayan Cherki quand il a appris LA nouvelle 😏👀 #ol #shorts,2349,79513,246,@sofianemimoun8537,Opportuniste va,1,Olympique Lyonnais
"""On doit s’excuser auprès de nos supporters"" : les réactions après ASSE-OL",249,12224,78,@pierrendg2210,Rien à foutre de l’arbitrage ! Comment gagner un match avec une équipe qui prend 2 à 3 buts par matchs ??? On peut avoir des explications sur les compos moisis que nous sort le coach ?? Et comment gagner en jouant à peine une mi-temps par matchs ????,0,Olympique Lyonnais
"Rayan Cherki avant OL - Angers : ""On sait que les chances sont infimes, mais on y croit""",376,15826,45,@Hardoro-u7h,Cherki a beaucoup changer il va allez très loin dans l'avenir ❤️💙,1,Olympique Lyonnais
On était avec Rayan Cherki quand il a appris LA nouvelle 😏👀 #ol #shorts,2349,79513,246,@Joyboy00784,Vien pas pleurer après,3,Olympique Lyonnais
Une action qui respire le football (et le 6-9) 🔴🔵 #shorts #ol #football,1516,31866,119,@mouradbelil9133,Qui habite dans le 69 ici,0,Olympique Lyonnais
"""Il fallait rester concentrés du début à la fin"" : Les réactions après AJA - OL",416,8917,39,@Batistebatangabatuvuidi,Meme Abner parle déjà  le français  bravo❤❤,0,Olympique Lyonnais
Résumé Manchester United - OL : immense déception (5-4),8851,751638,736,@FMJParis18,"Même pas fan de Lyon mais franchement je suis dégoûté pour les Lyonnais ! À 4-2 on s'est dit que c'est bon, ils l'ont fait à 10min de la fin mais non leurs adversaires sont revenus. Bravo à ces deux équipes !",0,Olympique Lyonnais
Résumé AJA - OL : les Lyonnais se rapprochent du podium ! (1-3),3801,197584,215,@manuleb7411,Mais qu'est-ce qu'on fabrique làaaa!! 😂,0,Olympique Lyonnais
"Mikautadze, Cherki, Lacazette : les 10 plus beaux buts de l'OL cette saison !",693,20643,31,@florian-yn1fz,Mikautadze contre Le Havre je m’en remets toujours pas,0,Olympique Lyonnais
Les émotions 🥲 #ligue1 #bts #lacazette,4069,117722,83,@marieastier5381,"Oui merci de tout cœur Alexandre... 
Vous avez toujours été fidèle à votre ville et équipe de coeur. 
Merci... toujours et à jamais dans notre coeur.❤❤❤❤❤🎉",2,Olympique Lyonnais
Read My Lips présenté par Emirates,348,6616,14,@jujlieyousu,Tagliafico doit rester je l'aime trop,2,Olympique Lyonnais
Félicitations au jeune papa ! 👏💕 #shorts #olympiquelyonnais #lucasperri,1691,54658,52,@mayricksanchez6713,Félicitations Lucas 🎉❤,1,Olympique Lyonnais
Retour au travail 👊 🔜 #olsrfc #training #ligue1,927,12950,21,@mambovuando8705,y'a Matic.. we will see maais si y'a pas victoire contre Rennes et que Matic joue pas........................................................,11,Olympique Lyonnais
"100 humains VS 1 gorille, qui gagne ? 🦍 #shorts #ol #football",3658,209292,57,@djamelbouzefrane1578,Ils en discutaient sur le terrain face aux lensois ahahaha,2,Olympique Lyonnais
Résumé Manchester United - OL : immense déception (5-4),8851,751638,736,@SonyKETIF,"From a Manchester United fan, wesh pelo c'était une dinguerie ce match j'ai cher le seum qu'on ait perdu",1,Olympique Lyonnais
"Rayan Cherki avant OL - Angers : ""On sait que les chances sont infimes, mais on y croit""",376,15826,45,@BilalHadimli,Moi aussi je suis supporters olympiques lyonnais mais je suis désu pas se que on n'a pas été trop fort contre Monaco et toute les équipes il faut que Lyon il touoi être 1 première classement,0,Olympique Lyonnais
On était avec Rayan Cherki quand il a appris LA nouvelle 😏👀 #ol #shorts,2349,79513,246,@nasm4304,"Cherki a fait le choix du coeur, les algériens ont fait le choix de l'aigreur 😅",0,Olympique Lyonnais
Résumé Manchester United - OL : immense déception (5-4),8851,751638,736,@bibhushanrajthala,Abs cinema.. what a comeback what a game,0,Olympique Lyonnais
Résumé Manchester United - OL : immense déception (5-4),8851,751638,736,@RioEditzzYt,Ezzzzzzzzz,0,Olympique Lyonnais
Quart de finale retour en approche 👀 #shorts #ol,630,10347,29,@EddyJonx,"Pas mal la musique 

Oasis - wonderwall",0,Olympique Lyonnais
Entraînement veille de derby,793,15056,80,@geist4809,Allez l’OL de la Nouvelle-Calédonie,23,Olympique Lyonnais
"🪄 Rayan Cherki, Top Passeur Ligue 1 2024-2025 🤩🔴🔵 #ligue1 #football",1530,24786,48,@thepunisher1799,"Meilleur passeur de L1 💥
Meilleur passeur d’Europa League 💥
Meilleur dribbleur de L1💥
🔥🔥🔥🔥🔥",12,Olympique Lyonnais
Résumé OL - Rennes : des buts de folie et un petit pas vers l'Europe (4-1),4111,192634,222,@br_onze_11,La prestation de Lyon est très haut dessus de match en match,0,Olympique Lyonnais
"La réaction de Paulo Fonseca après Manchester United - OL : ""Nous devons apprendre de ce moment""",287,21673,113,@AndreaLupi3703,🇨🇵❤️🔵⚪️🔴tres fiere,3,Olympique Lyonnais
Résumé Saint-Etienne - OL : Une défaite au goût amer (2-1),2129,309257,1040,@lemoniteurdeski,Les commentateurs ont été recrutés par le FC POLE EMPLOI.,2,Olympique Lyonnais
Résumé OL - RC Lens : Une défaite cruelle (1-2),868,81114,365,@andreaa3262,regalade,0,Olympique Lyonnais
On était avec Rayan Cherki quand il a appris LA nouvelle 😏👀 #ol #shorts,2349,79513,246,@brittarmwood2910,Free Palestine 🇵🇸🇵🇸,0,Olympique Lyonnais
Résumé Saint-Etienne - OL : Une défaite au goût amer (2-1),2129,309257,1040,@renanlemestre6568,,0,Olympique Lyonnais
Résumé Saint-Etienne - OL : Une défaite au goût amer (2-1),2129,309257,1040,@olilor1773,Les commentaires c'est un sket quelle mauvaise foi,0,Olympique Lyonnais
"Grand soleil aujourd’hui, mais il commence à pleuvoir 🥲 #ligue1 #football",2510,97904,68,@Eliott-lo9hk,Merci beaucoup général ! 🫡🦁🔴🔵,1,Olympique Lyonnais
L'intégrale des 201 buts d'Alexandre Lacazette sous le maillot l'OL,1539,51939,100,@thegus5824,"Pas mal pour un mec qui ne marquait que des penalties (selon les marseillais, les parisiens, les stéphanois, les bordelais et tous les autres!)",0,Olympique Lyonnais
Résumé AJA - OL : les Lyonnais se rapprochent du podium ! (1-3),3801,197584,215,@adityabasnet528,This lypn will beat United in old Trafford.,1,Olympique Lyonnais
On était avec Rayan Cherki quand il a appris LA nouvelle 😏👀 #ol #shorts,2349,79513,246,@keysersoze7491,À la moindre passe latérale à trois mètres les journalistes de l’équipe vont avoir les yeux révulsés et la bave aux lèvres et vont commencer à parler de ballon d’or😂😂😂,0,Olympique Lyonnais
Résumé Manchester United - OL : immense déception (5-4),8851,751638,736,@Conehead68,"C'est marrant, on entend beaucoup moins les commentateurs sur la fin 😂😂😂 !",0,Olympique Lyonnais
Résumé Manchester United - OL : immense déception (5-4),8851,751638,736,@BrianCastor-m4h,Manchester united 💪🏾 🎉🎉,1,Olympique Lyonnais
Résumé OL - Angers : Le Général Alex Lacazette en patron pour sa dernière (2-0),3448,166651,190,@ErdalOkmen-g9i,Le penalty de lacazette devrait être refuser nouvelle règle tu n'a pas le droit de t'arrête avant de frapper bref les règle de la FIFA et les arbitres français c'est zéro 😂,0,Olympique Lyonnais
Les émotions 🥲 #ligue1 #bts #lacazette,4069,117722,83,@kgoule777,Merci pour tout général ❤prend soin de toi et ta famille !,1,Olympique Lyonnais
Résumé Manchester United - OL : immense déception (5-4),8851,751638,736,@United_Wings,Ha lol 😂😂,0,Olympique Lyonnais
“L'OL ça représente toute ma vie” : la dernière interview d'Alexandre Lacazette,2576,52622,169,@thomasroulet7767,Légende à vie🦁,0,Olympique Lyonnais
Résumé OL - Angers : Le Général Alex Lacazette en patron pour sa dernière (2-0),3448,166651,190,@WilsonMaxivel,Merci le Général Lacazette je t'aime ❤❤❤ la légende de l'Olympique Lyonnais tu restera gravais pour toujours dans l'histoire du football merci pour tout pour ce que ta fait pour l'Olympique Lyonnais 😢,1,Olympique Lyonnais
Quart de finale en approche 👀 #europaleague #football,791,11914,23,@Panenka100,"La petite pique à United avec l'instrumentale d'Oasis (fans de City), on valide",20,Olympique Lyonnais
Résumé OL - RC Lens : Une défaite cruelle (1-2),868,81114,365,@pierrealexis4530,j'ai adoré le commentateur... ce niveau de rage pendant tout le match !! Comme un gosse de 12ans qui perd sur fifa lol,0,Olympique Lyonnais
Résumé OL - Rennes : des buts de folie et un petit pas vers l'Europe (4-1),4111,192634,222,@kensem3858,Qui ne saute pas n’est pas lyonnais eh,0,Olympique Lyonnais
“L'OL ça représente toute ma vie” : la dernière interview d'Alexandre Lacazette,2576,52622,169,@Andrearose691,On t’aime merci pour tout NOTRE CAPI ♥️💙🥹,0,Olympique Lyonnais
Résumé Saint-Etienne - OL : Une défaite au goût amer (2-1),2129,309257,1040,@baptistedescollonges5557,Ça s'appelle un vole. Le rouge annulé stratosphérique et c'est le gars qui marque le but de la victoire derrière... Un scandale,0,Olympique Lyonnais
🇬🇪 🇫🇷 Leçon de Géorgien avec Georges Mikautadze et Rayan Cherki 😂 #shorts #ol,2992,177946,62,@franckertz8990,Vous avez le temps maintenant pour le barbecue 😂😂😂,1,Olympique Lyonnais
🌠 Rayan Cherki. Lyonnais pour toujours ! #shorts #ol #football #cherki,1487,16391,38,@jojoetxena,"Merci à lui 
Trop belle la video",2,Olympique Lyonnais
Entraînement veille de derby,793,15056,80,@taz454,"Where's the Old Trafford highlights???? 
Don't be ashamed.",1,Olympique Lyonnais
Résumé Manchester United - OL : immense déception (5-4),8851,751638,736,@posijohn5604,"Man u fan here, my respect for lyon will be likened to the bayern team of 1999...
Your boys gave everything even with a man down..",2,Olympique Lyonnais
Résumé Saint-Etienne - OL : Une défaite au goût amer (2-1),2129,309257,1040,@ameatort8715,"le commentateur , à ch..",0,Olympique Lyonnais
Résumé Saint-Etienne - OL : Une défaite au goût amer (2-1),2129,309257,1040,@michelhadjali3327,Une équipe de l'OL désemparée face à un arbitrage central défectueux aux ordres de L'AVAR. Où est lavérité ?,0,Olympique Lyonnais
Résumé AJA - OL : les Lyonnais se rapprochent du podium ! (1-3),3801,197584,215,@eustacherabens2471,Almada a fait un travail incroyable dans cette equipe de LOL❤❤❤❤,4,Olympique Lyonnais
Résumé Saint-Etienne - OL : Une défaite au goût amer (2-1),2129,309257,1040,@reality_hydrozz4287,WoW… on aurait pas jouer les matchs cette semaine ça aurait fait moins mal,0,Olympique Lyonnais
Résumé OL - Rennes : des buts de folie et un petit pas vers l'Europe (4-1),4111,192634,222,@dacoofficiel,🔴🔵🦁✨,1,Olympique Lyonnais
Résumé OL - Angers : Le Général Alex Lacazette en patron pour sa dernière (2-0),3448,166651,190,@abdoulayesoukouna7278,Merci pour tout 🎉💪❤,0,Olympique Lyonnais
“L'OL ça représente toute ma vie” : la dernière interview d'Alexandre Lacazette,2576,52622,169,@latimfoot4581,"Pleins de bonnes choses alex 🤞🏼
Une carrière de footballeurs ou un boulot 35 semaine ( ton destin est ton abnégation à fait que qu'il a eu une belle carrière 🤎💜

Le foot permet une retraite à cette âge là, 
Ovrir un resto ou une boîte de nuit est voilà avec madame est les enfants 
Quelques pays à visiter le meilleur remède après carrière 

Mais je comprend les footballeurs l après carrière il faut gérer est ca doit pas être évident 
Mais ta tout €€€€€€€€ 👍🏻👍🏻👍🏻👍🏻
Force @ Olympique lyonnais ahouuu",1,Olympique Lyonnais
"Paulo Fonseca avant le derby contre l'ASSE : ""Nous n’avons pas le temps d’être dépressifs""",178,5980,22,@cloven278,Je lui en veux énormément....il a joué petite bite à la française comme tout ses prédécesseurs en coupe d'Europe...Puel Perrin sage (conte paris)... composition et choix tactique incompréhensible contre Manchester. Apparemment il est coutumier du fait. J'arrive pas à décolèrer,6,Olympique Lyonnais
Résumé Saint-Etienne - OL : Une défaite au goût amer (2-1),2129,309257,1040,@RascarCapac4,"Apres le resumé OL-OM , Man U-OL , c'est mon troisième résumé préféré de l'année !",9,Olympique Lyonnais
Résumé Manchester United - OL : immense déception (5-4),8851,751638,736,@kaashifkhan5346,Olympic Mayonaise,0,Olympique Lyonnais
Résumé OL - Angers : Le Général Alex Lacazette en patron pour sa dernière (2-0),3448,166651,190,@julien7705,On va en ligue 2 on va en ligue 2 on va on va on va en ligue 2 😢!!,0,Olympique Lyonnais
"""C'est une grosse déception"" : les réactions après OL - RC Lens (1-2)",109,10398,66,@youss1142,Niakhate nul à chier 32 millions et rien qu'il nous coûte des buts dire qu'on avait o brien,0,Olympique Lyonnais
Bernard Lacombe 🙏❤️💙 #shorts #ol,1038,21416,33,@hakimaboujmal4140,🎉🎉🤣,0,Olympique Lyonnais
"🎥💔 Un dernier moment, une dernière étreinte #shorts #ol",2083,90296,25,@paulfernandez3941,❤❤❤🙏🙏🙏,1,Olympique Lyonnais
Résumé Saint-Etienne - OL : Une défaite au goût amer (2-1),2129,309257,1040,@MiguelSoriano-j4b,ya pas de partie pri en commentaire !!! abuser. aller les vert!!,0,Olympique Lyonnais
Résumé Saint-Etienne - OL : Une défaite au goût amer (2-1),2129,309257,1040,@Aku-Akuu,Commentateurs à la hauteur de leur équipe ce soir ! ALV 😘💚,106,Olympique Lyonnais
“L'OL ça représente toute ma vie” : la dernière interview d'Alexandre Lacazette,2576,52622,169,@joramsothier9131,"Merci pour tout Alex, à jamais lyonnais !",0,Olympique Lyonnais
Résumé Manchester United - OL : immense déception (5-4),8851,751638,736,@Harshbeats2609,Bye lyon😂😂joli rev,0,Olympique Lyonnais
"Nouvelle saison, nouveau maillot.",910,14366,27,@Beydrox_OL,Attendez le domicile les mecs,1,Olympique Lyonnais
Résumé Manchester United - OL : immense déception (5-4),8851,751638,736,@theorade9609,Pire jour de ma vie,20,Olympique Lyonnais
L'intégrale des 201 buts d'Alexandre Lacazette sous le maillot l'OL,1539,51939,100,@Hardoro-u7h,Ont t'aimera a jamais tu as marqué le club et notre ❤a vie💙,0,Olympique Lyonnais
LE MATCH : MAN UTD - OL,641,48377,149,@caramba5536,Un résumé de l OL. Beau et désespérant.,17,Olympique Lyonnais
Entraînement veille de derby,793,15056,80,@bast3984,"Ne nous faites pas HONTE cette fois, pas comme Jeudi",0,Olympique Lyonnais
🌠 Rayan Cherki. Lyonnais pour toujours ! #shorts #ol #football #cherki,1487,16391,38,@niteuq,❤😢,0,Olympique Lyonnais
"Paulo Fonseca avant OL - Angers : ""Ce match doit être l’occasion d’envoyer un message""",128,7098,60,@AurelianoBuendia-qu2hn,"On dirait du macron, tellement c'est creux !",3,Olympique Lyonnais
🕺🤣 #shorts #ol #cherki #football,1884,59587,68,@paulnolanenzo,Cherki classique,0,Olympique Lyonnais
“L'OL ça représente toute ma vie” : la dernière interview d'Alexandre Lacazette,2576,52622,169,@xIBLaSTeR,Bon vent légende on t’oublieras jamais Alex merci pour tout,0,Olympique Lyonnais
Résumé Saint-Etienne - OL : Une défaite au goût amer (2-1),2129,309257,1040,@RachidBoulawan,"Incroyable !
l'OL se fait battre par tout les clubs les plus bidons d'Europe 😮",0,Olympique Lyonnais
Une victoire de caractère : OL-Rennes (2023),358,19402,29,@Momo-69-y5z,"Victoire obligatoire de Lyon Demain Soir
ALLEZ L'OL",0,Olympique Lyonnais
Résumé AJA - OL : les Lyonnais se rapprochent du podium ! (1-3),3801,197584,215,@florentthomas-burgaud4360,OL TV les meilleurs Allez l'OL,8,Olympique Lyonnais
On était avec Rayan Cherki quand il a appris LA nouvelle 😏👀 #ol #shorts,2349,79513,246,@raslane5377,"""Zidane, Benzema, Nasri… n'ont reçu aucune  reconnaissance de la part des Français, alors là cherki 😂😂😂 
Eh français ils vous connaît pas encore ce petit gamin 
Un tout petit agneau  au milieu des hyènes.
Des charognards",0,Olympique Lyonnais
Hommage : Sur la route avec Bernard Lacombe,660,24916,76,@BenjaminBonnin-c2v,Un grand avant centre merci Mr lacombe les amoureux du foot ne vous oubliera pas rip ❤,6,Olympique Lyonnais
Résumé Manchester United - OL : immense déception (5-4),8851,751638,736,@ranjitbhattacharjee231,❤❤❤❤,0,Olympique Lyonnais
"La réaction de Paulo Fonseca après Manchester United - OL : ""Nous devons apprendre de ce moment""",287,21673,113,@xjay1234,*MANCHESTER UNITED THE PRIDE OF ENGLISH FOOTBALL - GLORY GLORY MAN UNITED!*,0,Olympique Lyonnais
Résumé Saint-Etienne - OL : Une défaite au goût amer (2-1),2129,309257,1040,@Sikora2,Et les quenelles qui pleure 😂😂 Allez les verts !!!,4,Olympique Lyonnais
Résumé OL - Angers : Le Général Alex Lacazette en patron pour sa dernière (2-0),3448,166651,190,@bebelprive4427,Tout les match y’a un penalty pour Lyon ou quoi ?,0,Olympique Lyonnais
Résumé Fulham FC - OL : Les Gones en finale de la Premier League International Cup (0-2),277,43787,20,@bayard42350,L’OL a gagné quelque chose ?😅,2,Olympique Lyonnais
Résumé Manchester United - OL : immense déception (5-4),8851,751638,736,@lonelypaul69,"Сраные французы 😂

Не смогли нормальный обзор сделать 😂",0,Olympique Lyonnais
Résumé AJA - OL : les Lyonnais se rapprochent du podium ! (1-3),3801,197584,215,@laurentbouclier8013,Enfin on retrouve notre OL maintenant reste encore à régler quelque soucis en défense et on peut espérer jouer un titre,0,Olympique Lyonnais
Une action qui respire le football (et le 6-9) 🔴🔵 #shorts #ol #football,1516,31866,119,@Shaggy18-Bs,"En tant que fan de l'OM, c un très beau but même si je préfère de bcp le retourné de gouiri",0,Olympique Lyonnais
Résumé OL - RC Lens : Une défaite cruelle (1-2),868,81114,365,@paula2969,"Magnifique les lensois ♥️💛

Et allez les verts 💚💚",0,Olympique Lyonnais
Résumé Manchester United - OL : immense déception (5-4),8851,751638,736,@prefecturedemayotte976,L'OL mérité de se qualifier 😢 c'est juste horrible 🤦😭,1,Olympique Lyonnais
Résumé OL - Rennes : des buts de folie et un petit pas vers l'Europe (4-1),4111,192634,222,@MrGgdan1,Merci LACA pour tous ses buts que t'as planté a arsenal et toutes les fois ou tu as débloquer et délivré mes Gunners avec ton compere AUBAMEYANG....je vois que tu n'as rien perdu de ton éfficacité clinique....Continue comme ça Aa régaler tes lyonnais et de planter ses mines,1,Olympique Lyonnais
Dans les coulisses de notre victoire face à Angers (2-0),303,7900,14,@TemitopeMatthew-fd3gl,Legend👏👏👏,0,Olympique Lyonnais
🤩 Une séquence à montrer dans toutes les écoles de foot ! 🎓 #shorts #ol,2348,52728,35,@zelfilesparisiens1180,Nice goal,3,Olympique Lyonnais
"""C'est une grosse déception"" : les réactions après OL - RC Lens (1-2)",109,10398,66,@adrenlucrel6804,Le gardien là commence à devenir un problème ou non?,0,Olympique Lyonnais
“L'OL ça représente toute ma vie” : la dernière interview d'Alexandre Lacazette,2576,52622,169,@ludwiksieroslawski1913,Légende 🔴🔵🦁,4,Olympique Lyonnais
Résumé Manchester United - OL : immense déception (5-4),8851,751638,736,@AlysiauogxOnyshkod,"Came for the thumbnail, stayed for the vibes",0,Olympique Lyonnais
Résumé AJA - OL : les Lyonnais se rapprochent du podium ! (1-3),3801,197584,215,@BlueWhiteRed_Patriote,"Qui n'a pas envie de revoir ""le grand lyon des années 2000""? Du moins son digne successeur ?
❤😮🇨🇵🇨🇵🔴🔵",6,Olympique Lyonnais
L'intégrale des 201 buts d'Alexandre Lacazette sous le maillot l'OL,1539,51939,100,@bidjadavid9187,"Merci pour tout notre Général L. À mon avis tu n'as pas vraiment eu la carrière que tu aurais dû mériter. Quand à un moment c'est l'athlético de Madrid qui t'a sollicité et que ça ne s'est pas fait j'avais été un peu triste parceque je me suis dit qu'en Espagne il y avait à mon avis un peu plus de place pour que tu puisses éclore complètement à l'international et par la suite trouver un peu plus ta place en EDF ... Malheureusement ... Ton passage à Arsenal et le peu que tu as pu faire là bas ne m'as pas trop surpris parceque ça fait longtemps que Arsenal n'est plus un très grand club ... Tes plus belles années ont été à l'OL, à la Maison, tu toujours battu pour ce club ... À mon avis il y avait de la place pour aller en finale de league europa, mais bon ... Personnellement si j'étais même Textor j'allais faire un peu le forcing pour que tu restes encore une année de plus avant la véritable fin, parceque pour moi tu as encore de quoi jouer même les 20 dernières minutes de chaque match au moins ... MERCI POUR TOUT LACAZETTE, QUE DIEU TE BÉNISSE !!!",1,Olympique Lyonnais
"Nouvelle saison, nouveau maillot.",910,14366,27,@Gabcroz,Magnifique,0,Olympique Lyonnais
Focus sur Malick Fofana vs Rennes,1028,17124,10,@OLrimkmanOL2569,Vraiment qu'elle régal se joueur meilleur recrue avec Matta 👍💪💪🔴🔵,9,Olympique Lyonnais
Résumé Manchester United - OL : immense déception (5-4),8851,751638,736,@Gosple234,This is Manchester united❤❤❤,11,Olympique Lyonnais
Résumé Saint-Etienne - OL : Une défaite au goût amer (2-1),2129,309257,1040,@Djehouty1618,"Le rouge qui se transforme en jaune, ce niveau d'incompétence des arbitres, ça me sidère...",0,Olympique Lyonnais
🕺🤣 #shorts #ol #cherki #football,1884,59587,68,@Beydrox_OL,En fait c un bon gars de fou mais s’il il veut être sélectionné en équipe de France et même gagner des titres faut qui parte de mon club 😢,1,Olympique Lyonnais
“L'OL ça représente toute ma vie” : la dernière interview d'Alexandre Lacazette,2576,52622,169,@xavierlyonnais1214,Merci pr ts General.  Respect légende,0,Olympique Lyonnais
Résumé OL - RC Lens : Une défaite cruelle (1-2),868,81114,365,@nabilfekir69,"Allez Lyon de déception en déception : le 2ème but encaissé c'est de l'amateurisme il a eu tout le temps pour s'approcher et tirer, repli défensif pas fou (gros point faible)
Se faire sortir par man utd et même pas capable de se qualifier en Europe
Vu comment c'est parti l'année prochaine ça va pas jouer l'Europe",1,Olympique Lyonnais
Résumé OL - RC Lens : Une défaite cruelle (1-2),868,81114,365,@AmrNjah,ماذا أضاع ليون 😮‍💨,0,Olympique Lyonnais
Entraînement veille de derby,793,15056,80,@ErmirSahati-lb3zs,Aller les gonnnne on crois en vous pour la champions ligua et que vous aller faire une parcours énorme et prk pas remporté la champions ligua à Lyon l’âne prochaine 💪❤️,3,Olympique Lyonnais
Les réactions après OL - Stade Rennais FC,850,39119,53,@nicolaswiernsperger6242,"l'OL a vraiment bien joué, mais facile contre une équipe venue en touriste. Ces équipes de milieu de tableau qui n'ont plus rien à jouer faussent le championnat, à leur manière.",1,Olympique Lyonnais
Les émotions 🥲 #ligue1 #bts #lacazette,4069,117722,83,@Nexhan,J’étais au match Lacazette t le meilleur,10,Olympique Lyonnais
Hommage : Quand le football français célébrait les 70 ans de Bernard Lacombe,763,28233,71,@marauxmichel4675,"Supporter de Paris, mais grand admirateur aussi du lyon des lacombe, chiesa, mariot, mihailjovic, chauveau...
Merci mr Lacombe pour tout ce que vous avez donné a l Ol et a l Edf..
Reposez en paix.",0,Olympique Lyonnais
On était avec Rayan Cherki quand il a appris LA nouvelle 😏👀 #ol #shorts,2349,79513,246,@jf2187,"Entre une equipe forte mondialement comme l'équipe de France et une équipe pas terrible avec un niveau faible comme celle de l'Algerie : en plus de choisir son pays de cœur ou il a toujours vécu qui lui a  beaucoup donné  il a  fait aussi un choix sportif  pour  lui donner beaucoup de plus chance d'avoir un meilleur palmarès et ça cela peut se comprendre  
Bravo à lui et à  bientôt avec le maillot  avec le coq sur ta poitrine.",0,Olympique Lyonnais
"Paulo Fonseca avant OL - Rennes : ""On a beaucoup parlé de notre avenir""",168,8322,33,@Faycal012,"On a perdu malik, ernest, y a tessman problème perso avec sa blonde sûrement, plus perri heureux événement félicitations à lui quand même.  Ça fait bcp au quasi même moment c'est le retour de la poisse. Sans oublier Miko on aurait dit r9 final.coupe du monde et coco  carton rouge étrange alors qu'il en prends jamais. La poisse a fait son retour jspr que ça va pas durer en tout cas pas d'ancien lyonnais dans les équipe qu'on va rencontrer.",0,Olympique Lyonnais
Sans Crampons avec Clinton Mata,620,10263,29,@muginaha,on t’aime Mata ❤️💙,5,Olympique Lyonnais
Résumé AJA - OL : les Lyonnais se rapprochent du podium ! (1-3),3801,197584,215,@sababaramidze5802,Je suis géorgien et fan de  Et ils ont applaudi depuis les tribunes le but de George. Georges.   gvikvars gvikvars bombardiri Je serai heureux de l'entendre.,0,Olympique Lyonnais
Résumé OL - Rennes : des buts de folie et un petit pas vers l'Europe (4-1),4111,192634,222,@Hardoro-u7h,Ont n'aime quand vous jouer comme ça allez l'OL❤️💙🦁🦁🦁,2,Olympique Lyonnais
Résumé Saint-Etienne - OL : Une défaite au goût amer (2-1),2129,309257,1040,@laurentmangeant5547,"et un scandale de plus dans l'arbitrage francais parce que la c est meme plus une polémique c est un scandale pur et dur, comment letexier peut il revenir sur sa décision annuler le rouge et ne mettre qu'un jaune ? une vraie honte , alors maintenant quand un joueur va sortir sur une civiére on ne mettra qu'un jaune au joueur responsable de sa sortie mais quel message de m.. on envoie la 
et les arbitres sont soi disant la pour protéger l'intégrité physique des joueurs non mais la letexier il a drolement protégé l'intégrité physique d'un joueur c est sur 
Tolisso est peut etre ou pour la fin de saison et Stassin lui reste sur le terrain
alors j espére que pour les prochaines grandes compétitions (coupe du monde championnat d europe, jo, coupe du monde des clubs) il n'y aura aucun arbitre francais (hommes et femmes confondus) que l'uefa et la fifa vont réfléchir par rapport à la nullité de l'arbitrage francais 
et le pire c est que les arbitres francais et leurs dirigeants sont tellement imbus d'eux mémes, se prennent tellement pour les meilleurs arbitres du monde c est que tu ne peux rien leur dire à ces personnes sinon tu prends des mois de suspension",0,Olympique Lyonnais
Le plein d’énergie avec la présence de plus de 700 enfants de nos clubs partenaires 🙌 #ligue1 #bts,1341,34180,25,@NabilCheniti-z6v,Allez Vourles tu ma filmer merci beaucoup ❤❤,0,Olympique Lyonnais
Quand l’art rencontre notre histoire 👀​ #ol #shorts #olympiquelyonnais,2131,66074,16,@Particulieranonyme,"Magnifique la vidéo, que de souvenirs …",5,Olympique Lyonnais
Résumé Manchester United - OL : immense déception (5-4),8851,751638,736,@FbsndhSndht,Who else is here before this blows up,0,Olympique Lyonnais
Résumé Manchester United - OL : immense déception (5-4),8851,751638,736,@NandiniRoy-yp5jb,The editing is top-tier. Seriously impressive,0,Olympique Lyonnais
Résumé Fulham FC - OL : Les Gones en finale de la Premier League International Cup (0-2),277,43787,20,@Akrhoo,"L ambiance a pas l air au top entre les joueurs, 57 eme changement les joueurs se tchek pas.. sur le penalty c est la guerre pour savoir qui le tire..",7,Olympique Lyonnais
"Parades, réflexes, relances à la main : les plus beaux moments de Lucas Perri cette saison",296,7112,21,@AurelioSouza-bc1lh,"Alisson, Ederson and Lucas Perri",3,Olympique Lyonnais
Résumé Manchester United - OL : immense déception (5-4),8851,751638,736,@yasheenmahabeer,Yoro & Castello Lukeba would be solid CB partnership for French football behind Saliba & Konate/Pavard/Kounde,0,Olympique Lyonnais
“L'OL ça représente toute ma vie” : la dernière interview d'Alexandre Lacazette,2576,52622,169,@stephanemailland7085,"Fichu poussière dans l'oeil... Merci Notre Général à tous et on espère à bientôt au sein du club.
Rouge et bleu sont tes couleurs, Lyonnais restera ton coeur 🔴🔵",0,Olympique Lyonnais
Inside Premier League International Cup : Fulham FC - OL | Direction la finale !,596,18447,26,@rosineruilhat495,Bravo les lyonnais. Une finale c'est super. Rendez-vous le 7 mai à 20h. 👏👏👏🎉🎉🎉,3,Olympique Lyonnais
Hommage : Les meilleures punchlines de Bernard Lacombe sur OLTV,407,43392,36,@AmrNjah,🙏🙏,0,Olympique Lyonnais
"Grand soleil aujourd’hui, mais il commence à pleuvoir 🥲 #ligue1 #football",2510,97904,68,@patrickg9767,Merci général Alexandre,3,Olympique Lyonnais
Résumé OL - RC Lens : Une défaite cruelle (1-2),868,81114,365,@tonykamak6764,"Juste par curiosité ,  Qui est ce le commentateur son nom s'il vous plait il  est trop mdr  ",0,Olympique Lyonnais
"""On doit s’excuser auprès de nos supporters"" : les réactions après ASSE-OL",249,12224,78,@LucasGeay,Lyon est le club spécialisé dans la défaite contre des équipes de fin de tableau et ce depuis des années,7,Olympique Lyonnais
Quart de finale en approche 👀 #europaleague #football,791,11914,23,@ailedepoulet,Aller l ol va gagner ce ptn de match 🔴🔵🦁,5,Olympique Lyonnais
Résumé Saint-Etienne - OL : Une défaite au goût amer (2-1),2129,309257,1040,@fabbio-pf7om,Commentateurs pro Lyon…,0,Olympique Lyonnais
"La réaction de Paulo Fonseca après Manchester United - OL : ""Nous devons apprendre de ce moment""",287,21673,113,@Romcoco974,"L’une de mes plus grandes désillusions foot avec l’OL (dans le top 3 avec Milan et PSV)... Dur, très dur.",21,Olympique Lyonnais
Résumé Saint-Etienne - OL : Une défaite au goût amer (2-1),2129,309257,1040,@olivierflavion4742,Je n ai qu un seul mot  pour tous ces lyons en peluche MAGUIRE MAGUIRE MAGUIRE,0,Olympique Lyonnais
Résumé Saint-Etienne - OL : Une défaite au goût amer (2-1),2129,309257,1040,@amiraemi-y3n,I didn t expect to love this as much as I do,0,Olympique Lyonnais
Résumé Saint-Etienne - OL : Une défaite au goût amer (2-1),2129,309257,1040,@JeanneAimee-kn3vl,"Incroyable ces commentateurs, il on engagé un ultra de l’OL pour commenter ce match!",3,Olympique Lyonnais
Une action qui respire le football (et le 6-9) 🔴🔵 #shorts #ol #football,1516,31866,119,@Kaos-91,"Nan mais juste la les buts hors jeu on n’en a mis beaucoup trop alors la oui ok on gagne quand même mais a faire attention tout de même à ne pas refaire ce genre de buts les joueurs vont devoirs être plus intelligents dans leurs placement et les passeurs a faire attention à la position du joueur 

Mais sinon super victoire merci pour ce match et allez l’OL ❤💙",2,Olympique Lyonnais
Résumé Saint-Etienne - OL : Une défaite au goût amer (2-1),2129,309257,1040,@LYONandMVFCFan,"Nous dans Europe, ASSE dans Ligue 2 LOL",0,Olympique Lyonnais
"Grand soleil aujourd’hui, mais il commence à pleuvoir 🥲 #ligue1 #football",2510,97904,68,@romain8269,Rien à fêter,1,Olympique Lyonnais
Résumé Saint-Etienne - OL : Une défaite au goût amer (2-1),2129,309257,1040,@Elw126,Hahahah je me suis ré-ga-lé,0,Olympique Lyonnais
Résumé OL - Angers : Le Général Alex Lacazette en patron pour sa dernière (2-0),3448,166651,190,@lyricisteinsubordonne1238,"Malgré l'hommage à lacazette et le fait qu'on accroche l'europe, je trouve consternant notre manque d'ambition... les joueurs n'apparaissent pas motivés, la plupart de nos joueurs sous performent (hormis fofana qui joue toujours juste, mais un almada par exemple qui perd 75% de ses ballons d'attaque... ca sent le manque de confiance). On fait la fête pour une qualif en conference league comme si on était champions.... dur dur quand on a connu les belles années des titres.
Cette saison révèle des grosses failles : on ne marque jamais sur coup de pied arrêtés, et on prend des buts liés à la naiveté défensive, on manque de rigueur tactique sur certains matchs... face à angers ca se voit pas, on gagne 2-0 et tout le monde est content mais ca ne peut pas tenir quand il y a du niveau... 
Force à nous les vrais supporters qui ont mal à leur OL.",0,Olympique Lyonnais
Gone pour toujours ❤️💙,1167,14249,56,@69gz,Repose en paix grand Monsieur❤❤❤😢😢,2,Olympique Lyonnais
Résumé Saint-Etienne - OL : Une défaite au goût amer (2-1),2129,309257,1040,@gaspardlayes5353,💚💚💚💚,0,Olympique Lyonnais
Résumé AJA - OL : les Lyonnais se rapprochent du podium ! (1-3),3801,197584,215,@nicolasgay2594,Voilaaaaaaaaaaaaaaaaaaaaaaa,2,Olympique Lyonnais
“L'OL ça représente toute ma vie” : la dernière interview d'Alexandre Lacazette,2576,52622,169,@abidihamza1827,Où il va alors Lacazette ??,0,Olympique Lyonnais
Retour au travail 👊 🔜 #olsrfc #training #ligue1,927,12950,21,@nicolasromain9915,"Allé, pu le droit de perdre il faut TOUT GAGNER ! Il en va de la survie du club, et la carrière de certains.",1,Olympique Lyonnais
Résumé OL - RC Lens : Une défaite cruelle (1-2),868,81114,365,@MrAdrien49270,Les commentateurs c'est le définition du seum incroyable,1,Olympique Lyonnais
Entraînement veille de derby,793,15056,80,@jacklelyonnais1302,Allez le GONES 🦁🦁🦁🦁🦁🦁🦁🦁🦁🦁💞💞💞💞👍👍👍,8,Olympique Lyonnais
Résumé OL - Lens (2002) : le choc décisif pour le titre !,312,15302,30,@fredericpivon9468,je me souviens,0,Olympique Lyonnais
"🪄 Rayan Cherki, Top Passeur Ligue 1 2024-2025 🤩🔴🔵 #ligue1 #football",1530,24786,48,@blueseaben218,Je rêvait qu'il reste et sois l'artisan d'un titre majeur avec son club formateur mais je rêvait..,0,Olympique Lyonnais
Résumé Manchester United - OL : immense déception (5-4),8851,751638,736,@N.C-z7m,Bravo les gones. InchaAllah on gagnera la ligue europa conférence c4 l'an prochain. En espérant finir 7e de ligue 1 pour s'y qualifier bi idhni Allah,0,Olympique Lyonnais
"Son 200e but, chez lui, dans son jardin, pour son dernier match avec l'OL 🫡🦁 #ligue1 #goal",2058,50423,58,@Timto6,Merci 😢,1,Olympique Lyonnais
"Son 200e but, chez lui, dans son jardin, pour son dernier match avec l'OL 🫡🦁 #ligue1 #goal",2058,50423,58,@anikisong3678,merci Alex ❤,0,Olympique Lyonnais
Résumé Saint-Etienne - OL : Une défaite au goût amer (2-1),2129,309257,1040,@geoffrey8528,"7:00 on me dit dans l'oreillette que Niakhaté est encore en train de reculer, il vient d'atteindre le parking du stade.",145,Olympique Lyonnais
Bernard Lacombe 🙏❤️💙 #shorts #ol,1038,21416,33,@florenceflorences434,Le gone nous a quitté,0,Olympique Lyonnais
Read My Lips présenté par Emirates,348,6616,14,@Fofana_11,Ils me manquent déjà,1,Olympique Lyonnais
Hommage : Quand le football français célébrait les 70 ans de Bernard Lacombe,763,28233,71,@letalleurkevin5133,"Je suis Marseillais. En tant que joueur, il a joué chez quasiment tous nos rivaux. Il a été l'artisan de la création du club qui est devenu au fil des années notre plus grand rival. Pourtant sa disparition me touche énormément. Je ne suis pas du genre à être ému par la mort de célébrités que je ne connais pas mais Lacombe, c'est 50 ans et quasiment quatre générations de footeux. C'est le premier joueur de l'équipe de France 82 qui nous quitte. Ce n'était pas juste un grand attaquant ou un grand dirigeant. Ce n'était pas juste un lyonnais non plus : c'est un monument du football français. Il fait partie de notre patrimoine à tous. On ne l'oubliera jamais.",26,Olympique Lyonnais
"La joie collective avec le parcage sur notre dernier but, c'est pour vous les Gones ! 🔥🦁💪 #bts",1338,28311,30,@thierryplancon2405,Je suis heureux de voir mon équipe préférée monté continuer les gars vous êtes les meilleurs je suis très émue,1,Olympique Lyonnais
"Paulo Fonseca avant le derby contre l'ASSE : ""Nous n’avons pas le temps d’être dépressifs""",178,5980,22,@redone5277,"Fonseca n'a rien à envier à Sage sur ce qu'on lui reprochait en étant un pisse froid dans les grands matchs. Textor l'aurait viré de suite après ce match ça ne m'aurait pas dérangé, c'est une faute professionnelle impardonnable pour moi qui montre que Fonseca n'est pas un grand entraineur mais un entraineur de niveau moyen.",1,Olympique Lyonnais
“L'OL ça représente toute ma vie” : la dernière interview d'Alexandre Lacazette,2576,52622,169,@Juan-ro5bo,❤,0,Olympique Lyonnais
🌠 Rayan Cherki. Lyonnais pour toujours ! #shorts #ol #football #cherki,1487,16391,38,@Thithis22,"A jamais lyonnais ❤ 
Merci !",3,Olympique Lyonnais
Résumé OL - RC Lens : Une défaite cruelle (1-2),868,81114,365,@beerussama6239,"Mon moment préférer de la semaine , le seum des commentateurs de bistrot lyonnais 


😂😂😂😂",16,Olympique Lyonnais
25 MINUTES DE BONHEUR : tous les buts des victoires de l’OL dans le derby depuis 25 ans !,978,37765,71,@eliank410,Vidéo bien nécessaire après hier soir 🤣,0,Olympique Lyonnais
Résumé Manchester United - OL : immense déception (5-4),8851,751638,736,@mickeyartz,CASEMIRO,0,Olympique Lyonnais
Résumé Manchester United - OL : immense déception (5-4),8851,751638,736,@Alex-ox4fd,Quel soirée de fous !  Véritable ascenseur émotionnel punaise ^^  c'est tellement cruel pour mes gones =/  c'est la compétition,0,Olympique Lyonnais
Quand l’art rencontre notre histoire 👀​ #ol #shorts #olympiquelyonnais,2131,66074,16,@Momo-69-y5z,👌👌,4,Olympique Lyonnais
Résumé Manchester United - OL : immense déception (5-4),8851,751638,736,@TheNiller11,Fully deserved!!! 😂😂😂😂,0,Olympique Lyonnais
Résumé OL - Angers : Le Général Alex Lacazette en patron pour sa dernière (2-0),3448,166651,190,@marcoitalia90,"Franchement je suis né à Lyon je précise mais mon dieu qu est-ce que c'est à chier cette équipe !!! Chui blessé depuis quasi 3 ans chui sur je fais mieux qu eux sérieux même pas ça vise la cage , y avait même pas penalty, le but de lacazette y a hors jeu...mon dieu !!",0,Olympique Lyonnais
Résumé OL - RC Lens : Une défaite cruelle (1-2),868,81114,365,@Lyonnais_à_Dublin,Deux pénaltys volés. Nasser a bien passé ses consignes. L'OL ira en L2,0,Olympique Lyonnais
Résumé Saint-Etienne - OL : Une défaite au goût amer (2-1),2129,309257,1040,@MohamedSabillah,Comment une équipe comme ça peut gagner?????? Bientôt en national les verts une honte ils appelle ça du foot..heureusement ils vont descendre ligue 2....,2,Olympique Lyonnais
Résumé Saint-Etienne - OL : Une défaite au goût amer (2-1),2129,309257,1040,@samiridic2817,Carton rouge normalement,0,Olympique Lyonnais
🌠 Rayan Cherki. Lyonnais pour toujours ! #shorts #ol #football #cherki,1487,16391,38,@OLrimkmanOL2569,Oui j'espère que tu vas revenir 👍💪🙏❤️💙,13,Olympique Lyonnais
Retour au travail 👊 🔜 #olsrfc #training #ligue1,927,12950,21,@MamadouBah-k2x,"😢😢😢😢😢😢😢😢😢😢😢😢😢😢😢😢😢😢😢😢😢😢
Vous m'avez déçu vraiment contre nous ennemi le vert. Comment ne pas gagné ce rencontre",2,Olympique Lyonnais
"Son 200e but, chez lui, dans son jardin, pour son dernier match avec l'OL 🫡🦁 #ligue1 #goal",2058,50423,58,@Email-j9e,N'oubliera jamais Alex merci pour tout ce que tu as fait,0,Olympique Lyonnais
L'AVANT MATCH : AS Saint-Étienne - OL,183,6677,5,@MaximeLevavasseur-oy4sy,Minable Lyon,0,Olympique Lyonnais
"Grand soleil aujourd’hui, mais il commence à pleuvoir 🥲 #ligue1 #football",2510,97904,68,@capitaineprice5512,😢😢,6,Olympique Lyonnais
"Rayan Cherki : ""J'aime le beau jeu et le spectacle""",651,20906,72,@reality_hydrozz4287,J’aurais adoré voir cette vidéo après une victoire 😭,31,Olympique Lyonnais
Résumé Manchester United - OL : immense déception (5-4),8851,751638,736,@masnun_1217,Total Liquidation,0,Olympique Lyonnais
"Mikautadze, Cherki, Lacazette : les 10 plus beaux buts de l'OL cette saison !",693,20643,31,@PandaBadGone,Mon général ❤️💙,4,Olympique Lyonnais
Résumé OL - Rennes : des buts de folie et un petit pas vers l'Europe (4-1),4111,192634,222,@nicolasjeampierre3650,Alors tolissa toujours blessé ????😅😅😅😅,0,Olympique Lyonnais
Résumé Saint-Etienne - OL : Une défaite au goût amer (2-1),2129,309257,1040,@thibault793,"aller, à la niche les lyonnaise😂",0,Olympique Lyonnais
Résumé Manchester United - OL : immense déception (5-4),8851,751638,736,@davidc5235,Dégoûté,1,Olympique Lyonnais
Les émotions 🥲 #ligue1 #bts #lacazette,4069,117722,83,@sylvainboyz,😢😂😭😭,1,Olympique Lyonnais
Hommage : Quand le football français célébrait les 70 ans de Bernard Lacombe,763,28233,71,@OLrimkmanOL2569,Repose en paix 🙏🙏❤️💙,0,Olympique Lyonnais
🇬🇪 🇫🇷 Leçon de Géorgien avec Georges Mikautadze et Rayan Cherki 😂 #shorts #ol,2992,177946,62,@giovanninirobert3529,Adoré 🥰😍😍😍😍🥰😍,0,Olympique Lyonnais
"Grand soleil aujourd’hui, mais il commence à pleuvoir 🥲 #ligue1 #football",2510,97904,68,@antisteph69,Merci lagachette pour tout,0,Olympique Lyonnais
Résumé OL - Lens (2002) : le choc décisif pour le titre !,312,15302,30,@bpt_lbr,❤💙,0,Olympique Lyonnais
Résumé OL - RC Lens : Une défaite cruelle (1-2),868,81114,365,@soumayladiaby7716,La vanne du commentateurs sur le deuxième but est fort 850foix il n’arrivera jamais 😂😂,0,Olympique Lyonnais
"Son 200e but, chez lui, dans son jardin, pour son dernier match avec l'OL 🫡🦁 #ligue1 #goal",2058,50423,58,@nabilfekir69,"Lyon🤩 on est européen ce soir grâce à la victoire du havre à Strasbourg !! Un immense hommage à Alexandre Lacazette 🇫🇷 qui disputait aujourd'hui son dernier match sous le maillot de l'@OL avec 200 buts inscrits.

Il restera à jamais une légende de l'Olympique Lyonnais. Un vrai capitaine.

Respect au Général Lacazette 🇫🇷 !!!!! 🔥 #Lacazette #olympiquelyonnais",45,Olympique Lyonnais
Entraînement veille de derby,793,15056,80,@elhadjicisse8024,Allez ol bonne chance ❤,0,Olympique Lyonnais
Résumé AJA - OL : les Lyonnais se rapprochent du podium ! (1-3),3801,197584,215,@KeinthSalmon-d3u,"Depuis longtemps il fallait ce système avec tous les jeunes koumbedi,abner, Georges, Lacazette, tolisso cherki,et même Almeida tous aligner. Pourvu que ça continue comme ça jusqu'à la fin de la saison. Merci pour cette victoire 🎉🎉😂❤",0,Olympique Lyonnais
Résumé Manchester United - OL : immense déception (5-4),8851,751638,736,@hugothomas9954,Je pleure vous méritiez pas ça les gars mais on c’est trop relâcher à la fin a 10 contre 11 ça pardonne pas bravo relevez vous on vous aime,0,Olympique Lyonnais
"Nouvelle saison, nouveau maillot.",910,14366,27,@rosineruilhat495,Je le trouve très beau. 🎉🎉🎉,0,Olympique Lyonnais
"Rayan Cherki : ""J'aime le beau jeu et le spectacle""",651,20906,72,@thepunisher1799,"Toute l’Angleterre parle que de lui , il a été comparé à Messi sur la chaîne de United , les supporters anglais ils réclament son transfert un post sur x suggérant de le prendre sur le champs à été massivement relayé !
Manchester envisage sérieusement de relancer le dossier Cherki cet été 😱",1,Olympique Lyonnais
Résumé Manchester United - OL : immense déception (5-4),8851,751638,736,@Willjam,"Ce ne sont pas des commentateurs mais des espèces de supporteurs avec un état d'esprit de gamin. À la limite du ridicule. À quand des commentateurs impartiaux ? 
Il faut se calmer, même en finale de la coupe du monde ça mérite pas de gueuler à l'antenne comme ça 🤣🤦🏼‍♂️",0,Olympique Lyonnais
Hommage : Sur la route avec Bernard Lacombe,660,24916,76,@yvesrobertcrozier3341,Un grand joueur et une belle personne.,0,Olympique Lyonnais
Gone pour toujours ❤️💙,1167,14249,56,@nfs3550,"Son décès... 😢 
Ça me fait si mal au cœur.
😇☁️ Repose En Paix Bernard.",0,Olympique Lyonnais
Entraînement veille de derby,793,15056,80,@IsabelleSummers-k2e,Allez l'OL ♥️💙,1,Olympique Lyonnais
"""C'est une grosse déception"" : les réactions après OL - RC Lens (1-2)",109,10398,66,@jordanclaudon316,"Défense contre MU à reculer, être loin des adversaires = défaite.. la même ce soir. Du changement derrière svp",18,Olympique Lyonnais
“L'OL ça représente toute ma vie” : la dernière interview d'Alexandre Lacazette,2576,52622,169,@M.Amusic38,🔴🔵,1,Olympique Lyonnais
🕺🤣 #shorts #ol #cherki #football,1884,59587,68,@AtikaAitsiameur-nr1re,Incroyable Ryan 😂😂😂😂😂😂❤💙,10,Olympique Lyonnais
𝘛𝘳𝘢𝘷𝘢𝘪𝘭 𝘥𝘦 𝘧𝘪𝘯𝘪𝘵𝘪𝘰𝘯 🎯 #ligue1 #football,752,13220,17,@davidpariaud2842,Honnêtement tout se que je vois la c'est la médiocrité des gardiens. Il est où Anthony lopes 😭😭😭,2,Olympique Lyonnais
"Clinton Mata VS Georges Mikautadze : qui sera le meilleur au ""Bugne à Bugne"" ?",689,13856,18,@lucasteamol7159,🔴🔵🦁,0,Olympique Lyonnais
L'APRES MATCH : OL - RC LENS,71,4551,7,@danieldenecq5499,Je suis  supporter  de Lyon mais la c la honte c terminé  pour la ligue des champions  il vont finir en ligue.2 car pas d'argent qui va rentrer  dans la caisse il faut  viré  l entreneur et baisser  les salaires il ne le mérite pas 😢😢😢😢😢,1,Olympique Lyonnais
“L'OL ça représente toute ma vie” : la dernière interview d'Alexandre Lacazette,2576,52622,169,@manninggone0699,ALEX,0,Olympique Lyonnais
Résumé Manchester United - OL : immense déception (5-4),8851,751638,736,@Sknyx,Le silence glaciale sur le but de Macguire 🥶🥶🥶,0,Olympique Lyonnais
"100 humains VS 1 gorille, qui gagne ? 🦍 #shorts #ol #football",3658,209292,57,@PascalAgnan-d3i,Voici le zoo du parc de la tête d'or,0,Olympique Lyonnais
Résumé OL - RC Lens : Une défaite cruelle (1-2),868,81114,365,@teknambule,Comment vous ragez hahahahaha dégustez bien la L2 ❤,4,Olympique Lyonnais
Résumé Saint-Etienne - OL : Une défaite au goût amer (2-1),2129,309257,1040,@LucileGentry,This video randomly popped up and I m glad it did,0,Olympique Lyonnais
"""On doit s’excuser auprès de nos supporters"" : les réactions après ASSE-OL",249,12224,78,@lamine9077,Y’avait tout simplement pas à faire tourner l’effectif. Tu gagnes ce match tu te retrouves 3ème donc autant mettre toutes les chances de ton côté,23,Olympique Lyonnais
Sans Crampons avec Clinton Mata,620,10263,29,@xalouloff,C'est trop un bon !,0,Olympique Lyonnais
Sans Crampons avec Clinton Mata,620,10263,29,@electroma97,Trop un bon gars,2,Olympique Lyonnais
Résumé OL - Rennes : des buts de folie et un petit pas vers l'Europe (4-1),4111,192634,222,@Isaïe06,"3 buts refusés, 1 barre",0,Olympique Lyonnais
Résumé AJA - OL : les Lyonnais se rapprochent du podium ! (1-3),3801,197584,215,@fabiendrg6032,Magnifique les gars vous m'avez régalé là on se met bien en ligue 1 !! Ne lâchez pas le sprint final on va doubler Marseille !! 💪🏻💪🏻🔥🔥,6,Olympique Lyonnais
Résumé Manchester United - OL : immense déception (5-4),8851,751638,736,@CircuitVPanther,"Le spoil dans le titre, c’est non, ne pas recommander et bloquer la chaine",0,Olympique Lyonnais
Résumé OL - Angers : Le Général Alex Lacazette en patron pour sa dernière (2-0),3448,166651,190,@misterblack9150,12 ans 0 titres c'est chauuuud mais respecct pour la carrière légende,0,Olympique Lyonnais
Les réactions après OL - Stade Rennais FC,850,39119,53,@Momo-69-y5z,"Merci L'OL pour cette victoire 
ALLEZ L'OL",14,Olympique Lyonnais
Entraînement veille de derby,793,15056,80,@Momo-69-y5z,ALLEZ L'OL,16,Olympique Lyonnais
Retour au travail 👊 🔜 #olsrfc #training #ligue1,927,12950,21,@Momo-69-y5z,"Il faut gagner contre Rennes 
ALLEZ L'OL",3,Olympique Lyonnais
Quand l’art rencontre notre histoire 👀​ #ol #shorts #olympiquelyonnais,2131,66074,16,@Wissem-g3k,Bac blanc planning,0,Olympique Lyonnais
Résumé OL - RC Lens : Une défaite cruelle (1-2),868,81114,365,@justice3833,"Pourquoi tiago almata tire tout les coups francs, si il sait pas le faire ?",0,Olympique Lyonnais
Résumé Manchester United - OL : immense déception (5-4),8851,751638,736,@johnmcclanedelyon9990,"Je suis certes déçu car on aurais pu tuer le match on a été trop fébrile a la fin car on pensais que le match était bouclé mais je suis tellement fiere de mon équipe que je peux etre que satisfait, j'éspére qu'on auras encore de la force pour demonter ces pouilleux de stéphanois car je me souviens de la provocation de leur gardien en disans que chez eux ils allais nous en mettre une bonne (je parle avec mes mots) alors Derby on arrive et la il faut jouer la qualification pour la Ligue des Champions rien n'est perdu.",1,Olympique Lyonnais
Résumé Manchester United - OL : immense déception (5-4),8851,751638,736,@howardsullivan795,"Fonseca la non qualification est pour toi.

Les 2 compos de départ lors des deux confrontations nous ont tué.
Tu es un bon entraîneur et nous avons des bons résultats en ligue 1 mais nous n’oublierons jamais cette humiliation face au 14eme de Premier League.
Ton devoir est de te qualifier directement en league de champions en terminant sur le podium pour éviter des sanctions grave avec le DNCG.

Joueurs, staff et dirigeant devez redorer le blason du club et surtout le sauver à présent !",0,Olympique Lyonnais
Inside PLIC : la fin d'une aventure,223,11619,11,@antoinem2331,"Vous avez tout donné, vous pouvez être fiers de vous les gars, en tous cas nous on est fiers de vous",1,Olympique Lyonnais
Résumé OL - RC Lens : Une défaite cruelle (1-2),868,81114,365,@jjcby2845,"Rien qu'à entendre les commentateurs, ça fait plaisir !!!",43,Olympique Lyonnais
🕺🤣 #shorts #ol #cherki #football,1884,59587,68,@dacoofficiel,🔴🔵🦁✨🐀,1,Olympique Lyonnais
Résumé OL - Rennes : des buts de folie et un petit pas vers l'Europe (4-1),4111,192634,222,@Dima0807,Жорж belisimo🇬🇪☝,0,Olympique Lyonnais
"Rayan Cherki : ""J'aime le beau jeu et le spectacle""",651,20906,72,@AmrNjah,ريان شرقي ❤❤🦁,0,Olympique Lyonnais
"""C'est une grosse déception"" : les réactions après OL - RC Lens (1-2)",109,10398,66,@lyonnais200,Mon dieu... cet été sans Ligue des Champions on va perdre tt le monde et on restera pas en Ligue financièrement...,0,Olympique Lyonnais
Résumé Manchester United - OL : immense déception (5-4),8851,751638,736,@emmanuelmanda3032,We need our highlights... These ain't highlights😅😅,1,Olympique Lyonnais
Résumé Monaco - OL : les Lyonnais défaits à Louis II,741,69232,182,@EmmanuelLessoua,Je suis supporteur du PSG mais quant je vois ce que vivent les supporteur lyonnais depuis 2ans ça me fait très mal car j'aime voir cette équipe en C1,3,Olympique Lyonnais
Résumé Manchester United - OL : immense déception (5-4),8851,751638,736,@MaryTyler-j8f,Pure talent. No words,0,Olympique Lyonnais
Résumé Saint-Etienne - OL : Une défaite au goût amer (2-1),2129,309257,1040,@fullmetalalchemist249,Je me délecte,0,Olympique Lyonnais
Résumé OL - Rennes : des buts de folie et un petit pas vers l'Europe (4-1),4111,192634,222,@auguste17,"Tolisso qui revient des croisés en 5 jours, très fort ce comédien",1,Olympique Lyonnais
🥺 Les émotions #ol #football,1866,35243,62,@Badis69-o1m,J’étais au match j’ai pleuré,6,Olympique Lyonnais
"Paulo Fonseca avant OL - Rennes : ""On a beaucoup parlé de notre avenir""",168,8322,33,@AmrNjah,🔵🔴🔝,0,Olympique Lyonnais
Hier à l’entraînement ☄️ #ol #shorts #olympiquelyonnais,602,13359,7,@HakimSaidi-fc7zf,allez ol ❤❤,0,Olympique Lyonnais
"Grand soleil aujourd’hui, mais il commence à pleuvoir 🥲 #ligue1 #football",2510,97904,68,@Noé69-d6r,🫡🫡,0,Olympique Lyonnais
Hommage : Quand le football français célébrait les 70 ans de Bernard Lacombe,763,28233,71,@dacoofficiel,🔴🔵🦁⚽️✨,2,Olympique Lyonnais
"""C'est une grosse déception"" : les réactions après OL - RC Lens (1-2)",109,10398,66,@chq439,Le licenciement de pierre sage  commence à devenir incompréhensible..,2,Olympique Lyonnais
Résumé Saint-Etienne - OL : Une défaite au goût amer (2-1),2129,309257,1040,@feuilledebeu77,"La Var c est une galère,  tout le monde était d accord pour le carton rouge même les joueurs de St etienne c est vraiment chelou",3,Olympique Lyonnais
Résumé Saint-Etienne - OL : Une défaite au goût amer (2-1),2129,309257,1040,@lucashouguet6174,Battue par une équipe de ligue 2 c’est chaud et en plus un arbitrage ta peur…,0,Olympique Lyonnais
Résumé Manchester United - OL : immense déception (5-4),8851,751638,736,@Jza-GZa40k,"GG Lyon from Man Utd fan,We weren’t great and should of put the game to bed but you had some nice players,Good luck for rest of the season ❤️💙",14,Olympique Lyonnais
Les réactions après OL - Stade Rennais FC,850,39119,53,@julianqueugniet8379,Ça choc personnes les buts ce soir ? Les rennais n’attaquent pas du tout sur les buts lyonnais…bizarre non ?,2,Olympique Lyonnais
"Parades, réflexes, relances à la main : les plus beaux moments de Lucas Perri cette saison",296,7112,21,@Momo-69-y5z,Merci Perri,3,Olympique Lyonnais
Résumé Saint-Etienne - OL : Une défaite au goût amer (2-1),2129,309257,1040,@Djml69Samy,J'habite dans le Rhône 69...les verts..on gagné 😅😅😅😅😅👍👍👍👍🫡🫡🫡🇩🇿🇩🇿,0,Olympique Lyonnais
"Paulo Fonseca avant Monaco - OL : ""Je veux être l'entraîneur qui remet Lyon en Ligue des champions""",166,6272,41,@antoinesavary561,Ne lâchons pas battons nous jusqu'à la fin !!! Allez l'OL ❤️💙⚔️,0,Olympique Lyonnais
Résumé Manchester United - OL : immense déception (5-4),8851,751638,736,@Mahrez-213,On est un bon club et pas un grand club voici la diff entre Utd et Lyon. Il nous a manqué ce petit truc pour passer un cap. Soyons fiers soyons Gones ❤️💙,1,Olympique Lyonnais
🎙️ Alex Lacazette revient sur sa décision de rester à l’OL l’été dernier 🔴🔵 #shorts #ol,1015,31231,8,@MireilleTerracier,"Je pense qu'au fond de lui il voulait rester pour tenter de qualifier lyon en LDC, mais malheureusement sa sera probablement la ligue europa😅 et vu les soucis avec la DNCG pas sur que sa leur suffisent",7,Olympique Lyonnais
Hommage : Quand le football français célébrait les 70 ans de Bernard Lacombe,763,28233,71,@CacaWouete,"Le football perd une étoile, tchao nanard.",1,Olympique Lyonnais
Résumé Manchester United - OL : immense déception (5-4),8851,751638,736,@teknambule,pttttdrrrrrrr les clowns lyonnais,4,Olympique Lyonnais
"100 humains VS 1 gorille, qui gagne ? 🦍 #shorts #ol #football",3658,209292,57,@zyedounissi9292,Cherki qui s'explose l'épaule on en parle ouuuuuu ?,0,Olympique Lyonnais
Résumé Saint-Etienne - OL : Une défaite au goût amer (2-1),2129,309257,1040,@mattiskara3290,"Le clubisme ou le cancer du football, la phrase sur Payet et l’arbitre c’est catastrophique",0,Olympique Lyonnais
Résumé Saint-Etienne - OL : Une défaite au goût amer (2-1),2129,309257,1040,@ChristopheBazire,Un voleur le match devrait être rejouer comment est ce possible de revenir sur ça décision et on a traîné mr tapie dans la boue pour bien moins que ça honte a l'arbitrage,0,Olympique Lyonnais
"""Mets la vidéo du petit pont, il va rien faire"" : on t'a écouté Corentin, désolé Rayan 😆 #ligue1",1698,70974,23,@jennjenn4697,Allez l'ol vous allez gagner face à Lens,3,Olympique Lyonnais
Résumé Saint-Etienne - OL : Une défaite au goût amer (2-1),2129,309257,1040,@ShankarH-mx3nj,This gave me chills… in the best way,0,Olympique Lyonnais
L'intégrale des 201 buts d'Alexandre Lacazette sous le maillot l'OL,1539,51939,100,@lucasteamol7159,Merci Alex 🔴🔵🦁,0,Olympique Lyonnais
“L'OL ça représente toute ma vie” : la dernière interview d'Alexandre Lacazette,2576,52622,169,@KMZOFF,Merci pour tout general ta contribuer en grande partie a tout l’amour qu’on a pour ce club tu la marquer d’une belle empreinte a jamais lyonnais 🦁❤️💙,5,Olympique Lyonnais
Les réactions après OL - Stade Rennais FC,850,39119,53,@alilou1454,bravo a toute l'équipe car ont voit tout les progrès que vous avez fait individuel ou avec le groupe bravo a vous ramenez nous la calife pour la championne ligue sa serait un cadeau pour vous et les supporter,0,Olympique Lyonnais
Résumé Saint-Etienne - OL : Une défaite au goût amer (2-1),2129,309257,1040,@kevinkilliansauvage5948,Rahhhh le commentateur comme il avait les mords 😂😂 le seum absolu,25,Olympique Lyonnais
"""On doit s’excuser auprès de nos supporters"" : les réactions après ASSE-OL",249,12224,78,@earthteamjordan,What's wrong with our defense? Bring back Jeremey Morel please,1,Olympique Lyonnais
"Nouvelle saison, nouveau maillot.",910,14366,27,@emmaprunier7452,Al ol❤❤❤,2,Olympique Lyonnais
Résumé AJA - OL : les Lyonnais se rapprochent du podium ! (1-3),3801,197584,215,@samyx8620,Merci les résumé longs sa fait super plaisir.,2,Olympique Lyonnais
“L'OL ça représente toute ma vie” : la dernière interview d'Alexandre Lacazette,2576,52622,169,@augustinleclercq,Merci Alex 🙏,1,Olympique Lyonnais
🇬🇪 🇫🇷 Leçon de Géorgien avec Georges Mikautadze et Rayan Cherki 😂 #shorts #ol,2992,177946,62,@Jeancani,Wech pelo😂,0,Olympique Lyonnais
🤩 De la magie dans les pieds 🪄 #shorts #ol #cherki #compilation #bestoffootball,920,20917,14,@izanami6345,Dommage mais il devras partir pour renflouer les poches de textor,2,Olympique Lyonnais
"""On doit s’excuser auprès de nos supporters"" : les réactions après ASSE-OL",249,12224,78,@ClaudeMONTAL-f9b,"Deux grosses fautes dans ce match avec un carton rouge changé en jaune alors qu'il y a bien une faute le méritant, le joueur stéphanois butteur pour son équipe qui aurait dû être expulsé et un match repris alors qu'il aurait dû être rejoué après décision de la Fédération. De quoi rager quand on pense que l'entraîneur Lyonnais a subi une très lourde sanction après une simple altercation avec un arbitre alors que là il y a eu un coup porté à un arbitre, un délit pénal!",1,Olympique Lyonnais
Résumé OL - RC Lens : Une défaite cruelle (1-2),868,81114,365,@PatriceMorin-c4r,J adore Lyon mais j adore encore plus les commentateurs quand ils perdent le top du top😢😅😂,0,Olympique Lyonnais
Résumé Monaco - OL : les Lyonnais défaits à Louis II,741,69232,182,@imfgr5324,"5:35 : ""Les 2 buts offerts .... On perd le ballon ... Monaco marque blabla ..."" 
C'est vrai que c'est un scandale ! Normalement les équipes prennent les buts SANS PERDRE LE BALLON ! Quelle indignité.",15,Olympique Lyonnais
"Mikautadze, Cherki, Lacazette : les 10 plus beaux buts de l'OL cette saison !",693,20643,31,@andersoncarmohenriquedemed9480,Meu parceiros torcedores do lyon vai chegar uma joia Argentina ai no final do ano chamado Álvaro montoro vai ficar no Botafogo ate o final do ano e depois vai para o lyon,1,Olympique Lyonnais
"Tout un symbole, l'offrande de Rayan pour le dernier but en Rouge & Bleu de son pote Alex 😍 #ligue1",1640,37505,26,@jean-christianchapelet8578,Bravo ol et les joueurs ❤❤❤,4,Olympique Lyonnais
"Mikautadze, Cherki, Lacazette : les 10 plus beaux buts de l'OL cette saison !",693,20643,31,@valarmorghulis4984,Mikau qui nous sort que des BANGER,0,Olympique Lyonnais
Le plein d’énergie avec la présence de plus de 700 enfants de nos clubs partenaires 🙌 #ligue1 #bts,1341,34180,25,@TheMryoh,"❤❤❤❤❤❤❤❤❤ pour les enfants 
Notre trésor",0,Olympique Lyonnais
"🧤 Claquettes, parades, Lucas Perri a été décisif de nombreuses fois cette saison #ol #football",844,13536,28,@sowan2295,Faut absolument le gardé ce gars,18,Olympique Lyonnais
"Alexandre Lacazette avant le derby contre l'ASSE : ""La saveur d’un derby ne change pas""",431,13938,80,@brunodefranco3914,Tous avec l ol depuis martigues 13,1,Olympique Lyonnais
J’ai tellement faim que je pourrais manger … 🔴🔵 #shorts #ol #football,1391,83639,23,@gregorylamaison4966,La trend pour les enfants de tiktok . Ca devient ridicule en 2025 les video des club voire meme de la chaine ligue 1 qui font des montages comme si les suiveurs avaient 12 ans .,6,Olympique Lyonnais
"Georges Mikautadze avant OL-Lens : ""On a notre destin entre nos mains.""",272,10376,18,@olivier42100,"le PSG avec les yeux sur la CL n'est-il pas en train de fausser le championnat ? défaite contre Nice et Strasbourg, 2 prétendants au top 4 🤠",2,Olympique Lyonnais
Le plein d’énergie avec la présence de plus de 700 enfants de nos clubs partenaires 🙌 #ligue1 #bts,1341,34180,25,@Winter-dt7kn,"Salamaleykoum 
Vous parliez de ce sujet dans vos vidéos précédentes ( la preuve)
Je pose la question : La preuve est-elle une preuve ? Merci",0,Olympique Lyonnais
Résumé Saint-Etienne - OL : Une défaite au goût amer (2-1),2129,309257,1040,@ahmedzaky-c8m,This is going straight into my favorites playlist,0,Olympique Lyonnais
Résumé Saint-Etienne - OL : Une défaite au goût amer (2-1),2129,309257,1040,@hermenegildodiazperez925,Que gran afición del saint cuando jugo su final de la copa de europa,0,Olympique Lyonnais
“L'OL ça représente toute ma vie” : la dernière interview d'Alexandre Lacazette,2576,52622,169,@fleche4614,"Pour moi  une vraie légende,  merci alex  bon vent",0,Olympique Lyonnais
Résumé AJA - OL : les Lyonnais se rapprochent du podium ! (1-3),3801,197584,215,@joelmisseou718,"Cherki c’est le plus gros talent français 🎊 , Deschamps a du sang sur la main pour ne pas appeler ce petit en équipe de France 🇫🇷 franchement",2,Olympique Lyonnais
L'AVANT MATCH : OL - Angers SCO,229,6618,3,@fm1635,Svp faite que rayan part pas svp 😢,1,Olympique Lyonnais
Résumé OL - Angers : Le Général Alex Lacazette en patron pour sa dernière (2-0),3448,166651,190,@noylmusip,Adios General Lacazette .. tu rentres dans les légendes Lyonnaise,233,Olympique Lyonnais
"Rayan Cherki avant OL - Angers : ""On sait que les chances sont infimes, mais on y croit""",376,15826,45,@Sifax510,un grand homme,0,Olympique Lyonnais
Hommage : Quand le football français célébrait les 70 ans de Bernard Lacombe,763,28233,71,@MarcBol-m5g,🎩🎩🎩,0,Olympique Lyonnais
Les réactions après OL - Stade Rennais FC,850,39119,53,@severineverne6724,Bravooot,2,Olympique Lyonnais
Félicitations au jeune papa ! 👏💕 #shorts #olympiquelyonnais #lucasperri,1691,54658,52,@remy2824,Félicitations 🎉,1,Olympique Lyonnais
"Parades, réflexes, relances à la main : les plus beaux moments de Lucas Perri cette saison",296,7112,21,@christianl6010,Pourvu qu’il reste encore cette saison,5,Olympique Lyonnais
"Parades, réflexes, relances à la main : les plus beaux moments de Lucas Perri cette saison",296,7112,21,@sowan2295,Il est vraiment chaud,5,Olympique Lyonnais
"Ainsley régale, Coco enchaîne sans contrôle...Samba est battu, nous on savoure 🔥🔴🔵 #ol #football",988,20506,9,@AmrNjah,🎱,1,Olympique Lyonnais
“L'OL ça représente toute ma vie” : la dernière interview d'Alexandre Lacazette,2576,52622,169,@4nir,Pourquoi laisser partir le meilleur joueur de l’OL ? 😲,0,Olympique Lyonnais
Résumé Saint-Etienne - OL : Une défaite au goût amer (2-1),2129,309257,1040,@Ounes_ForceMontreuilloise,"Il y’a des équipes comme ça comme L’OL qui veulent pas gagner ,qui veulent pas se qualifier en demi , qui veulent pas être top 4 on appelle ça la loose pareil pour le coach et niakhate = coach loose + joueur loose 🥎🥎🥎🥎🥎🥎",0,Olympique Lyonnais
Résumé OL - Angers : Le Général Alex Lacazette en patron pour sa dernière (2-0),3448,166651,190,@Eliott-lo9hk,MERCI GÉNÉRAL !!! 🦁🔴😂🫡🤩🥳,22,Olympique Lyonnais
"""On doit s’excuser auprès de nos supporters"" : les réactions après ASSE-OL",249,12224,78,@mustomax,"Compo hallucinante, arbitrage hallucinant, reprise de match hallucinante, niveau de Mikau hallucinant... soirée pourrie.",2,Olympique Lyonnais
Résumé Manchester United - OL : immense déception (5-4),8851,751638,736,@Basharrr,"Vous avez jouer comme des hommes et avec vos couilles jusqu’au bout à 10 j’ai jurer je prend pas ça comme une défaite au contraire plus comme une victoire 

la remontada que vous avez lâcher j’ai coller",0,Olympique Lyonnais
🇬🇪 🇫🇷 Leçon de Géorgien avec Georges Mikautadze et Rayan Cherki 😂 #shorts #ol,2992,177946,62,@atila101nomercy3,On vous aimes 😘🥰🤎☀️✨❤️‍🔥❤️💙⚽🦁❣️,0,Olympique Lyonnais
Résumé Manchester United - OL : immense déception (5-4),8851,751638,736,@jasonparker3737,Prend un but par maguireeeee😂😂😂😂😂😂 la honte,0,Olympique Lyonnais
Hommage : Sur la route avec Bernard Lacombe,660,24916,76,@philippefarlay3136,Depuis hier je ne peux m'empêcher au  trop discret Serge Chiesa.,2,Olympique Lyonnais
Résumé AJA - OL : les Lyonnais se rapprochent du podium ! (1-3),3801,197584,215,@Djehouty1618,"Très belle prestation de nos gones, allez l'OL, en route vers Manchester maintenant, faudra tout donner !",7,Olympique Lyonnais
Retour au travail 👊 🔜 #olsrfc #training #ligue1,927,12950,21,@jcamiot4506,Il est grand temps de s'y mettre au travail au vu des dernières prestations....,0,Olympique Lyonnais
Résumé Saint-Etienne - OL : Une défaite au goût amer (2-1),2129,309257,1040,@ParasMarti,Your consistency is inspiring—keep going,0,Olympique Lyonnais
"La joie collective avec le parcage sur notre dernier but, c'est pour vous les Gones ! 🔥🦁💪 #bts",1338,28311,30,@nadersabrynader7314,Lacaaaa❤❤❤🎉🎉🎉,1,Olympique Lyonnais
Résumé OL - Rennes : des buts de folie et un petit pas vers l'Europe (4-1),4111,192634,222,@_PLANK_,"Allez Lyon, on t'encourage !

Botafogo fans.",106,Olympique Lyonnais
"Rayan Cherki : ""J'aime le beau jeu et le spectacle""",651,20906,72,@MomoSpark,"Rayan je t'aime reste dans mon club stp, ou devrai-je dire TON club ! Allez l'OL ❤💙",0,Olympique Lyonnais
Résumé Saint-Etienne - OL : Une défaite au goût amer (2-1),2129,309257,1040,@VictorPraly,Arbitrage scandaleux 🤬💩🤬😈,0,Olympique Lyonnais
LE MATCH : MAN UTD - OL,641,48377,149,@morgannmathieu4243,Quel mauvaise foi 😂😂😂😂,1,Olympique Lyonnais
L'intégrale des 201 buts d'Alexandre Lacazette sous le maillot l'OL,1539,51939,100,@willrasta1103,Merci Alex❤,2,Olympique Lyonnais
“L'OL ça représente toute ma vie” : la dernière interview d'Alexandre Lacazette,2576,52622,169,@tontonbernard6145,i l va nous manquer,0,Olympique Lyonnais
"Intérieur, extérieur ... Malick Fofana était on fire 🔥 #shorts #ol #football",1221,22264,30,@lefauxAraddu38,Ce but 👏🤍❤️💙,1,Olympique Lyonnais
Résumé Manchester United - OL : immense déception (5-4),8851,751638,736,@renepuentes_,😂😂😂😂😂,1,Olympique Lyonnais
"Paulo Fonseca avant OL - Rennes : ""On a beaucoup parlé de notre avenir""",168,8322,33,@SamuelMoreira-iv1vs,Allez l'OL,1,Olympique Lyonnais
Hommage : Quand le football français célébrait les 70 ans de Bernard Lacombe,763,28233,71,@yahiyahi4226,"euh jpeux pas parler c est trop beau
tout petit notre equipe de france❤
plus grand notre ol a gerland avec jma
Merci❤
au revoir Mr",1,Olympique Lyonnais
Résumé AJA - OL : les Lyonnais se rapprochent du podium ! (1-3),3801,197584,215,@anthor4511,"sa fait toujours plaisir de voir une victoire de l'OL, faut vraiment espéré qui obtienne la troisième place minimum sa éviterait qui ce tape les phases de qualif de LDC",4,Olympique Lyonnais
Une action qui respire le football (et le 6-9) 🔴🔵 #shorts #ol #football,1516,31866,119,@WilliamKerikorian-f5x,Aurélien Tchouaméni,0,Olympique Lyonnais
"Parades, réflexes, relances à la main : les plus beaux moments de Lucas Perri cette saison",296,7112,21,@icicle9385,Aucune finale Européenne de sont histoire. 😂😂😂,0,Olympique Lyonnais
Résumé OL - RC Lens : Une défaite cruelle (1-2),868,81114,365,@douglasalafraise7019,Mais qui sont donc ces presentateurs????^^,10,Olympique Lyonnais
"Merci Alex, Lyonnais pour toujours 🙌",627,13282,37,@rafikf4791,Tant mieux bon débarras pas besoin de perdants dans cette équipe .,0,Olympique Lyonnais
Résumé OL - Rennes : des buts de folie et un petit pas vers l'Europe (4-1),4111,192634,222,@keke200597,"S'il vous plaît, est ce que vous pouvez changer ce micro sinon super video",0,Olympique Lyonnais
Une victoire de caractère : OL-Rennes (2023),358,19402,29,@flolyonnais,Belle victoire mais rien d'un match de légende j'en suis désolé... En réalité j'en gardais très peu de souvenirs de ce match et de cette fin de saison pourrie,6,Olympique Lyonnais
Hommage : Quand le football français célébrait les 70 ans de Bernard Lacombe,763,28233,71,@matthieumoncoiffe1311,bon anniversaire Bernard pour tes 70 a Lyon  ❤💙,0,Olympique Lyonnais
"Vitesse, dribbles, finition, Malick Fofana nous a régalé cette saison ⚡️😍 #shorts #ol",938,11481,24,@NolanPlassais,Le meilleur Malik tu es trop fort continue comme ça,4,Olympique Lyonnais
Résumé Manchester United - OL : immense déception (5-4),8851,751638,736,@lucasribes2253,"Je suis même pas Lyonnais, j'ai trop la haine... Lyon méritait tellement mieux. Maintenant les gars, allez chercher votre place pour la LDC la saison prochaine, la France a besoin de l'OL.",0,Olympique Lyonnais
🕺🤣 #shorts #ol #cherki #football,1884,59587,68,@Fofana_11,En plus d'etre footballeurs il est dans la musique ce mec est fou c'est pour ça que c'est le meilleur,34,Olympique Lyonnais
Résumé OL - Angers : Le Général Alex Lacazette en patron pour sa dernière (2-0),3448,166651,190,@francksayyeah9795,"merci l'OL. Grande émotion, et vous êtes plus rapides que DAZN, mais c'est pas vraiment compliqué ;)",2,Olympique Lyonnais
Hommage : Quand le football français célébrait les 70 ans de Bernard Lacombe,763,28233,71,@alaindesprat9701,"des grands hommes comme lui, avec une tel gentillesse , y en a pas beaucoup , ^^quelle équipe de foot il y a au paradis,!!! îls vont s'éclatés",0,Olympique Lyonnais
"Alexandre Lacazette avant le derby contre l'ASSE : ""La saveur d’un derby ne change pas""",431,13938,80,@manueldacunha-g3e,Ilbdaut positiver et ne pas se morfondre . Arretons de parler du passé. Expier sa frustration sur asse,0,Olympique Lyonnais
Quart de finale retour en approche 👀 #shorts #ol,630,10347,29,@DreaMax-e2k,5 -4,6,Olympique Lyonnais
Hommage : Quand le football français célébrait les 70 ans de Bernard Lacombe,763,28233,71,@KRAPZYLA,un lion ne meurt jamais il dort. tu sera toujours parmi nous.,8,Olympique Lyonnais
Résumé Manchester United - OL : immense déception (5-4),8851,751638,736,@yakitorisanhc3268,Match de légende bravo,0,Olympique Lyonnais
Deux jours avant #olsco 💪 #ligue1 #football,525,11602,12,@damienforot-naturopathie1870,"C'est la qu'on voit que nos défenseurs son pas au niveau !
Par contre arrêté de faire les malins... ! Y'a vraiment pas de quoi rigoler !",0,Olympique Lyonnais
Résumé Saint-Etienne - OL : Une défaite au goût amer (2-1),2129,309257,1040,@Cd-yg3rq,Un rouge et un penalty évident....merci l'arbitrage français..qu'il retourne en district cet arbitre ..,0,Olympique Lyonnais
"🎥💔 Un dernier moment, une dernière étreinte #shorts #ol",2083,90296,25,@mouns4767,Sache que moi et tout les supporters sommes de tout cœur avec toi et que...... j'arrête là je suis trop emotionné 😭,1,Olympique Lyonnais
Résumé AJA - OL : les Lyonnais se rapprochent du podium ! (1-3),3801,197584,215,@22rolence,The commentators are hilarious 🤣,0,Olympique Lyonnais
Félicitations au jeune papa ! 👏💕 #shorts #olympiquelyonnais #lucasperri,1691,54658,52,@niteuq,❤🎉😊,0,Olympique Lyonnais
Résumé Manchester United - OL : immense déception (5-4),8851,751638,736,@laurentkolb9391,"Bravo lyon et manchester,super match.Vive le fooball champagne.Vous pouvez ere fier les lyonnais.",1,Olympique Lyonnais
Résumé Saint-Etienne - OL : Une défaite au goût amer (2-1),2129,309257,1040,@Editing.by.kerroxzz,"tu es un supporters de Saint-Étienne et c’est bien fait Je le savais qu’ils allaient perdre, mais aussi Tassin aurais du prendre un carton rouge",0,Olympique Lyonnais
"Clinton Mata VS Georges Mikautadze : qui sera le meilleur au ""Bugne à Bugne"" ?",689,13856,18,@cyrilgros4654,Les deux leaders de la saison pro avec Coco,0,Olympique Lyonnais
Résumé OL - RC Lens : Une défaite cruelle (1-2),868,81114,365,@Lecouz20,"Faut arrêter si le joueur fait 850 frappes il va réussir à mettre des lucarnes c’est obligé, même un joueur amateur sur 850 frappes il va en mettre faut être logique",0,Olympique Lyonnais
"Alexandre Lacazette avant le derby contre l'ASSE : ""La saveur d’un derby ne change pas""",431,13938,80,@ThePoushal,Maguire.,0,Olympique Lyonnais
Résumé OL - Lens (2002) : le choc décisif pour le titre !,312,15302,30,@romainbarbeau6968,C'est Michel Hidalgo qu'on entend ?,4,Olympique Lyonnais
Hommage : Sur la route avec Bernard Lacombe,660,24916,76,@Simracingone,"Parmi toutes les nouvelles du moment, c’est celle de la disparition de Bernard Lacombe qui m’émeut le plus.",3,Olympique Lyonnais
Résumé Manchester United - OL : immense déception (5-4),8851,751638,736,@MY-mp6bq,Onana what a flop,0,Olympique Lyonnais
25 MINUTES DE BONHEUR : tous les buts des victoires de l’OL dans le derby depuis 25 ans !,978,37765,71,@scorp0171,"Les supporters parlent beaucoup des joueurs les plus médiatisés mais Tiago était un joueur fantastique !! Dans la série des regrets éternels, il ne faut pas oublier qu'en 2006 il est suspendu pour le match retour à Milan !",9,Olympique Lyonnais
Résumé Saint-Etienne - OL : Une défaite au goût amer (2-1),2129,309257,1040,@jeanlucbasnel6790,inadmissible ces commentateurs devrait être viré pour tout ce qu'ils ont dit.,0,Olympique Lyonnais
Résumé AJA - OL : les Lyonnais se rapprochent du podium ! (1-3),3801,197584,215,@ОлексійТкач-в8р,Будь проклят весь город лион,0,Olympique Lyonnais
Résumé Manchester United - OL : immense déception (5-4),8851,751638,736,@stanislaskink9188,"Ca ca s'appelle une branlée monumentale 😂
Dire que c'était mon équipe de coeur 😮",0,Olympique Lyonnais
Résumé Manchester United - OL : immense déception (5-4),8851,751638,736,@lafka-c3b,Incroyable,0,Olympique Lyonnais
Une action qui respire le football (et le 6-9) 🔴🔵 #shorts #ol #football,1516,31866,119,@WilliamKerikorian-f5x,Andreas Christensen,0,Olympique Lyonnais
Résumé Saint-Etienne - OL : Une défaite au goût amer (2-1),2129,309257,1040,@sofianeboutahra3022,"Supporter stephanois, et présent au stade ce soir. L'arbitrage en france doit vraiment se remettre en question, il y a 1000 fois rouge sur l'énorme faute de stassin...",260,Olympique Lyonnais
Résumé OL - RC Lens : Une défaite cruelle (1-2),868,81114,365,@snuff790,Les commentateurs sont d'une nullité,0,Olympique Lyonnais
Résumé OL - Rennes : des buts de folie et un petit pas vers l'Europe (4-1),4111,192634,222,@LucasBoutry,Allez l'OL ! @GaelBerger meilleur commentateur ever !,0,Olympique Lyonnais
Résumé Saint-Etienne - OL : Une défaite au goût amer (2-1),2129,309257,1040,@christophervrin6677,"La ce qu'on vient de voir ce soir c'est lunaire... Ils on niquer toutes les chances de Tolisso pour l'équipe de France. Le mec met un doubler il ne doit plus être sur le terrain, ça en devient ridicule",1,Olympique Lyonnais
Hommage : Quand le football français célébrait les 70 ans de Bernard Lacombe,763,28233,71,@Kowlawitch,Impossible de trouver des renseignements sur son nez Cassé ou naturel ?,0,Olympique Lyonnais
Quart de finale en approche 👀 #europaleague #football,791,11914,23,@paulnolanenzo,Allez oL💙❤️🦁,3,Olympique Lyonnais
🥺 Les émotions #ol #football,1866,35243,62,@Momo-69-y5z,👌👌👌,3,Olympique Lyonnais
Résumé Saint-Etienne - OL : Une défaite au goût amer (2-1),2129,309257,1040,@aurelieberthon,Aller saint Etienne 💚💚,0,Olympique Lyonnais
Résumé Saint-Etienne - OL : Une défaite au goût amer (2-1),2129,309257,1040,@DennisLewis-r9d,That transition at 3:12 was chefs kiss,0,Olympique Lyonnais
"Grand soleil aujourd’hui, mais il commence à pleuvoir 🥲 #ligue1 #football",2510,97904,68,@artmdrenaissance5917,Merci général 😢,24,Olympique Lyonnais
Hommage : Les meilleures punchlines de Bernard Lacombe sur OLTV,407,43392,36,@poulidorpremier3995,"Merci Bernard ❤
   69>42",1,Olympique Lyonnais
🥺 Les émotions #ol #football,1866,35243,62,@dacoofficiel,🔴🔵🦁✨,3,Olympique Lyonnais
Résumé OL - RC Lens : Une défaite cruelle (1-2),868,81114,365,@gtisgroup9877,"Ils sont supporters Lyonnais, ces commentateurs, non? LOL",0,Olympique Lyonnais
Résumé OL - Angers : Le Général Alex Lacazette en patron pour sa dernière (2-0),3448,166651,190,@MrRapidlebel,Merci pour la LDC cette année,1,Olympique Lyonnais
Hommage : Les meilleures punchlines de Bernard Lacombe sur OLTV,407,43392,36,@sacholo-2907,Vendez pas Malick stoppp OL putain déjà que Rayan est plus là c bon et prenez un bon 9 comme Mateta oh sérieusement ☠️,0,Olympique Lyonnais
Résumé Saint-Etienne - OL : Une défaite au goût amer (2-1),2129,309257,1040,@m_ufied,united united !!!!!!!!!!!!!!!!,0,Olympique Lyonnais
"🪄 Rayan Cherki, Top Passeur Ligue 1 2024-2025 🤩🔴🔵 #ligue1 #football",1530,24786,48,@Wwpolice31,Ont la ônt représente lyon aller l ol,0,Olympique Lyonnais
Résumé Manchester United - OL : immense déception (5-4),8851,751638,736,@aureliuspro6448,"ridicule cette vidéo, on dirait un film tellement c'est crypté.",0,Olympique Lyonnais
Résumé Manchester United - OL : immense déception (5-4),8851,751638,736,@zhernosek_tv,Что это было я так и не понял 😅,0,Olympique Lyonnais
Bernard Lacombe 🙏❤️💙 #shorts #ol,1038,21416,33,@anaisdebruyker,On pense tout à toi😢,5,Olympique Lyonnais
"""Il fallait rester concentrés du début à la fin"" : Les réactions après AJA - OL",416,8917,39,@GMC-1781,Abner qui parle aussi tres bien francais 😮Bravo a nos brésiliens,5,Olympique Lyonnais
"Parades, réflexes, relances à la main : les plus beaux moments de Lucas Perri cette saison",296,7112,21,@Steppa1437,Dans un monde normal on le garde très TRÈS longtemps,16,Olympique Lyonnais
On était avec Rayan Cherki quand il a appris LA nouvelle 😏👀 #ol #shorts,2349,79513,246,@redax1759,Le studio d'étudiants avec le cliclac je suis mort 😂,0,Olympique Lyonnais
Résumé Manchester United - OL : immense déception (5-4),8851,751638,736,@ymura8721,"Un des plus grands matchs de ligue europa, merci",0,Olympique Lyonnais
On était avec Rayan Cherki quand il a appris LA nouvelle 😏👀 #ol #shorts,2349,79513,246,@yohannbelloc6984,Félicitations 😂😂😂😂 rayan cherki,1,Olympique Lyonnais
Résumé Manchester United - OL : immense déception (5-4),8851,751638,736,@PedroCheesman,I ve had this on repeat all day,0,Olympique Lyonnais
"Paulo Fonseca avant Monaco - OL : ""Je veux être l'entraîneur qui remet Lyon en Ligue des champions""",166,6272,41,@eliottguiness,"Manchester c’est clairement une faute professionelle
Une Dinguerie",0,Olympique Lyonnais
"""Il fallait rester concentrés du début à la fin"" : Les réactions après AJA - OL",416,8917,39,@Kingsherou,Les Brésiliens de Lyon c’est quand même un modèle d’humilité et de respect de la culture des autres. Franchement chapeau. Très bon travail d’Isabelle qui est très importante dans ce club. Tous les joueurs le disent et pas que les étrangers.,0,Olympique Lyonnais
Résumé Saint-Etienne - OL : Une défaite au goût amer (2-1),2129,309257,1040,@aurelienmontagnon3070,La mauvaise foi des commentateurs 😂😂😂,0,Olympique Lyonnais
Hommage : Quand le football français célébrait les 70 ans de Bernard Lacombe,763,28233,71,@nicolasnivelle4137,repose en paix bernard ! un MF91 triste pour nos voisins et amis surtout,0,Olympique Lyonnais
"100 humains VS 1 gorille, qui gagne ? 🦍 #shorts #ol #football",3658,209292,57,@Arrde-118,Le crie de guerre dans le vestiaire nous manque,2,Olympique Lyonnais
Résumé AJA - OL : les Lyonnais se rapprochent du podium ! (1-3),3801,197584,215,@JaimeLefoot-qq8bd,Cherki c kk chose cette année,4,Olympique Lyonnais
“L'OL ça représente toute ma vie” : la dernière interview d'Alexandre Lacazette,2576,52622,169,@alexbadg8734,"Une légende est né, à jamais Lyonnais ! ❤💙",21,Olympique Lyonnais
Quart de finale retour en approche 👀 #shorts #ol,630,10347,29,@trgjjbjvhhvh-eh8hq,"اولمبيك ليون بحاجه لبناء الفريق و لاعبين 
من مستوى كيم كاستوم  مايحصل الأن 
هو العوامل السلبية لي التعاقد مع الأحمق
كلود بويل 
أنا من مشجعي نادي أولمبيك ليون
و أرى أن وكيم لوف مدرب المنتخب الألماني سابق هوا الأنسب للشفاء  جراح التي تسبب به  المهرج بويل للفريق",0,Olympique Lyonnais
"Merci Alex, Lyonnais pour toujours 🙌",627,13282,37,@mathiaspanafieu7597,Respect général❤💙,1,Olympique Lyonnais
🎧 L'avant-match avait bien commencé avec @Trinix 🔥,1184,49589,33,@alap124,Allez l ol ❤❤❤❤❤❤,2,Olympique Lyonnais
Rayan Cherki ✨ #shorts #ol #football,945,28717,27,@Zeyn_yt1,Aller l’OL❤,3,Olympique Lyonnais
"La réaction de Paulo Fonseca après Manchester United - OL : ""Nous devons apprendre de ce moment""",287,21673,113,@nicolasromain5910,"C'est fou d'aligner une meilleure équipe contre Auxerre que contre Manchester United... !!! Ok le but c'était de tenir et d'envoyer la sauce en 2e, mais milieu Akouokou - Veretout pendant 1h alors qu'on est mené 2-0 à la mi-temps c'est pas possible. 
On a Matic sur le banc, joueur le plus expérimenté de l'effectif, et il joue... 0 minute ?! Pas malin de faire rentrer DCC qui ne joue quasiment plus et qui, bizarrement, n'a pas gagné 1 seul duel. A mon avis, la diff s'est faite sur le coaching... Et HEUREUSEMENT que Fofana va mieux. Sinon, on aurait tous pu partir faire dodo plus tôt que prévu.
Bref, encore un magnifique match avec Lyon qui, d'habitude, tourne en notre faveur. Maintenant analyse, repos, recup, et focus sur notre objectif principal de la saison : la qualif directe en LDC pour espérer sauver le club de la rélégation.",1,Olympique Lyonnais
🕺🤣 #shorts #ol #cherki #football,1884,59587,68,@azox3.079,😂😂😂😂😂,3,Olympique Lyonnais
"La réaction de Paulo Fonseca après Manchester United - OL : ""Nous devons apprendre de ce moment""",287,21673,113,@patrickg9767,"Désolé mais faute professionnelle....comment cest possible et maintenant la saison est finie.... ils vont s'écrouler on va finir 6e ou 7e et on va mettre quatre ou cinq années a s'en remettre..... je leurs veux comme c'est pas possible, une honte",3,Olympique Lyonnais
Hommage : Quand le football français célébrait les 70 ans de Bernard Lacombe,763,28233,71,@sylvainreille117,"Merci pour tout Bernard, bon voyage ;-)",0,Olympique Lyonnais
Résumé Saint-Etienne - OL : Une défaite au goût amer (2-1),2129,309257,1040,@julienchenevard9906,La réf de dimitri payet c trop drôle comme il chiale 🔵⚪️,24,Olympique Lyonnais
Résumé Saint-Etienne - OL : Une défaite au goût amer (2-1),2129,309257,1040,@ericsabin2355,Il est relou le supporter avec le micro..ya pas un commentateur a lyon??,1,Olympique Lyonnais
Résumé AJA - OL : les Lyonnais se rapprochent du podium ! (1-3),3801,197584,215,@AmrNjah,ALLLE Z OL 🦁🔵🔴🔝,2,Olympique Lyonnais
"Son 200e but, chez lui, dans son jardin, pour son dernier match avec l'OL 🫡🦁 #ligue1 #goal",2058,50423,58,@the_football_duck,Maintenant je vais supporter le Havre😂,3,Olympique Lyonnais
Résumé Saint-Etienne - OL : Une défaite au goût amer (2-1),2129,309257,1040,@BlandineFrance,les commentateur sale lyonnais,0,Olympique Lyonnais
🥺 Les émotions #ol #football,1866,35243,62,@shubhamsingh-wq5th,Baller,0,Olympique Lyonnais
"Paulo Fonseca avant OL - Angers : ""Ce match doit être l’occasion d’envoyer un message""",128,7098,60,@dacoofficiel,🔴🔵🦁✨,3,Olympique Lyonnais
"Grand soleil aujourd’hui, mais il commence à pleuvoir 🥲 #ligue1 #football",2510,97904,68,@MireilleTerracier,MDR cherki😂,0,Olympique Lyonnais
Inside PLIC : la fin d'une aventure,223,11619,11,@Hardoro-u7h,C'est pas grave les gars  vous etes allez jusqu'au bout et ça c'est beau allez l'ol❤️💙🔥,3,Olympique Lyonnais
"""On doit s’excuser auprès de nos supporters"" : les réactions après ASSE-OL",249,12224,78,@damienforot-naturopathie1870,"Stassin rouge !
Puis double main dans la surface ✋ donc penalty pour le 1-1  ! 
Un scandale d'arbitrage encore !
Défense lyonnaise toujours autant a la rue cela dit !",2,Olympique Lyonnais
Résumé Saint-Etienne - OL : Une défaite au goût amer (2-1),2129,309257,1040,@LeCampeur27,2:10 😂😂😂😂😂😂,0,Olympique Lyonnais
Deux jours avant #olsco 💪 #ligue1 #football,525,11602,12,@patrickg9767,Ils ont réussis a tuer le club en trois semaines..... on peut tous vous en vouloir,0,Olympique Lyonnais
Sans Crampons avec Clinton Mata,620,10263,29,@augustinleclercq,Magnifique,0,Olympique Lyonnais
Résumé Saint-Etienne - OL : Une défaite au goût amer (2-1),2129,309257,1040,@RekhaDevi-n3h3y,"Came for the thumbnail, stayed for the vibes",0,Olympique Lyonnais
"""Il fallait rester concentrés du début à la fin"" : Les réactions après AJA - OL",416,8917,39,@nabilfekir69,"Tolisso et cherki les 2 meilleurs français depuis janvier mais didiom deschOMp préfère les guendouzi rabiot

bientot il va sélectionner Greenwood et mbemba",6,Olympique Lyonnais
Résumé Manchester United - OL : immense déception (5-4),8851,751638,736,@Mokjow,Les clubs français ne sont pas faits pour la ligue des champions qui a ses propres clubs qui ont des traditions pour aller plus loin chercher la coupe.,0,Olympique Lyonnais
Avec notre maillot extérieur ce soir 🦁⚫️ #football #ligue1 #asmol,541,8566,15,@MaximeMillot-sy1ho,Aller chercher le meilleur de vous-même pour sauver le club❤️💙🦁,4,Olympique Lyonnais
Résumé Saint-Etienne - OL : Une défaite au goût amer (2-1),2129,309257,1040,@rapidokitty608,T'as les boules T'as les glandes T'as les crottes de nez ... 😂😂😂,0,Olympique Lyonnais
"Nicolás Tagliafico avec Monaco - OL : ""Jouer sous pression nous rend meilleur""",141,4883,35,@Nikusiu,"Il est la depuis tant de temps et ile ne comprend toujours pas le francais... Quelle tristesse. J'aime le joueur, mais qu'il se casse...",0,Olympique Lyonnais
"Trainline Challenge : à vos marques, voyagez !",1053,24017,42,@Momo-69-y5z,👌,0,Olympique Lyonnais
Résumé Saint-Etienne - OL : Une défaite au goût amer (2-1),2129,309257,1040,@Zuriki_,On a bien remis les lyonnais à leur place !! Une claque pour les quenelles ahaha allez rentrez chez vous pleurer on a été supérieur c'est tout,1,Olympique Lyonnais
☄️🇬🇪 Georges Mikautadze #ol #shorts #olympiquelyonnais,810,26075,16,@titgaming7010,"Slt, il faudrait mettre une statue de Lacazette de sa célébration de samedi devant le Groupama stadium svp",0,Olympique Lyonnais
"🪄 Rayan Cherki, Top Passeur Ligue 1 2024-2025 🤩🔴🔵 #ligue1 #football",1530,24786,48,@fm1635,Il part pas du coup ou pas,1,Olympique Lyonnais
Retour au travail 👊 🔜 #olsrfc #training #ligue1,927,12950,21,@Thithis22,"On vous lâchera pas, mais nous lachez pas !",0,Olympique Lyonnais
Résumé OL - Lens (2002) : le choc décisif pour le titre !,312,15302,30,@Jax-p1k,Que de souvenirs. Le premier titre de champion de France. Tout le monde était en delire,3,Olympique Lyonnais
Les émotions 🥲 #ligue1 #bts #lacazette,4069,117722,83,@MatteoClement-vl7iy,Merci Alex pour tout se que tu as fait à Lyon,4,Olympique Lyonnais
"La réaction de Paulo Fonseca après Manchester United - OL : ""Nous devons apprendre de ce moment""",287,21673,113,@MrKifkif00,Et mais jamais lyon merite de gagner ..... ilq ont eu 3 occases et demie,0,Olympique Lyonnais
Résumé Manchester United - OL : immense déception (5-4),8851,751638,736,,"le foot comme d'autres sports, c'est vraiment une question de gestion des émotions, on l'a encore revu avec paris face à villa/// Sur ce match, LYON a revu sa saison défilée et ce qui lui manque encore pour (re)devenir aussi fébrile face au pathétique 14eme ou 15eme de première league... De belles perspectives sinon, disons que c'est l'aurore d'un truc mais si ryan part c'est même plus la peine",0,Olympique Lyonnais
Résumé OL - Rennes : des buts de folie et un petit pas vers l'Europe (4-1),4111,192634,222,@njt2961,69 la travik,0,Olympique Lyonnais
On était avec Rayan Cherki quand il a appris LA nouvelle 😏👀 #ol #shorts,2349,79513,246,@Vialli84,"Perso je suis algérien mais lui souhaite le meilleur
Je préfère quelqu’un qui se sent français et qui l’assume que quelqu’un qui joue sur ses origines et rejoint l’Algérie par défaut…

Même si on aurait préféré qu’il se positionne avant sur son choix",0,Olympique Lyonnais
Résumé Saint-Etienne - OL : Une défaite au goût amer (2-1),2129,309257,1040,@sidahchicha-up4no,C mieux pour les lyonnais.. Faut que les joueurs lyonnais mette leurs pieds à terre.. Ils se croit Qu ils sont arriver.. Surtt colle le joueur cherkiii.. T pas messii... Petit,1,Olympique Lyonnais
"Nicolás Tagliafico avec Monaco - OL : ""Jouer sous pression nous rend meilleur""",141,4883,35,@whatsupmarine,"Et dire qu’il va sûrement partir , lui aussi .. 😢",6,Olympique Lyonnais
🦁 Un vestiaire 𝐑𝐨𝐮𝐠𝐞 & 𝐁𝐥𝐞𝐮 🔴🔵,1030,18456,32,@JPR69-n6o,Les gars c’est n’importe quoi on fait un magnifique match contre Manchester et là on arrive à perdre contre st Étienne la honte reprenez vous la,3,Olympique Lyonnais
"Alexandre Lacazette avant le derby contre l'ASSE : ""La saveur d’un derby ne change pas""",431,13938,80,@MgMk-r5w,Alex on t'aime mon frère,12,Olympique Lyonnais
Résumé Manchester United - OL : immense déception (5-4),8851,751638,736,@sachapetru2370,"Je suis un supporter de Saint Etienne mais il faut dire que pour la France, Lyon meritait de se qualifier",11,Olympique Lyonnais
🎙️ Alex Lacazette revient sur sa décision de rester à l’OL l’été dernier 🔴🔵 #shorts #ol,1015,31231,8,@bilala7622,Dédicace à sa femme qui l'a conforté dans son idée de rester,1,Olympique Lyonnais
Résumé Manchester United - OL : immense déception (5-4),8851,751638,736,@UlyZo,"Supporter Marseillais, je me suis régalé hier ... Félicitations aux Lyonnais malgré la défaite, au moins on a vu du football 
Vous avez une belle équipe ! Y'a pas poussette de Maguire sur le dernier But ? 😮",0,Olympique Lyonnais
🦁 Un vestiaire 𝐑𝐨𝐮𝐠𝐞 & 𝐁𝐥𝐞𝐮 🔴🔵,1030,18456,32,@WilliamKerikorian-f5x,Digeo Dalot,0,Olympique Lyonnais
Hommage : Les meilleures punchlines de Bernard Lacombe sur OLTV,407,43392,36,@PodosansO,Légende 🙏,2,Olympique Lyonnais
Deux nouveaux Chevaliers dans l’ordre national du Mérite🏅 #ol #shorts #olympiquelyonnais,841,22263,21,@Cherma2519,Non mais sérieux.,0,Olympique Lyonnais
Résumé Saint-Etienne - OL : Une défaite au goût amer (2-1),2129,309257,1040,@jordanrobin8113,Demandé turpin la prochaine fois vous gagnerai à coup sur 😅,0,Olympique Lyonnais
"Rayan Cherki avant OL - Angers : ""On sait que les chances sont infimes, mais on y croit""",376,15826,45,@kevss7786,La dernière de Rayan..,3,Olympique Lyonnais
Rayan Cherki ✨ #shorts #ol #football,945,28717,27,@Tankiler,Cherky fait le zouave avec Lyon tant dit que son ex coéquipier Barcola joue la finale de la ldc  avec le psg ça s'appelle le talent gâché avec Lyon cherky va moisir jusqu'a la de sa carrière. 😅😅😅😅😅😅😅😅😅😅,0,Olympique Lyonnais
Hommage : Sur la route avec Bernard Lacombe,660,24916,76,,"Inscrire un but en finale de la coupe de France face à Nantes incontestablement avec un superbe contrôle de la main, désolé amis Nantais, faut déjà avoir du ""métier"" à même pas 21 ans, excusez du peu.
Si l'on me parle de souvenir de but, je me rappelle très bien de ce but en équipe de France en coupe du monde face à l'Italie en 1978 sur un centre de Didier Six et une réception de la tête non moins prodigieuse, en a peine 40 secondes de jeu, c'était vraiment génial ! 
Je trouve qu'il avait un jeu assez similaire à Gerd Muller, déjà par leurs tailles ! 
Comme je suis triste d'apprendre son décès, je ne suis pas Lyonnais, du tout je dirai mais ce sont des joueurs de cette ""trempe"", qui m'ont vraiment fait aimer le foot ! 

Merci infiniment Mr Lacombe, toutes mes condoléances à sa famille ses proches et au club de Lyon et des Girondins de Bordeaux.",0,Olympique Lyonnais
“L'OL ça représente toute ma vie” : la dernière interview d'Alexandre Lacazette,2576,52622,169,@ramsey3392,Merci pour tout notre général tu a marqué plus d’une génération ❤💙,26,Olympique Lyonnais
"""C'est une grosse déception"" : les réactions après OL - RC Lens (1-2)",109,10398,66,@JeremyPerret,Nous sommes pathétique ! sans la ligue des champions nous allons faire un recrutement de seconde zone et perdre les seuls joueurs qu'on devait conserver ! Niakhaté reprends tes tongs et rentre aux vestiaire ! tu fais parti de ceux qui ont sali le blason !,2,Olympique Lyonnais
Résumé Monaco - OL : les Lyonnais défaits à Louis II,741,69232,182,@13antifasciste12,"😂😂😂 pleure gones  , nous marseillais nous allons jouer la champions league",10,Olympique Lyonnais
"Son 200e but, chez lui, dans son jardin, pour son dernier match avec l'OL 🫡🦁 #ligue1 #goal",2058,50423,58,@Z.y.a.d71,J était la bas c’était masterclasse ❤️‍🔥❤️‍🔥❤️‍🔥👍🏽👍🏽👍🏽🤯🤯🤯🤯,2,Olympique Lyonnais
Résumé OL - Angers : Le Général Alex Lacazette en patron pour sa dernière (2-0),3448,166651,190,@Momo-69-y5z,"Bonne continuation Cherki, Lacazette, merci Le Havre 
ALLEZ L'OL",86,Olympique Lyonnais
🇬🇪 🇫🇷 Leçon de Géorgien avec Georges Mikautadze et Rayan Cherki 😂 #shorts #ol,2992,177946,62,@a_m_i_k_o_EDITZ,გამარჯობა Gamarjoba🇬🇪 In French Bounjour 🇫🇷,0,Olympique Lyonnais
"100 humains VS 1 gorille, qui gagne ? 🦍 #shorts #ol #football",3658,209292,57,@sozzy3851,"Le problème des gens qui répondent, c'est bien souvent qu'ils se projettent à se battre contre un gorille. Et individuellement on a aucune chance et surtout pas envie même d'essayer donc 100 fois zéro fait toujours zéro. 
Mais dans la réalité si on met 100 humain dans une arène de gladiateur avec un gorille en match à mort, alors on est capables de tout et l'histoire l'a montré.",0,Olympique Lyonnais
Hier à l’entraînement ☄️ #ol #shorts #olympiquelyonnais,602,13359,7,@lyysbenze8913,Allez vous faire tous en. ... É vous avez perdu contre les verts,0,Olympique Lyonnais
Résumé Saint-Etienne - OL : Une défaite au goût amer (2-1),2129,309257,1040,@auffretgilbert5844,Je suis supporters de l om mais s'assit mérite 1000 le rouge😅😅😅,1,Olympique Lyonnais
"Grand soleil aujourd’hui, mais il commence à pleuvoir 🥲 #ligue1 #football",2510,97904,68,@sodapop9569,😢,0,Olympique Lyonnais
Résumé Manchester United - OL : immense déception (5-4),8851,751638,736,@batcaver,"On s'est fait voler, le dernier but n'est pas valable, il y a poussette dans le dos pendant le centre au moment exact où le ballon franchit la ligne des 16 mètres, l'arbitre de touche et la VAR n'ont pas fait leur boulot",0,Olympique Lyonnais
"Les réactions après Monaco - OL : ""On va se concentrer sur nous-mêmes""",65,4325,36,@ousmanea.sidibe1677,"Quelle logique, et apparemment il ne se gêne pas de cette situation.",1,Olympique Lyonnais
Hommage : Sur la route avec Bernard Lacombe,660,24916,76,@fl3575,"Alors que j'avais environ 13 ans, j'ai vu Bernard Lacombe remporter la Gambardella , vers 1970, au stade Bauer, en lever de rideau de Red Star/OM.......Une époque.....",0,Olympique Lyonnais
On était avec Rayan Cherki quand il a appris LA nouvelle 😏👀 #ol #shorts,2349,79513,246,@abtouch,"comme par hasard, quand il dit qu'il quitte l'OL.....",3,Olympique Lyonnais
Résumé Saint-Etienne - OL : Une défaite au goût amer (2-1),2129,309257,1040,@darc8844,Honnêtement si c'est l'OM le rouge reste rouge 😂,0,Olympique Lyonnais
Résumé Saint-Etienne - OL : Une défaite au goût amer (2-1),2129,309257,1040,@damienforot-naturopathie1870,"Stassin rouge !
Puis double main dans la surface ✋ donc penalty pour le 2-2  ! 
Un scandale d'arbitrage encore !",0,Olympique Lyonnais
🎙️ La dernière interview d'Alexandre Lacazette 🔴🔵 #shorts #olympiquelyonnais,818,18694,10,@nevrijaetemov4854,Ta saison a l'OL était incroyable 😊,3,Olympique Lyonnais
L'intégrale des 201 buts d'Alexandre Lacazette sous le maillot l'OL,1539,51939,100,@Peterhunter96,"Le mec met part en légende avec 100 buts, puis revient pour en planter 101 de plus ! Merci Alex",39,Olympique Lyonnais
Les coulisses d’une soirée… chevaleresque ! 😂🔴🔵 #ol #shorts #olympiquelyonnais,1076,29439,16,@MarxlaMenace59,Lionel Messire !!,0,Olympique Lyonnais
"Jusqu’en 2030, on visera toujours plus haut ✈️🔴🔵 #shorts #ol",976,12354,19,@LYONFANTV,M D R,0,Olympique Lyonnais
Résumé Saint-Etienne - OL : Une défaite au goût amer (2-1),2129,309257,1040,@steevixegp,Oh les commentaires magnifique,0,Olympique Lyonnais
Quart de finale retour en approche 👀 #shorts #ol,630,10347,29,@Ketchup1325,MDR... Allez les verts !!!,0,Olympique Lyonnais
Résumé Saint-Etienne - OL : Une défaite au goût amer (2-1),2129,309257,1040,@krimo5469,"Je ne suis pas fan de l ol mais il y a clairement rouge ,la ligue 1 c'est une catastrophe je suis lyonnais je pète un câble",0,Olympique Lyonnais
Résumé OL - Lens (2002) : le choc décisif pour le titre !,312,15302,30,@TonySerrano0,"Alors Lensois, bien dormi ?",0,Olympique Lyonnais
Nos clubs partenaires assistent à l'entraînement du groupe pro,146,4645,9,@Henri-c6g,si on va en ligue 2 peut on jouer l europa league,0,Olympique Lyonnais
"""On doit s’excuser auprès de nos supporters"" : les réactions après ASSE-OL",249,12224,78,@kestendigone2182,"les compos experimentale , voila le resultat !! Fonceca responsable numero 1 !!!! Akouokou et veretout ça suffit !!!",2,Olympique Lyonnais
On était avec Rayan Cherki quand il a appris LA nouvelle 😏👀 #ol #shorts,2349,79513,246,@raninaaskie5181,"Maintenant même s'il doit changer d'avis au bout d'un certain temps, l'Algérie ne l'appellera plus jamais dans sa sélection. L'Algérie a toujours été bien claire là-dessus : (la sélection nationale Algérienne doit être un choix de cœur, et non pas une roue de secours). Fin de citation !",0,Olympique Lyonnais
Résumé Monaco - OL : les Lyonnais défaits à Louis II,741,69232,182,@davidnry7540,Tout ça pour ça,2,Olympique Lyonnais
Résumé Manchester United - OL : immense déception (5-4),8851,751638,736,@DkkdJfkf,Who else is here before this blows up,0,Olympique Lyonnais
"""C'est une grosse déception"" : les réactions après OL - RC Lens (1-2)",109,10398,66,@younesmbappe5021,10:59,0,Olympique Lyonnais
Résumé Manchester United - OL : immense déception (5-4),8851,751638,736,@nonolafoudre3076,"La remontada de Manchester fut un régal, j'ai passé une bonne soirée.",4,Olympique Lyonnais
Résumé Manchester United - OL : immense déception (5-4),8851,751638,736,@faliloudiop1516,C'est une faute professionnelle de perdre,0,Olympique Lyonnais
🇬🇪 🇫🇷 Leçon de Géorgien avec Georges Mikautadze et Rayan Cherki 😂 #shorts #ol,2992,177946,62,@habibabaroudi9959,olol,0,Olympique Lyonnais
"Tout un symbole, l'offrande de Rayan pour le dernier but en Rouge & Bleu de son pote Alex 😍 #ligue1",1640,37505,26,@212_kenza,Merci Lacazette❤,7,Olympique Lyonnais
Quart de finale en approche 👀 #europaleague #football,791,11914,23,@Lenny_VTT,Allez l’OL,3,Olympique Lyonnais
Résumé OL - Rennes : des buts de folie et un petit pas vers l'Europe (4-1),4111,192634,222,@christophervrin6677,Il y aurait pu y avoir 10-1😂,4,Olympique Lyonnais
Retour au travail 👊 🔜 #olsrfc #training #ligue1,927,12950,21,@yohannbelloc6984,"Exigences , statistiques ...victoire",0,Olympique Lyonnais
LE MATCH : AS Saint-Étienne - OL,645,46737,34,@AmrNjah,"المباريات القادمة مهما جدا جدا جدا 
علي الفريق التحلي ب الاستمراري والقتليه
من اجل الصعود إلى دوري ابطال اوروبا 
ALLLE Z OL 🦁💪💪💪",1,Olympique Lyonnais
FINALE PLIC : Nottingham Forest - Olympique Lyonnais,996,50864,7,@วังน้ําเขียว-ฏ6ป,เอราวัณ เอราวัณ เอราวัณ ..,0,Olympique Lyonnais
Résumé OL - Angers : Le Général Alex Lacazette en patron pour sa dernière (2-0),3448,166651,190,@LaPetiteBarbe,Merci Lacazette 💔❤️‍🩹 mon général,1,Olympique Lyonnais
Hommage : Quand le football français célébrait les 70 ans de Bernard Lacombe,763,28233,71,@laurentgraziano8902,Je me rappel très bien de cet émission. 😢😢😢😢 très triste,0,Olympique Lyonnais
Résumé Manchester United - OL : immense déception (5-4),8851,751638,736,@loicjean2544,Quel bonheur de clouer le bec à ces commentateurs incompétents et haineux.,0,Olympique Lyonnais
Résumé OL - Angers : Le Général Alex Lacazette en patron pour sa dernière (2-0),3448,166651,190,@hcorbel75,"Merci Alex légende, Rayan crois moi qu'on te suivra toujours partout ou tu iras l'amour que tu nous donnes est tellement immense, merci à vous deux  ❤💙",77,Olympique Lyonnais
Résumé Manchester United - OL : immense déception (5-4),8851,751638,736,@Alayneaudind,I ve had this on repeat all day,0,Olympique Lyonnais
Résumé Saint-Etienne - OL : Une défaite au goût amer (2-1),2129,309257,1040,@SLBhools,Lyon merda ! From Benfica !,1,Olympique Lyonnais
25 MINUTES DE BONHEUR : tous les buts des victoires de l’OL dans le derby depuis 25 ans !,978,37765,71,@Shadow13-o1l,on va les enculer dimanche,0,Olympique Lyonnais
🥺 Les émotions #ol #football,1866,35243,62,@souleimanbensta-xj2wd,Tout les adieu tourne autour de Lacazette mais c’est lui qui quitte vraiment sa ville natale la seule ville qu’il a connue c’est plus compliquée pr lui,1,Olympique Lyonnais
"Mikautadze, Cherki, Lacazette : les 10 plus beaux buts de l'OL cette saison !",693,20643,31,@bst0169,"les buts de lacazette, fofana et nuamah j'adore",0,Olympique Lyonnais
Les émotions 🥲 #ligue1 #bts #lacazette,4069,117722,83,@dacoofficiel,🔴🔵🦁✨,5,Olympique Lyonnais
"Grand soleil aujourd’hui, mais il commence à pleuvoir 🥲 #ligue1 #football",2510,97904,68,@MrRenelarue,"Les trois potes superbes vidéos 
Un grand très grand manque sans eux 
Allez L’OL",0,Olympique Lyonnais
Hommage : Quand le football français célébrait les 70 ans de Bernard Lacombe,763,28233,71,@jbruandet3304,"C'est l'âme de Lyon qui s'en va. On espère que les valeurs d'humilité,  de travail et d'exigence reviendront dans notre club, aujourd'hui en perdition",2,Olympique Lyonnais
“L'OL ça représente toute ma vie” : la dernière interview d'Alexandre Lacazette,2576,52622,169,@math0756,"Foutue poussière dans l'œil...❤💙🦁 mille fois merci Alex, je t'oublierai jamais, tu m'as fais tellement vibrer",0,Olympique Lyonnais
Résumé Manchester United - OL : immense déception (5-4),8851,751638,736,@nimcanshariif3603,"What a  game this is what football fans want  
Lion and United, but a pretty good show",0,Olympique Lyonnais
Une action qui respire le football (et le 6-9) 🔴🔵 #shorts #ol #football,1516,31866,119,@WilliamKerikorian-f5x,Fikayo Tomori,0,Olympique Lyonnais
Résumé Saint-Etienne - OL : Une défaite au goût amer (2-1),2129,309257,1040,@linconnu5412,"Tacle assassin par derrière en plus ! Quelle honte cet arbitre ! Pas étonnant qu’on ai pratiquement aucun français qui arbitre au haut niveau international. Cet arbitre est à punir très sévèrement et ceux de la VAR , contrôlez bien leur comptes bancaires !",0,Olympique Lyonnais
Hommage : Quand le football français célébrait les 70 ans de Bernard Lacombe,763,28233,71,@alejandroaledo615,"Je me rappele quand j'étais gamin j'allait le voir jouer à Gerland début des années 70...une légende du foot de notre famille de l'OL et du foot Français nous a quitté 😢...tu resteras à jamais dans notre cœur des Lyonnais..
RIP  Bernard Lacombe...",4,Olympique Lyonnais
Résumé AJA - OL : les Lyonnais se rapprochent du podium ! (1-3),3801,197584,215,@Isaïe06,Les meilleurs résumés de l'OL de loin <3 Allez l'OL,30,Olympique Lyonnais
Résumé Monaco - OL : les Lyonnais défaits à Louis II,741,69232,182,@HansKartierLouisWildorf,On va gagner la C4 l'année prochaine,1,Olympique Lyonnais
Résumé Saint-Etienne - OL : Une défaite au goût amer (2-1),2129,309257,1040,@ClaudeMONTAL-f9b,"un florilège de fautes d'arbitrage qui ont bien sûr impacté le score final! Ceci dit compte tenu de l'importance de ce match, il ne fallait pas mettre face à St Etienne qui jouait sa survie en L1, une équipe B",3,Olympique Lyonnais
"Grand soleil aujourd’hui, mais il commence à pleuvoir 🥲 #ligue1 #football",2510,97904,68,@milomorisseau8773,"Merci mon général 🫡 pour tous ses souvenirs et tous ses que tu nous a donné tu resteras toujours là, là dans nos cœurs 😢🥹❤️💙🤍",5,Olympique Lyonnais
"""On doit s’excuser auprès de nos supporters"" : les réactions après ASSE-OL",249,12224,78,@youss1142,Facile de nous sortir les memes excuses vous nous avez sorti les meme aprrs united et hier cetait le neant sur le terrain et premier responsable fonseca avec sa compo,3,Olympique Lyonnais
Rayan Cherki ✨ #ligue1 #training #football,622,26804,55,@Eliott-lo9hk,Rayan ! 🤩 Nouveau logo ?,2,Olympique Lyonnais
Résumé Saint-Etienne - OL : Une défaite au goût amer (2-1),2129,309257,1040,@Louis-kz7bg,"Commentaire, niveau maternelle. Heureusement que Réveillière est là pour donner un avis plus juste.",4,Olympique Lyonnais
"Clinton Mata VS Georges Mikautadze : qui sera le meilleur au ""Bugne à Bugne"" ?",689,13856,18,@vlanegro2911,Le roi 👑,0,Olympique Lyonnais
Résumé Saint-Etienne - OL : Une défaite au goût amer (2-1),2129,309257,1040,@TheSLY07,Ca me fait penser a lilian compan et beric qu avaient fini en civiere lors de derbys sans carton pour les agresseurs rouges et bleus mais a l époque il y avait aulas…,3,Olympique Lyonnais
"Alexandre Lacazette avant le derby contre l'ASSE : ""La saveur d’un derby ne change pas""",431,13938,80,@manuella.3869,Tous derrières nos gones pour le derby et la fin de saison ❤️💙,35,Olympique Lyonnais
🦁 Un vestiaire 𝐑𝐨𝐮𝐠𝐞 & 𝐁𝐥𝐞𝐮 🔴🔵,1030,18456,32,@Sachabesnier,Aller l'OL,1,Olympique Lyonnais
"Trainline Challenge : à vos marques, voyagez !",1053,24017,42,@yludovic3530,Enzo le goat,0,Olympique Lyonnais
Résumé Saint-Etienne - OL : Une défaite au goût amer (2-1),2129,309257,1040,@hervecapon666,"Une honte,  Un havrais a fait une faute moins grave il a pris rouge par ce même arbitre après avoir vérifié à la VAR, et là, il retire le rouge pour mettre jaune, NON !! C est truqué.",7,Olympique Lyonnais
"Grand soleil aujourd’hui, mais il commence à pleuvoir 🥲 #ligue1 #football",2510,97904,68,@T.B6997,J'ai tellement grandi avec ce joueur merci pour tous mon général 🥹❤️💙,0,Olympique Lyonnais
Résumé OL - RC Lens : Une défaite cruelle (1-2),868,81114,365,@Marcus-y1p8b,De toute façon avec Lyon c est toujours pareil le plus dur passe et quand il faut gagné ils perdent c est une habitude chez eux et de plus leur défense est lamentable,0,Olympique Lyonnais
On était avec Rayan Cherki quand il a appris LA nouvelle 😏👀 #ol #shorts,2349,79513,246,@rachram7843,Les harkis lyonnais,0,Olympique Lyonnais
Une action qui respire le football (et le 6-9) 🔴🔵 #shorts #ol #football,1516,31866,119,@WilliamKerikorian-f5x,Giovani Lo Celso,0,Olympique Lyonnais
Résumé Saint-Etienne - OL : Une défaite au goût amer (2-1),2129,309257,1040,@florianlaboure3767,Commentateur de rageux 😂😂😂,0,Olympique Lyonnais
Résumé Saint-Etienne - OL : Une défaite au goût amer (2-1),2129,309257,1040,@stayfifraise8473,Y’a rouge 😳 même si je suis stéphanois faut admettre cette error,0,Olympique Lyonnais
Inside Premier League International Cup : Fulham FC - OL | Direction la finale !,596,18447,26,@yan-freddymezeme1955,Le sang lyonnais,4,Olympique Lyonnais
On était avec Rayan Cherki quand il a appris LA nouvelle 😏👀 #ol #shorts,2349,79513,246,@meroinebensenouci6899,"Tu vas goûter à ce qu’a eue le droit Benze, Ben Arfa, Nasri , Fekir, et Aouar.",61,Olympique Lyonnais
Résumé Saint-Etienne - OL : Une défaite au goût amer (2-1),2129,309257,1040,@fredericjeanniere3661,"L’OL était en dessous ce soir et St-Etienne en voulait plus mais l’arbitrage a été franchement scandaleux. Même si la faute de Stassin n’était pas intentionnelle ( encore que), elle méritait un rouge direct. 
À 10 contre 11 pendant plus d’une heure le match aurait été peut-être différent. 
Messieurs les arbitres vous voulez être respectés,  commencez par respecter le jeu et les joueurs.",0,Olympique Lyonnais
Les émotions 🥲 #ligue1 #bts #lacazette,4069,117722,83,@HectorNoël-k2i,Une légende de l'OL jusqu'au bout,2,Olympique Lyonnais
Résumé Fulham FC - OL : Les Gones en finale de la Premier League International Cup (0-2),277,43787,20,@BlueWhiteRed_Patriote,C'est quelle compétition ?😮,0,Olympique Lyonnais
LE MATCH : MAN UTD - OL,641,48377,149,@doudalia,C'est beau le foot comme tu disait monsieur en noir 😂😂😂,1,Olympique Lyonnais
Hommage : Quand le football français célébrait les 70 ans de Bernard Lacombe,763,28233,71,@claudinepierre2403,R.I.P. Bernard Lacombe.,0,Olympique Lyonnais
Résumé Saint-Etienne - OL : Une défaite au goût amer (2-1),2129,309257,1040,@vincenzocicala5061,Allez les verts,0,Olympique Lyonnais
J’ai tellement faim que je pourrais manger … 🔴🔵 #shorts #ol #football,1391,83639,23,@chourtout,au pain sec et a l'eau apres choke contre lens,2,Olympique Lyonnais
“L'OL ça représente toute ma vie” : la dernière interview d'Alexandre Lacazette,2576,52622,169,@Losmontagnos65,Alexandre Lacazette Lacazette Alexandre Lacazette oh oh oh oh oh,11,Olympique Lyonnais
Hommage : Quand le football français célébrait les 70 ans de Bernard Lacombe,763,28233,71,@samuelpav8099,❤💙,0,Olympique Lyonnais
Résumé Monaco - OL : les Lyonnais défaits à Louis II,741,69232,182,@velopolisful,Une équipe de Lyon qui vaut pas une cacahuète,35,Olympique Lyonnais
Résumé OL - Lens (2002) : le choc décisif pour le titre !,312,15302,30,@VanOuzala,Cette équipe avait du cœur,1,Olympique Lyonnais
Résumé Saint-Etienne - OL : Une défaite au goût amer (2-1),2129,309257,1040,@alainhamonic8322,"La faute ne me parait pas intentionnel c etait plutot maladroit,une faute d attaquant et le rouge était sévère...mais à partir du moment ou le joueur sort sur la civière,  cela devrait etre Rouge automatiquement , plus de question à se poser",0,Olympique Lyonnais
Sans Crampons avec Clinton Mata,620,10263,29,@math0756,J adore ce mec et j adore ce concept,22,Olympique Lyonnais
Résumé OL - RC Lens : Une défaite cruelle (1-2),868,81114,365,@babayagaastral2532,"Franchement, bien sûr que le résultat fait chier.
Mais sur l’ensemble du match, vu ce que l’équipe a montré sur le terrain, on ne peut pas vraiment leur reprocher grand-chose…
Ce qui me saoule le plus, ce n’est même pas de peut-être rater une place en LDC, c’est surtout de rester dans le flou total concernant l’avenir du club… !!",1,Olympique Lyonnais
🦁 Un vestiaire 𝐑𝐨𝐮𝐠𝐞 & 𝐁𝐥𝐞𝐮 🔴🔵,1030,18456,32,@MackendyLuffy5,Perri absent donc défaite de Lyon,0,Olympique Lyonnais
Résumé Fulham FC - OL : Les Gones en finale de la Premier League International Cup (0-2),277,43787,20,@kgibbs38,"c'est marrant on voit les défenseurs Lyonnais monter systématiquement sur les attaquants pour empecher les tirs...défendre en avançant, on avait perdu l'habitude avec les  pros....",10,Olympique Lyonnais
"Corentin Tolisso avant Manchester - OL : ""Etre très agressifs et marquer """,611,17627,37,@AndreaLupi3703,Allez l'Ol⚪️🔵🔴🇨🇵🇪🇺⚽️💪🏻,8,Olympique Lyonnais
"La joie collective avec le parcage sur notre dernier but, c'est pour vous les Gones ! 🔥🦁💪 #bts",1338,28311,30,@becasseadrie4844,Aller olympique lyonnais vous êtes les meilleurs aller rouge et bleu son nom couleur 🔴🔵 aller olympique lyonnais 🔴🔵❤️💙🔴🔵❤️💙🔴🔵❤️💙,1,Olympique Lyonnais
Résumé AJA - OL : les Lyonnais se rapprochent du podium ! (1-3),3801,197584,215,@ClaudeMONTAL-f9b,"Avec 11 minutes de plus, on a eu droit à un match de L1 à 3 mi-temps",1,Olympique Lyonnais
Nos clubs partenaires assistent à l'entraînement du groupe pro,146,4645,9,@Gones69,superbe les gones sa va rebooster le groupe ! il faut aller chercher cette LDC les gars on peut le faire ! 💪🔴🔵,0,Olympique Lyonnais
Résumé Saint-Etienne - OL : Une défaite au goût amer (2-1),2129,309257,1040,@ricnoel2014,lyon de retour a son niveau....,0,Olympique Lyonnais
Résumé Manchester United - OL : immense déception (5-4),8851,751638,736,@MhdBb-b2e,Match legendaire,4,Olympique Lyonnais
Résumé Saint-Etienne - OL : Une défaite au goût amer (2-1),2129,309257,1040,@nicomeil8354,💚🤍🖤,9,Olympique Lyonnais
Résumé Manchester United - OL : immense déception (5-4),8851,751638,736,@patricebernard3910,"Ridicule , à 4 à 2 ( 119 ème , surtout à 10 ) on fait le catenaccio à l'italienne !  Et vous passez un tour de plus !!!!!!!!!!!!!!!!!",0,Olympique Lyonnais
Résumé Saint-Etienne - OL : Une défaite au goût amer (2-1),2129,309257,1040,@etiennecournil5040,"ALV 💚💚💚 ce soir on était meilleur 
Bon courage pour votre fin de saison en espérant rejouer le derby l’an prochain ! :)",0,Olympique Lyonnais
“L'OL ça représente toute ma vie” : la dernière interview d'Alexandre Lacazette,2576,52622,169,@remioz9451,A jamais dans le coeur,0,Olympique Lyonnais
"Nouvelle saison, nouveau maillot.",910,14366,27,@Zfralana,Incroyable le maillot comme d’hab j’ai envie de dire 😊😊,5,Olympique Lyonnais
Résumé Manchester United - OL : immense déception (5-4),8851,751638,736,@qajoobeahmedwadani4037,What a game u will never forget I am united fan💪💯👀,0,Olympique Lyonnais
"Georges Mikautadze avant OL-Lens : ""On a notre destin entre nos mains.""",272,10376,18,@Momo-69-y5z,ALLEZ L'OL,4,Olympique Lyonnais
Résumé Saint-Etienne - OL : Une défaite au goût amer (2-1),2129,309257,1040,@malikleroy8453,"Arbitrage douteux !
Carton rouge indiscutable et penalty flagrant non sifflé !!!",23,Olympique Lyonnais
Les coulisses d’une soirée… chevaleresque ! 😂🔴🔵 #ol #shorts #olympiquelyonnais,1076,29439,16,@Jeancani,Une médaille pour courir après un ballon😂,2,Olympique Lyonnais
Résumé Manchester United - OL : immense déception (5-4),8851,751638,736,@isnantoteguh319,Respect to both teams. That was a magnificent fight.,0,Olympique Lyonnais
Résumé Monaco - OL : les Lyonnais défaits à Louis II,741,69232,182,@paulvoisin,Bande de che - - - s !!!,1,Olympique Lyonnais
"Moussa Niakhaté avant OL - Rennes : ""On a hâte de rectifier le tir""",182,4556,30,@salking8592,"C'est un bon gars, un bon soldat mais surtout pas un titulaire. Il peut nous aider coe l'a fait Nacho au Real.",0,Olympique Lyonnais
Résumé Saint-Etienne - OL : Une défaite au goût amer (2-1),2129,309257,1040,@corfeandco777,Les supporters stephanois prendraient une bonne leçon si la ligue retire des points à l'asse suite aux jets de projectiles,0,Olympique Lyonnais
L'intégrale des 201 buts d'Alexandre Lacazette sous le maillot l'OL,1539,51939,100,@valentincourrier4550,Des but de fou 🤩 quelle joueur il manque deja juste par ça mentalité ❤️💙🔥,0,Olympique Lyonnais
"Ça part vite devant, Lacazette conclut en patron 🔥 Rien à ajouter. #ol #shorts #football",1029,22047,27,@dacoofficiel,🔴🔵🦁✨,3,Olympique Lyonnais
Résumé Manchester United - OL : immense déception (5-4),8851,751638,736,@Frmda837,Bottlers lol,0,Olympique Lyonnais
Résumé OL - Rennes : des buts de folie et un petit pas vers l'Europe (4-1),4111,192634,222,@LucasPlay-d2j,Magnifique attaque et collectif. On mérite l’Europe les gars.,0,Olympique Lyonnais
"Ça part vite devant, Lacazette conclut en patron 🔥 Rien à ajouter. #ol #shorts #football",1029,22047,27,@WilliamKerikorian-f5x,Jarrod Bowen,0,Olympique Lyonnais
Résumé Manchester United - OL : immense déception (5-4),8851,751638,736,@yanncauvin1662,Dans le cul!!!!,0,Olympique Lyonnais
Une action qui respire le football (et le 6-9) 🔴🔵 #shorts #ol #football,1516,31866,119,@WilliamKerikorian-f5x,Youssouf Fofana,0,Olympique Lyonnais
Résumé Manchester United - OL : immense déception (5-4),8851,751638,736,@RAYAN_YT15,bas alors😂,0,Olympique Lyonnais
🤩 Une séquence à montrer dans toutes les écoles de foot ! 🎓 #shorts #ol,2348,52728,35,@WilliamKerikorian-f5x,♥🇬🇧♥🇬🇧♥🇬🇧♥🇬🇧♥ 2026,0,Olympique Lyonnais
Une action qui respire le football (et le 6-9) 🔴🔵 #shorts #ol #football,1516,31866,119,@WilliamKerikorian-f5x,Amad Diallo,0,Olympique Lyonnais
Les émotions 🥲 #ligue1 #bts #lacazette,4069,117722,83,@jean-christianchapelet8578,Merci ❤❤❤,2,Olympique Lyonnais
"Moussa Niakhaté avant OL - Rennes : ""On a hâte de rectifier le tir""",182,4556,30,@danydance637,Bon  à rien   .je ne comprends pas pourquoi il est toujours là.il  faut s'en débarrasser au plus vite.,4,Olympique Lyonnais
Résumé Saint-Etienne - OL : Une défaite au goût amer (2-1),2129,309257,1040,@quentinmorzhul8899,les larmes des commentateurs sont délicieuses,1,Olympique Lyonnais
Résumé Saint-Etienne - OL : Une défaite au goût amer (2-1),2129,309257,1040,@khaledonfire703,Mdr les commentaires c’est ce qu’on aime!,0,Olympique Lyonnais
"""Mets la vidéo du petit pont, il va rien faire"" : on t'a écouté Corentin, désolé Rayan 😆 #ligue1",1698,70974,23,@Guiliano38-m2n,On a vu le trio Alexandre Ryan Corentin,0,Olympique Lyonnais
Félicitations au jeune papa ! 👏💕 #shorts #olympiquelyonnais #lucasperri,1691,54658,52,@MaaxTKT,Félicitations Lucas 🎉🎉🎉,18,Olympique Lyonnais
☄️🇬🇪 Georges Mikautadze #ol #shorts #olympiquelyonnais,810,26075,16,@GrasiellaKoch,Les frappe son un croyable,1,Olympique Lyonnais
Résumé Saint-Etienne - OL : Une défaite au goût amer (2-1),2129,309257,1040,@Laurentlaurent69,Ça arrange personnes que Lyon pouvaitvetre devant Marseille et que saint Etienne descende en ligue 2 pour moi hier c'est de l'enculerie a haut niveau,1,Olympique Lyonnais
"""Mets la vidéo du petit pont, il va rien faire"" : on t'a écouté Corentin, désolé Rayan 😆 #ligue1",1698,70974,23,@Marcus-y1p8b,Ils sont faits pété par lens chez eux une équipe pathétique avec une défense a la ramasse bye bye la LDC et peut être rétrogradation en L2,0,Olympique Lyonnais
Résumé Monaco - OL : les Lyonnais défaits à Louis II,741,69232,182,@lucasbenzema150,Comment on a pu signer verretout et caleta car aussi on se tire dessus tout seul,1,Olympique Lyonnais
🌠 Rayan Cherki. Lyonnais pour toujours ! #shorts #ol #football #cherki,1487,16391,38,@YohanPontvienne,Merci bonne continuation,0,Olympique Lyonnais
Résumé Manchester United - OL : immense déception (5-4),8851,751638,736,@walterb2115,Who notices the shout when Lyon scores 😂😂😂,0,Olympique Lyonnais
"🧤 Claquettes, parades, Lucas Perri a été décisif de nombreuses fois cette saison #ol #football",844,13536,28,@YohanPontvienne,Il faut pas le vendre svp ol ne faite pas de conneries il faut Qu il reste n achetez pas Matt Turner il va nous manquer perri pour moi c'est l un des meilleurs gardien Qu on a eu,7,Olympique Lyonnais
Entraînement veille de derby,793,15056,80,@Akashi-do6sg,Allez lyon pour oublier le cauchemar de jeudi soir rien de mieux que de se faire les vair 😊,5,Olympique Lyonnais
Résumé Manchester United - OL : immense déception (5-4),8851,751638,736,@Momo-69-y5z,"On aurait dû perdre 2 0
ALLEZ L'OL",0,Olympique Lyonnais
Rayan Cherki ✨ #shorts #ol #football,945,28717,27,@florinedangelobrazi6256,fofana cherki lacazette almada mes amours en faite❤❤❤❤❤❤,2,Olympique Lyonnais
Résumé OL - RC Lens : Une défaite cruelle (1-2),868,81114,365,@babougm2610,"Je regrette beaucoup la passivité avec laquelle on a regardé le club se faire tuer pour les intérêts d'une multipropriété farfelue. Il faut croire que le chapeau de cowboy a fait son effet. L'incompétence et l'arrogance se paient. Je crois qu'il n'y a plus grand chose à espérer désormais, que l'on soit rétrogradés ou non cet été.",2,Olympique Lyonnais
Gone pour toujours ❤️💙,1167,14249,56,@BaptistePetelle,Bernard Lacombe on t'aime ❤️❤️,0,Olympique Lyonnais
LE MATCH : MAN UTD - OL,641,48377,149,@patrickg9767,Désolé mais pour moi faute professionnelle.... la saison c'est fini ce soir car maintenant tout va s'écrouler,0,Olympique Lyonnais
Résumé OL - RC Lens : Une défaite cruelle (1-2),868,81114,365,@tuvshinoyunbolor,"Fonseca ptn ce gars il ne gère rien du tout. 

Un Lacazette aurait fini le match avec un doublé",0,Olympique Lyonnais
“L'OL ça représente toute ma vie” : la dernière interview d'Alexandre Lacazette,2576,52622,169,@lucascaetano2769,Merci général ! ❤️💙🦁,9,Olympique Lyonnais
"Parades, réflexes, relances à la main : les plus beaux moments de Lucas Perri cette saison",296,7112,21,@christianl6010,Super PERRI,6,Olympique Lyonnais
L'intégrale des 201 buts d'Alexandre Lacazette sous le maillot l'OL,1539,51939,100,@lepecheurarverne1194,Le triplé à Gerland restera à jamais gravé dans ma mémoire. Merci pour toutes ces émotions Général !!!,0,Olympique Lyonnais
Les émotions 🥲 #ligue1 #bts #lacazette,4069,117722,83,@lamininho4744,Merci pour tout,1,Olympique Lyonnais
Résumé Saint-Etienne - OL : Une défaite au goût amer (2-1),2129,309257,1040,@c.leconte4149,defaite 5 à 4 apres avoir mené 4 à 2    défaite contre l avant dernier  et on parle de crise à l OM !!!!,0,Olympique Lyonnais
Lucas do Brazil 😮‍💨🇧🇷 #shorts #ol #football,713,21016,15,@jean-christianchapelet8578,C est un bon gardien,0,Olympique Lyonnais
Les réactions après OL - Stade Rennais FC,850,39119,53,@arminiuszmazowszanin2670,Rayan stay in Lyon fot next season.,10,Olympique Lyonnais
𝘛𝘳𝘢𝘷𝘢𝘪𝘭 𝘥𝘦 𝘧𝘪𝘯𝘪𝘵𝘪𝘰𝘯 🎯 #ligue1 #football,752,13220,17,@johnmcclanedelyon9990,Si on pourvais jouer et marquer comme ça lors de nos matchs je serai meme pas la pour commenter,0,Olympique Lyonnais
Résumé Saint-Etienne - OL : Une défaite au goût amer (2-1),2129,309257,1040,@jacktripper309,Ce commentateur est inbuvable,0,Olympique Lyonnais
Résumé Manchester United - OL : immense déception (5-4),8851,751638,736,@ampiirederrick5141,Thanks for the highlights.,29,Olympique Lyonnais
Gone pour toujours ❤️💙,1167,14249,56,@EmilieCharreyre,"Merci pour tout,🤍🕊️",1,Olympique Lyonnais
🥺 Les émotions #ol #football,1866,35243,62,@LRB187,Tu mérites mieux que ce club même si tu l'aimes dit toi le mon p'tit frère ❤,1,Olympique Lyonnais
Le plein d’énergie avec la présence de plus de 700 enfants de nos clubs partenaires 🙌 #ligue1 #bts,1341,34180,25,@omarben.aboubacar5535,Weh mais sur le terrain faut le résultat de tout ça c’est bien beau mais on dirait ça vous motive pas plus les supporters et les fan qui bout d’un moment n’oubliez pas d’où vient votre salaire.,0,Olympique Lyonnais
TORO ⚽️ #ol #shorts #olympiquelyonnais,424,10365,9,@damienforot-naturopathie1870,Eh ils sont contents... 😮,0,Olympique Lyonnais
Résumé OL - Lens (2002) : le choc décisif pour le titre !,312,15302,30,@WilliamKerikorian-f5x,Digeo Dalot,0,Olympique Lyonnais
"Les réactions après Monaco - OL : ""On va se concentrer sur nous-mêmes""",65,4325,36,@fleche4614,Quelle  bande de pipe😢,0,Olympique Lyonnais
“L'OL ça représente toute ma vie” : la dernière interview d'Alexandre Lacazette,2576,52622,169,@sacholo-2907,"Merci Laca véritable légende, qui a le véritable amour du maillot pas comme certains d’aujourd’hui (espérons que ça change plus tard et que JT les fassent changer de mentalité un minimum) l’OL c’est plus qu’un écusson c’est la vie notre vie pour aujourd’hui et pour demain ❤️‍🔥💙😈",0,Olympique Lyonnais
Résumé Saint-Etienne - OL : Une défaite au goût amer (2-1),2129,309257,1040,@badchristophe7437,C'est le fils de Riolo celui qui s'excite aux commentaires ?,0,Olympique Lyonnais
📸 Clinton Mata sort son appareil photo dans les rues de Lyon #ol #football #shorts,355,10934,3,@nicolasromain9915,Mais qu'est-ce qu'il fait 😂,0,Olympique Lyonnais
Résumé Manchester United - OL : immense déception (5-4),8851,751638,736,@lucasteamol7159,"C'est terrible, je suis abattu",2,Olympique Lyonnais
"""Il fallait rester concentrés du début à la fin"" : Les réactions après AJA - OL",416,8917,39,@TH-ns7bt,haha cherki on dirait qu'il est bourré XD,0,Olympique Lyonnais
Résumé Saint-Etienne - OL : Une défaite au goût amer (2-1),2129,309257,1040,@Farid-xi6sh,"J’habite à LYON, je suis supporter marseillais, mais franchement quand j’entends la qualité de ses commentaires, je dis bravo y a rien à dire champion d’Europe pour les commentateurs",9,Olympique Lyonnais
Résumé Manchester United - OL : immense déception (5-4),8851,751638,736,@AmrNjah,✨OL,0,Olympique Lyonnais
🤩 Une séquence à montrer dans toutes les écoles de foot ! 🎓 #shorts #ol,2348,52728,35,@marcoitalia90,Pour ceux qui tremble pour un but comme ça alors regardez pas leo messi et le barca des années 2010 ou le Milan de 2005 car vous allez faire un arrêt cardiaque sérieux,0,Olympique Lyonnais
"Corentin Tolisso avant Manchester - OL : ""Etre très agressifs et marquer """,611,17627,37,@AmrNjah,💪💪💪💪💪💪💪💪,1,Olympique Lyonnais
Quart de finale en approche 👀 #europaleague #football,791,11914,23,@RichardMacrone,Vive olympique lyonnais,0,Olympique Lyonnais
Résumé OL - Rennes : des buts de folie et un petit pas vers l'Europe (4-1),4111,192634,222,@nephinephi3308,Commentateurs formidables !,148,Olympique Lyonnais
🇬🇪 🇫🇷 Leçon de Géorgien avec Georges Mikautadze et Rayan Cherki 😂 #shorts #ol,2992,177946,62,@giovanninirobert3529,❤❤❤❤❤❤❤❤❤❤,0,Olympique Lyonnais
"100 humains VS 1 gorille, qui gagne ? 🦍 #shorts #ol #football",3658,209292,57,@Lamar2956-n2q,Deja que c'est 11 on arrive pas a les organisés,0,Olympique Lyonnais
Résumé Manchester United - OL : immense déception (5-4),8851,751638,736,@MajorErwinSmith,Comment c’est possible expliquez moi,1,Olympique Lyonnais
Résumé Saint-Etienne - OL : Une défaite au goût amer (2-1),2129,309257,1040,@f.a.ebouillettefraiche5238,Quel bonheur votre seum.... 👌🏻💚,1,Olympique Lyonnais
Résumé OL - RC Lens : Une défaite cruelle (1-2),868,81114,365,@benderbenben7961,"Le but de l' année c' est GOUIRI.
Mais le commentateur ne l' a pas vu c' était la semaine derniere😂",3,Olympique Lyonnais
Résumé Manchester United - OL : immense déception (5-4),8851,751638,736,@DennisWafula-d2n,Nicolas Tagliafico what is he doing? 😂😂,0,Olympique Lyonnais
Résumé OL - Rennes : des buts de folie et un petit pas vers l'Europe (4-1),4111,192634,222,@Jmahx,le micro est insupportable mais quel match,0,Olympique Lyonnais
Résumé Saint-Etienne - OL : Une défaite au goût amer (2-1),2129,309257,1040,@SudhaS-wz7nh,"Came for the thumbnail, stayed for the vibes",0,Olympique Lyonnais
Hommage : Quand le football français célébrait les 70 ans de Bernard Lacombe,763,28233,71,@WilliamDu69-q9z,"On te remerciera jamais assez mais juste merci pour tout ❤. Tu as tellement apporté à l’OL et même au monde du football ❤. Merci et on ne t’oubliera jamais Bernard , on t’aime 🫶🏼.",11,Olympique Lyonnais
Une action qui respire le football (et le 6-9) 🔴🔵 #shorts #ol #football,1516,31866,119,@WilliamKerikorian-f5x,Diego Kochen,0,Olympique Lyonnais
🎙️ La dernière interview d'Alexandre Lacazette 🔴🔵 #shorts #olympiquelyonnais,818,18694,10,@BriceCASTINETTI,Bravo Alexandre Lacazette,3,Olympique Lyonnais
Une action qui respire le football (et le 6-9) 🔴🔵 #shorts #ol #football,1516,31866,119,@WilliamKerikorian-f5x,Paul Pogba,0,Olympique Lyonnais
Deux nouveaux Chevaliers dans l’ordre national du Mérite🏅 #ol #shorts #olympiquelyonnais,841,22263,21,@Eliott-lo9hk,🦁🔴🔵🥳,7,Olympique Lyonnais
Résumé Fulham FC - OL : Les Gones en finale de la Premier League International Cup (0-2),277,43787,20,@dacoofficiel,🔴🔵🦁✨,1,Olympique Lyonnais
𝘛𝘳𝘢𝘷𝘢𝘪𝘭 𝘥𝘦 𝘧𝘪𝘯𝘪𝘵𝘪𝘰𝘯 🎯 #ligue1 #football,752,13220,17,@jean-christianchapelet8578,Un entraînement ol,0,Olympique Lyonnais
🇬🇪 🇫🇷 Leçon de Géorgien avec Georges Mikautadze et Rayan Cherki 😂 #shorts #ol,2992,177946,62,@benjamind5773,"Non mais eux, ils sont millionnaires c'est inquiétant",0,Olympique Lyonnais
"""Mets la vidéo du petit pont, il va rien faire"" : on t'a écouté Corentin, désolé Rayan 😆 #ligue1",1698,70974,23,@AydenLeclercq-w1n,Aller l’OL💙❤️ on gagne dimanche,16,Olympique Lyonnais
Quand l’art rencontre notre histoire 👀​ #ol #shorts #olympiquelyonnais,2131,66074,16,@Wissem-g3k,Sortir bac sortir sortor,0,Olympique Lyonnais
"Nouvelle saison, nouveau maillot.",910,14366,27,@Sabrina-g2j,WESH IL EST PROPRE ❤( QUESTION VS QUONTER FAITE QUAND LE MERCATO ❤),1,Olympique Lyonnais
Résumé Saint-Etienne - OL : Une défaite au goût amer (2-1),2129,309257,1040,@beerussama6239,"Je préfère écouter avec ces commentateurs qu’avec la vidéo de la Ligue 1 officiel 
😂😂😂😂😂",0,Olympique Lyonnais
Résumé Manchester United - OL : immense déception (5-4),8851,751638,736,@levraimoximus,C quoi ce résumé de 2min mdrr,0,Olympique Lyonnais
Read My Lips présenté par Emirates,348,6616,14,@IkazAli-c1w,Allez L OL ❤❤❤❤,4,Olympique Lyonnais
75 ans 🎂 #ol #shorts #olympiquelyonnais,836,20922,10,@studiofilou182,On te gardera toujours dans nos cœur Lacazette 😣,6,Olympique Lyonnais
Gone pour toujours ❤️💙,1167,14249,56,@sidiktraore1266,💔💔💔,1,Olympique Lyonnais
L'intégrale des 201 buts d'Alexandre Lacazette sous le maillot l'OL,1539,51939,100,@OnesimeTano,Un grand fan de ce grand homme.. Une source d'inspiration infaillible pour moi depuis la côte d'ivoire. ❤,2,Olympique Lyonnais
Résumé Saint-Etienne - OL : Une défaite au goût amer (2-1),2129,309257,1040,@sebgatt686,Rien que pour entendre chialer le commentateur ça vaut le détour 😍,0,Olympique Lyonnais
Résumé Saint-Etienne - OL : Une défaite au goût amer (2-1),2129,309257,1040,@flomany6537,Les commentateurs sont merveilleux,16,Olympique Lyonnais
Résumé Saint-Etienne - OL : Une défaite au goût amer (2-1),2129,309257,1040,@HuffmanPierson,I ve had this on repeat all day,0,Olympique Lyonnais
"""Il fallait rester concentrés du début à la fin"" : Les réactions après AJA - OL",416,8917,39,@Kyami812,"La complicite entre rayan et mikautadze cest magnifique
Allez l'OL",28,Olympique Lyonnais
"La réaction de Paulo Fonseca après Manchester United - OL : ""Nous devons apprendre de ce moment""",287,21673,113,@AmrNjah,فريق ممتاز جدا جدا جدا,0,Olympique Lyonnais
Hommage : Sur la route avec Bernard Lacombe,660,24916,76,@ccl198,Très émouvant bravo à vous et RIP MR BERNARD ❤💙🙏🙏,5,Olympique Lyonnais
"Nouvelle saison, nouveau maillot.",910,14366,27,@Arrde-118,"Il est beau quand même, les couleur reflète celle de 2018",0,Olympique Lyonnais
Résumé Manchester United - OL : immense déception (5-4),8851,751638,736,@cfd4495,😂😂😂😂😂😂❤❤❤❤❤,0,Olympique Lyonnais
Résumé Manchester United - OL : immense déception (5-4),8851,751638,736,@lucyfair9907,"As a Manchester United fan , la verite vous avez deconné les gars",0,Olympique Lyonnais
Quand l’art rencontre notre histoire 👀​ #ol #shorts #olympiquelyonnais,2131,66074,16,@GaëtZampa,"""Sa légende"" ah ouais, il a une légende...connais pas",2,Olympique Lyonnais
🥺 Les émotions #ol #football,1866,35243,62,@piernoparmu4388,"Fait ce que t’as à faire, merci d’avoir illuminer autant de match de l’OL en si peu de temps à la prochaine pelo",3,Olympique Lyonnais
Résumé OL - RC Lens : Une défaite cruelle (1-2),868,81114,365,@michellechevin5087,"Les commentateurs 😅😅😅
Il peut tirer 850 fois, il ne réussira pas...😅😅😅
Y a des clowns au micro",93,Olympique Lyonnais
"Moussa Niakhaté avant OL - Rennes : ""On a hâte de rectifier le tir""",182,4556,30,@paulnolanenzo,Allez ol,13,Olympique Lyonnais
Résumé Saint-Etienne - OL : Une défaite au goût amer (2-1),2129,309257,1040,@davidandrews8963,DAVID FOREST SUPPORTER HERE FROM ENGLAND LOVE WATCHING FRENCH FOOTBALL LOVED IT WHEN LACCA PLAYED WITH AUBAMEYANG AT ARSENAL THAT 2019 SEMI FINAL WIN OVER VALENCIA OVER 2 LEGS WAS BRUTAL ARSENAL WON 3 V 1 AT THE EMIRATES AND 4 V 2 AT THE MESTALLA IN SPAIN LACCA AND AUBA SCORED ALL 7 GOALS UNFORTUNATELY THEY GOT PUMPED 4 V 1 BY CHELSEA EUROPA LEAGUE FINAL 2019       SORRY I DIGRESS THAT TACKLE WAS ABHORRENT AN ANKLE SNAPPER AS WE USED TO CALL THEM WTF WAS THE REF DOING ? WAS THAT HIS BOYFRIEND OR SOMETHING ? 😂😂😂😂😂😂😂 BRILLIANT GAME YOU KNOW BACK IN THE DAY SAINT ETIENNE WERE A MAJOR FORCE IN FOOTBALL DON'T KNOW WHAT'S HAPPENED TO THEM RECENTLY THANKOU FOR POSTING THESE BRILLIANT GAMES AND    APOLOGIES FOR CAPS LOST CONTACT LENSE SO USING 🔎🔍 TO SEE PROPERLY 😂 CHEERS FROM DAVID NORTH NORFOLK COAST EAST ANGLIA ENGLAND ♥️⚽🥅🏐💙🕊️,0,Olympique Lyonnais
"La réaction de Paulo Fonseca après Manchester United - OL : ""Nous devons apprendre de ce moment""",287,21673,113,@AmrNjah,أستمر أستمر أستمر ❤💙,0,Olympique Lyonnais
Bernard Lacombe 🙏❤️💙 #shorts #ol,1038,21416,33,@brunoboussida,Un MONSIEUR s'en est aller ! Repose en paix et puisse t'il veiller sur notre club a tt jamais.,0,Olympique Lyonnais
Matthieu Louis-Jean après le derby,154,3573,17,@AD-yt1rb,Et la double main on en parle?,3,Olympique Lyonnais
"Vitesse, dribbles, finition, Malick Fofana nous a régalé cette saison ⚡️😍 #shorts #ol",938,11481,24,@GeraldGuerin-g2g,Ben super il a régale pour se montre et se barre très vite,0,Olympique Lyonnais
Résumé Saint-Etienne - OL : Une défaite au goût amer (2-1),2129,309257,1040,@kratosspartiate3256,"Supporter marseillais donc assez content que Lyon ait perdu par contre y'a rouge 1000fois.c est totalement injuste et incompréhensible.rouge sur la faute sans aucun doute et encore plus du fait de la sortie de Tolisso.je sais pas qui est le pire,l arbitre ou les mecs du var.en même temps c était gilbert montagnier à la var c'est peut-être pour ça ?",6,Olympique Lyonnais
Rayan Cherki ✨ #shorts #ol #football,945,28717,27,@Lamar2956-n2q,Aller l'OL 💙❤️,0,Olympique Lyonnais
Résumé Manchester United - OL : immense déception (5-4),8851,751638,736,@Bast111,Des commentateurs hyper objectifs...,0,Olympique Lyonnais
“L'OL ça représente toute ma vie” : la dernière interview d'Alexandre Lacazette,2576,52622,169,@benjaminbrogard1679,On t’aime capitaine y’en a pas 2 comme toi ❤,0,Olympique Lyonnais
"Moussa Niakhaté avant OL - Rennes : ""On a hâte de rectifier le tir""",182,4556,30,@benkachakib5348,C est des êtres humains Manchester les a troublés sévère je pense tout simplement 😢❤aller LOL,2,Olympique Lyonnais
Hommage : Sur la route avec Bernard Lacombe,660,24916,76,@Dominique-c9u,Mr Lacombe un grand monsieur,0,Olympique Lyonnais
25 MINUTES DE BONHEUR : tous les buts des victoires de l’OL dans le derby depuis 25 ans !,978,37765,71,@alaise_blaise,"Si on prend les victoires des stefs sur la même période, la vidéo dure 30 secondes 🤣",2,Olympique Lyonnais
L'intégrale des 201 buts d'Alexandre Lacazette sous le maillot l'OL,1539,51939,100,@abdallahetsana08009,Il part ???😮,0,Olympique Lyonnais
Une action qui respire le football (et le 6-9) 🔴🔵 #shorts #ol #football,1516,31866,119,@RichardMacrone,Vive olympique lyonnais,0,Olympique Lyonnais
J’ai tellement faim que je pourrais manger … 🔴🔵 #shorts #ol #football,1391,83639,23,@sethgueks3016,Au lieu de fr de la com pourrie pour les groupies faudrait se bouger le cul sur le terrain ! Le foot en France fait honte ça passe plus son temps à fr de la com pour les réseaux que transpirer à l’entraînement !,0,Olympique Lyonnais
“L'OL ça représente toute ma vie” : la dernière interview d'Alexandre Lacazette,2576,52622,169,@aquamarine0911,Que dire à part MERCI. Mille fois. ❤💙,4,Olympique Lyonnais
L'AVANT MATCH : OL - RC LENS,192,7894,1,@rovvincango789,Das pena lyon,0,Olympique Lyonnais
"Alexandre Lacazette avant le derby contre l'ASSE : ""La saveur d’un derby ne change pas""",431,13938,80,@willpignouf7652,"Les biberonnes du sport dotés d un mental proche du néant.. 
Fautes professionnelles..
Ds la vraie vie vs rembourseriez le manque à gagner..de cette défaite..  
Vous devriez rembourser les places des supporters qui sont venus vous soutenir.. 
La honte..",0,Olympique Lyonnais
Deux nouveaux Chevaliers dans l’ordre national du Mérite🏅 #ol #shorts #olympiquelyonnais,841,22263,21,@SoulayBeldjilali,C quoi ça,0,Olympique Lyonnais
Résumé Saint-Etienne - OL : Une défaite au goût amer (2-1),2129,309257,1040,@arthurjoly3390,Ah les commentaires sont hilarant🤣🤣,1,Olympique Lyonnais
Résumé Manchester United - OL : immense déception (5-4),8851,751638,736,@TxjouxjoyxTdjoyxkoecjo,Can we all agree this creator deserves more recognition,0,Olympique Lyonnais
Résumé OL - Angers : Le Général Alex Lacazette en patron pour sa dernière (2-0),3448,166651,190,@fleche4614,Merci   GÉNÉRAL ❤,1,Olympique Lyonnais
"""On doit s’excuser auprès de nos supporters"" : les réactions après ASSE-OL",249,12224,78,@thepunisher1799,La double main personne en parle quand c’est nous même quand y’a pas main c’est direct VAR il arrête le jeu pour rien,2,Olympique Lyonnais
Résumé Manchester United - OL : immense déception (5-4),8851,751638,736,@juanmontoya6413,Partido tremendo desde honduras ❤,0,Olympique Lyonnais
Une action qui respire le football (et le 6-9) 🔴🔵 #shorts #ol #football,1516,31866,119,@WilliamKerikorian-f5x,Noah Darvich,0,Olympique Lyonnais
Résumé Manchester United - OL : immense déception (5-4),8851,751638,736,@NCon-to5wn,"United fan here, obviously the result stings like hell how it happened, but yall put up a fight like no other, well done",0,Olympique Lyonnais
"Georges Mikautadze avant OL-Lens : ""On a notre destin entre nos mains.""",272,10376,18,@AurelianoBuendia-qu2hn,Pas vraiment de pression ?!? 🙄,0,Olympique Lyonnais
Hommage : Les meilleures punchlines de Bernard Lacombe sur OLTV,407,43392,36,@parlonsballons4773,"Merci pour cette compilation de Bernard sur l'OL Télé, beaucoup mieux et vraie que Jean-Michel Larqué ❤💙#AllezlOL",2,Olympique Lyonnais
“L'OL ça représente toute ma vie” : la dernière interview d'Alexandre Lacazette,2576,52622,169,@gonesuzu1268,Merci Alex tu es un champion,1,Olympique Lyonnais
Résumé Saint-Etienne - OL : Une défaite au goût amer (2-1),2129,309257,1040,@CernyOrali-r7g,Pure talent. No words,0,Olympique Lyonnais
"Clinton Mata VS Georges Mikautadze : qui sera le meilleur au ""Bugne à Bugne"" ?",689,13856,18,@HaniUsma-hy6gn,"🗓️ 23 mai 1950, 18h30. Café Neuf, place Bellecour.

Une dizaine de Lyonnais trouvent un nom et des couleurs pour un nouveau club : l’Olympique Lyonnais ❤️💙

🎙️Pour nos 75 ans, on remonte le fil du temps : à partir de lundi, retrouvez 75 podcasts pour revivre les 75 saisons de l’OL
VOUS AVEZ DIT QU'ON N'AURA DES PODCASTS DÈS LUNDI NOUS SOMMES LE LUNDI FAITE VITE S'IL VOUS PLAÎT ❤",4,Olympique Lyonnais
"Ça part vite devant, Lacazette conclut en patron 🔥 Rien à ajouter. #ol #shorts #football",1029,22047,27,@Shirleygallien,"Ce match était incroyable, j’étais en loge allez, l’OL🔵🔴",6,Olympique Lyonnais
Résumé AJA - OL : les Lyonnais se rapprochent du podium ! (1-3),3801,197584,215,@Momo-69-y5z,Direction top 4,3,Olympique Lyonnais
Résumé Monaco - OL : les Lyonnais défaits à Louis II,741,69232,182,@AmrNjah,🦁🔴🔵,0,Olympique Lyonnais
Gone pour toujours ❤️💙,1167,14249,56,@gregorybufferne7614,Des méchantes volées quand meme,0,Olympique Lyonnais
Deux jours avant #olsco 💪 #ligue1 #football,525,11602,12,@andersoncarmohenriquedemed9480,Investir no lyon e tomar prejuízo sem retorno garantindo timinho pipoqueiro nem pra Europa ligue vai se o jhon textor investisse esses 293 milhoes de euros que investiu no lyon e investisse no Botafogo ele ia ganhar ate o super mundial,0,Olympique Lyonnais
"La joie collective avec le parcage sur notre dernier but, c'est pour vous les Gones ! 🔥🦁💪 #bts",1338,28311,30,@ailedepoulet,🔴🔵🦁,2,Olympique Lyonnais
Félicitations au jeune papa ! 👏💕 #shorts #olympiquelyonnais #lucasperri,1691,54658,52,@TonyStarkLeGOAT,Lui il est heureux tant mieux mais en attendant nous on souffre bougez Vous,5,Olympique Lyonnais
Résumé Manchester United - OL : immense déception (5-4),8851,751638,736,@olivarezdom,Onana c'est quelle manière de garder sur un penalty,0,Olympique Lyonnais
Résumé AJA - OL : les Lyonnais se rapprochent du podium ! (1-3),3801,197584,215,@ThierryTR-ne1mb,Pitié les commentateurs allez sur DAZN !,0,Olympique Lyonnais
Résumé Manchester United - OL : immense déception (5-4),8851,751638,736,@abjay2k,COMEBACKS AGAINST COMEBACKS 😂😂,0,Olympique Lyonnais
"""Mets la vidéo du petit pont, il va rien faire"" : on t'a écouté Corentin, désolé Rayan 😆 #ligue1",1698,70974,23,@Momo-69-y5z,👌👌👌,0,Olympique Lyonnais
"100 humains VS 1 gorille, qui gagne ? 🦍 #shorts #ol #football",3658,209292,57,@يغارثن,"100 algériens et c’est réglé hh ,wsh vous êtes bizarre les gens , le gorille il voit arriver sur lui 100 gars , il court direct , meme lui il sait, la on parle de 100 personne , il va bousiller 10 ou 20 mets il va perdre",0,Olympique Lyonnais
Résumé Saint-Etienne - OL : Une défaite au goût amer (2-1),2129,309257,1040,@sanka7643,Seul le résultat compte dommage pour vous mais pour une fois cette saison l arbitrage a jouer en notre faveur pour une fois cette saison donc VIVE SAINTÉ 🎉💚💚💚💚💚💚💚💚💚💚💚💚💚💚💚💚💚💚💚💚💚💚,0,Olympique Lyonnais
Résumé Saint-Etienne - OL : Une défaite au goût amer (2-1),2129,309257,1040,@jremsomsi1418,Les pseudos supporter. J'espère qu'il y aura une sanction pour le club,0,Olympique Lyonnais
Résumé Manchester United - OL : immense déception (5-4),8851,751638,736,@nabilfekir69,"Merci Almada pour le penalty gratos 2 minutes après le 4-2.
C'est le tournant, ça a permis un second souffle à MU face à un OL a 10 et KO physiquement .
Sans ça chui persuadé qu'ils reviennent pas.
Que c'est dommage ......",6,Olympique Lyonnais
Les émotions 🥲 #ligue1 #bts #lacazette,4069,117722,83,@RichardMacrone,Grand  monsieur  respect,4,Olympique Lyonnais
Hommage : Quand le football français célébrait les 70 ans de Bernard Lacombe,763,28233,71,@MadaniOuazar,"Paix à ton âme BERNARD LACOMBE, légende de l'OL  ❤💙",0,Olympique Lyonnais
"🎥💔 Un dernier moment, une dernière étreinte #shorts #ol",2083,90296,25,@Arrde-118,"Merci général, une légende de l’OL 🔵🔴",16,Olympique Lyonnais
🇬🇪 🇫🇷 Leçon de Géorgien avec Georges Mikautadze et Rayan Cherki 😂 #shorts #ol,2992,177946,62,@rynosumea3753,Pourquoi ne pas avoir retranscrit le prenom azzedine et le mot inshallah ? Tout ce qui est en relation avec le maghreb vous fait peur a ce point sérieusement ?,0,Olympique Lyonnais
"Paulo Fonseca avant OL - Rennes : ""On a beaucoup parlé de notre avenir""",168,8322,33,@didierchapaud986,"Bon aucun Mea Culpa sur ses compositions d'équipe, aucun regret non plus. Des réponses plates, que j'aurais pu faire moi-même. En somme cette conférence de presse se résume en un exercice de style pour ne rien dire ou si peu.",5,Olympique Lyonnais
"🎥💔 Un dernier moment, une dernière étreinte #shorts #ol",2083,90296,25,@Hardoro-u7h,"Tu sera toujours notre légende, merci pour tout c'est magnifique moments et frissons  ont t'aime général 🔥🔥❤️💙💙💙",2,Olympique Lyonnais
Résumé OL - Rennes : des buts de folie et un petit pas vers l'Europe (4-1),4111,192634,222,@lungelongobese212,Lacazette is always clinical.,0,Olympique Lyonnais
"Paulo Fonseca avant Monaco - OL : ""Je veux être l'entraîneur qui remet Lyon en Ligue des champions""",166,6272,41,@Momo-69-y5z,"Paulo
❤❤❤❤",0,Olympique Lyonnais
Une action qui respire le football (et le 6-9) 🔴🔵 #shorts #ol #football,1516,31866,119,@WilliamKerikorian-f5x,Sérgio Conceição,0,Olympique Lyonnais
"Merci Alex, Lyonnais pour toujours 🙌",627,13282,37,@JeanJacquesMoi,Merci pour tout ce que tu as pu faire à lion on t adore,6,Olympique Lyonnais
Résumé Saint-Etienne - OL : Une défaite au goût amer (2-1),2129,309257,1040,@mehdifcb5712,Trés bonne arbitrage,0,Olympique Lyonnais
Résumé Saint-Etienne - OL : Une défaite au goût amer (2-1),2129,309257,1040,@dorotheegaillard1541,Quel panard 😂,0,Olympique Lyonnais
Résumé Manchester United - OL : immense déception (5-4),8851,751638,736,@philippeminier2663,Et il y aura Sainté dimanche 😅,0,Olympique Lyonnais
Résumé Saint-Etienne - OL : Une défaite au goût amer (2-1),2129,309257,1040,@molimodeluxe2345,Allez les verts....victoire mérité...en route pour le maintien.,0,Olympique Lyonnais
Résumé Manchester United - OL : immense déception (5-4),8851,751638,736,@guimauve1969,Dommage le coaching était plutôt bon avant ce match...,0,Olympique Lyonnais
🎧 L'avant-match avait bien commencé avec @Trinix 🔥,1184,49589,33,@BenjP2701,J'y étais,1,Olympique Lyonnais
Résumé Saint-Etienne - OL : Une défaite au goût amer (2-1),2129,309257,1040,@xPapaHetx,"Magnifique victoire entièrement méritée ! Il n'y avait jamais faute sur Tolisso, il mérite un jaune pour simulation !",0,Olympique Lyonnais
Résumé Monaco - OL : les Lyonnais défaits à Louis II,741,69232,182,@ctoutmoi2782,Dans le cul les lyonnais ^^ direction la ligue 2 merci la DNCG  ALLEZ   L OM,1,Olympique Lyonnais
Résumé AJA - OL : les Lyonnais se rapprochent du podium ! (1-3),3801,197584,215,@walsh8921,"Win the Europa League guys, come on!",8,Olympique Lyonnais
Résumé Saint-Etienne - OL : Une défaite au goût amer (2-1),2129,309257,1040,@remytoto3000,"Si c'était un Marseillais, il prenait rouge sans VAR et 150 ans de suspension !!!!! A le niveau d'arbitrage en France !!!!!",0,Olympique Lyonnais
Une action qui respire le football (et le 6-9) 🔴🔵 #shorts #ol #football,1516,31866,119,@WilliamKerikorian-f5x,Carlo Ancelotti,0,Olympique Lyonnais
Entraînement veille de derby,793,15056,80,@FranckAlex-n3n,Fallait gagner jeudi je comprend pas pourquoi vous vous revoltez jamais là c'est un.derby mais moi st etienne ça vaut plus les derbys avant ils sont à la rue St etienne jeudi c'était plus important que dimanche dimanche c'est un match contre une équipe de  niveau national si tu bat pas st etienne  la ça craindrait,1,Olympique Lyonnais
"Corentin Tolisso avant Manchester - OL : ""Etre très agressifs et marquer """,611,17627,37,@Mathéodemingeon,Aller l OL❤💙,1,Olympique Lyonnais
Résumé Manchester United - OL : immense déception (5-4),8851,751638,736,@sedgsedg5426,"Tessmann doit revenir plus fort sur casemiro c'est le but de trop i venait de rentré, catastrophique défensivement il la laissé centré",0,Olympique Lyonnais
"""On doit s’excuser auprès de nos supporters"" : les réactions après ASSE-OL",249,12224,78,@sagem1745,"Terrible arbitrage...terrible nouvelle vis a vis de Tolisso...

Il va falloir vraiment partir le couteau entre les dents, j'espères que les joueurs sauront se remobiliser avec la semaine qui viens.
Il va falloir dérouler, c'est interdit de rater la C1.",1,Olympique Lyonnais
Gone pour toujours ❤️💙,1167,14249,56,@Momo-69-y5z,👌👌👌,1,Olympique Lyonnais
Résumé OL - RC Lens : Une défaite cruelle (1-2),868,81114,365,@oiled94,mmmh c'est bon le seum oh oui pleurez encore que je boive vos larmes,0,Olympique Lyonnais
"Paulo Fonseca avant le derby contre l'ASSE : ""Nous n’avons pas le temps d’être dépressifs""",178,5980,22,@redone5277,Je lui pardonnerais jamais d'avoir autant détruit cette équipe avec sa compo farfelue et ses changements indignes d'un entraineur sois disant avec de l'expérience. Je comprend mieux maintenant cette stat montrant que Fonseca rate presque toujours les grands rendez vous.,4,Olympique Lyonnais
On était avec Rayan Cherki quand il a appris LA nouvelle 😏👀 #ol #shorts,2349,79513,246,@bn7884,Rayan harki,0,Olympique Lyonnais
Résumé OL - RC Lens : Une défaite cruelle (1-2),868,81114,365,@nabilfekir69,"Je suis supporter lyonnais, et ce que j'aime dans cette équipe c'est la constance dans son irrégularité. Autrefois ces défaites me frustaient et m'irritaient. Plus maintenant c'est une victoire lyonnaise qui me surprend. Cette équipe est devenue ridicule depuis plus d'une décennie. Ce n'est pas la faute de l'entraîneur, c'est un état d'esprit, ils n'ont plus cette culture de la gagne.
Une bonne surprise pour moi la victoire du Havre, qui enfoncé St Étienne, cette équipe qui s'est tapé ces mollassons lyonnais il y'a deux semaines.
J'espère juste que les 2 équipes ne se retrouveront pas ensemble en ligue 2!🤣",2,Olympique Lyonnais
Résumé Manchester United - OL : immense déception (5-4),8851,751638,736,@SadanKoushar,That part at 2:45 Instant goosebumps,0,Olympique Lyonnais
“L'OL ça représente toute ma vie” : la dernière interview d'Alexandre Lacazette,2576,52622,169,@mb_thib5516,6:10 j'ai cassé mon  tel dans le stade j'ai cru elle était dedans...,0,Olympique Lyonnais
Résumé Saint-Etienne - OL : Une défaite au goût amer (2-1),2129,309257,1040,@rdarrdaon,Belle traduction en arabe,0,Olympique Lyonnais
Résumé Saint-Etienne - OL : Une défaite au goût amer (2-1),2129,309257,1040,@LucasDeMars1313,Les commentateurs 😂😂,0,Olympique Lyonnais
Résumé Manchester United - OL : immense déception (5-4),8851,751638,736,@mathiasjen5755,Faut acheter un micro convenable au commentateur c’est inaudible,0,Olympique Lyonnais
Résumé Saint-Etienne - OL : Une défaite au goût amer (2-1),2129,309257,1040,@FarrysonTeriwala,I can t stop smiling watching this,0,Olympique Lyonnais
L'intégrale des 201 buts d'Alexandre Lacazette sous le maillot l'OL,1539,51939,100,@orbi6699,"Merci pour tout général.. Seul regret finalement avec lui, c'est de ne pas lui avoir donné une vraie carrière en bleu, DD à du sang sur les mains",8,Olympique Lyonnais
Entraînement veille de derby,793,15056,80,@sadgone4445,Allez l'OL !,0,Olympique Lyonnais
💥 L’Europe se joue cette semaine 🔴🔵 #shorts #ol,712,11659,17,@nevrijaetemov4854,C'est maintenant ou jamais,0,Olympique Lyonnais
Résumé Manchester United - OL : immense déception (5-4),8851,751638,736,@CocoZer,VRAIMENT NUL LES LYONNAIS 😂😂😂😂😂😂,0,Olympique Lyonnais
Résumé Manchester United - OL : immense déception (5-4),8851,751638,736,@RasheedWalcoot,Je n' aime pas cet OL machin-stor mais le rouge de Tolisso est pour moi très discutable à ce niveau,3,Olympique Lyonnais
Retour au travail 👊 🔜 #olsrfc #training #ligue1,927,12950,21,@Misterbleu-t9j,Ouais bah bougez-vous,0,Olympique Lyonnais
Résumé OL - Angers : Le Général Alex Lacazette en patron pour sa dernière (2-0),3448,166651,190,@Hardoro-u7h,Une légende a jamais allez l'ol quoi qui l'arrive😢😢❤❤❤💙💙💙,1,Olympique Lyonnais
"Grand soleil aujourd’hui, mais il commence à pleuvoir 🥲 #ligue1 #football",2510,97904,68,@LivioDbz,😢aurevoir,0,Olympique Lyonnais
"Tout un symbole, l'offrande de Rayan pour le dernier but en Rouge & Bleu de son pote Alex 😍 #ligue1",1640,37505,26,@anikisong3678,merci au Général Lacazette ❣️🔵,6,Olympique Lyonnais
"Nicolás Tagliafico avec Monaco - OL : ""Jouer sous pression nous rend meilleur""",141,4883,35,@khalilbouch6732,🤦🏻‍♂️🤦🏻‍♂️🤦🏻‍♂️,0,Olympique Lyonnais
Gone pour toujours ❤️💙,1167,14249,56,@AmrNjah,🦁💙❤️,0,Olympique Lyonnais
"Paulo Fonseca avant OL-Lens : ""L’ambition de gagner est dans l’esprit de tous.""",202,8918,18,@LouisRobert-c5r,Olympique lyonn ⚽⚽⚽,1,Olympique Lyonnais
"Rayan Cherki avant OL - Angers : ""On sait que les chances sont infimes, mais on y croit""",376,15826,45,@jacquesbof5726,"Cette équipe est étrange, si on enlève les blessures. Plutôt des matchs moyens, et de temps à autre, quelques matchs de haut niveau. Avec certaines compositions, qui semble la secondes du championnat, et avec d'autres Plutôt à la dixième. La composition face à Rennes a été excellente, une équipe qui aurait battu Manchester et Lens même en bloc bas. Tolisso Matic Almada, Cherki, Fofana, Mikautadzé ou Lacazette. Qu'il fallait tenir en bonne santé, dès le score assuré, à la 75e faire les 5 changements. Regardant le match à Monaco, on se dit bizarre, cette composition n'est pas bonne au milieu ? Elle ne joue pas sa peau, alors que toutes ses concurrentes perdent ! Qu'est-ce qui se passe ?",3,Olympique Lyonnais
Résumé Saint-Etienne - OL : Une défaite au goût amer (2-1),2129,309257,1040,@willrasta1103,"Un rouge,un penalty 🤔",0,Olympique Lyonnais
Gone pour toujours ❤️💙,1167,14249,56,@Paul34690,😢🙏🙏,0,Olympique Lyonnais
Hommage : Sur la route avec Bernard Lacombe,660,24916,76,@Ju_Gone,Monsieur Lacombe laissera un grand vide dans notre club et j'espère que quelqu'un pourra prendre le relai pour maintenir l'adn et la memoire de notre club,0,Olympique Lyonnais
"🪄 Rayan Cherki, Top Passeur Ligue 1 2024-2025 🤩🔴🔵 #ligue1 #football",1530,24786,48,@Eliott-lo9hk,TY,0,Olympique Lyonnais
“L'OL ça représente toute ma vie” : la dernière interview d'Alexandre Lacazette,2576,52622,169,@Axel-tk8lw,"MERCI à toi Général et Capitaine, Mr Alexandre LACAZETTE 🔴🔵🦁Plein de bonheur pour toi et ta famille pour la suite, soyez heureux ❤",3,Olympique Lyonnais
"100 humains VS 1 gorille, qui gagne ? 🦍 #shorts #ol #football",3658,209292,57,@raphaelsegado837,Alex en appuie 😂😂😂😂😂😂 la théorie de Rayan 🙏🙏🤣🤣,0,Olympique Lyonnais
“L'OL ça représente toute ma vie” : la dernière interview d'Alexandre Lacazette,2576,52622,169,@RafaelMeyer-g5d,❤❤❤❤,1,Olympique Lyonnais
On était avec Rayan Cherki quand il a appris LA nouvelle 😏👀 #ol #shorts,2349,79513,246,@sofiannefilsdepute,La puissance du harki et en lui comme le final flash à végéta 😂😂😂,2,Olympique Lyonnais
Les réactions après OL - Stade Rennais FC,850,39119,53,@christophervrin6677,On continu comme ça les gars ❤,5,Olympique Lyonnais
"Rayan Cherki : ""J'aime le beau jeu et le spectacle""",651,20906,72,@xjay1234,Manchester United 5 - 4 OL,0,Olympique Lyonnais
Résumé OL - Rennes : des buts de folie et un petit pas vers l'Europe (4-1),4111,192634,222,@ElianeDupasquier,lyon son trop fort il mérite la ligue des champions,0,Olympique Lyonnais
TORO ⚽️ #ol #shorts #olympiquelyonnais,424,10365,9,@Eliott-lo9hk,Allez lyonnais ! On a plus notre destin entre nos mains alors on fait de notre mieux pour ce dernier match !!! 🦁🔴🔵,0,Olympique Lyonnais
Une action qui respire le football (et le 6-9) 🔴🔵 #shorts #ol #football,1516,31866,119,@WilliamKerikorian-f5x,Giuliano Simeone Arda Guler,0,Olympique Lyonnais
"Paulo Fonseca avant OL - Angers : ""Ce match doit être l’occasion d’envoyer un message""",128,7098,60,@Money69008,Ça fait beaucoup de stratégie pas bon sur ces derniers mois mais bon,1,Olympique Lyonnais
"Nouvelle saison, nouveau maillot.",910,14366,27,@Lucho_619,En general c'est le domicile en premier mais bon on est plus à ca près..,0,Olympique Lyonnais
Résumé OL - RC Lens : Une défaite cruelle (1-2),868,81114,365,@robertopesenti1173,PRONUNCIA CORRETTA OLEMPIC...LANS...CORANTEN TOLISO'...Che ignoranza!,0,Olympique Lyonnais
LE MATCH : AS Saint-Étienne - OL,645,46737,34,@Nicooooo23,Je me suis régalé 🤭🤭💚💚💚,15,Olympique Lyonnais
Résumé Saint-Etienne - OL : Une défaite au goût amer (2-1),2129,309257,1040,@almireinc.6511,C'est tjs un délice des larmes de seum d'un lyonnais,0,Olympique Lyonnais
Résumé AJA - OL : les Lyonnais se rapprochent du podium ! (1-3),3801,197584,215,@mounem_music,MIKAUTADZE QUEL JOUEUR !!!!,11,Olympique Lyonnais
Résumé Saint-Etienne - OL : Une défaite au goût amer (2-1),2129,309257,1040,@Uyirwothjakisa,Pourquoi vous les journalistes français vous aimez toujours supporté le grand club Lors de vos commentaires,0,Olympique Lyonnais
L'APRES MATCH : OL - RC LENS,71,4551,7,@trgjjbjvhhvh-eh8hq,أرجو لي فريق أولمبيك ليون أن يسترد هيبته,0,Olympique Lyonnais
"Nouvelle saison, nouveau maillot.",910,14366,27,@Jolhan27,Aller ol,0,Olympique Lyonnais
“L'OL ça représente toute ma vie” : la dernière interview d'Alexandre Lacazette,2576,52622,169,@adrienduromx1360,Merci Alexandre Lacazette ❤🦁,28,Olympique Lyonnais
Résumé Saint-Etienne - OL : Une défaite au goût amer (2-1),2129,309257,1040,@Mymario8,Je préfère perdre avec cet OL que gagner avec cet ASSE,3,Olympique Lyonnais
“L'OL ça représente toute ma vie” : la dernière interview d'Alexandre Lacazette,2576,52622,169,@brigittequinc7704,direct arrtez avecoranum afrixcade me voler par mescolleguesdeschamps laurent blanc monprix  womans fifas   re donne lapeller a brasschaat blique mes salles jo tt,0,Olympique Lyonnais
Résumé Saint-Etienne - OL : Une défaite au goût amer (2-1),2129,309257,1040,@gthl7037,trop bon,0,Olympique Lyonnais
Résumé Saint-Etienne - OL : Une défaite au goût amer (2-1),2129,309257,1040,@beautychannel8299,"The Manchester united nightmare effect😂😂😂😂😂, don't fight with lion that you're Cat 😅😂. 
Glory saint Etienne",0,Olympique Lyonnais
Résumé AJA - OL : les Lyonnais se rapprochent du podium ! (1-3),3801,197584,215,@papeousmanendoye5563,Le commentateur il est incroyable je suis fans de Liverpool ms ces derniers temps je regarde tout les résumés de L'OL il est fort ce monsieur,123,Olympique Lyonnais
Résumé OL - Lens (2002) : le choc décisif pour le titre !,312,15302,30,@irecupzeball8169,"Pour tous ceux qui était au stade et c'est mon cas, c'est sans doute le plus beau souvenir de supporter lyonnais.
J'ai fini dans la fontaine place des terreaux, le klaxon de la voiture de mon père avait fini par lâché, des potes se tenaient sur le toit de la bagnole, on a fait la fête comme rarement.
J'oublierai jamais cette soirée",7,Olympique Lyonnais
Entraînement veille de derby,793,15056,80,@speetfire100,CELEBRATION DE CHERKI CE SOIR !,1,Olympique Lyonnais
Inside Premier League International Cup : Fulham FC - OL | Direction la finale !,596,18447,26,@kevinfaivre9903,Bravo les jeunes Gones 🦁❤️💙,0,Olympique Lyonnais
🥺 Les émotions #ol #football,1866,35243,62,@MrBlackmaxdu38,Un homme au grand cœur ce Rayan!!!! Bravo gône !!! Continue à nous faire rêver avec tes gestes du 6 9 la trik!!!,9,Olympique Lyonnais
Les coulisses d’une soirée… chevaleresque ! 😂🔴🔵 #ol #shorts #olympiquelyonnais,1076,29439,16,@Naelmartins69,Allez l’ol gagnez contre angers,6,Olympique Lyonnais
Résumé Manchester United - OL : immense déception (5-4),8851,751638,736,@fayabraguette,*GUYS GO TO THE VIDEO SETTINGS AND CHOOSE THE ORIGINAL FRENCH COMMENTATORS LMFAOOOOOOOOOOOO*,4,Olympique Lyonnais
Résumé Saint-Etienne - OL : Une défaite au goût amer (2-1),2129,309257,1040,@loicjean2544,Merveilleux ce carton rouge qui devient jaune et les commentateurs qui ragent.,0,Olympique Lyonnais
"Jusqu’en 2030, on visera toujours plus haut ✈️🔴🔵 #shorts #ol",976,12354,19,@SoulayBeldjilali,Chelou,0,Olympique Lyonnais
Résumé OL - Rennes : des buts de folie et un petit pas vers l'Europe (4-1),4111,192634,222,@dhanyrafael,Fofana ❤️💞,0,Olympique Lyonnais
"Georges Mikautadze avant OL-Lens : ""On a notre destin entre nos mains.""",272,10376,18,@trgjjbjvhhvh-eh8hq,تحياتي لي اولمبيك ليون الفريق العريق أرجو أن يعود إلى سابق عهده و أكثر,1,Olympique Lyonnais
Résumé Saint-Etienne - OL : Une défaite au goût amer (2-1),2129,309257,1040,@StrasselEmery,I learned more in 10 minutes than hours of Googling,0,Olympique Lyonnais
Retour au travail 👊 🔜 #olsrfc #training #ligue1,927,12950,21,@giljimbert6630,Allez les gones,1,Olympique Lyonnais
Résumé Manchester United - OL : immense déception (5-4),8851,751638,736,@javedalamalam1600,Algorithm finally did something right,0,Olympique Lyonnais
"Les réactions après Monaco - OL : ""On va se concentrer sur nous-mêmes""",65,4325,36,@janodu6947,Arrêtons cette mascarade les joueurs on lâcher depuis Manchester et certains choix de l’entraîneur sont incompréhensible,2,Olympique Lyonnais
Rayan Cherki ✨ #ligue1 #training #football,622,26804,55,@jean-christianchapelet8578,Quel  but à l entraînement,0,Olympique Lyonnais
Résumé AJA - OL : les Lyonnais se rapprochent du podium ! (1-3),3801,197584,215,@HabibAbouhamda,Je suis content mais deux équipes ils ont gagné aujourd'hui le real Madrid  olympique lyonnais Je suis content,4,Olympique Lyonnais
Résumé Saint-Etienne - OL : Une défaite au goût amer (2-1),2129,309257,1040,@amar-sj5nt,Carton rouge claire,1,Olympique Lyonnais
Nos clubs partenaires assistent à l'entraînement du groupe pro,146,4645,9,@Momo-69-y5z,"Ramenez nous la qualif en LDC
ALLEZ L'OL",1,Olympique Lyonnais
Résumé OL - Rennes : des buts de folie et un petit pas vers l'Europe (4-1),4111,192634,222,@rubenslavory6944,ça m'enerve de vous voir aussi fort et de ne pas avoir fait une plus grande campagnes européene surtout dans les conditions de fin de match,0,Olympique Lyonnais
LE MATCH : MAN UTD - OL,641,48377,149,@enzo-99_19,2:45:20 comment un gardien peux avoir des crampes ? La mauvaise fois continue votre goal faisait pareil 15mn avant quand vous étiez devant soyez cohérent non,14,Olympique Lyonnais
"La réaction de Paulo Fonseca après Manchester United - OL : ""Nous devons apprendre de ce moment""",287,21673,113,@justice3833,On joue toujours une mi temps!,4,Olympique Lyonnais
L'intégrale des 201 buts d'Alexandre Lacazette sous le maillot l'OL,1539,51939,100,@annickvirieux8526,"201 buts et la moitié sur peno
Ça n empêche pas la valeur du mec ,",0,Olympique Lyonnais
"Intérieur, extérieur ... Malick Fofana était on fire 🔥 #shorts #ol #football",1221,22264,30,@chakirhallaoui3596,Tagliafico,0,Olympique Lyonnais
Résumé Saint-Etienne - OL : Une défaite au goût amer (2-1),2129,309257,1040,@CP-ut3cq,"Je suis pas lyonnais du tout, je trouve que letexier a plutôt une bonne utilisation de la VAR habituellement... mais la ! C incompréhensible... et l'arbitre touché par un projectile... et ca repars ! C n'importe quoi !",53,Olympique Lyonnais
"""Mets la vidéo du petit pont, il va rien faire"" : on t'a écouté Corentin, désolé Rayan 😆 #ligue1",1698,70974,23,@DiegoSuiffet,Aller ❤💙 ont vas gagner contre Lens aller ol 💙,12,Olympique Lyonnais
🇬🇪 🇫🇷 Leçon de Géorgien avec Georges Mikautadze et Rayan Cherki 😂 #shorts #ol,2992,177946,62,@zigzag2045,Cherki c'est le fils à Morsay ?😅,1,Olympique Lyonnais
Les émotions 🥲 #ligue1 #bts #lacazette,4069,117722,83,@sT4n822,"l'OL, une formidable raison d'être heureux ! :)",6,Olympique Lyonnais
🕺🤣 #shorts #ol #cherki #football,1884,59587,68,@strangergones3271,"J'adore 

Au top Rayan",0,Olympique Lyonnais
"Ça part vite devant, Lacazette conclut en patron 🔥 Rien à ajouter. #ol #shorts #football",1029,22047,27,@Life_FTBL,Ici c'est les verts 🟢⚪,1,Olympique Lyonnais
"Paulo Fonseca avant Monaco - OL : ""Je veux être l'entraîneur qui remet Lyon en Ligue des champions""",166,6272,41,@AmrNjah,ماذا يحدث  بعد مباراة مانشستر يونايتد و ماذا عن الدفاع السئ,0,Olympique Lyonnais
On était avec Rayan Cherki quand il a appris LA nouvelle 😏👀 #ol #shorts,2349,79513,246,@B.2.B.2,Un musulman maghrébin en équipe de France de foot ! 😢 le mec va tirer  une  « balle » avec ses deux pieds 😂,0,Olympique Lyonnais
🎙️ Alex Lacazette revient sur sa décision de rester à l’OL l’été dernier 🔴🔵 #shorts #ol,1015,31231,8,@ethanhaythami9670,Merci mon Général 😊,4,Olympique Lyonnais
Résumé Manchester United - OL : immense déception (5-4),8851,751638,736,@Rogia64,Match arrangé...,1,Olympique Lyonnais
Hommage : Sur la route avec Bernard Lacombe,660,24916,76,@yahiyahi4226,merci Mr❤,3,Olympique Lyonnais
L'intégrale des 201 buts d'Alexandre Lacazette sous le maillot l'OL,1539,51939,100,@Emrijk,Quel bonhomme ❤,0,Olympique Lyonnais
"Rayan Cherki avant OL - Angers : ""On sait que les chances sont infimes, mais on y croit""",376,15826,45,@TheoLyon-wb8sk,Les gars on vous a jamais lâcher on vous lâchera pas maintenant ❤️💙🦁,0,Olympique Lyonnais
Résumé OL - RC Lens : Une défaite cruelle (1-2),868,81114,365,@neptunetank5794,C'est du velours les commentaires 😂😂👌👌,0,Olympique Lyonnais
Résumé Manchester United - OL : immense déception (5-4),8851,751638,736,@cigrnaoamjmrhaoalnd,I learned more in 10 minutes than hours of Googling,0,Olympique Lyonnais
Résumé Manchester United - OL : immense déception (5-4),8851,751638,736,@noname-sc6vo,cherki keep humble heh😅,0,Olympique Lyonnais
Hommage : Sur la route avec Bernard Lacombe,660,24916,76,@tite5377,Bernard coeur de Lyon à jamais. Un exemple !B,4,Olympique Lyonnais
"Paulo Fonseca avant OL - Rennes : ""On a beaucoup parlé de notre avenir""",168,8322,33,@mambovuando8705,'Matic est prêt pour le match' on va bien voir s'il joue ou si il privilégie Akouokou ou Veretout.,4,Olympique Lyonnais
25 MINUTES DE BONHEUR : tous les buts des victoires de l’OL dans le derby depuis 25 ans !,978,37765,71,@nathanmuanda4818,Supporter de l'Olympique de Marseille mais l'Olympique Lyonnais est un plus grand club que le PSG . Vivement que l'OM et l'OL redevienne comme avant . En tout cas Lyon je serai derrière vous à Old Trafford,91,Olympique Lyonnais
🦁 Un vestiaire 𝐑𝐨𝐮𝐠𝐞 & 𝐁𝐥𝐞𝐮 🔴🔵,1030,18456,32,@bwmls3085,❤️🟢⚪️,2,Olympique Lyonnais
Résumé AJA - OL : les Lyonnais se rapprochent du podium ! (1-3),3801,197584,215,@TRX93,Number 18 what a player 😮,15,Olympique Lyonnais
"Paulo Fonseca avant OL - Rennes : ""On a beaucoup parlé de notre avenir""",168,8322,33,@ZakariaElouadani,Je suis confiant pour samedi aller l’OL🔴🔵,0,Olympique Lyonnais
"Moussa Niakhaté avant OL - Rennes : ""On a hâte de rectifier le tir""",182,4556,30,@z.c.4600,Dommage qui ne soit aussi solide et sérieux sur le terrain que lors qu'il est en interview,0,Olympique Lyonnais
Résumé Manchester United - OL : immense déception (5-4),8851,751638,736,@matheocapron9975,Bah alors les commentateurs on a perdu l’envie,0,Olympique Lyonnais
"La joie collective avec le parcage sur notre dernier but, c'est pour vous les Gones ! 🔥🦁💪 #bts",1338,28311,30,@ТатьянаЩербакова-с7ь7ь,Mikautadze!!!,3,Olympique Lyonnais
"Nouvelle saison, nouveau maillot.",910,14366,27,@Momo-69-y5z,❤❤,0,Olympique Lyonnais
"Alexandre Lacazette avant le derby contre l'ASSE : ""La saveur d’un derby ne change pas""",431,13938,80,@Nari-j6l,Minable dommage les 'neurones ne s'achète pas ! pauvre fanfaron capitaine déchu lacagette on a vu sa grande expérience en coupe d'Europa contre Manchester U cette semaine Cantona a dû se régaler 😂,0,Olympique Lyonnais
“L'OL ça représente toute ma vie” : la dernière interview d'Alexandre Lacazette,2576,52622,169,@meevineseetohul8940,"Trop content de t'avoir vu progresser, évoluer tout au long de ta carrière depuis tes débuts pro. Un peu déçu de ne pas te voir à la première place des buteurs de l'OL mais tu seras désormais une légende du club quoiqu'il arrive !
Merci pour tout, bonne chance pour la suite. En espérant te revoir dans le staff dans le futur :)",2,Olympique Lyonnais
Résumé Saint-Etienne - OL : Une défaite au goût amer (2-1),2129,309257,1040,@jeanpierreverdi1160,"Les commentateurs sont d’une nullité sans nom 
Je ne suis  en aucune manière supporter de Lyon ni de Saint Étienne j’aime le foot qui est gâché par l’incompétence de ces deux journalistes qui ferait mieux de changer de métier 
Lyon est trop fébrile défensivement ça lui coute les demis finales et une qualification pour l’Europe l’année prochaine",0,Olympique Lyonnais
Les réactions après OL - Stade Rennais FC,850,39119,53,@niteuq,❤🎉😊,2,Olympique Lyonnais
"Les réactions après Monaco - OL : ""On va se concentrer sur nous-mêmes""",65,4325,36,@michelgal7387,"Ces gens payés entre 200 et 500 000 € /mois baissent la tête ! et ne font pas leur boulot !  Matic fait la gueule et boude  ! Ce club est vraiment au bout du bout , sans âme !  sans respect !  j'ai 600 €/mois à la retraite , que dois-je en penser  ! Pour avoir çà j'ai toujours dû faire mon travail ! Qu'est devenu ce club ?",0,Olympique Lyonnais
Résumé OL - Angers : Le Général Alex Lacazette en patron pour sa dernière (2-0),3448,166651,190,@alap124,"Alexandre Lacazette Lacazette  
Lacazette !!!!!!!¡! Tu vas nous manquer !",6,Olympique Lyonnais
Résumé Saint-Etienne - OL : Une défaite au goût amer (2-1),2129,309257,1040,@davidcamara5582,Il y a carton rouge bien sûr le matchs mais je rappelle l'OM vs PSG au matchs aller un carton rouge pour Harit l'arbitre avait tué spectacle,4,Olympique Lyonnais
"Grand soleil aujourd’hui, mais il commence à pleuvoir 🥲 #ligue1 #football",2510,97904,68,@anthonydouarche7860,Bon ben je chiale casse pas les couilles putain,0,Olympique Lyonnais
Les émotions 🥲 #ligue1 #bts #lacazette,4069,117722,83,@SereinementVous,❤❤,2,Olympique Lyonnais
Résumé OL - Rennes : des buts de folie et un petit pas vers l'Europe (4-1),4111,192634,222,@Arthur94.5,My favorite club in France 💪❤️💙,13,Olympique Lyonnais
Résumé OL - Angers : Le Général Alex Lacazette en patron pour sa dernière (2-0),3448,166651,190,@michaelscofield-xv2xu,Bravo le SCO !!!!!! 😊,0,Olympique Lyonnais
Résumé Manchester United - OL : immense déception (5-4),8851,751638,736,@mickaelbouvier7908,Mdr tolisso 0 humilié lacazette fete la victoire trop tôt mdr resultat nofrage aller à la niche mdr encore une fois on montre que les français on 0 mental à chier ce club 😂,0,Olympique Lyonnais
Résumé Saint-Etienne - OL : Une défaite au goût amer (2-1),2129,309257,1040,@PatrickBoquet-wj3gf,Nul les commentaires 😮,0,Olympique Lyonnais
Entraînement veille de derby,793,15056,80,@tigre69,Allez l'OL battez-vous !!❤️💙,11,Olympique Lyonnais
"La réaction de Paulo Fonseca après Manchester United - OL : ""Nous devons apprendre de ce moment""",287,21673,113,@WollsTriiCk39,Il va falloir vite remettre la tête à l’endroit pour atteindre l’objectif principal qu’est la qualif en LDC il ne faut pas tout jeter !!,3,Olympique Lyonnais
Résumé AJA - OL : les Lyonnais se rapprochent du podium ! (1-3),3801,197584,215,@bongumenzinzama6896,This Georgian player is the truth,4,Olympique Lyonnais
Résumé Manchester United - OL : immense déception (5-4),8851,751638,736,@a_fortiori_,"Je suis musalmanne 
Bonjour 👍🏽",0,Olympique Lyonnais
Une action qui respire le football (et le 6-9) 🔴🔵 #shorts #ol #football,1516,31866,119,@WilliamKerikorian-f5x,Rafael Leão,0,Olympique Lyonnais
Résumé OL - RC Lens : Une défaite cruelle (1-2),868,81114,365,@etienneperez4748,dans mes veines le seum des commentateurs quel plaisir 🥰,48,Olympique Lyonnais
"La réaction de Paulo Fonseca après Manchester United - OL : ""Nous devons apprendre de ce moment""",287,21673,113,@TemitopeMatthew-fd3gl,Respect👏👏👏,4,Olympique Lyonnais
Résumé Saint-Etienne - OL : Une défaite au goût amer (2-1),2129,309257,1040,@nabilfekir69,"Cette semaine c’est un truc de ouf , entre le 2 eme jaune de Tolisso en Europa, inexistante la faute au passage…
Puis ce soir Stassin doit pas finir le match, et donc il doit jamais marquer ce 2 eme but.
Et Lyon aurait sûrement gagner le match.
J’espère que sur la fin de saison on sera européen.
Parce que la , ça fait mal au cu…
J ai pas d’autre mots",2,Olympique Lyonnais
Gone pour toujours ❤️💙,1167,14249,56,@fredericberger1539,Nanard Monsieur OL ❤❤❤❤❤😢,1,Olympique Lyonnais
Gone pour toujours ❤️💙,1167,14249,56,@christopheferrand50,"Un très grand joueur, un lyonnais au cœur pur, une humilité extraordinaire, un homme dans l’ombre qui a toujours fait passer la passion et les relations humaines auprès de tous ceux qui l’ont côtoyé, monsieur Lacombe aux côtés de Jean-Michel Aulas a formé un duo indélébile dans l’histoire lyonnaise à jamais dans le cœur des Lyonnais. Merci. Monsieur Lacombe. Nos remerciements éternels.",12,Olympique Lyonnais
Résumé OL - Angers : Le Général Alex Lacazette en patron pour sa dernière (2-0),3448,166651,190,@skrolk9,"On encense Lacazette mais il rate  tout hahahaha que de déchets , de mauvaises décisions des joueurs ... Et encore un peno car Lacazette marque toujours en but de racros ... Vivement l'année prochaine !",0,Olympique Lyonnais
Résumé Saint-Etienne - OL : Une défaite au goût amer (2-1),2129,309257,1040,@mryomino7909,C'est vrai que l'arbitrage est incompréhensible et je ne suis pas Lyonnais.,1,Olympique Lyonnais
🥺 Les émotions #ol #football,1866,35243,62,@NolanPlassais,Ryan tu vas nous manquer,15,Olympique Lyonnais
Hommage : Quand le football français célébrait les 70 ans de Bernard Lacombe,763,28233,71,@yolandmarijon1771,Merci et bon voyage Bernard Lacombe,0,Olympique Lyonnais
"Merci Alex, Lyonnais pour toujours 🙌",627,13282,37,@walsh8921,"Thank you for memorable moments Lacazette, you will be missed, God bless you and your family 😢",1,Olympique Lyonnais
"Vitesse, dribbles, finition, Malick Fofana nous a régalé cette saison ⚡️😍 #shorts #ol",938,11481,24,@Tekoss70,🫡🟥🟦🇧🇪,1,Olympique Lyonnais
Résumé Saint-Etienne - OL : Une défaite au goût amer (2-1),2129,309257,1040,@Ndombelinho_75,"Lyon va se remettre de sa cruelle défaite à Old Trafford et va quand même réussir à aller chercher la qualif en LDC, pcq au-dessus d'eux c'est pas des flèches quand il s'agit de maintenir leur avance au classement",1,Olympique Lyonnais
Résumé AJA - OL : les Lyonnais se rapprochent du podium ! (1-3),3801,197584,215,@walyasfreeman6873,"Est-ce que le commentateur a besoin de gueuler tout le temps? Il y a passion et sur-excitement, il faut apprendre la difference.",1,Olympique Lyonnais
J’ai tellement faim que je pourrais manger … 🔴🔵 #shorts #ol #football,1391,83639,23,@anikisong3678,allez l'OL 🔴🔵,4,Olympique Lyonnais
Une action qui respire le football (et le 6-9) 🔴🔵 #shorts #ol #football,1516,31866,119,@WilliamKerikorian-f5x,Ansu Fati,0,Olympique Lyonnais
"🎥💔 Un dernier moment, une dernière étreinte #shorts #ol",2083,90296,25,@sodapop9569,😊,1,Olympique Lyonnais
Résumé OL - RC Lens : Une défaite cruelle (1-2),868,81114,365,@JohnDuff_59,Les quenelles sont cuites,0,Olympique Lyonnais
Quand l’art rencontre notre histoire 👀​ #ol #shorts #olympiquelyonnais,2131,66074,16,@TAZZER_Collector,Les toiles sont magnifiques,1,Olympique Lyonnais
Résumé Manchester United - OL : immense déception (5-4),8851,751638,736,@victoroscarsupdates,Both teams played well. Great win for Man Utd 👏👏,0,Olympique Lyonnais
“L'OL ça représente toute ma vie” : la dernière interview d'Alexandre Lacazette,2576,52622,169,@demdemnico,❤️,0,Olympique Lyonnais
Une victoire de caractère : OL-Rennes (2023),358,19402,29,@HuGo-bf7kw,"Arrêter avec vos matchs de légende de mer… 
On vas encore perdre ce soir avec vos conneries",3,Olympique Lyonnais
Résumé Manchester United - OL : immense déception (5-4),8851,751638,736,@Chatintime,encore volés sur la faute fantome de Tolisso,0,Olympique Lyonnais
Résumé OL - Angers : Le Général Alex Lacazette en patron pour sa dernière (2-0),3448,166651,190,@anysslad,MERCI GÉNÉRAL LACAZETTE MERCI POUR TOUT 🎉❤,20,Olympique Lyonnais
"Alexandre Lacazette avant le derby contre l'ASSE : ""La saveur d’un derby ne change pas""",431,13938,80,@MamadouSy-fw6rc,❤️💙,1,Olympique Lyonnais
"Nouvelle saison, nouveau maillot.",910,14366,27,@Ades-bt3xx,Allez OL,1,Olympique Lyonnais
“L'OL ça représente toute ma vie” : la dernière interview d'Alexandre Lacazette,2576,52622,169,@OlympiqueLyonnais,"Et vous, quel est votre meilleur souvenir d'Alex ? 🥺",19,Olympique Lyonnais
Résumé Manchester United - OL : immense déception (5-4),8851,751638,736,@nasserbouchaib1739,Le 2e commentateur est payer qu’à dire « OUIIII OUIIII OUIIII »?,0,Olympique Lyonnais
Une action qui respire le football (et le 6-9) 🔴🔵 #shorts #ol #football,1516,31866,119,@Shirleygallien,"Ce match est incroyable, j’étais en loge l’OL🔵🔴",0,Olympique Lyonnais
Résumé Manchester United - OL : immense déception (5-4),8851,751638,736,@rwane4747,quel régale ce silence à 1:42 . MERCCIII Lyon ahahaha,2,Olympique Lyonnais
LE MATCH : MAN UTD - OL,641,48377,149,@yoann7715,"Comment peut on, sur une chaîne officielle d'un club, avoir des commentateurs aussi vindicatifs? Surtout celui de droite, insupportable",4,Olympique Lyonnais
Deux jours avant #olsco 💪 #ligue1 #football,525,11602,12,@patrickg9767,Ils s'amusent tranquillou et n'ont aucune conscience de nous avoir énormément déçu.... à priori ils s'en foutent.... ils devraient se cacher expie leurs fautes professionnelles et aller se cacher.... quelle déception ce club,1,Olympique Lyonnais
Résumé Saint-Etienne - OL : Une défaite au goût amer (2-1),2129,309257,1040,@mohamedabd42,Je me suis régalé 💚,0,Olympique Lyonnais
𝘛𝘳𝘢𝘷𝘢𝘪𝘭 𝘥𝘦 𝘧𝘪𝘯𝘪𝘵𝘪𝘰𝘯 🎯 #ligue1 #football,752,13220,17,@patrickg9767,C'est bien beau de faire les malins à l'entraînement.... c'est en match qu'il faut avoir la gnac et pas baisser les bras comme à Manchester vous pouvez vous en mordre les doigts ce soir vous auriez pu être en finale d'une coupe d'Europe.... vous m'avez fortement déçu mais je pense que vous vous en battez les c.....,6,Olympique Lyonnais
Résumé Saint-Etienne - OL : Une défaite au goût amer (2-1),2129,309257,1040,@ntatoto693,Bisous mes ptite lyonnaise 😘💚🤍,0,Olympique Lyonnais
🌠 Rayan Cherki. Lyonnais pour toujours ! #shorts #ol #football #cherki,1487,16391,38,@Nordine-h6d,Rayan tout le peuple lyonnais taime et tu restera ds nos cœurs,1,Olympique Lyonnais
"Paulo Fonseca avant Monaco - OL : ""Je veux être l'entraîneur qui remet Lyon en Ligue des champions""",166,6272,41,@NeyteMZ,"Depuis la défaite contre Manchester United a Old Trafford, je ne ressens plus rien pour cette équipe. Et les matchs passent plus c'est pire ... Je déteste le football.",1,Olympique Lyonnais
"Corentin Tolisso avant Manchester - OL : ""Etre très agressifs et marquer """,611,17627,37,@AmrNjah,"🔴🔵🛠️
ALLLE Z OL 🦁",1,Olympique Lyonnais
Résumé Saint-Etienne - OL : Une défaite au goût amer (2-1),2129,309257,1040,@mathieustoll2529,Je me suis RE GA LER,0,Olympique Lyonnais
Résumé OL - RC Lens : Une défaite cruelle (1-2),868,81114,365,@fred-fred62,"Une réussite insolante, non mais tu t'es entendu INSOLANT toi même...",0,Olympique Lyonnais
"Intérieur, extérieur ... Malick Fofana était on fire 🔥 #shorts #ol #football",1221,22264,30,@DiegoTriquer,❤️❤❤ fofana le demi-nouveau messi 😂😂😂,0,Olympique Lyonnais
Résumé Manchester United - OL : immense déception (5-4),8851,751638,736,@MarcMarco-q4o,C'est quoi ce résumé bâclé ? Quel manque de respect tant pour les équipes que pour les téléspectateurs ... déçu !,0,Olympique Lyonnais
“L'OL ça représente toute ma vie” : la dernière interview d'Alexandre Lacazette,2576,52622,169,@fraph3rfraph3r15,Humainement parlant c'est à montré à tous les jeune de notre pays qui par cacahuète bravo Alex on n'oubliera pas quel homme tu étais c'est pas un adieu juste au revoir tu reviendras dans le staff j'en suis sûr 37 ans j'ai tout connu àvec ce club  mais le grand Lyon c'était magique ces années.,0,Olympique Lyonnais
🇬🇪 🇫🇷 Leçon de Géorgien avec Georges Mikautadze et Rayan Cherki 😂 #shorts #ol,2992,177946,62,@salahmouhoub1714,Un gladiateur du désert un jour,0,Olympique Lyonnais
Résumé Saint-Etienne - OL : Une défaite au goût amer (2-1),2129,309257,1040,@paula2969,Merci pour le résumé les lyonnais 💚💚💚,16,Olympique Lyonnais
🎙️ La dernière interview d'Alexandre Lacazette 🔴🔵 #shorts #olympiquelyonnais,818,18694,10,@mrtaruoura5214,Merci pour tout champion allez OL,9,Olympique Lyonnais
Résumé OL - Angers : Le Général Alex Lacazette en patron pour sa dernière (2-0),3448,166651,190,@faressouisi5617,"يا لها من نهاية يا ألكسندر لكازيت 
هدفين في آخر مبارة",4,Olympique Lyonnais
"🪄 Rayan Cherki, Top Passeur Ligue 1 2024-2025 🤩🔴🔵 #ligue1 #football",1530,24786,48,@Cocoz-c1k,cherki c'est mon joueur pref,4,Olympique Lyonnais
Résumé Manchester United - OL : immense déception (5-4),8851,751638,736,@hanzosiku,Shocking defending by Lyon,0,Olympique Lyonnais
Résumé Saint-Etienne - OL : Une défaite au goût amer (2-1),2129,309257,1040,@lip3oy,"non mais l'arbitre quoi ... il a complètement changer le cours du match , énervé toute une équipe , un stade.... a quoi sert la VAR avec des arbitres complétement débile comme lui ... y'a pire que rouge foncé la sans aucun doute u_u surtout avec la var en plus .... sérieux avec des actions comme ca appart crier scandale et corruption je vois pas autre chose a dire , y'a un réel problème",4,Olympique Lyonnais
Les émotions 🥲 #ligue1 #bts #lacazette,4069,117722,83,@mouns4767,Je kiffe mamie Cherki 👌,96,Olympique Lyonnais
🥺 Les émotions #ol #football,1866,35243,62,@laurentbouclier8013,"On perd un joueur de grand talent ,jeune en plus. Quel malheur, il a fait énormément poir l’ol et quel entrées en EDF. Bravo",0,Olympique Lyonnais
Résumé AJA - OL : les Lyonnais se rapprochent du podium ! (1-3),3801,197584,215,@Fouinepolaire1,Merci de mettre de VRAIS résumés avec toutes les situations au lieu des résumés de la chaîne Ligue 1 qui essaie d’équilibrer les occasions montrées des deux côtés,2,Olympique Lyonnais
"Vitesse, dribbles, finition, Malick Fofana nous a régalé cette saison ⚡️😍 #shorts #ol",938,11481,24,@zodarkill,"Merci pour tout Malick, bonne chance pour la suite de ta carrière",11,Olympique Lyonnais
Résumé Manchester United - OL : immense déception (5-4),8851,751638,736,@cyborg3576,"Ce match restera comme une honte absolue pour Lyon et dans le monde du football en général. 

Un match qu’il faut monter en centre de formation aux joueurs suffisants, ceux qui se croient arrivés. Une des pires remontada de tous les temps face a une équipe de niveau district qui joue uniquement des longs ballons comme en 1970 où en district.

J’ai jamais vu une équipe aussi faible mentalement. Lyon c’est la seule équipe au monde qui peut perdre contre des fumeurs de jaune normal. Et je suis très sérieux. 

Ils n’ont que 2 joueurs de foot professionnel dans tous l’effectif, les autres, c’est littéralement des chèvres. 

Lyonnaises, je vous prends quand vous voulez, sur un five ou dans un grand terrain, ramènez MLJ avec vous. J’ai mon équipe de cotorep, gazé aux x3, avec mon attaquant qui sort tout juste de 8 ans plein, venez vous prendre une tôle, venez on vous malaxe devant la france entière, on a du tabac à rouler et des citrons, on est pas les paysans de manchester qui vous ont cassé le keh nous, ça va vous faire tout drôle.",0,Olympique Lyonnais
Résumé AJA - OL : les Lyonnais se rapprochent du podium ! (1-3),3801,197584,215,@pacodejulianasiole7040,L'Athletic Bilbao a du souci à se faire,0,Olympique Lyonnais
Résumé AJA - OL : les Lyonnais se rapprochent du podium ! (1-3),3801,197584,215,@gaetanrouxel5377,"Les trois points son la 💪🏻
Par contre le penalty, la faute c’est rouge quand même",10,Olympique Lyonnais
🌠 Rayan Cherki. Lyonnais pour toujours ! #shorts #ol #football #cherki,1487,16391,38,@Hardoro-u7h,Revient dans l'avenir comme coco et alex tu sera toujours dans notre coeur même si ont va te suivre au fil des années ❤❤❤❤❤❤,1,Olympique Lyonnais
"""C'est une grosse déception"" : les réactions après OL - RC Lens (1-2)",109,10398,66,@FranckDupont001,Quand on est capable de perdre contre S-E on ne mérite aucune coupe d'Europe. Inutile que l'OL aille nous faire honte comme d'autres le font régulièrement.,6,Olympique Lyonnais
"Vitesse, dribbles, finition, Malick Fofana nous a régalé cette saison ⚡️😍 #shorts #ol",938,11481,24,@christianzapata-d8i,❤❤❤,0,Olympique Lyonnais
L'intégrale des 201 buts d'Alexandre Lacazette sous le maillot l'OL,1539,51939,100,@gonesuzu1268,Merci Lacazette....juste merci on va pas t'oublier <3,1,Olympique Lyonnais
Résumé Saint-Etienne - OL : Une défaite au goût amer (2-1),2129,309257,1040,@magicberu,"Laissons la polémique arbitrale de côté et recentrons-nous sur le terrain : 
1/ Comment expliquer une semaine aussi catastrophique dans l'approche tactique ? Paulo Fonseca porte une énorme responsabilité sur la faillite de jeudi et sur le match de ce dimanche. Matic doit jouer aller et retour contre Manchester, Almada et Tagliafico ne peuvent pas être sur le banc pour le Derby ; 
2/ Le comportement sur le terrain de certains joueurs commencent à agacer : pourquoi une telle fébrilité chez Niakhaté (fautif à Manchester et sur le deuxième but de Stassin) ? Veretout est venu en tant que joueur de rotation mais quelle valeur ajoutée apporte-t-il sur le terrain ? Aucune progression de sa part je trouve. Mikautadze revenait bien à Auxerre mais il est trop irrégulier : pourquoi une telle forme sinusoïdale ?

Il reste 4 matchs pour le top 4, 100% de victoires est désormais obligatoire, en espérant une faillite chez les concurrents directs. La 6e place correspond au vrai niveau de cette équipe cette saison. À elle de déjouer les pronostics et finir dans les places pour la LDC.",0,Olympique Lyonnais
Résumé Manchester United - OL : immense déception (5-4),8851,751638,736,@AmrNjah,"✨OL 
فريق يشرف بلد",0,Olympique Lyonnais
On était avec Rayan Cherki quand il a appris LA nouvelle 😏👀 #ol #shorts,2349,79513,246,@gtc9080,"Il va finir comme fekir,benzema ,ben affaire, aouar,nasri,benyeder c est bien il pourra ce reposer pour être performant en club lol",0,Olympique Lyonnais
"🎥💔 Un dernier moment, une dernière étreinte #shorts #ol",2083,90296,25,@selimsedjar6019,Voilà...on a grillé mille entraîneurs...on a grillé mille investisseurs...on a grillé mille joueurs...on est des Lyonnais...,1,Olympique Lyonnais
Résumé Saint-Etienne - OL : Une défaite au goût amer (2-1),2129,309257,1040,@FuRy13013,"OM OL même combat, l'arbitrage est contre nous, même si à Gerland à l'aller, il a été avec vous",0,Olympique Lyonnais
LE MATCH : OL - Angers SCO,371,13359,27,@AmrNjah,❤💙©️,0,Olympique Lyonnais
“L'OL ça représente toute ma vie” : la dernière interview d'Alexandre Lacazette,2576,52622,169,@enzostab_,👑,0,Olympique Lyonnais
Résumé OL - RC Lens : Une défaite cruelle (1-2),868,81114,365,@kelisoccan9095,"Le manque de réalisme lyonnais, la reussite lensoise, et 2 peno non siffle pour l'OL....voilà pour moi les causes de cette defaite",2,Olympique Lyonnais
Read My Lips présenté par Emirates,348,6616,14,@LNS-q2l,J’aurais jamais cru capable Tagliafico autant rigoler sa fait plaisir,41,Olympique Lyonnais
Hommage : Sur la route avec Bernard Lacombe,660,24916,76,@laurentjallet233,Super joueur Bernard l'acompte rip❤❤❤❤❤,0,Olympique Lyonnais
Rayan Cherki ✨ #shorts #ol #football,945,28717,27,@neoLimit,Faut arrêter les shorts sur les réseaux sociaux...et essayer de gagner quelques matchs les gars...... Pkne c'est la déroute Total cette fin de saison ..,0,Olympique Lyonnais
Résumé OL - Angers : Le Général Alex Lacazette en patron pour sa dernière (2-0),3448,166651,190,@milvn2505,6:28 Lacazette est hors jeu…,1,Olympique Lyonnais
Quiz spécial Dubaï présenté par Emirates,192,4049,6,@thepunisher1799,Thiago Nico stay in Lyon 🦁🔴🔵,1,Olympique Lyonnais
Résumé Manchester United - OL : immense déception (5-4),8851,751638,736,@leric42,Difficile de faire un meilleur scénario vous êtes trop fort 😂😂,0,Olympique Lyonnais
Résumé Manchester United - OL : immense déception (5-4),8851,751638,736,@mc4240,BONJOUR 🏴󠁧󠁢󠁥󠁮󠁧󠁿💀💀💀💀💀💀💀💀💀💀💀💀💀💀💀💀💀💀🤩🤩🤩🤩🤩🤩🤩🤩🤩🤩🤩🤩🤩🤩🤩🤩🤩🤩🤩🤩🤩🤩🤩🤩🤩🤩🤩🤩🤩😜😜😜😜😜😜😜,0,Olympique Lyonnais
Hommage : Sur la route avec Bernard Lacombe,660,24916,76,@Mathis069,"Une époque bien lointaine, peuplée de gens comme Bernard Lacombe… Des gens simples, respectueux, la génération de mes grands-parents.
Au-delà du footballeur et du dirigeant, ça devait être une personne formidable.
Cette génération se perd et n’existera bientôt plus.
Repose en paix.
À jamais une légende de l’OL 🔴🔵",14,Olympique Lyonnais
Résumé OL - RC Lens : Une défaite cruelle (1-2),868,81114,365,@Ixixkx,Il me régales les commentateurs,0,Olympique Lyonnais
Résumé Manchester United - OL : immense déception (5-4),8851,751638,736,@julien3525,"L'Olympique Lyonnais,se sera bien battu!!!!",0,Olympique Lyonnais
Entraînement veille de derby,793,15056,80,@gonegone-iw3gn,Rebondir. Aller de l avant !!! L ol est grand! Allez l ol!!!,0,Olympique Lyonnais
Résumé OL - Angers : Le Général Alex Lacazette en patron pour sa dernière (2-0),3448,166651,190,@un-message,Jesus peut transformer ta vie ❤,0,Olympique Lyonnais
Résumé Saint-Etienne - OL : Une défaite au goût amer (2-1),2129,309257,1040,@XavierMastro,Mais quel scandale 😂,0,Olympique Lyonnais
Résumé Manchester United - OL : immense déception (5-4),8851,751638,736,@samisins3620,Pourquoi les commentateurs réagissent comme des supporteurs de l'OL,0,Olympique Lyonnais
Résumé Saint-Etienne - OL : Une défaite au goût amer (2-1),2129,309257,1040,@pepperblack7868,🎉🎉🎉,0,Olympique Lyonnais
Hommage : Les meilleures punchlines de Bernard Lacombe sur OLTV,407,43392,36,@nicolasnivelle4137,même les vieux stéphanois comme moi sont triste ... RIP Monsieur Lacombe,0,Olympique Lyonnais
Résumé OL - RC Lens : Une défaite cruelle (1-2),868,81114,365,@furyball7086,On va même réussir à rater l'europa league... le seum,1,Olympique Lyonnais
Résumé Manchester United - OL : immense déception (5-4),8851,751638,736,@nabilfekir69,"Comment tu peux prendre 3 buts en 5 minutes???
J'aime mon équipe plus que tout.
Mais ça? 🤦🏻",23,Olympique Lyonnais
Une action qui respire le football (et le 6-9) 🔴🔵 #shorts #ol #football,1516,31866,119,@WilliamKerikorian-f5x,Ibrahim Mbaye,0,Olympique Lyonnais
LE MATCH : MAN UTD - OL,641,48377,149,@flob4963,Onana avait donc... raison. Certains supporters lyonnais apprendront a ne plus insulter les mamans des autres,15,Olympique Lyonnais
Résumé Saint-Etienne - OL : Une défaite au goût amer (2-1),2129,309257,1040,@azsauzyris5393,"Arbitre VAR doit avoir de la famille Stéphanoise ou corrompu par les émirs qataris pourris, c'est paris!",0,Olympique Lyonnais
Résumé Manchester United - OL : immense déception (5-4),8851,751638,736,@Ceda-su9zz,United United United 💪🏻,1,Olympique Lyonnais
Résumé Saint-Etienne - OL : Une défaite au goût amer (2-1),2129,309257,1040,@perrinepasquali653,Gaêl Berger va se tirer une balle 😅,0,Olympique Lyonnais
"Corentin Tolisso avant Manchester - OL : ""Etre très agressifs et marquer """,611,17627,37,@masko2voff,tout droit ! ❤️💙,3,Olympique Lyonnais
"Paulo Fonseca avant OL - Angers : ""Ce match doit être l’occasion d’envoyer un message""",128,7098,60,@yvesschmit2561,Dernier match amical samedi contre Angers avant de jouer en L2 ou plus bas ça dépend de John Textor si la envie de sauver le clubs,1,Olympique Lyonnais
On était avec Rayan Cherki quand il a appris LA nouvelle 😏👀 #ol #shorts,2349,79513,246,@atila101nomercy3,ALLEZ RAYAN⚽🤍❤️💙🫶🏿💙🤍❤️❣️,0,Olympique Lyonnais
"Grand soleil aujourd’hui, mais il commence à pleuvoir 🥲 #ligue1 #football",2510,97904,68,@fredericberger1539,Merci les gones,2,Olympique Lyonnais
Résumé Saint-Etienne - OL : Une défaite au goût amer (2-1),2129,309257,1040,@kelisoccan9095,"Jespere que le HAC  benediciera des memes largesses arbitrales pour se maintenir en L1, car la le message est clair les arbitres feront tous pour que st etienne se maintienne....courage force et honneur les havrais",1,Olympique Lyonnais
Résumé AJA - OL : les Lyonnais se rapprochent du podium ! (1-3),3801,197584,215,@THEOLPX,"J’ai l’mpression que Lacazette n’est plus ce que c’était. Et encore une fois, il nous faut un penalty pour nous lancer, c’est pas normal. Sinon très belle cohésion d’équipe et certains joueurs vont éclore. Mais il faut qu’il reste à Lyon.",2,Olympique Lyonnais
"🎥💔 Un dernier moment, une dernière étreinte #shorts #ol",2083,90296,25,@Tzn972,Il arrête sa carrière ou va ailleurs?,2,Olympique Lyonnais
Hommage : Sur la route avec Bernard Lacombe,660,24916,76,@huitmlzadesores3591,"Je suis Lyonnais mais je me rappelle surtout de Bernard à l'époque ou il jouait aux Girondins, certainement parceque je collectionnais les Panini, quelle équipe extraordinaire Touré, Tigana, Giresse, Muller, une équipe de galactique.
RIP Bernard Lacombe.",1,Olympique Lyonnais
Résumé Manchester United - OL : immense déception (5-4),8851,751638,736,@DJRockS971,"Enormement de déception mais on est fier de vous 
RDV pour le Derby",1,Olympique Lyonnais
Une action qui respire le football (et le 6-9) 🔴🔵 #shorts #ol #football,1516,31866,119,@WilliamKerikorian-f5x,Lorenzo Pellegrini,0,Olympique Lyonnais
Hommage : Les meilleures punchlines de Bernard Lacombe sur OLTV,407,43392,36,@6991hey,Quel visionnaire au regard de la carrière de Karim Benzema 😮,15,Olympique Lyonnais
"Rayan Cherki : ""J'aime le beau jeu et le spectacle""",651,20906,72,@noname-sc6vo,keep humble heh,0,Olympique Lyonnais
Résumé Monaco - OL : les Lyonnais défaits à Louis II,741,69232,182,@sullybat1840,Bon le qatar vous attendez quoi pour racheter lyon,0,Olympique Lyonnais
Bernard Lacombe 🙏❤️💙 #shorts #ol,1038,21416,33,@RichardMacrone,❤❤❤❤❤❤,0,Olympique Lyonnais
"Ça part vite devant, Lacazette conclut en patron 🔥 Rien à ajouter. #ol #shorts #football",1029,22047,27,@nadersabrynader7314,🔵⚪🔴 ⚡🔥🎉,1,Olympique Lyonnais
"Alexandre Lacazette avant le derby contre l'ASSE : ""La saveur d’un derby ne change pas""",431,13938,80,@elhadjicisse8024,❤Allez les gars vous pouvez le faire ❤❤❤❤❤❤❤alex🇸🇳🇸🇳🇸🇳❤,0,Olympique Lyonnais
"Ça part vite devant, Lacazette conclut en patron 🔥 Rien à ajouter. #ol #shorts #football",1029,22047,27,@WilliamKerikorian-f5x,Patrick Berg,0,Olympique Lyonnais
Read My Lips présenté par Emirates,348,6616,14,@MirandaGorgadze,Miqautadze 🤍,1,Olympique Lyonnais
Résumé Saint-Etienne - OL : Une défaite au goût amer (2-1),2129,309257,1040,@younshannibal4520,7:00 niakhaté mdrr c’est quoi ce defenseur,0,Olympique Lyonnais
Dans les coulisses de notre victoire face à Angers (2-0),303,7900,14,@nicolasromain9915,"Bien cool ce format !! Par contre, on est pas encore officiellement en Europa League... Il faut que le PSG remporte la Coupe de France sinon c'est Conference League.",2,Olympique Lyonnais
Quiz spécial Dubaï présenté par Emirates,192,4049,6,@Djehouty1618,"En parlant de Dubaï, il n'y aurait pas par hasard un mec de là-bas (le genre de mec qui roule en Bugatti pour aller chercher le pain) pour racheter l'OL et faire ce que ne sait visiblement pas faire notre bon vieux Johnny ? 🙄",8,Olympique Lyonnais
"Rayan Cherki avant OL - Angers : ""On sait que les chances sont infimes, mais on y croit""",376,15826,45,@IoanLEJOSNEVANNOBEL,la classe de cherki 👍👍👍,6,Olympique Lyonnais
Entraînement veille de derby,793,15056,80,@kevinfaivre9903,❤️💙🦁🦁🦁💪,0,Olympique Lyonnais
"100 humains VS 1 gorille, qui gagne ? 🦍 #shorts #ol #football",3658,209292,57,@mambovuando8705,mdr après ils débatent pendant l'entraînement xD,78,Olympique Lyonnais
"🧤 Claquettes, parades, Lucas Perri a été décisif de nombreuses fois cette saison #ol #football",844,13536,28,@VLF3869,Une chèvre parmi les chevres!,1,Olympique Lyonnais
Résumé OL - Lens (2002) : le choc décisif pour le titre !,312,15302,30,@VLF3869,"Jamais vécu une ambiance pareil à Gerland, la folie.",3,Olympique Lyonnais
Résumé Manchester United - OL : immense déception (5-4),8851,751638,736,@SethKassie,Lyon sucks yanited is better,0,Olympique Lyonnais
Hommage : Les meilleures punchlines de Bernard Lacombe sur OLTV,407,43392,36,@alexgalitier1322,Bernard legende ❤❤❤❤,3,Olympique Lyonnais
Résumé OL - RC Lens : Une défaite cruelle (1-2),868,81114,365,@willpignouf7652,"Quand je pense qu il y a des gens qui se déplacent pour ces biberonnes du sport payés à plus de 100000 euros..
Quel honte..  
Ils doivent bien rire le lendemain de leurs défaites ces  pseudo sportifs professionnels.. Aucune retenue de salaire pour ces moultes fautes professionnelles..
Sport de daube..",0,Olympique Lyonnais
Résumé OL - RC Lens : Une défaite cruelle (1-2),868,81114,365,@aleyn7182,"Donc si le ballon est au ras du sol et qu'on se couche, on peut l'arreter de la main, y'a pas faute....",5,Olympique Lyonnais
Résumé Saint-Etienne - OL : Une défaite au goût amer (2-1),2129,309257,1040,@Christalain62,Mais qui est le commentateur de cette vidéo ? le président du club de supporter de Lyon ?,2,Olympique Lyonnais
"""On doit s’excuser auprès de nos supporters"" : les réactions après ASSE-OL",249,12224,78,@RachidBoulawan,Ça sert à rien d'aller en LDC les gars,1,Olympique Lyonnais
"Rayan Cherki : ""J'aime le beau jeu et le spectacle""",651,20906,72,@saliahcene2175,Je veux pas le voir jouer avec nous 🇩🇿 qu'il choisit la France et on verra dans 2 ans dans quel club saoudien va jouer.,0,Olympique Lyonnais
Résumé Saint-Etienne - OL : Une défaite au goût amer (2-1),2129,309257,1040,@HuokpoetDsaok,This is going straight into my favorites playlist,0,Olympique Lyonnais
"Rayan Cherki : ""J'aime le beau jeu et le spectacle""",651,20906,72,@geos.8887,"Domage que juninho ne soit plus la,puisque ca serais deux exceptionels joueurs,qui donne et on donner a l' O.L.on aime te voir jouer et exceptionel but hier soir!!!courage on est capable de arriver a la classification pour la LDC👏👏👏👏",3,Olympique Lyonnais
75 ans 🎂 #ol #shorts #olympiquelyonnais,836,20922,10,@lebebeleplusmignondumondem566,Bonne anniversaire au club de ma vie ❤️💙❤️💙❤️💙🎉🎉,2,Olympique Lyonnais
Hommage : Quand le football français célébrait les 70 ans de Bernard Lacombe,763,28233,71,@Olive-gd3wn,Son but a la 38eme seconde contre l'Italie lors de la coupe du monde 1978! 😮😍🙏,0,Olympique Lyonnais
"Jusqu’en 2030, on visera toujours plus haut ✈️🔴🔵 #shorts #ol",976,12354,19,@Djedu06,Si seulement les emirats pouvez racheter l'ol,1,Olympique Lyonnais
Résumé Saint-Etienne - OL : Une défaite au goût amer (2-1),2129,309257,1040,@nactazISCO,Mdrrr ils sont reléguable tranquille les gars y’a pas de débat entre notre club 🔵❤️et le leur 🤢,0,Olympique Lyonnais
Résumé Manchester United - OL : immense déception (5-4),8851,751638,736,@pierretony9473,Club qui pue la défaite,9,Olympique Lyonnais
Résumé Fulham FC - OL : Les Gones en finale de la Premier League International Cup (0-2),277,43787,20,@AmrNjah,✨🦁,1,Olympique Lyonnais
"Ça part vite devant, Lacazette conclut en patron 🔥 Rien à ajouter. #ol #shorts #football",1029,22047,27,@WilliamKerikorian-f5x,Hector Fort,0,Olympique Lyonnais
Hommage : Les meilleures punchlines de Bernard Lacombe sur OLTV,407,43392,36,@Sebdeponch,Terrible Milan. Quelle perte pour nous tous. Quelle page qui se tourne.,3,Olympique Lyonnais
Matthieu Louis-Jean après le derby,154,3573,17,@PaNr42,"C'était quoi la couleur du carton lors du fameux tacle de Jordan Ferri sur Beric ??? 🤔
Beric n'a pas joué le match suivant lui, c'était ligaments croisés + saison terminée !
Et aucune excuse de Ferri !?
Un Lyonnais reste un Lyonnais !!!",0,Olympique Lyonnais
"Moussa Niakhaté avant OL - Rennes : ""On a hâte de rectifier le tir""",182,4556,30,@Momo-69-y5z,"4 matchs , 4 finales
ALLEZ L'OL",9,Olympique Lyonnais
Résumé Manchester United - OL : immense déception (5-4),8851,751638,736,@AmrNjah,🏹😃,0,Olympique Lyonnais
Résumé OL - Lens (2002) : le choc décisif pour le titre !,312,15302,30,@TemitopeMatthew-fd3gl,Respect Legends👏👏👏,0,Olympique Lyonnais
"La joie collective avec le parcage sur notre dernier but, c'est pour vous les Gones ! 🔥🦁💪 #bts",1338,28311,30,@PatriceBoivin-n7f,Super match merci les gones 💪,0,Olympique Lyonnais
"La réaction de Paulo Fonseca après Manchester United - OL : ""Nous devons apprendre de ce moment""",287,21673,113,@AmrNjah,🦁🔴🔵,0,Olympique Lyonnais
Résumé Saint-Etienne - OL : Une défaite au goût amer (2-1),2129,309257,1040,@leotourand4194,Chialez vous pisserez moins,0,Olympique Lyonnais
“L'OL ça représente toute ma vie” : la dernière interview d'Alexandre Lacazette,2576,52622,169,@MireilleTerracier,Merci pour tous ce que vous aurez accomplit général 😭❤💙,0,Olympique Lyonnais
Inside Premier League International Cup : Fulham FC - OL | Direction la finale !,596,18447,26,@lucasteamol7159,"Ça fait vraiment plaisir de voir cette une reconversion réussie pour Gueida Fofana, c'est son truc ça se voit",28,Olympique Lyonnais
Résumé Monaco - OL : les Lyonnais défaits à Louis II,741,69232,182,@AmrNjah,🔵🔴🦁,0,Olympique Lyonnais
Résumé Saint-Etienne - OL : Une défaite au goût amer (2-1),2129,309257,1040,@francoisdelestre1728,Ce match est scandaleux et cet arbitrage est honteux. L’OL en ligue 2 de toutes façons l’année prochaine. Ils’sont trop irréguliers et’irréalistes.,0,Olympique Lyonnais
"Ça part vite devant, Lacazette conclut en patron 🔥 Rien à ajouter. #ol #shorts #football",1029,22047,27,@LexyPerret,Magnifique général,6,Olympique Lyonnais
Le plein d’énergie avec la présence de plus de 700 enfants de nos clubs partenaires 🙌 #ligue1 #bts,1341,34180,25,@timotheebinet5319,Il a hésité et il a dit j vais me faire tuer mais c est pas grave😅,0,Olympique Lyonnais
Résumé Manchester United - OL : immense déception (5-4),8851,751638,736,@lemoydominique5387,Fallait rester humbles à 4-2 ....,0,Olympique Lyonnais
On était avec Rayan Cherki quand il a appris LA nouvelle 😏👀 #ol #shorts,2349,79513,246,@idirbellache2223,Rayan Harki 😂😂😂 tu vas finir comme les autres à regarder les finales sur ton canapé,10,Olympique Lyonnais
Une action qui respire le football (et le 6-9) 🔴🔵 #shorts #ol #football,1516,31866,119,@WilliamKerikorian-f5x,Jürgen Klopp,0,Olympique Lyonnais
Veille de match 😤 #ligue1 #football #training,699,9432,25,@Somogyii,Vous avez ruiné la saison.,0,Olympique Lyonnais
On était avec Rayan Cherki quand il a appris LA nouvelle 😏👀 #ol #shorts,2349,79513,246,@Molata-r8i,"Dommage pour toi Rayane...
C est pas le début... plutôt c est la fin de ta carrière internationale...
N oublie jamais que tu es avec Deschamps le rasciste....
Hélas...",0,Olympique Lyonnais
🌠 Rayan Cherki. Lyonnais pour toujours ! #shorts #ol #football #cherki,1487,16391,38,@vincentmendy6488,Les Lyonnais j'ai quelque chose à vous dire je n'ai pas été toujours supporter de l'OL mais là c'est très très grave ce qui s'est passé hier soir pour ceux qui savent...,0,Olympique Lyonnais
Dans les coulisses de notre victoire face à Angers (2-0),303,7900,14,@Momo-69-y5z,"Cool l'inside
ALLEZ L'OL",5,Olympique Lyonnais
Résumé Saint-Etienne - OL : Une défaite au goût amer (2-1),2129,309257,1040,@cherifmballo4290,Se un pire scandale !,5,Olympique Lyonnais
Hommage : Quand le football français célébrait les 70 ans de Bernard Lacombe,763,28233,71,@sunzi4845,Ultime bisou monsieur Lacombe 😢 🔴🔵,2,Olympique Lyonnais
"""C'est une grosse déception"" : les réactions après OL - RC Lens (1-2)",109,10398,66,@ousmanea.sidibe1677,"A présent, il faut arrêter le bricolage et  repenser un vrai projet sportif dans la durée et faire revenir PS pour qu'il s'en occupe.",0,Olympique Lyonnais
Résumé Saint-Etienne - OL : Une défaite au goût amer (2-1),2129,309257,1040,@danielemagni5964,Avete fatto vedere il fallo di Stassin giustamente da rosso......ma il fallo di Lacazette da rosso ugualmente non lo fate vedere?,0,Olympique Lyonnais
"Merci Alex, Lyonnais pour toujours 🙌",627,13282,37,@goblune,Merci alex10 ! À jamais une légende de l’OL,3,Olympique Lyonnais
Résumé Saint-Etienne - OL : Une défaite au goût amer (2-1),2129,309257,1040,@Pedro-f5q4v,Il y a rouge 20 fois !,1,Olympique Lyonnais
“L'OL ça représente toute ma vie” : la dernière interview d'Alexandre Lacazette,2576,52622,169,@pascalchapiron1271,"un respect éternel, tu es revenu au club quand on à eu besoin de toi sans réfléchir avec l'amour que tu portes au blason à la ville, au club et aux supporters un exemple de fidélité avec Coco TOLISSO vous resterez des légendes et des joueurs hors pairs auprès de nous supporters.",0,Olympique Lyonnais
Matthieu Louis-Jean après le derby,154,3573,17,@bentt7506,"Ça sert à rien de pleurer..Lyon a été nul point..tout comme Manchester ça sert à rien de pleurer contre l’arbitrage, Lyon a perdu son match seul et lamentablement",0,Olympique Lyonnais
Résumé OL - RC Lens : Une défaite cruelle (1-2),868,81114,365,@lewisblein2225,Mes la ya vraiment un problème avec lyon entre l'arbitrage et les équipes on dirait qui son tous contre lyon dsl mes la DNCG et la LFP veux plus que lyon sois en ligne 1 dsl pour on dirait que lyon dérange en ligue 1,0,Olympique Lyonnais
"Intérieur, extérieur ... Malick Fofana était on fire 🔥 #shorts #ol #football",1221,22264,30,@ANAÉE_01,J y était au stad,1,Olympique Lyonnais
🥺 Les émotions #ol #football,1866,35243,62,@romain8269,"A jamais dans nos cœurs, tu resteras éternellement un lyonnais ❤🫶🏻",4,Olympique Lyonnais
🎧 L'avant-match avait bien commencé avec @Trinix 🔥,1184,49589,33,@jean-christianchapelet8578,Bonne ambiance ❤❤❤,1,Olympique Lyonnais
Résumé Saint-Etienne - OL : Une défaite au goût amer (2-1),2129,309257,1040,@christopheporcher6074,"Je suis content de la victoire de Sainté, ils restent en course pour le maintien. Cependant, il y a rouge tous les jours pour Stassin.",0,Olympique Lyonnais
Résumé Manchester United - OL : immense déception (5-4),8851,751638,736,@thantrishankar4358,You just earned a new subscriber,1,Olympique Lyonnais
Résumé OL - Rennes : des buts de folie et un petit pas vers l'Europe (4-1),4111,192634,222,@thanasispalierakis2671,Adoration!!!!,0,Olympique Lyonnais
Hommage : Quand le football français célébrait les 70 ans de Bernard Lacombe,763,28233,71,@Narleaahhh,"Merci pour tout monsieur Lacombe, vous serez à jamais l'une des figures du club et de la ville de Lyon 🦁❤💙🕊",1,Olympique Lyonnais
25 MINUTES DE BONHEUR : tous les buts des victoires de l’OL dans le derby depuis 25 ans !,978,37765,71,@Momo-69-y5z,"Un derby ça se joue pas, ça se gagne
ALLEZ L'OL",12,Olympique Lyonnais
"""On doit s’excuser auprès de nos supporters"" : les réactions après ASSE-OL",249,12224,78,@nabilfekir69,"Un fourrage en règle , merci Letexier.",2,Olympique Lyonnais
Hommage : Sur la route avec Bernard Lacombe,660,24916,76,@MireilleTerracier,Reposer en paix monsieur lacombe,1,Olympique Lyonnais
Quart de finale en approche 👀 #europaleague #football,791,11914,23,@alexisb8070,"""Today is gonna be the day""",3,Olympique Lyonnais
Bernard Lacombe 🙏❤️💙 #shorts #ol,1038,21416,33,@DEADFIRE,"légende, repose en paix",0,Olympique Lyonnais
L'intégrale des 201 buts d'Alexandre Lacazette sous le maillot l'OL,1539,51939,100,@naxoc5783,"Le duo Lacazette-Barcola c'était quelque chose, je le raconterai à mes petits-enfants...",0,Olympique Lyonnais
"Grand soleil aujourd’hui, mais il commence à pleuvoir 🥲 #ligue1 #football",2510,97904,68,@MamadouSy-fw6rc,👏👏👏👏👏👏,1,Olympique Lyonnais
Résumé Manchester United - OL : immense déception (5-4),8851,751638,736,@Nabillemarseillais1,Y’avait Marseille 2025 Clim aller et retour il a oublié de préciser,0,Olympique Lyonnais
“L'OL ça représente toute ma vie” : la dernière interview d'Alexandre Lacazette,2576,52622,169,@MichelJackie-y8k,Merci notre général Lacazette depuis La Guyane 97310,0,Olympique Lyonnais
"Trainline Challenge : à vos marques, voyagez !",1053,24017,42,@Hyowal,Bahaha incroyable de les voir ici !,1,Olympique Lyonnais
Gone pour toujours ❤️💙,1167,14249,56,@Jolhan27,Je suis un grand fan de Lyon,1,Olympique Lyonnais
Bernard Lacombe 🙏❤️💙 #shorts #ol,1038,21416,33,@vincentbartolini283,RIP Bernard Lacombe…🙏❤️💙,2,Olympique Lyonnais
"Son 200e but, chez lui, dans son jardin, pour son dernier match avec l'OL 🫡🦁 #ligue1 #goal",2058,50423,58,@Momo-69-y5z,👌,0,Olympique Lyonnais
Résumé Manchester United - OL : immense déception (5-4),8851,751638,736,@AmrNjah,ممتاز جدا جدا جدا بفريق ليون 🔵🔴🦁 أستمر أستمر,1,Olympique Lyonnais
Résumé Manchester United - OL : immense déception (5-4),8851,751638,736,@Aswinishere,J'ai éteint mon écran à 3-4😂,0,Olympique Lyonnais
On était avec Rayan Cherki quand il a appris LA nouvelle 😏👀 #ol #shorts,2349,79513,246,@star_2.0.78,Bravo Rayan tu le mérites amplement,9,Olympique Lyonnais
Résumé OL - Rennes : des buts de folie et un petit pas vers l'Europe (4-1),4111,192634,222,@samuelperez9199,"Offensivement c'est fort , fait le dire.Les actions et les buts sont magnifiques.Bravo l'OL.
Par contre c'est friable , même une équipe complètement à l rue comme Rennes ce soir est relancé pendant un cours moment suite a un but donné et des errements défensifs.Ce sont ces moments là qui ont amené tant de déconvenues à l'OL cette saison dont Man U , ASSE et les 2 confrontations face à l'OM !
Mais offensivement c'est très fort même au niveau Européen 💪. J'espère une qualification en LDC au bout 🤞🤞",2,Olympique Lyonnais
Résumé OL - Angers : Le Général Alex Lacazette en patron pour sa dernière (2-0),3448,166651,190,@NiskADAM69,Merci le havre❤,58,Olympique Lyonnais
Les réactions après OL - Stade Rennais FC,850,39119,53,@piloubry2435,"Dites donc l OL c etait quoi le problème  technique  sur OLPLAY  qui a empeche la retransmission de l Avant Match et du Match en Direct Audio  du Match??
Je suis abonne et n ai reçu aucun mail?",0,Olympique Lyonnais
Résumé Saint-Etienne - OL : Une défaite au goût amer (2-1),2129,309257,1040,@fafasporthd,"Bravo St Étienne... purée sai les pires arbitre du mondes doi avoir une corruption de malade dans cette ligue 1
..
 bon allé OM 😊",0,Olympique Lyonnais
🌠 Rayan Cherki. Lyonnais pour toujours ! #shorts #ol #football #cherki,1487,16391,38,@Misterbleu-t9j,"Allez Ryan, bonne chance",10,Olympique Lyonnais
Résumé Saint-Etienne - OL : Une défaite au goût amer (2-1),2129,309257,1040,@Martin-nw3kf,"Vous pouvez parler plus fort, on vous entend pas avec l'ambiance du stade !",0,Olympique Lyonnais
Résumé Manchester United - OL : immense déception (5-4),8851,751638,736,@klintonkamogelo3471,Poor audio quality,0,Olympique Lyonnais
Retour au travail 👊 🔜 #olsrfc #training #ligue1,927,12950,21,@damienforot-naturopathie1870,Ouais les défenseurs centraux surtout !!! Jamais vue un niveau aussi catastrophique !!!,0,Olympique Lyonnais
“L'OL ça représente toute ma vie” : la dernière interview d'Alexandre Lacazette,2576,52622,169,@benjaminscheller5196,Légende Lacazette ❤️💙,5,Olympique Lyonnais
Une action qui respire le football (et le 6-9) 🔴🔵 #shorts #ol #football,1516,31866,119,@WilliamKerikorian-f5x,Pablo Torre,0,Olympique Lyonnais
🌠 Rayan Cherki. Lyonnais pour toujours ! #shorts #ol #football #cherki,1487,16391,38,@davidalexp7,Bonne continuation ✌️👽 déjà impatient de voir son retour à l'OL❤,1,Olympique Lyonnais
Résumé Saint-Etienne - OL : Une défaite au goût amer (2-1),2129,309257,1040,@kenedaloulou9633,Encore ce commentateur qui a choisi son équipe Lyon au lieu de commenter.... clochard,0,Olympique Lyonnais
25 MINUTES DE BONHEUR : tous les buts des victoires de l’OL dans le derby depuis 25 ans !,978,37765,71,@ohbaconnn,3 but 5 minutes vs Manchester United force a vous,2,Olympique Lyonnais
Une action qui respire le football (et le 6-9) 🔴🔵 #shorts #ol #football,1516,31866,119,@WilliamKerikorian-f5x,Lisandro Martínez,0,Olympique Lyonnais
Deux nouveaux Chevaliers dans l’ordre national du Mérite🏅 #ol #shorts #olympiquelyonnais,841,22263,21,@dacoofficiel,🔴🔵🦁✨,8,Olympique Lyonnais
Résumé AJA - OL : les Lyonnais se rapprochent du podium ! (1-3),3801,197584,215,@Nono-n3v,"Équipe de lyon sérieuse et réconfortante dans leurs esprits de jeux, ils méritent largement de jouer  la ligue de champion l.année prochaine à la place des marseillais, et je ne suis pas lyonnais 😊",2,Olympique Lyonnais
On était avec Rayan Cherki quand il a appris LA nouvelle 😏👀 #ol #shorts,2349,79513,246,@Chakaponk69,Mdr la mise en scène,4,Olympique Lyonnais
Résumé Saint-Etienne - OL : Une défaite au goût amer (2-1),2129,309257,1040,@mohamedtalale,The editing is top-tier. Seriously impressive,0,Olympique Lyonnais
"""C'est une grosse déception"" : les réactions après OL - RC Lens (1-2)",109,10398,66,@Lennykowka,"Alors au delà de notre niveau médiocre j’attends avec impatience les échanges entre l’arbitre et le VAR sur les 3 situations de pénalty !
Je me demande quelle vont être leurs excuses cette fois ci, en particulier pour les tirage de maillot sur AMN qui l'empêche de tirer face au but 🤔",6,Olympique Lyonnais
"Les réactions après OL - Angers : ""Merci à cette famille que j'ai retrouvée en revenant ici""",306,12253,34,@kenpashi-sama5254,Il devrait finir sa carrière en Turquie pour avoir la ferveur du public il mérite ùne fin de carrière animé et pas morose oublié dans un championnat qui ne le célèbre pas,0,Olympique Lyonnais
Les réactions après OL - Stade Rennais FC,850,39119,53,@alex_prcp,Mettez le résumé du match plutôt,2,Olympique Lyonnais
"Nicolás Tagliafico avec Monaco - OL : ""Jouer sous pression nous rend meilleur""",141,4883,35,@vladimirnguiefang7270,3 ans il comprend pas un mot de français bravo,0,Olympique Lyonnais
Résumé Manchester United - OL : immense déception (5-4),8851,751638,736,@ThorThunder966,Casemiro ❤,0,Olympique Lyonnais
J’ai tellement faim que je pourrais manger … 🔴🔵 #shorts #ol #football,1391,83639,23,@Knicksamare,"Trend pas terrible, qu'on se le dise",3,Olympique Lyonnais
𝘛𝘳𝘢𝘷𝘢𝘪𝘭 𝘥𝘦 𝘧𝘪𝘯𝘪𝘵𝘪𝘰𝘯 🎯 #ligue1 #football,752,13220,17,@Ytb_reposte-w6n,"Nul , nul ptdrrr",0,Olympique Lyonnais
Résumé Saint-Etienne - OL : Une défaite au goût amer (2-1),2129,309257,1040,@mtsm971,"Avec le niveau de notre équipe on ne mérite pas mieux. Arbitrage ou pas arbitrage. Personne n'était au niveau de l'événement. En face c'est pas le PSG, cest saint Etienne...",0,Olympique Lyonnais
Résumé Manchester United - OL : immense déception (5-4),8851,751638,736,@matthiasbarcelo9307,Magnifique !! Sah quel plaisir ❤,1,Olympique Lyonnais
Résumé OL - Rennes : des buts de folie et un petit pas vers l'Europe (4-1),4111,192634,222,@goblune,Merci l’OL ça aura été une soirée de BANGER 🔥,13,Olympique Lyonnais
Résumé Manchester United - OL : immense déception (5-4),8851,751638,736,@daniele.82,"Io amo Fonseca.
Forza Lione ❤❤❤",0,Olympique Lyonnais
J’ai tellement faim que je pourrais manger … 🔴🔵 #shorts #ol #football,1391,83639,23,@nicolasromain9915,C'est quoi cette vieille trend encore 😂,5,Olympique Lyonnais
Résumé Saint-Etienne - OL : Une défaite au goût amer (2-1),2129,309257,1040,@louky92i,"Je supporte l'OM et je confirme que le carton rouge est un énorme scandale. L'arbitrage français et particulièrement Letexier est en roue libre cette saison, c'est insupportable. Je compatis, amis lyonnais.",5,Olympique Lyonnais
Résumé Saint-Etienne - OL : Une défaite au goût amer (2-1),2129,309257,1040,@thomasmichaud9001,Content pour sainté mais l'arbitrage sur le rouge annulé ça laisse pantois,11,Olympique Lyonnais
L'intégrale des 201 buts d'Alexandre Lacazette sous le maillot l'OL,1539,51939,100,@Enayy69,Le duo Lacazette barcola me manque 😢,0,Olympique Lyonnais
Résumé Saint-Etienne - OL : Une défaite au goût amer (2-1),2129,309257,1040,@sanychitououmarou5757,Bravo saint etienne. On aimerait vous revoir l annee prochaine❤,3,Olympique Lyonnais
25 MINUTES DE BONHEUR : tous les buts des victoires de l’OL dans le derby depuis 25 ans !,978,37765,71,@cyborg3576,"Avec des bolissa, lacagette, niacoté, tozmann, kouakouakou, veretoz et autre chaleta bar, je suis pas sur que Lyon peut battre Sainté, ils viennent de se faire malaxer en prenant 5 buts par le 14eme de première league. C’est Harr.",0,Olympique Lyonnais
"""C'est une grosse déception"" : les réactions après OL - RC Lens (1-2)",109,10398,66,@AmrNjah,😮,0,Olympique Lyonnais
🇬🇪 🇫🇷 Leçon de Géorgien avec Georges Mikautadze et Rayan Cherki 😂 #shorts #ol,2992,177946,62,@garlonbenoit6312,Ça fait plaisir cette bonne ambiance et de savoir qu ils font profiter les gens autour d eux c est top,23,Olympique Lyonnais
Les réactions après OL - Stade Rennais FC,850,39119,53,@Ades-bt3xx,Merci coco pour tes efforts pour l'équipe continue comme ça et tkt tu va vite revenir en équipe de france,5,Olympique Lyonnais
Résumé Saint-Etienne - OL : Une défaite au goût amer (2-1),2129,309257,1040,@HaiwdjBAkekfmrk,You just earned a new subscriber,0,Olympique Lyonnais
🌠 Rayan Cherki. Lyonnais pour toujours ! #shorts #ol #football #cherki,1487,16391,38,@Mr_Hunter39,"Merci Ryan ❤
Bonne continuation à Man City
J'espère te revoir jouer avec l’OL quand tu auras gagné le ballon d’or 🟡",0,Olympique Lyonnais
"Alexandre Lacazette avant le derby contre l'ASSE : ""La saveur d’un derby ne change pas""",431,13938,80,@declo69120,Un derby ça se joue pas ça se gagne 😊,0,Olympique Lyonnais
Résumé AJA - OL : les Lyonnais se rapprochent du podium ! (1-3),3801,197584,215,@marcoitalia90,Arrêtez de rêver mes amis la ligue des champions c'est pour les gros clubs nous on a juste un gros stade le reste j ai peur qu on se fasse ridiculiser mais bon on va juste prendre un chèque,0,Olympique Lyonnais
Résumé AJA - OL : les Lyonnais se rapprochent du podium ! (1-3),3801,197584,215,@LucasGeay,Je le dit à chaque fois mai le gardien de Lyon c’est vraiment un monstre,5,Olympique Lyonnais
Résumé OL - RC Lens : Une défaite cruelle (1-2),868,81114,365,@thomasandco2681,"Les commentateurs toujours aussi désastreux...

""Gnagnagna ils ont une réussite insolente... Bouhouhou l'arbitre est méchant...""

Non mais vous avez quel âge ?? Grandissez un peu !",60,Olympique Lyonnais
Résumé Saint-Etienne - OL : Une défaite au goût amer (2-1),2129,309257,1040,@bernardray1021,Voilà l'arbitrage ! Letexier ne devrait plus arbitrer il n'est pas honnête du tout dans ces décisions ce n'est pas la première fois....Scandale! Il devrait être repris par la FFF....  c'est scandaleux un arbitre qui influence ainsi un match....,0,Olympique Lyonnais
On était avec Rayan Cherki quand il a appris LA nouvelle 😏👀 #ol #shorts,2349,79513,246,@monsieurseguin6497,Fekir Ben Arfa aouar benzema … tous ce qui va t’arriver tu le mérite désormais.,1,Olympique Lyonnais
Résumé Saint-Etienne - OL : Une défaite au goût amer (2-1),2129,309257,1040,@arthurbejduv8542,La mauvaise fois des commentateurs... Le seum des lyonnais est magnifique ! Ce soir il y avait une équipe meilleure que l'autre et elle a gagné,227,Olympique Lyonnais
"""On doit s’excuser auprès de nos supporters"" : les réactions après ASSE-OL",249,12224,78,@ThomasDaly-j5t,On sait fait volé nike Sainté allez les Gones 69 la trick,0,Olympique Lyonnais
Inside Premier League International Cup : Fulham FC - OL | Direction la finale !,596,18447,26,@KB-bz9nv,On peut dire que c’est la vraie équipe de l’Olympique Lyonnais en tout cas Masterclass la vidéo,0,Olympique Lyonnais
Gone pour toujours ❤️💙,1167,14249,56,@laurentbouclier8013,Joueur et entraîneur et découvreur de pépite comme juninho,2,Olympique Lyonnais
"Corentin Tolisso avant Manchester - OL : ""Etre très agressifs et marquer """,611,17627,37,@AmrNjah,🔥🔥🔥🔥🔥🔥,1,Olympique Lyonnais
Résumé AJA - OL : les Lyonnais se rapprochent du podium ! (1-3),3801,197584,215,@paulvoisin,Quel match !!!,4,Olympique Lyonnais
"Paulo Fonseca avant OL - Rennes : ""On a beaucoup parlé de notre avenir""",168,8322,33,@patbob9415,"Si la meilleure équipe possible est alignée c'est déjà pas mal, sur les deux derniers matchs ça n'a pas été le cas...
Fonseca est entièrement responsable de ce fait 🤷
Akouokou Veretout Caleta Car Abner Vinicius etc... Alors que sur le banc Almada Tagliafico Mata Fofana Maitland Niles et Matic soit disant blessé, je ne comprends pas ou alors tu ne veux pas gagner le derby 🤦",2,Olympique Lyonnais
Résumé OL - Angers : Le Général Alex Lacazette en patron pour sa dernière (2-0),3448,166651,190,@jeannot1590,"Au revoir Alexandre Lacazette. La maison OL et ses supporters ne t'oublieront jamais.
De la part d'un fan de l'OM qui a supporté les clubs français en Coupes Européennes, notamment le club des Gones",11,Olympique Lyonnais
Résumé Saint-Etienne - OL : Une défaite au goût amer (2-1),2129,309257,1040,@JeyitM10,Maguire 💋💋💋💋💋💋💋💋💋,2,Olympique Lyonnais
Résumé Saint-Etienne - OL : Une défaite au goût amer (2-1),2129,309257,1040,@lauycke,pas mérité,0,Olympique Lyonnais
Félicitations au jeune papa ! 👏💕 #shorts #olympiquelyonnais #lucasperri,1691,54658,52,@emmanueldesprez3141,Félicitations Lucas notre très grand goal,25,Olympique Lyonnais
"""On doit s’excuser auprès de nos supporters"" : les réactions après ASSE-OL",249,12224,78,@philippebernolin2386,vive les verts,1,Olympique Lyonnais
Une action qui respire le football (et le 6-9) 🔴🔵 #shorts #ol #football,1516,31866,119,@WilliamKerikorian-f5x,Adam Wharton,0,Olympique Lyonnais
Résumé Saint-Etienne - OL : Une défaite au goût amer (2-1),2129,309257,1040,@Nabillemarseillais1,Le fc Lyon a perdu c’est magnifique 🤩 allez OM,0,Olympique Lyonnais
Résumé OL - Angers : Le Général Alex Lacazette en patron pour sa dernière (2-0),3448,166651,190,@rbcroosendaal7381,Ce maillot collector 75 ans est une immense dinguerie ❤️💙❤️💙,118,Olympique Lyonnais
Résumé Manchester United - OL : immense déception (5-4),8851,751638,736,@loicbreynat286,Si je fait un bilan 25 ans que je les suis et franchement quel foutage de gueule depuis 15 ans !!! Je suis hs.,0,Olympique Lyonnais
Résumé OL - Rennes : des buts de folie et un petit pas vers l'Europe (4-1),4111,192634,222,@lefauxAraddu38,Gg les frères de Lyon 💪💯❤️💙,2,Olympique Lyonnais
Résumé Saint-Etienne - OL : Une défaite au goût amer (2-1),2129,309257,1040,@brandonwalsh7397,1:51 ABUSÉ c'est un assassin,1,Olympique Lyonnais
Résumé OL - Rennes : des buts de folie et un petit pas vers l'Europe (4-1),4111,192634,222,@Jojolvhpog,Lyon depuis leur match contre United,1,Olympique Lyonnais
Résumé Saint-Etienne - OL : Une défaite au goût amer (2-1),2129,309257,1040,@alishanfidaly2487,en tant que supporter marseillais je ne comprend pas pourquoi l’arbitre est revenu sur sa décision pour le rouge très étrange,5,Olympique Lyonnais
Hommage : Les meilleures punchlines de Bernard Lacombe sur OLTV,407,43392,36,@Jeremy2Rennes,Grand visionnaire pour Benzema une carrière de dingue qu'il a eu avec le Real.,0,Olympique Lyonnais
Une action qui respire le football (et le 6-9) 🔴🔵 #shorts #ol #football,1516,31866,119,@sojloka6673,69 a mis une quenelle 😅,2,Olympique Lyonnais
L'intégrale des 201 buts d'Alexandre Lacazette sous le maillot l'OL,1539,51939,100,@alphadouze,"Un vrai tueur devant le but, dans le fait de passer devant le défenseur et dans sa frappe. On n'en fait pas beaucoup des comme ça",0,Olympique Lyonnais
Résumé Manchester United - OL : immense déception (5-4),8851,751638,736,@MsBoblardon,Je suis dégoûté pour vous les lyonnais... C'était un très beau match malgré tout💪 Un supp de l'OM,1,Olympique Lyonnais
"Nouvelle saison, nouveau maillot.",910,14366,27,@Ali_mfs69,Magnifique mon rho benderho ❤,1,Olympique Lyonnais
“L'OL ça représente toute ma vie” : la dernière interview d'Alexandre Lacazette,2576,52622,169,@jordanabbe9114,T est un bon alex,0,Olympique Lyonnais
Résumé Saint-Etienne - OL : Une défaite au goût amer (2-1),2129,309257,1040,@messi-f5q,L’ arbitre est un tricheur,1,Olympique Lyonnais
Sans Crampons avec Clinton Mata,620,10263,29,@johanh3852,Clinton vient de nous apprendre une nouvelle technique de drague à 7:00 ! ;),3,Olympique Lyonnais
"🪄 Rayan Cherki, Top Passeur Ligue 1 2024-2025 🤩🔴🔵 #ligue1 #football",1530,24786,48,@jean-christianchapelet8578,Bravo rayan,2,Olympique Lyonnais
Inside Premier League International Cup : Fulham FC - OL | Direction la finale !,596,18447,26,@AmrNjah,🔴🔵🦁,0,Olympique Lyonnais
☄️🇬🇪 Georges Mikautadze #ol #shorts #olympiquelyonnais,810,26075,16,@jean-christianchapelet8578,Bravo pour le remplaçant ❤❤❤,1,Olympique Lyonnais
"Trainline Challenge : à vos marques, voyagez !",1053,24017,42,@tonytega38,Aussi précis qu’un coup franc de Juni les penaltys de Nina 😎,18,Olympique Lyonnais
On était avec Rayan Cherki quand il a appris LA nouvelle 😏👀 #ol #shorts,2349,79513,246,@nabilbenghellab7729,Belle aventure 😂😂😂😂😂 tu vas bientôt voir ta belle aventure avec Les fachos on va se marrer tous ensemble ta intérêt à être fort mentalement,0,Olympique Lyonnais
"La réaction de Paulo Fonseca après Manchester United - OL : ""Nous devons apprendre de ce moment""",287,21673,113,@velopolisful,La looser magnifique c'est pour nous comme dab ...,2,Olympique Lyonnais
Retour au travail 👊 🔜 #olsrfc #training #ligue1,927,12950,21,@OLrimkmanOL2569,La sa fais la tête quand même. Maintenant faut tout gagner pas le choix même un match nulle c'est mort je pense,0,Olympique Lyonnais
"Rayan Cherki : ""J'aime le beau jeu et le spectacle""",651,20906,72,@Hardoro-u7h,Cherki un joueur que je kiff ❤️💙🦁🦁,0,Olympique Lyonnais
Résumé Saint-Etienne - OL : Une défaite au goût amer (2-1),2129,309257,1040,@SteveChisoti,Funny commentators 😂😂,0,Olympique Lyonnais
Résumé Saint-Etienne - OL : Une défaite au goût amer (2-1),2129,309257,1040,@paulvoisin,Ce match on pouvait le jouer 10 fois et 10 fois on le perdait ( arbitrage poteaux chance des Stephanois ) !!!,1,Olympique Lyonnais
"Rayan Cherki avant OL - Angers : ""On sait que les chances sont infimes, mais on y croit""",376,15826,45,@strongboarding7160,"Je suis tout à fait d'accord avec toi, les joueurs sur le terrain ont tout donné, vous êtes restés soudés, les gones ont dû parler",1,Olympique Lyonnais
"Moussa Niakhaté avant OL - Rennes : ""On a hâte de rectifier le tir""",182,4556,30,@Sonny.M525,"C’est un bon gars ce Moussa, j’espère qu’il le sera aussi pour ces 4 finales ❤️💙⚽️",15,Olympique Lyonnais
"Nicolás Tagliafico avec Monaco - OL : ""Jouer sous pression nous rend meilleur""",141,4883,35,@kgoule777,"Si nous sommes pas en Europe je vais finir en HP et sous xanax , 24ans que je vous supporte mais la je n'en peux plus trip de déceptions à chaque match ! C'est nous qui faisons vivre le club avec les maillot , les places et les abonnements à la télé donc respectez nous avant qu'on vous fassent regretter ce genre de comportement. ( je parle à tout le groupe de lyon des joueurs au président bien sûr)",4,Olympique Lyonnais
On était avec Rayan Cherki quand il a appris LA nouvelle 😏👀 #ol #shorts,2349,79513,246,@intothelyon7656,Content pour Matthis Amsallem,0,Olympique Lyonnais
"Mikautadze, Cherki, Lacazette : les 10 plus beaux buts de l'OL cette saison !",693,20643,31,@MelihLyonnais-t9x,"2:39 
C'est moi ou la voix dit Mohamed benrahma au lieu de Saïd benrahma",0,Olympique Lyonnais
"Grand soleil aujourd’hui, mais il commence à pleuvoir 🥲 #ligue1 #football",2510,97904,68,@SITEAM-c7d,Merci général 🫡😢,3,Olympique Lyonnais
Résumé Manchester United - OL : immense déception (5-4),8851,751638,736,@Savate_974,Les pires commentateurs,1,Olympique Lyonnais
Résumé Saint-Etienne - OL : Une défaite au goût amer (2-1),2129,309257,1040,@ivanzemun8850,That was red card 100% this refere is not normal,29,Olympique Lyonnais
Une action qui respire le football (et le 6-9) 🔴🔵 #shorts #ol #football,1516,31866,119,@WilliamKerikorian-f5x,Lautaro Martínez,0,Olympique Lyonnais
Résumé OL - Angers : Le Général Alex Lacazette en patron pour sa dernière (2-0),3448,166651,190,@nirooostl5375,"Lacazette,cherki,tolisso je vous aimes les frères ! ❤",2,Olympique Lyonnais
Sans Crampons avec Clinton Mata,620,10263,29,@kochinonenvz,"Merci mata pour ta régularité et ton professionnalisme , les photographes ont la technique pour draguer 😂",9,Olympique Lyonnais
"La réaction de Paulo Fonseca après Manchester United - OL : ""Nous devons apprendre de ce moment""",287,21673,113,@edwinniwed3222,"Lyon défensivement c'est pas possible, à chaque fois des matchs qu'on doit gagner on les perd même pas un nul. Marseille au parc, aujourd'hui 3 buts en moins de 10mins. Vous êtes fatigués ok mais quand même. C'est une faute professionnelle cette deuxième prolongation ils se sont crus en demi déjà. Eh ben non ! La seule bonne chose c'est qu'on va pas en demi parce que bilbao avec cette fragilité on aurait pris cher.",11,Olympique Lyonnais
"""C'est une grosse déception"" : les réactions après OL - RC Lens (1-2)",109,10398,66,@Misterbleu-t9j,Promettez moi que vous serez en ldc svp,1,Olympique Lyonnais
Résumé Manchester United - OL : immense déception (5-4),8851,751638,736,@nyonsathleticclub,"Perri la passoire, toujours aussi nul.... rendez-nous Lopes, putain !",2,Olympique Lyonnais
Gone pour toujours ❤️💙,1167,14249,56,@yohangomez9780,Merci bernard gone un jour gone toujours allez l OL🟦🟥 depuis 1950 a la vie a la muerte liké si vous êtes d accord 👇🏽,12,Olympique Lyonnais
"Rayan Cherki : ""J'aime le beau jeu et le spectacle""",651,20906,72,@BnnytoIklz,Qu’il come même à Madrid 🤦🏽‍♂️,0,Olympique Lyonnais
Résumé Saint-Etienne - OL : Une défaite au goût amer (2-1),2129,309257,1040,@huguesgbolo3303,"Supporteur marseillais et vraiment pas fan de Lyon, ne pas mettre rouge c'est abusé",0,Olympique Lyonnais
"Intérieur, extérieur ... Malick Fofana était on fire 🔥 #shorts #ol #football",1221,22264,30,@alap124,Magnifique allez l ol !,3,Olympique Lyonnais
🕺🤣 #shorts #ol #cherki #football,1884,59587,68,@Tankiler,"Au lieu de faire le zouave à lyon regarde Barcola il jouera la finale de la ldc avec le psg ,continue comme ca tu finiras à la Ben Arfa😅😅😅😅😅",0,Olympique Lyonnais
Résumé Manchester United - OL : immense déception (5-4),8851,751638,736,@strangergones3271,"Quelle beau potentiel 

Contre sainté je suis optimiste et enthousiaste",1,Olympique Lyonnais
Résumé OL - Rennes : des buts de folie et un petit pas vers l'Europe (4-1),4111,192634,222,@naxoc5783,"le seul match de la saison que je n'ai pas vu (la nostalgie de Star Wars 3 m'a eu), et qu'est ce que je regrette un peu au vu de ce super match. 
Mais qui laisse également des regrets quand on voit les matchs d'il y a deux semaines.
en tout cas, allez l'OL pour ces trois derniers matchs, on croit en vous",1,Olympique Lyonnais
L'intégrale des 201 buts d'Alexandre Lacazette sous le maillot l'OL,1539,51939,100,@Hiboudodo,"Merci pour tout, quel joueur",3,Olympique Lyonnais
LE MATCH : MAN UTD - OL,641,48377,149,@quentinlegendre7052,"Le monsieur en noir qui se plaint de la réalisation qui montrerait que les replays qui arrangent Manchester, mdrrrr on attend toujours le replay de la main inexistante qui offre le coup franc du 2-1 qui relance Lyon alors que jusque là ils étaient dominés outrageusement",5,Olympique Lyonnais
Résumé Manchester United - OL : immense déception (5-4),8851,751638,736,@philippeminier2663,Il est où l'enfant de Lyon 😂,0,Olympique Lyonnais
Résumé OL - Angers : Le Général Alex Lacazette en patron pour sa dernière (2-0),3448,166651,190,@vandijk4760,Le maillot il est beau,1,Olympique Lyonnais
"Parades, réflexes, relances à la main : les plus beaux moments de Lucas Perri cette saison",296,7112,21,@mustaphabaroudi5421,Très bon gardien lucas 👍👍👍🥰🥰 ❤❤je l'aime ce gardien je vous le jure ✌️✌️🙏🙏,5,Olympique Lyonnais
Résumé Saint-Etienne - OL : Une défaite au goût amer (2-1),2129,309257,1040,@SoniaLecacheur,Les lyonnais vous parlez plus hein💚💚💚💚💚💚💚💚💚💚💚💚💚💚💚💚💚🤍🤍🤍🤍🤍🤍🤍🤍🤍🤍🤍🤍🤍🤍🤍🤍🤍🤍🤍🤍🤍🤍,1,Olympique Lyonnais
Résumé OL - Rennes : des buts de folie et un petit pas vers l'Europe (4-1),4111,192634,222,@Snowboard431,Tolisso apparement après le derby il avais  la jambe cassé non ? C'était la catastrophe 😂😂😂. Bande de trompette !!! Allez les verts !!! 💚💚💚,0,Olympique Lyonnais
"Ça part vite devant, Lacazette conclut en patron 🔥 Rien à ajouter. #ol #shorts #football",1029,22047,27,@cedbliv4220,"le general n est pas mort , saison compliquée mais toujours impliqué",1,Olympique Lyonnais
"Tout un symbole, l'offrande de Rayan pour le dernier but en Rouge & Bleu de son pote Alex 😍 #ligue1",1640,37505,26,@Marlon-sq3nq,"Que des bots, mais je suis si fier de notre équipe lyonnaise et de notre Alexandre mais son aventure s’arrête ici 😢 .
ALLEZ L’OL 🔵⚪️🔴    🎉🎉❤❤❤",8,Olympique Lyonnais
Résumé OL - Rennes : des buts de folie et un petit pas vers l'Europe (4-1),4111,192634,222,@thomasfrancomme69,Que des buts bangers 💥 même les buts hors-jeu,3,Olympique Lyonnais
"""Mets la vidéo du petit pont, il va rien faire"" : on t'a écouté Corentin, désolé Rayan 😆 #ligue1",1698,70974,23,@BouhaMohamed-sz3yi,Cherki tête de couscous,0,Olympique Lyonnais
Résumé Manchester United - OL : immense déception (5-4),8851,751638,736,@mrbigceoglee9573,"9 buts, que des horreurs, match de district",0,Olympique Lyonnais
Résumé Saint-Etienne - OL : Une défaite au goût amer (2-1),2129,309257,1040,@patrickcerta4998,🤣🤣🤣🤣🤣🤣🤣🤣🤣🤣🤣,0,Olympique Lyonnais
"""Mets la vidéo du petit pont, il va rien faire"" : on t'a écouté Corentin, désolé Rayan 😆 #ligue1",1698,70974,23,@neoLimit,"Arrêtez vote les réseaux, vous allez même pas jouer la conférence League",0,Olympique Lyonnais
Résumé Saint-Etienne - OL : Une défaite au goût amer (2-1),2129,309257,1040,@yannickbellante4725,Il est a fond dramatique ce commentateur,0,Olympique Lyonnais
"Trainline Challenge : à vos marques, voyagez !",1053,24017,42,@zozodu3873,Incroyable,0,Olympique Lyonnais
Résumé Manchester United - OL : immense déception (5-4),8851,751638,736,@elvingard1735,Bahahahahahahahahha,0,Olympique Lyonnais
🤩 De la magie dans les pieds 🪄 #shorts #ol #cherki #compilation #bestoffootball,920,20917,14,@alexterrieur9639,"Sa dernière saison avec nous aura été celle où joue enfin à son potentiel.
On peut remercier Pierre sage d'avoir fait ressortir le meilleur de Ryan et Ryan lui même d'avoir su élever son jeu.",12,Olympique Lyonnais
Résumé Manchester United - OL : immense déception (5-4),8851,751638,736,@prestongarvey9581,On a pas le droit au bonheur,2,Olympique Lyonnais
Hommage : Sur la route avec Bernard Lacombe,660,24916,76,@philippeducreux2312,😭😢,0,Olympique Lyonnais
Résumé AJA - OL : les Lyonnais se rapprochent du podium ! (1-3),3801,197584,215,@sagem1745,"King Lacazette on croit en toi, on a besoin de toi pour finir la saison comme tu sais que tu veut la finir !",0,Olympique Lyonnais
On était avec Rayan Cherki quand il a appris LA nouvelle 😏👀 #ol #shorts,2349,79513,246,@NolanPSG-jb3nb,félicitation rayan ❤❤❤🎉🎉🎉 tu le mérite  allez les bleus 🇫🇷🇫🇷🇫🇷🇫🇷🇫🇷,1,Olympique Lyonnais
On était avec Rayan Cherki quand il a appris LA nouvelle 😏👀 #ol #shorts,2349,79513,246,@bilalt7594,"Malheureusement ils.ne retiennent pas les.lecons, tu feras 1match après ça ils diront que tu n'es pas prêt.... quand tu vois le comportement qu'ils.ont eu avc benzema,  fekir....",5,Olympique Lyonnais
Résumé Manchester United - OL : immense déception (5-4),8851,751638,736,@selimetienne-x7p,Le plus faible Manchester United de tout les temps 😂😂😂 gagne face a des Cowboy désarmé 😂😂😂,0,Olympique Lyonnais
"Moussa Niakhaté avant OL - Rennes : ""On a hâte de rectifier le tir""",182,4556,30,@jackkhachkar1318,Mouai moi j'aime bien moussa mais individuellement il nous a mis dedans contre Manchester et saint T. On a JAMAIS été solide faut juste arrêter de nous endormir Moussa. Oui tu parles bien et on aime ce que tu dis mais sur le terrain il faut aussi assumer tes erreurs individuelles.,3,Olympique Lyonnais
"100 humains VS 1 gorille, qui gagne ? 🦍 #shorts #ol #football",3658,209292,57,@ezlefou,"Laissez moi 3 min en 1VS1 contre le gogo, et il va tapper 3 fois pour abandonner",1,Olympique Lyonnais
Résumé Manchester United - OL : immense déception (5-4),8851,751638,736,@estebanlamoulie7016,Pas donné à tout le monde se qualifier en demi 💙🤍,0,Olympique Lyonnais
Résumé Saint-Etienne - OL : Une défaite au goût amer (2-1),2129,309257,1040,@platon755,ASSE FOREVER MARCELO BRAZIL,0,Olympique Lyonnais
LE MATCH : MAN UTD - OL,641,48377,149,@kiranpawar4017,2:30:50,0,Olympique Lyonnais
Résumé OL - RC Lens : Une défaite cruelle (1-2),868,81114,365,@gosciniaknicolas1438,"Un des deux commentateur est vraiment écoeurant tant il est prolyonnais.
De là, à dénigrer le second but lensois...
Ce but est superbe !",17,Olympique Lyonnais
🎧 L'avant-match avait bien commencé avec @Trinix 🔥,1184,49589,33,@LucasCottin-f7v,"Magnifique l'ambiance, et aller l'OL 🦁🦁",6,Olympique Lyonnais
Deux jours avant #olsco 💪 #ligue1 #football,525,11602,12,@laurentromeroferreron2693,Ah les colonies de vacances 😂 c'est beau à voir avant la L2,4,Olympique Lyonnais
Sans Crampons avec Clinton Mata,620,10263,29,@timon2509,"Étant déjà dans le Grand Hôtel Dieu, même l'Intercontinental, il aurait dû montrer au Dôme pour prendre des photos !",2,Olympique Lyonnais
Résumé OL - RC Lens : Une défaite cruelle (1-2),868,81114,365,@sph1x-v5r,"ceux qui se plaignent des commentateurs, merci de bien vouloir juste regarder la chaîne sur laquelle vous visionnez ce résumé. Merci🥰",8,Olympique Lyonnais
Résumé Manchester United - OL : immense déception (5-4),8851,751638,736,@justice3833,Défense fébriles,0,Olympique Lyonnais
Résumé Manchester United - OL : immense déception (5-4),8851,751638,736,@hendra_k14634,"Respect to Lyon!
From Manchester United fan here.",103,Olympique Lyonnais
Résumé Manchester United - OL : immense déception (5-4),8851,751638,736,@queenbrightwingthe3890,Magiure the GOAT.,0,Olympique Lyonnais
Résumé Saint-Etienne - OL : Une défaite au goût amer (2-1),2129,309257,1040,@ANTHOantho-i2x,"6:00 non c'est bon, on a rien vu!!!",0,Olympique Lyonnais
L'intégrale des 201 buts d'Alexandre Lacazette sous le maillot l'OL,1539,51939,100,@Trible_F,my favourite player 🥲7,0,Olympique Lyonnais
“L'OL ça représente toute ma vie” : la dernière interview d'Alexandre Lacazette,2576,52622,169,@vincenta1382,"Il est peut-être plus sur le terrain, mais il reste un lyonnais, j’espère que le club aura l’occasion de faire beaucoup d’évènements avec les anciens joueurs locaux  (on pense à Antho Lopes aussi, et tous les autres). Ils ont marqué la jeunesse de beaucoup d’entre nous, ça serait vraiment sympa de faire des hommages de temps en temps.",0,Olympique Lyonnais
Résumé OL - Rennes : des buts de folie et un petit pas vers l'Europe (4-1),4111,192634,222,@supernadal4526,Quand l'arbitre fait bien son travail...,0,Olympique Lyonnais
Résumé Monaco - OL : les Lyonnais défaits à Louis II,741,69232,182,@N.C-z7m,Al hamdulillah. Magnifique on gagne la c4 l'an prochain inchaAllah ta3ala,2,Olympique Lyonnais
"Corentin Tolisso avant Manchester - OL : ""Etre très agressifs et marquer """,611,17627,37,@lionell6454,"Attention à l excès de confiance,  mais j y crois,  allez  l ol❤❤",1,Olympique Lyonnais
Résumé AJA - OL : les Lyonnais se rapprochent du podium ! (1-3),3801,197584,215,@LukaMutyaba,Difficile de croire que cette même équipe et ces mêmes joueurs se battaient pour leur survie la saison précédente. Quel retournement de situation !,2,Olympique Lyonnais
"Rayan Cherki : ""J'aime le beau jeu et le spectacle""",651,20906,72,@AaronMazzei-u2v,Vous ete si fort j aimerais tellement pouvoir parle a un joueur 🎉❤❤❤,0,Olympique Lyonnais
Les réactions après OL - Stade Rennais FC,850,39119,53,@kevinfaivre9903,❤️💙🦁🦁🦁💪,0,Olympique Lyonnais
Résumé Manchester United - OL : immense déception (5-4),8851,751638,736,@fullengaime24,"Quelle match ! C’est celui que les marseillais ne pourront jamais réaliser en coupe d’Europe 😂 dommage les gars, allez l’OL et merci pour ce parcours, chapeau ❤️💙🤍🦁",0,Olympique Lyonnais
Résumé Saint-Etienne - OL : Une défaite au goût amer (2-1),2129,309257,1040,@_hugolm,la réaction au changement (logique) de la couleur du carton quel régale 😊😊,9,Olympique Lyonnais
Une action qui respire le football (et le 6-9) 🔴🔵 #shorts #ol #football,1516,31866,119,@strangergones3271,"Merci beaucoup pour la qualité de vos commentaires et votre ferveur 


Vous savez c'est quand qu'il y aura les prochains lives lors des matchs ?

J'adore vibrer sur YouTube en vous écoutant vos commentaires",5,Olympique Lyonnais
“L'OL ça représente toute ma vie” : la dernière interview d'Alexandre Lacazette,2576,52622,169,@thomasleymarie1025,"Le but contre la Roma et la célébration, je pense que c'est un de mes plus grand frisson du général !",0,Olympique Lyonnais
Résumé Manchester United - OL : immense déception (5-4),8851,751638,736,@bambi3146,Je suis meurtri,16,Olympique Lyonnais
Bernard Lacombe 🙏❤️💙 #shorts #ol,1038,21416,33,@eliasmazenod7274,grande légende de l'ol,20,Olympique Lyonnais
On était avec Rayan Cherki quand il a appris LA nouvelle 😏👀 #ol #shorts,2349,79513,246,@WilliamWallace1789,"Moi je lui souhaite le meilleur je suis content qu’il ait choisi son pays d’enfance et qu’il soit fier de ses origines.

Rayan prends Zidane comme exemple et n’écoute surtout pas les gens négatifs d’où qu’ils viennent.

Rayan je te souhaite le meilleur avec l’équipe de France !!!",2,Olympique Lyonnais
Résumé OL - RC Lens : Une défaite cruelle (1-2),868,81114,365,@DavidCathelain-r4k,Lens en a eu aussi des défaites cruelles ! Ce n'ai pas propre a Lyon ou qui que ce soit !,0,Olympique Lyonnais
Résumé OL - Rennes : des buts de folie et un petit pas vers l'Europe (4-1),4111,192634,222,@Alex-maco,En route vers l'Europe ❤,19,Olympique Lyonnais
"🪄 Rayan Cherki, Top Passeur Ligue 1 2024-2025 🤩🔴🔵 #ligue1 #football",1530,24786,48,@MaëlLeVrai_30,Le pas encore ASSEZ,0,Olympique Lyonnais
Résumé Manchester United - OL : immense déception (5-4),8851,751638,736,@juliettevh3101,"Merci MU (et pour L Yoro) d'avoir calmé les ardeurs des prétentieux et hautains lyonnais.
6e place l'an passé imméritée (transferts interdits avec endettement +++) qui change le classement de L1 avec la mansuétude habituelle de la LFP.
L'OL n'aurait jamais dû jouer cette CE cette saison, donc 0 regret.

Bien mal acquis ne profite jamais. La preuve.",1,Olympique Lyonnais
On était avec Rayan Cherki quand il a appris LA nouvelle 😏👀 #ol #shorts,2349,79513,246,@dzdz7026,HARKI,7,Olympique Lyonnais
Une action qui respire le football (et le 6-9) 🔴🔵 #shorts #ol #football,1516,31866,119,@WilliamKerikorian-f5x,Kobbie Mainoo,0,Olympique Lyonnais
Les émotions 🥲 #ligue1 #bts #lacazette,4069,117722,83,@CarlMazzola,"Le, général 🎉😂la légende the best.merci Lacazette 🎉😂pour tout bon courage pour la suite",3,Olympique Lyonnais
Résumé OL - RC Lens : Une défaite cruelle (1-2),868,81114,365,@ChristopheCoquiere,ils demandent 3 penaltys un aurais pu etre sifflé,0,Olympique Lyonnais
Résumé Saint-Etienne - OL : Une défaite au goût amer (2-1),2129,309257,1040,@lawsonlate7941,"Il faut virer l’entraîneur et appeler  Claudio Cacapa, il n’a aucun fond de jeu ce coach  . On comprend rien à ce qu il fait . J’avais l’impression que c’était des amateurs . Saint Étienne était mieux . Allez l’OL",3,Olympique Lyonnais
🎧 L'avant-match avait bien commencé avec @Trinix 🔥,1184,49589,33,@RukiyeKaya-h5h,Mon rêve est de regarder  dans les Bad Gones,0,Olympique Lyonnais
"Alexandre Lacazette avant le derby contre l'ASSE : ""La saveur d’un derby ne change pas""",431,13938,80,@jacquesbof5726,"Les verts remporteront ce match, l'OL n'aura pas de jambes après une heure..",1,Olympique Lyonnais
"""Il fallait rester concentrés du début à la fin"" : Les réactions après AJA - OL",416,8917,39,@Momo-69-y5z,👌👌👌,1,Olympique Lyonnais
“L'OL ça représente toute ma vie” : la dernière interview d'Alexandre Lacazette,2576,52622,169,@th2269H,le peuples lyonnais te remercie pour tout ! ❤️💙,0,Olympique Lyonnais
Les émotions 🥲 #ligue1 #bts #lacazette,4069,117722,83,@ramses5706,Merci pour tout Alex 🔴🔵,5,Olympique Lyonnais
Résumé Saint-Etienne - OL : Une défaite au goût amer (2-1),2129,309257,1040,@TimRussell1968,Super! Pleurez 😂😂😂,0,Olympique Lyonnais
"Trainline Challenge : à vos marques, voyagez !",1053,24017,42,@Corentin-n1x,Textor respect matic 😡,0,Olympique Lyonnais
"Corentin Tolisso avant Manchester - OL : ""Etre très agressifs et marquer """,611,17627,37,@dacoofficiel,🔴🔵🦁✨,4,Olympique Lyonnais
🌠 Rayan Cherki. Lyonnais pour toujours ! #shorts #ol #football #cherki,1487,16391,38,@laurentbouclier8013,On en aura jamais un autre comme lui😢😢😢😢 bonne chance a toi vraiment tu le merites,4,Olympique Lyonnais
Résumé Monaco - OL : les Lyonnais défaits à Louis II,741,69232,182,@valentinsimonnet296,L'an dernier on a fini en apothéose et cette année on s'enlise jusqu'en enfer... Et quelque chose me dit que ce n'est que le début en plus..,32,Olympique Lyonnais
