Video Title,Like Count,View Count,Comment Count,Commenter Name,Comment,Comment Like Count,YouTube Channel
"Napoli lotta. Napoli sogna, Ancora: il Napoli Femminile resta in Serie A Femminile",7,453,1,@AlfiDin67,BraVe ragazze ora si festeggia Forza Napoli sempre,0,Napoli Femminile
Napoli Femminile vs Sampdoria 2-1: vittoria che porta le azzurre ad un passo dalla salvezza,7,102,1,@nicolapravato1424,brave tutte forza napoli sempre,0,Napoli Femminile
"Napoli Femminile vs Sampdoria | Match preview, intervista a mister Sassarini",5,129,1,@feliceambrosini2224,FNS SEMPRE💙,0,Napoli Femminile
Napoli Femminile vs AS Roma [Andata Quarti di Coppa Italia] | Intervista a Beatrice Beretta,6,142,2,@massimilianodeangelis5726,Buon portiere e può solo crescere,0,Napoli Femminile
Napoli Femminile vs AS Roma [Andata Quarti di Coppa Italia] | Intervista a Beatrice Beretta,6,142,2,@Il_toscano_genoano,:),0,Napoli Femminile
Napoli Femminile vs Fiorentina 0-0 | Intervista a Matilde Lundorf,13,243,1,@simonesorrenti7964,"Brava Matilde, forza Napoli!!!!",0,Napoli Femminile
"Con Napoli, per Napoli: questa è la nostra seconda pelle | Napoli Femminile, nuova maglia 2024/25",16,553,2,@mariettovespa,"Tutto bello, ma perché non si possono acquistare???????",0,Napoli Femminile
"Con Napoli, per Napoli: questa è la nostra seconda pelle | Napoli Femminile, nuova maglia 2024/25",16,553,2,@simonesorrenti7964,Forza ragazze!!!! Anche vi scrivo solo io da anni qui!!😢,0,Napoli Femminile
Napoli Femminile vs Sassuolo 1-0 | Highlights,7,249,1,@simonesorrenti7964,Prima vittoria dai!!!,1,Napoli Femminile
Napoli Femminile vs Sassuolo 1-0 | Intervista a Debora Novellino,1,154,1,@simonesorrenti7964,"Grande Debora! Vinciamo anche per le ragazze del Pomigliano che abbiamo applaudito quando ci hanno battuto in casa!
Napoli vuole bene anche a loro soprattutto dopo quello che è successo!!!❤",0,Napoli Femminile
Ternana vs Napoli Femminile 1-2,15,698,2,@serginming7749,Forza Azzurre Resteremo in Serie A ❤️,0,Napoli Femminile
Ternana vs Napoli Femminile 1-2,15,698,2,@AlfiDin67,Brave ragazze ora concentrate x la gara di ritorno,0,Napoli Femminile
Napoli Femminile vs Milan 1-1,0,221,1,@lucaromano7243,V'è andata bene oggi,0,Napoli Femminile
Napoli Femminile vs Como Women 1-1,2,130,1,@antoniodidonato165,FNFS ,0,Napoli Femminile
Napoli Femminile vs Pomigliano 1-1 | Highlights,4,181,1,@antoniodidonato165,FNFS ,0,Napoli Femminile
Napoli Femminile vs Sampdoria 2-0 | Highlights,10,275,5,@serginming7749,Aldilà di Dazn,0,Napoli Femminile
Napoli Femminile vs Sampdoria 2-0 | Highlights,10,275,5,@serginming7749,Non capisco come il calcio professionistico femminile non debba avere un telecronista...Forza Napoli Femminile❤,0,Napoli Femminile
Napoli Femminile vs Sampdoria 2-0 | Highlights,10,275,5,@serginming7749,Grandiose ❤ Resteremo in Seria A❤,0,Napoli Femminile
Napoli Femminile vs Sampdoria 2-0 | Highlights,10,275,5,@TommasoAprile,❤ bravissime sempre. Cosi😊,0,Napoli Femminile
Napoli Femminile vs Sampdoria 2-0 | Highlights,10,275,5,@antoniodidonato165,FNFS,0,Napoli Femminile
Como Women vs Napoli Femminile 1-1 | Highlights,4,239,1,@TommasoAprile,Brave. Ma dovete fare di più forza Napoli (non scoraggiatevi).,0,Napoli Femminile
Juventus vs Napoli Femminile 4-1 | Highlights,5,232,1,@antoniodidonato165,FNFS,0,Napoli Femminile
Napoli Femminile vs Pomigliano 2-0 | Highlights,9,225,1,@miziocapotosto211,Ottima vittoria vendicata l'andata,0,Napoli Femminile
Sassuolo vs Napoli Femminile 2-0 | HIghlights,0,186,1,@TommasoAprile,Cambiare allenatore 😮❤,0,Napoli Femminile
Napoli Femminile vs Inter 2-3 | Highlights,5,328,1,@antoniodidonato165,FNFS,0,Napoli Femminile
Sampdoria vs Napoli Femminile 0-0 | Highlights,2,158,1,@lucaromano7243,Questa volta meritavi qualcosa in più,0,Napoli Femminile
Napoli Femminile vs Fiorentina 2-4 | Highlights,6,314,1,@antoniodidonato165,FNFS,0,Napoli Femminile
Milan vs Napoli Femminile 1-1 | Highlights,5,406,3,@VincenzoMozzillo,Esonerare subito l'allenatore altrimenti è B sicura.,0,Napoli Femminile
Milan vs Napoli Femminile 1-1 | Highlights,5,406,3,@lucaromano7243,Così andiamo un po' meglio,0,Napoli Femminile
Milan vs Napoli Femminile 1-1 | Highlights,5,406,3,@mikmik6161,Classifica troppo dura per il Napoli. Vi auguro di restare in serie A. Saluti da Roma.🫡,0,Napoli Femminile
Napoli Femminile vs Como Women 0-0 | Highlights,1,384,2,@VincenzoMozzillo,Esonerare subito l'allenatore altrimenti è B sicura.,0,Napoli Femminile
Napoli Femminile vs Como Women 0-0 | Highlights,1,384,2,@lucaromano7243,Un punticino speriamo vada a vantaggio della vostra volontà a fare meglio,1,Napoli Femminile
Napoli Femminile vs Juventus 1-3 | Highlights,3,264,1,@TheROCCOEBASTA,"Povero Napoli, con quel presidente maschilista e orribile.",0,Napoli Femminile
Pomigliano vs Napoli Femminile 2-1 | Highlights,3,273,1,@VincenzoMozzillo,Esonerare subito l'allenatore altrimenti è B sicura.,0,Napoli Femminile
Napoli Femminile vs Sassuolo 0-1 | Highlights,5,244,1,@TommasoAprile,"Nonale ma più forza😊 forza napoli
😊",0,Napoli Femminile
Inter vs Napoli Femminile 2-0 | Highlights,3,270,3,@TommasoAprile,❤😂ci rifaremo,0,Napoli Femminile
Inter vs Napoli Femminile 2-0 | Highlights,3,270,3,@antoniodidonato165,Forz Napl Femminil Semp 😍😍😍😍,0,Napoli Femminile
Inter vs Napoli Femminile 2-0 | Highlights,3,270,3,@simonesorrenti7964,C'è da dire che Napoli è anche sfortunato.....,2,Napoli Femminile
Inter vs Napoli Femminile 2-0 | Doris Bacic - Post match,6,181,1,@lucaromano8050,Dovete pensare a fare punti anche uno solo,0,Napoli Femminile
Napoli Femminile vs Sampdoria 0-2 | Tecla Pettenuzzo - Post match,2,95,3,@lucaromano8050,Il campionato non è lungo per Voi,0,Napoli Femminile
Napoli Femminile vs Sampdoria 0-2 | Tecla Pettenuzzo - Post match,2,95,3,@lucaromano8050,Ragazze volete tornare in B ?,0,Napoli Femminile
Napoli Femminile vs Sampdoria 0-2 | Tecla Pettenuzzo - Post match,2,95,3,@PaoloGnarini,"Daje Tecla,forza ragazze!",1,Napoli Femminile
Napoli Femminile vs Milan 0-1 | Highlights,7,878,1,@giobupe4920,Brave ragazze non era una partita facile pero cene aveta messa tutta tenete la testa alta forza Napoli!!!!!,0,Napoli Femminile
Napoli Femminile vs Milan | Alice Corelli - Match preview,7,275,1,@antoniodidonato165,Grand uagluncè 🤩🤩🤩🤩,0,Napoli Femminile
Como Women vs Napoli Femminile 2-1 | Highlights,14,1170,2,@lucaromano8050,Bella rete Napoli,0,Napoli Femminile
Como Women vs Napoli Femminile 2-1 | Highlights,14,1170,2,@volleyballmoment,"Falta puntería nomas
VAMOS NAPOLITANAS",0,Napoli Femminile
Como Women vs Napoli Femminile | Beatrice Beretta - Match preview,3,160,1,@antoniodidonato165,Forz Azzurre 😉😉😉😉,0,Napoli Femminile
#ANEMAECORE - Alessandro Maiello e Lello Carlino sulla promozione del Napoli Femminile,4,249,2,@palcoscenicoeventigraffito9709,Allora sei tornato presidente  raffaele,1,Napoli Femminile
#ANEMAECORE - Alessandro Maiello e Lello Carlino sulla promozione del Napoli Femminile,4,249,2,@lucaromano8050,Bravi forza,0,Napoli Femminile
Tavagnacco vs Napoli Femminile 0-1 | Adriana Gomes - Intervista,10,402,3,@walterborgia7536,"Aver vinto il campionato di serie B, per la terza volta. Vorrei tanto vedervi alzare in alto al cielo, la COPPA ITALIA. FORZA AZZURRE",0,Napoli Femminile
Tavagnacco vs Napoli Femminile 0-1 | Adriana Gomes - Intervista,10,402,3,@AlfiDin67,Complimenti ragazze e ora Serie A x restarci,1,Napoli Femminile
Tavagnacco vs Napoli Femminile 0-1 | Adriana Gomes - Intervista,10,402,3,@lucaromano8050,Brave ragazze,1,Napoli Femminile
Tavagnacco vs Napoli Femminile | Lucia Strisciuglio - Match preview,2,138,3,@lucaromano8050,Brave,0,Napoli Femminile
Tavagnacco vs Napoli Femminile | Lucia Strisciuglio - Match preview,2,138,3,@angelococo5411,Brave❤️,0,Napoli Femminile
Tavagnacco vs Napoli Femminile | Lucia Strisciuglio - Match preview,2,138,3,@lucaromano8050,Forza 💪,0,Napoli Femminile
Napoli Femminile vs Cittadella 2-2 | Highlights,17,1094,2,@sebmalafr,"ragazze vedete di vincere domenica prossima, se non andate in serie A, la mia nipotina Valeria se piglia ""troppo collera!"" ed io questo non ve lo perdonerò!",0,Napoli Femminile
Napoli Femminile vs Cittadella 2-2 | Highlights,17,1094,2,@tonyscinematv,"Ragazze,peccato",0,Napoli Femminile
Napoli Femminile vs Cittadella | Valentina Puglisi - Match preview,4,113,2,@tonyscinematv,😍,0,Napoli Femminile
Napoli Femminile vs Cittadella | Valentina Puglisi - Match preview,4,113,2,@palcoscenicoeventigraffito9709,Se non piove sono con voi forza Napoli femminile,1,Napoli Femminile
Napoli Femminile vs Arezzo 3-0 | Highlights,12,583,2,@scorpion4795,Forza azzurre vincete a saliamo💙💙,0,Napoli Femminile
Napoli Femminile vs Arezzo 3-0 | Highlights,12,583,2,@walterborgia7536,Forza Azzurre,0,Napoli Femminile
"#TuristePerCalcio Ep. 8 - Elisa del Estal, lo spagnolo e il napoletano",14,909,1,@lucaforte5286,Spagnolo Ayer ovvero ieri in napoletano aier,1,Napoli Femminile
Lazio vs Napoli Femminile 1-2 | Giulia Giacobbo - Match preview,8,293,2,@walterborgia7536,Forza ragazze.,0,Napoli Femminile
Lazio vs Napoli Femminile 1-2 | Giulia Giacobbo - Match preview,8,293,2,@tonyscinematv,😍,0,Napoli Femminile
Lazio vs Napoli Femminile | Federica Veritti - Match preview,1,164,1,@brunabuonocore4973,Forza Napoli sempre,0,Napoli Femminile
Napoli Femminile vs San Marino Academy 1-0 | Highlights,12,381,1,@walterborgia7536,❤,0,Napoli Femminile
Napoli Femminile vs San Marino | Melissa Nozzi - Match preview,2,98,1,@lucaromano8050,Forza ragazze,0,Napoli Femminile
#TuristePerCalcio Ep. 7 - Sabrina Tasselli sulle scale del Petraio,16,1097,1,@fairplaycalciofemminile,"Calcio femminile + cultura = binomio perfetto. Sabrina Tasselli grandissima. Ottimo format, bravo Napoli femminile!💙",0,Napoli Femminile
Genoa vs Napoli Femminile 2-5 | Romina Pinna - Intervista,5,154,1,@AlfiDin67,Grazie ragazze Serie A,0,Napoli Femminile
Napoli Femminile vs Hellas Verona 3-1 | Highlights,8,322,2,@tonyscinematv,💙😍,0,Napoli Femminile
Napoli Femminile vs Hellas Verona 3-1 | Highlights,8,322,2,@lucaromano8050,Che grinta ragazze ❤ forza Napoli,0,Napoli Femminile
#TuristePerCalcio Ep. 6 - Giulia Ferrandi a Castel Sant'Elmo,33,1001,1,@paolodm7390,"anche per bombardare i napoletani nella rivolta contro i francesi. Fu una strage...
Ah, la France!",0,Napoli Femminile
#TuristePerCalcio Ep. 5 - Claudia Mauri e lo street food napoletano per celiaci,3,162,1,@Lavoratore977,Quanta spazzatura!!!! Certo che la creatività ormai è arrivata in fondo alla fogna!!!!,0,Napoli Femminile
Napoli Femminile vs Cesena 4-0 | Adriana Gomes - Intervista,5,133,2,@tonyscinematv,😍,0,Napoli Femminile
Napoli Femminile vs Cesena 4-0 | Adriana Gomes - Intervista,5,133,2,@lucaromano8050,Brave,0,Napoli Femminile
Napoli Femminile vs Cesena | Michela Franco - Match preview,1,95,1,@tonyscinematv,😍,0,Napoli Femminile
#TuristePerCalcio Ep. 2 - Giulia Giacobbo a via Chiaia,70,2241,2,@emanuelaleone8728,Come stai,0,Napoli Femminile
#TuristePerCalcio Ep. 2 - Giulia Giacobbo a via Chiaia,70,2241,2,@emanuelaleone8728,Ciao,0,Napoli Femminile
Napoli Femminile vs Ravenna Women 1-1 | Highlights,3,451,1,@lucaromano8050,Avete rischiato di perdere,0,Napoli Femminile
Napoli Femminile vs Ravenna Women | Giulia Ferrandi - Match preview,2,56,1,@lucaromano8050,Forza,0,Napoli Femminile
Chievo Women vs Napoli Femminile | Adriana Gomes - Intervista,8,102,1,@lucaromano8050,Brave,0,Napoli Femminile
Chievo Women vs Napoli Femminile | Aurora De Sanctis - Match preview,4,74,1,@lucaromano8050,Forza,0,Napoli Femminile
#TuristePerCalcio Ep. 1 - Romina Pinna a Palazzo Venezia,3,53,1,@lucaromano8050,Forza Napoli,0,Napoli Femminile
Napoli Femminile vs Tavagnacco 6-0 | Highlights,8,484,1,@serginming7749,Tennis al Cercola 6a0 Grande Prova del Napoli Femminile che riscatta ampiamente la sconfitta col Cittadella ❤💙🙋‍♂️,0,Napoli Femminile
Arezzo vs Napoli Femminile 0-2 | Elisa del Estal - Intervista,3,116,1,@brunabuonocore4973,Forza Napoli,0,Napoli Femminile
Arezzo vs Napoli Femminile | Claudia Mauri - Match preview,7,77,1,@serginming7749,Questa volta ce l avete fatta Brava Mauri e brave Ragazze🤠,0,Napoli Femminile
Napoli Femminile vs Lazio 2-0 | Highlights,11,690,1,@lucaromano8050,Ragazze vi auguro tanto bene grazie,0,Napoli Femminile
Napoli Femminile vs Lazio 2-0 | Romina Pinna - Intervista,2,137,2,@brunabuonocore4973,Forza Napoli 💪,0,Napoli Femminile
Napoli Femminile vs Lazio 2-0 | Romina Pinna - Intervista,2,137,2,@miziocapotosto211,"Fantastiche le guerriere azzurre, forza forza",0,Napoli Femminile
Napoli Femminile vs Lazio | Carminia Botta - Match preview,2,125,1,@lucaromano8050,La maglia più bella che c'è,0,Napoli Femminile
San Marino Academy vs Napoli Femminile 1-1 | Adriana Gomes - Intervista,3,95,1,@brunabuonocore4973,Forza Napoli ❤,0,Napoli Femminile
Napoli Femminile vs Genoa 4-0 | Aurora De Sanctis - Intervista,4,123,1,@leonardo718,"Deve essere forte, solo per il nome che ha!!! Qualsiasi donna che si chiama Aurora è forte in qualcosa, lei essendo una calciatrice deve essere forte.🥳",0,Napoli Femminile
Napoli Femminile vs Genoa 4-0 | Highlights,18,988,3,@lucaromano8050,Forza ragazze battiamo la Lazio,1,Napoli Femminile
Napoli Femminile vs Genoa 4-0 | Highlights,18,988,3,@riccieugenio7342,Se Oliva giocasse di più...,0,Napoli Femminile
Napoli Femminile vs Genoa 4-0 | Highlights,18,988,3,@lucaromano8050,Brave,0,Napoli Femminile
'NA Parola Ep. 9 - Eleonora Oliva,3,134,1,@riccieugenio7342,"Buona giocatrice, meriterebbe di giocare di più. Lavagnese, Genoa, Cesena, Verona e ora Napoli, si adatta ad ogni città ma speriamo che si fermi per qualche anno in qualche squadra.",0,Napoli Femminile
Hellas Verona vs Napoli Femminile | Sara Tamborini - Match preview,1,56,1,@lucaromano8050,Speriamo,0,Napoli Femminile
'NA Parola Ep. 8 - Michela Franco,2,114,1,@bianconerofinoallafine3606,Grande Michela❤,0,Napoli Femminile
Napoli Femminile vs Brescia | Claudia Mauri - Intervista,3,97,1,@lucaromano8050,"Brava Mauri, ottima dedizione e costanza",0,Napoli Femminile
Napoli Femminile vs Brescia 4-2 | Highlights,7,302,4,@AlfiDin67,FORZA ragazze torniamo in SERIE A dove meritiamo di stare 💙,0,Napoli Femminile
Napoli Femminile vs Brescia 4-2 | Highlights,7,302,4,@lucaromano8050,Grande Napoli,0,Napoli Femminile
Napoli Femminile vs Brescia 4-2 | Highlights,7,302,4,@lucaromano8050,Ma il primo rigore!!mah non ci credo che,0,Napoli Femminile
Napoli Femminile vs Brescia 4-2 | Highlights,7,302,4,@lucaromano8050,"Che maglia meravigliosa, che colore stupendo",0,Napoli Femminile
Napoli Femminile vs Ternana | Highlights,16,992,1,@AlfiDin67,FORZA ragazze torniamo dove meritiamo di stare SERIE A,0,Napoli Femminile
Ravenna vs Napoli Femminile | Giulia Ferrandi - Intervista,5,105,2,@lucaromano8050,Forza ragazze,0,Napoli Femminile
Ravenna vs Napoli Femminile | Dimitri Lipoff - Match preview,2,129,1,@lucaromano8050,Forza Napoli femminile,0,Napoli Femminile
'NA Parola Ep. 3 - Sara Tamborini,0,93,1,@lucaromano8050,Fai tante reti per il Napoli.,0,Napoli Femminile
Napoli Femminile vs Chievo Verona Women | Melissa Nozzi - Intervista,0,56,1,@lucaromano8050,Brave,0,Napoli Femminile
Napoli Femminile vs Chievo Verona Women | Highlights,14,509,1,@lucaromano8050,Brave,0,Napoli Femminile
Napoli Femminile vs Chievo Women | Matilde Copetti - Match preview,2,89,2,@lucaromano8050,Forza ragazze,0,Napoli Femminile
Napoli Femminile vs Chievo Women | Matilde Copetti - Match preview,2,89,2,@simonesorrenti7964,"Andiamo Napoli, torniamo in serie A!!",1,Napoli Femminile
Napoli Femminile vs Apulia Trani | Adriana Gomes - Intervista,2,99,1,@lucaromano8050,Forza Napoli,0,Napoli Femminile
Napoli Femminile vs Apulia Trani | Highlights,12,659,1,@lucaromano8050,Forza Napoli,0,Napoli Femminile
Napoli Femminile vs Apulia Trani | Giulia Ferrandi - Match preview,3,102,2,@lucaromano8050,"Manca tanto il Napoli in serie A, spero di vedervi l'anno prossimo brave",0,Napoli Femminile
Napoli Femminile vs Apulia Trani | Giulia Ferrandi - Match preview,3,102,2,@lucaromano8050,Forza Napoli,0,Napoli Femminile
'NA Parola Ep. 1 - Aurora De Sanctis,1,126,2,@simonesorrenti7964,"In mende....
Sicuramende....
Il nostro campionado....
Utilizzo le lendi......
Indervisda....
Ma è la nipote di De Mita??",0,Napoli Femminile
'NA Parola Ep. 1 - Aurora De Sanctis,1,126,2,@jordandonoso13,Quella bellezza . Forza Napoli Femminile 💙💙,1,Napoli Femminile
Trento vs Napoli Femminile | Martina Di Bari - Match preview,3,130,1,@lucaromano8050,Dai ragazze,0,Napoli Femminile
Parte...nopee - Parte 2 | Serena Landa e Antonella Albertini,4,221,1,@lucaromano8050,Parte_nopee avanti tutta,0,Napoli Femminile
Parte...nopee - Parte 1 | Martina Di Bari e Aurora De Sanctis,3,149,2,@jordandonoso13,Forza Napoles feminino 💙💙,1,Napoli Femminile
Parte...nopee - Parte 1 | Martina Di Bari e Aurora De Sanctis,3,149,2,@P19821,Carinissime! 😝,0,Napoli Femminile
Quanto sei Expert di calcio femminile? Ep. 8 -  G. Domenichetti e R. Castorina (con Luca Sepe),4,145,1,@lucaromano8050,Ritorniamo dai,0,Napoli Femminile
Quanto sei Expert di calcio femminile? Ep. 7 - Carminia Botta e Marika Caputo (con Luca Sepe),8,380,1,@jordandonoso13,Che belleza carminia 💙💙,0,Napoli Femminile
Napoli Femminile - Pomigliano 1-3 | HIGHLIGHTS,12,466,3,@redox229,È una squadraccia che deve sapersi risollevare dalla B,0,Napoli Femminile
Napoli Femminile - Pomigliano 1-3 | HIGHLIGHTS,12,466,3,@simonesorrenti7964,"Il presidente se ne va, il capitano Goldoni pure......
Bello esserci solo nei momenti belli......",1,Napoli Femminile
Napoli Femminile - Pomigliano 1-3 | HIGHLIGHTS,12,466,3,@simonesorrenti7964,Peccato......,2,Napoli Femminile
Empoli - Napoli Femminile 1-3 | INTERVISTE,8,187,2,@serginming7749,Brava Pinna Forza Napoli Femminile tu si che meriti un applauso 👏 altro che il Napoli maschile illusorio,0,Napoli Femminile
Empoli - Napoli Femminile 1-3 | INTERVISTE,8,187,2,@marioiena3746,Dai ci crediamo davvero adesso..,0,Napoli Femminile
Empoli - Napoli Femminile 1-3 | HIGHLIGHTS,10,1152,3,@serginming7749,Grande Napoli Femminile altroché la delusione del Napoli maschile voi si che siete da seguire e meritate un applauso👏Come mai nn c è un telecronista? Si dovrebbe valorizzare ci più il Calcio femminile poi ora che sta per diventare professionistico.,0,Napoli Femminile
Empoli - Napoli Femminile 1-3 | HIGHLIGHTS,10,1152,3,@lucaromano8050,Brava Mauri,0,Napoli Femminile
Empoli - Napoli Femminile 1-3 | HIGHLIGHTS,10,1152,3,@lucaromano8050,Brava Mauri,0,Napoli Femminile
Empoli - Napoli Femminile | MATCH PREVIEW,8,130,1,@lucaromano8050,Speriamo che ci sia una bella giornata di sole,0,Napoli Femminile
Quanto sei Expert di calcio femminile? Ep. 6 - Sofia Colombo e Rachele Baldi (con Luca Sepe),18,771,4,@lucaromano8050,Portierone mio,0,Napoli Femminile
Quanto sei Expert di calcio femminile? Ep. 6 - Sofia Colombo e Rachele Baldi (con Luca Sepe),18,771,4,@fairplaycalciofemminile,"Il presentatore è un matto, bellissima ""intervista"", con queste due lo spettacolo è assicurato 😂",1,Napoli Femminile
Quanto sei Expert di calcio femminile? Ep. 6 - Sofia Colombo e Rachele Baldi (con Luca Sepe),18,771,4,@lucaromano8050,Daglie Colombo a centrocampo buoni piedi un po' di grinta in più daglie,0,Napoli Femminile
Quanto sei Expert di calcio femminile? Ep. 6 - Sofia Colombo e Rachele Baldi (con Luca Sepe),18,771,4,@lucaromano8050,Grande Baldi,0,Napoli Femminile
"La bellezza della sostenibilità | Napoli Femminile, Idea Bellezza e Legambiente insieme per il mare",4,62,1,@lucaromano8050,Forza Napoli forza Napoli,0,Napoli Femminile
Sassuolo - Napoli Femminile 0-0 | HIGHLIGHTS,6,159,5,@lucaromano8050,"W il mio capitano, danza sul prato verde a strisce bianche.",0,Napoli Femminile
Sassuolo - Napoli Femminile 0-0 | HIGHLIGHTS,6,159,5,@lucaromano8050,Erzy Erzy Erzy dai che segni,0,Napoli Femminile
Sassuolo - Napoli Femminile 0-0 | HIGHLIGHTS,6,159,5,@simonesorrenti7964,"Pareggio giusto, ma peccato per il rigore.
#16 Goldoni💙🔝",0,Napoli Femminile
Sassuolo - Napoli Femminile 0-0 | HIGHLIGHTS,6,159,5,@lucaromano8050,Bellissima partita difficilissima,0,Napoli Femminile
Sassuolo - Napoli Femminile 0-0 | HIGHLIGHTS,6,159,5,@lucaromano8050,Brave ragazze così mi piacete,0,Napoli Femminile
Sassuolo - Napoli Femminile | MATCH PREVIEW,7,132,1,@lucaromano8050,Dai ragazze Forza,0,Napoli Femminile
Quanto sei Expert di calcio femminile? Ep. 5 - Emma Errico e Heden Corrado (con Luca Sepe),10,165,1,@lucaromano8050,Daglie Ragazze,0,Napoli Femminile
"Che bellezza, il Napoli Femminile! Ep. 7 - Emily Garnier",3,95,2,@lucaromano8050,"Garnier sei dolce come lo zucchero, ma in campo sei la colonna portante della difesa. Forza Ragazze",0,Napoli Femminile
"Che bellezza, il Napoli Femminile! Ep. 7 - Emily Garnier",3,95,2,@yassinsaad2566,⚪🔵🇮🇹❤️❤️❤️❤️❤️❤️❤️❤️❤️,0,Napoli Femminile
Napoli Femminile - Lazio 0-1 | HIGHLIGHTS,9,316,3,@lucaromano8050,"Le potenzialità ci sono, bisogna lavorare per farle emergere senza troppi condizionamenti e attriti, una buona partita vede in equilibrio tutte le parti della squadra, credo di poter dire che questo non avviene, spero nel futuro Forza ragazze",0,Napoli Femminile
Napoli Femminile - Lazio 0-1 | HIGHLIGHTS,9,316,3,@lucaromano8050,"Purtroppo una bruttissima partita non credo che sia una buona cosa vedere la palla non che non entra in rete, questo è il calcio",0,Napoli Femminile
Napoli Femminile - Lazio 0-1 | HIGHLIGHTS,9,316,3,@mariaroberto1322,FORZA RAGAZZE 💙,0,Napoli Femminile
Sampdoria - Napoli Femminile | INTERVISTE,4,165,2,@lucaromano8050,"Che bel campionato, Roma e Juventus e poi noi, fino alla fine trepidante attesa e emozioni. forza ragazze",0,Napoli Femminile
Sampdoria - Napoli Femminile | INTERVISTE,4,165,2,@lucaromano8050,Grandissima Baldi,0,Napoli Femminile
Sampdoria - Napoli Femminile 1-0 | HIGHLIGHTS,7,182,2,@lucaromano8050,Grande Baldi sempre la migliore,0,Napoli Femminile
Sampdoria - Napoli Femminile 1-0 | HIGHLIGHTS,7,182,2,@lucaromano8050,Grandissima Baldi,0,Napoli Femminile
Sampdoria - Napoli Femminile | MATCH PREVIEW,6,158,1,@lucaromano8050,Brava Paola brave ragazze buona partita,0,Napoli Femminile
Quanto sei Expert di calcio femminile? Ep. 4 - Claudia Mauri e Arianna Acuti (con Luca Sepe),8,198,2,@lucaromano8050,A me Mauri piace è piacentissima,0,Napoli Femminile
Quanto sei Expert di calcio femminile? Ep. 4 - Claudia Mauri e Arianna Acuti (con Luca Sepe),8,198,2,@lucaromano8050,Che occhi Acuti,0,Napoli Femminile
Napoli Femminile - Juventus 0-2 | INTERVISTE,0,111,2,@deannabaldi587,B,0,Napoli Femminile
Napoli Femminile - Juventus 0-2 | INTERVISTE,0,111,2,@deannabaldi587,"Brave
Qvel",0,Napoli Femminile
Napoli Femminile - Juventus 0-2 | HIGHLIGHTS,14,621,1,@lucaromano8050,Baldi sempre presente e cazzuta brava,0,Napoli Femminile
Napoli Femminile - Juventus | MATCH PREVIEW,7,276,2,@geppygisonna7154,In verità sei tra gli allenatori più scostanti che il Napoli Femminile abbia mai avuto. Neanche i risultati ti danno troppo ragione. Speriamo di finire bene quest'anno e di prendere qualcuno che faccia giocare a calcio la squadra. La simpatia è un optional...,0,Napoli Femminile
Napoli Femminile - Juventus | MATCH PREVIEW,7,276,2,@lucaromano8050,"Ragazze se domani ci metterete il cuore e l'anima, Vi porto tutte all'altare ""Vi sposo"" bellone mie.Forza Forza vi amo",0,Napoli Femminile
"Che bellezza, il Napoli Femminile! Ep. 6 - Martina Toniolo",8,164,5,@simonecongestri9562,Ciao sono Simone voglio fare amicizia perché brava aletta,0,Napoli Femminile
"Che bellezza, il Napoli Femminile! Ep. 6 - Martina Toniolo",8,164,5,@deannabaldi587,Fo,0,Napoli Femminile
"Che bellezza, il Napoli Femminile! Ep. 6 - Martina Toniolo",8,164,5,@lucaromano7243,Le reti su punizione calciate con il sinistro hanno un'eleganza balistica che i destri non hanno.brava,0,Napoli Femminile
"Che bellezza, il Napoli Femminile! Ep. 6 - Martina Toniolo",8,164,5,@lucaromano8050,Sei piemontese o Umbra?,0,Napoli Femminile
Milan - Napoli Femminile 1-1 | INTERVISTE,8,130,1,@lucaromano8050,Rete fantastica,0,Napoli Femminile
Milan - Napoli Femminile 1-1 | HIGHLIGHTS,8,389,4,@AlfiDin67,Bravissime ragazze !!!!! FORZA NAPOLI,0,Napoli Femminile
Milan - Napoli Femminile 1-1 | HIGHLIGHTS,8,389,4,@lucaromano7243,"Grande Sole, sempre indomita cercando di creare azioni, non ti possono condannare se tiri da lontano che và sempre bene anche Erzen brava, sbagliato è non passare una palla come ha fatto Pinna",0,Napoli Femminile
Milan - Napoli Femminile 1-1 | HIGHLIGHTS,8,389,4,@lucaromano7243,Grande Garnier,0,Napoli Femminile
Milan - Napoli Femminile 1-1 | HIGHLIGHTS,8,389,4,@lucaromano8050,Grande Golob,0,Napoli Femminile
Milan - Napoli Femminile | MATCH PREVIEW,10,156,1,@lucaromano7243,"Ciao Garnier sei un pilastro, forse vengo a vedere la partita, tenete duro",0,Napoli Femminile
Quanto sei Expert di calcio femminile? Ep. 3 - Martina Toniolo e Romina Pinna (con Luca Sepe),10,264,1,@lucaromano8050,"Dai Toniolo, una bella rete di testa",0,Napoli Femminile
Napoli Femminile - Hellas Verona 2-1 | INTERVISTE,9,146,4,@deannabaldi587,Bravee 😘😘 brave,0,Napoli Femminile
Napoli Femminile - Hellas Verona 2-1 | INTERVISTE,9,146,4,@lucaromano7243,Il secondo bellissimo,0,Napoli Femminile
Napoli Femminile - Hellas Verona 2-1 | INTERVISTE,9,146,4,@leonardo718,Brave 💙,0,Napoli Femminile
Napoli Femminile - Hellas Verona 2-1 | INTERVISTE,9,146,4,@AlfiDin67,Ci siamo ragazze .....FORZA RAGAZZE E FORZA NAPOLI,0,Napoli Femminile
Napoli Femminile - Hellas Verona 2-1 | HIGHLIGHTS,13,273,5,@lucaromano7243,Grande Golob,0,Napoli Femminile
Napoli Femminile - Hellas Verona 2-1 | HIGHLIGHTS,13,273,5,@lucaromano7243,Seconda rete bellissima,0,Napoli Femminile
Napoli Femminile - Hellas Verona 2-1 | HIGHLIGHTS,13,273,5,@lucaromano7243,Partita durissima,0,Napoli Femminile
Napoli Femminile - Hellas Verona 2-1 | HIGHLIGHTS,13,273,5,@AlfiDin67,Brave ragazze SEMPRE FORZA NAPOLI,1,Napoli Femminile
Napoli Femminile - Hellas Verona 2-1 | HIGHLIGHTS,13,273,5,@jordandonoso13,Forza napoli femenil 💙,1,Napoli Femminile
Napoli Femminile - Hellas Verona | MATCH PREVIEW,9,160,9,@lucaromano7243,Grazie Erzy per la determinazione e la forza oltre alla classe dei tuoi piedi,0,Napoli Femminile
Napoli Femminile - Hellas Verona | MATCH PREVIEW,9,160,9,@lucaromano7243,brave,0,Napoli Femminile
Napoli Femminile - Hellas Verona | MATCH PREVIEW,9,160,9,@lucaromano7243,brave,0,Napoli Femminile
Napoli Femminile - Hellas Verona | MATCH PREVIEW,9,160,9,@lucaromano8050,Erzy Erzy Erzy Forza,0,Napoli Femminile
Napoli Femminile - Hellas Verona | MATCH PREVIEW,9,160,9,@lucaromano7243,Dai ragazze partita importantissima Forza Ragazze,0,Napoli Femminile
Napoli Femminile - Hellas Verona | MATCH PREVIEW,9,160,9,@lucaromano7243,Ma Erzen è un difensore,0,Napoli Femminile
Napoli Femminile - Hellas Verona | MATCH PREVIEW,9,160,9,@lucaromano7243,Sarà dura dai ragazze,0,Napoli Femminile
Napoli Femminile - Hellas Verona | MATCH PREVIEW,9,160,9,@lucaromano7243,"Se piovesse, attente che sono più pesanti di voi su terreno scivoloso",0,Napoli Femminile
Napoli Femminile - Hellas Verona | MATCH PREVIEW,9,160,9,@lucaromano7243,Sei tornata brava,0,Napoli Femminile
"Che bellezza, il Napoli Femminile! Ep. 5 - Arianna Acuti",8,125,2,@lucaromano7243,Daglie Toniolo fammi vedere cosa sai fare daglie,0,Napoli Femminile
"Che bellezza, il Napoli Femminile! Ep. 5 - Arianna Acuti",8,125,2,@lucaromano8050,Salutarmi Sara Tui che capolavoro di rete ha fatto contro la Fiorentina,0,Napoli Femminile
"Napoli Femminile, that's Amore",16,266,4,@lucaromano8050,"Portiere difensore attacco il triangolo dell'amore per il calcio, ragazze siete il mio tempio dedicato ai culti pagani Forza Napoli",0,Napoli Femminile
"Napoli Femminile, that's Amore",16,266,4,@willmil7026,Napoli nel cuore💙,1,Napoli Femminile
"Napoli Femminile, that's Amore",16,266,4,@steamachine16,❤❤❤❤❤💙💙💙💙💙,0,Napoli Femminile
"Napoli Femminile, that's Amore",16,266,4,@lucaromano7243,I love you,0,Napoli Femminile
Fiorentina - Napoli Femminile 0-2 | INTERVISTE,13,197,1,@lucaromano8050,"Te lo meriti Sole, brava",0,Napoli Femminile
Fiorentina - Napoli Femminile 0-2 | HIGHLIGHTS,17,425,4,@lucaromano7243,"Primo tempo tutto della Fiorentina, fortunatamente non ha segnato .",0,Napoli Femminile
Fiorentina - Napoli Femminile 0-2 | HIGHLIGHTS,17,425,4,@lucaromano8050,Garnier che raccoglie la palla in rete un'emozione,0,Napoli Femminile
Fiorentina - Napoli Femminile 0-2 | HIGHLIGHTS,17,425,4,@jordandonoso13,Mucha fuerza napoli femenino 😁,2,Napoli Femminile
Fiorentina - Napoli Femminile 0-2 | HIGHLIGHTS,17,425,4,@lucaromano8050,Forza Popadinova,0,Napoli Femminile
Fiorentina - Napoli Femminile | MATCH PREVIEW,8,131,3,@lucaromano8050,Brave questa è aria fresca      sulla faccia,0,Napoli Femminile
Fiorentina - Napoli Femminile | MATCH PREVIEW,8,131,3,@lucaromano7243,"ma che gusto ci sarebbe a stare a metà classifica, invece voi vi godrete tutte le partite e se vorrete tirerete fuori le unghie da leonesse per attaccarvi al culo dell'Empoli",0,Napoli Femminile
Fiorentina - Napoli Femminile | MATCH PREVIEW,8,131,3,@lucaromano7243,partitona ragazze,0,Napoli Femminile
Napoli Femminile - AS Roma 0-1 | HIGHLIGHTS,8,385,1,@lucaromano7243,"Il fallo sulla Popadinova era da espulsione la giocatrice non si distende allungandosi verso la palla ma alza il piede a cercare il ginocchio, Forza Popa hai ragione in Italia i difensori picchiano Forza Ragazze forza Napoli",0,Napoli Femminile
Napoli Femminile - AS Roma 0-1 | INTERVISTE,6,157,3,@lucaromano8050,Come sta' Popadinova? spero recuperi,0,Napoli Femminile
Napoli Femminile - AS Roma 0-1 | INTERVISTE,6,157,3,@renatonotturno6050,"Allenatrice bravissima,trasmette la tranquillità  che ci vuole in questi momenti,ci salveremo,forza Napoli💙💙💙💙👏👏👏👏👏👏👏",1,Napoli Femminile
Napoli Femminile - AS Roma 0-1 | INTERVISTE,6,157,3,@lucaromano8050,Da quello che ho visto la Roma non è mai entrata con la palla in area questo mi sembra positivo partita difficilissima. Forza Napoli,0,Napoli Femminile
Napoli Femminile - AS Roma | MATCH PREVIEW,8,171,1,@lucaromano8050,Forza ragazze,0,Napoli Femminile
Napoli Femminile - AS Roma | PREVIEW,16,267,4,@lucaromano7243,Come sta Popa? Dopo il fallaccio della romana ?,0,Napoli Femminile
Napoli Femminile - AS Roma | PREVIEW,16,267,4,@lucaromano7243,Popidova con la Roma mi fai un Goal?,0,Napoli Femminile
Napoli Femminile - AS Roma | PREVIEW,16,267,4,@pilachera2,dovete giocare col 4-4-2 e tirare in porta da fuori area,0,Napoli Femminile
Napoli Femminile - AS Roma | PREVIEW,16,267,4,@lucaromano7243,"Forza Napoli un po' fortunello domenica a Milano, l'Inter più forte nel gioco di palla a terra dovete rafforzare il centrocampo ma sempre Forza Ragazze",0,Napoli Femminile
"Che bellezza, il Napoli Femminile! Ep. 4 - Emma Severini",13,463,1,@lucaromano7243,Bella punizione sulla rete di Sole,0,Napoli Femminile
Inter - Napoli Femminile | INTERVISTE,8,112,1,@lucaromano7243,Grande Goal Mauri,0,Napoli Femminile
Inter - Napoli Femminile 1-1 | HIGHLIGHTS,11,371,3,@AlfiDin67,Forza ragazze MERITIAMO di restare in serie A,0,Napoli Femminile
Inter - Napoli Femminile 1-1 | HIGHLIGHTS,11,371,3,@lucaromano7243,Come sta Erzen?,0,Napoli Femminile
Inter - Napoli Femminile 1-1 | HIGHLIGHTS,11,371,3,@lucaromano7243,Bella partita Brave ragazze un punto molto importante .,0,Napoli Femminile
"Che bellezza, il Napoli Femminile! Ep. 3 - Kaja Erzen",7,218,3,@lucaromano7243,Erzy ci sei domenica?,0,Napoli Femminile
"Che bellezza, il Napoli Femminile! Ep. 3 - Kaja Erzen",7,218,3,@lucaromano8050,Forza Erzen ci sei domenica?,0,Napoli Femminile
"Che bellezza, il Napoli Femminile! Ep. 3 - Kaja Erzen",7,218,3,@lucaromano7243,Ti ho visto giocare con l'Inter sei fortissima,0,Napoli Femminile
Quanto sei Expert di calcio femminile? Ep. 2 - Emily Garnier e Kelly Chiavaro (con Luca Sepe),13,274,1,@lucaromano8050,Garnier brava,0,Napoli Femminile
"Che bellezza, il Napoli Femminile! Ep. 2 - Evi Popadinova",6,240,3,@lucaromano7243,we need you back as soon as possible,0,Napoli Femminile
"Che bellezza, il Napoli Femminile! Ep. 2 - Evi Popadinova",6,240,3,@lucaromano7243,Brava,0,Napoli Femminile
"Che bellezza, il Napoli Femminile! Ep. 2 - Evi Popadinova",6,240,3,@simonesorrenti7964,Nice!!!,0,Napoli Femminile
Napoli Femminile - Empoli | MATCH PREVIEW,5,134,1,@alonsogaleana,"Successo! Napoli. Forza Napoli, sempre.",0,Napoli Femminile
Quanto sei Expert di calcio femminile? Ep. 1 - Maddalena Porcarelli (con Luca Sepe),6,688,1,@lucaromano8050,Brava,0,Napoli Femminile
"Che bellezza, il Napoli Femminile! Ep. 1 - Eleonora Goldoni",25,796,4,@gerardovera1447,"Ok, mi amor, Eleonora Goldoni. Ok my love, Eleonora Goldoni. Ya voy a cocinar Carbonara. Im going to cook Carbonara now my love. Te voy a mostrar el video ok. I’m going to capture myself cooking ok my love, I’ll make a video.",1,Napoli Femminile
"Che bellezza, il Napoli Femminile! Ep. 1 - Eleonora Goldoni",25,796,4,@AlfiDin67,Forza ragazze e Forza Napoli 💙💙💙💙,2,Napoli Femminile
"Che bellezza, il Napoli Femminile! Ep. 1 - Eleonora Goldoni",25,796,4,@flaviomaccagnola4804,"Ciao Leo e Andrea sono Flavio io sto bene, voi come state e la famiglia ? Io volevo dirti 1 cosa quando Inter- Napoli io verrò a vederci e tifo soprattutto per te e Inter women ciao Flavio",1,Napoli Femminile
"Che bellezza, il Napoli Femminile! Ep. 1 - Eleonora Goldoni",25,796,4,@simonesorrenti7964,E facci un goaalll Eleonora facci 1 goaaaal!!!!,1,Napoli Femminile
Lazio - Napoli Femminile 3-4 | HIGHLIGHTS,21,541,3,@AlfiDin67,"Che dire ragazze se non brave , ora però decise e determinate forza Napoli sempre la Goldoni brava e bella",0,Napoli Femminile
Lazio - Napoli Femminile 3-4 | HIGHLIGHTS,21,541,3,@simonesorrenti7964,"Oltre la doppietta della splendida Goldoni, la cosa più bella sono i commenti dei soliti burini lazialotti rosiconi.....mi ricordano un certo De Angelis in Napoli Lazio 4-3 di alcuni anni fa.....e niente.....maschile o femminile, casa o fuoricasa sono sempre 3 punti per noi!!!!!",1,Napoli Femminile
Lazio - Napoli Femminile 3-4 | HIGHLIGHTS,21,541,3,@peppeprisco5300,Brave,0,Napoli Femminile
Lazio - Napoli Femminile 3-4 | INTERVISTE,12,244,1,@Rocheteclan,ti hanno rigalato un rigore zietto,0,Napoli Femminile
Lazio - Napoli Femminile | MATCH PREVIEW,6,191,1,@serginming7749,Grandi Ragazze e Grande Rimonta 3a4 da 2a1🥳💙❤🙋‍♂️,0,Napoli Femminile
Juventus – Napoli Femminile 2-0 | INTERVISTE,5,146,1,@vincenzodeleo268,"Il malevolo commento piagnone emerge sempre. Invece di dire che la Juventus è nettamente più forte e che il risultato, al netto di qualunque episodio, non sarebbe mai cambiato, si attacca ud un episodio insignificante (per me non era mai rigore) per affermare che la patita sarebbe potuta svoltare. Dopo il 2 a 0 la Juventus ha gestito la partita in souplesse, e nonostante questo ha avuto diverse occasioni per fare gol. Avesse accelerato ancora, come fa sempre, (ma mercoledì prossimo si gioca una partita molto importante) sarebbe stata goleada umiliante. Questo anche con l' assenza delle due attaccanti titolari.",0,Napoli Femminile
Juventus - Napoli Femminile | MATCH PREVIEW,6,236,1,@pepdipalma,"""Con questa maglia ogni partita
per metà della sua vita...
Senza offesa per nessuno
di Capitano ce n'è uno!!!""",0,Napoli Femminile
Napoli Femminile - AC Milan 0-1 | HIGHLIGHTS,10,430,4,@salvatorechirico5948,Bella partita peccato per il secondo tempo loro in 10 e voi in 11 . Si può migliorare ancora per vincere. La qualità c'è . Lavoro settimanale e crederci sempre in partita Forza Napoli.,0,Napoli Femminile
Napoli Femminile - AC Milan 0-1 | HIGHLIGHTS,10,430,4,@simonesorrenti7964,"Yolanda on fire.....peccato Eleonora per il rigore, ci stava un altro rigore solare x il Napoli, ma forza ragazze va bene così!!!",1,Napoli Femminile
Napoli Femminile - AC Milan 0-1 | HIGHLIGHTS,10,430,4,@BlueToronto,"Penalty at the end, Mr. Referee.",0,Napoli Femminile
Napoli Femminile - AC Milan 0-1 | HIGHLIGHTS,10,430,4,@AlfiDin67,FORZA ragazze una partita non cambia il nostro obbiettivo..... Sempre forza Napoli,0,Napoli Femminile
Hellas Verona - Napoli Femminile 0-0 | HIGHLIGHTS,7,166,1,@mariaroberto1322,💙💗💙,0,Napoli Femminile
Napoli Femminile – Fiorentina 1-0 | HIGHLIGHTS,25,885,1,@AlfiDin67,Bravissime ragazze FORZA NAPOLI SEMPRE,0,Napoli Femminile
AS Roma - Napoli Femminile | MATCH PREVIEW,7,987,1,@pilachera2,giocate col 4-4-2,0,Napoli Femminile
Napoli Femminile - Inter 0-3 | HIGHLIGHTS,19,1085,2,@davidedelprete3813,DAI RAGAZZE FORZA NAPOLI SEMPRE la sconfitta ci può stare,0,Napoli Femminile
Napoli Femminile - Inter 0-3 | HIGHLIGHTS,19,1085,2,@AlfiDin67,"Il nostro obbiettivo non è vincere una partita, ma consolidare la categoria arriveranno altre sconfitte ma arriveranno anche le vittorie FORZA RAGAZZE E FORZA NAPOLI",0,Napoli Femminile
Napoli Femminile - Inter | MATCH PREVIEW,7,347,1,@AlfiDin67,FORZA ragazze e FORZA NAPOLI,0,Napoli Femminile
"Gioco...ApeRitiro Ep. 4 - Awona, Abrahamsson, Sara Tui e Aguirre",9,328,2,@lucaromano8050,Retona Sara Tui,0,Napoli Femminile
"Gioco...ApeRitiro Ep. 4 - Awona, Abrahamsson, Sara Tui e Aguirre",9,328,2,@kroqgar76,Perchè non ha giocato in nessuna manche la Goldoni?,0,Napoli Femminile
"Gioco...ApeRitiro Ep. 2 - Colombo, Porcarelli, Corrado e Capitanelli",10,373,2,@AlfiDin67,Forza ragazze quest'anno ancora più forte e determinate,0,Napoli Femminile
"Gioco...ApeRitiro Ep. 2 - Colombo, Porcarelli, Corrado e Capitanelli",10,373,2,@simonesorrenti7964,"Vince la più carina, ma al di la di tutto, andiamooooooo!!!!",0,Napoli Femminile
"Convegno ""Vita da atlete""",6,300,2,@alexcalcote1157,She's like a female Lionel Messi,0,Napoli Femminile
"Convegno ""Vita da atlete""",6,300,2,@luigipannone,💙💙💙,0,Napoli Femminile
"Gioco...ApeRitiro Ep. 1 - Imprezzabile, Erzen, Severini e Acuti",15,517,2,@peppeprisco5300,Grandissime,0,Napoli Femminile
"Gioco...ApeRitiro Ep. 1 - Imprezzabile, Erzen, Severini e Acuti",15,517,2,@martinacuomo7027,Forza azzurre 💙,1,Napoli Femminile
"Presentazione squadra-società. Tripodi: ""Siamo fieri di rappresentare Napoli in Serie A""",7,189,1,@AlfiDin67,"L'anno scorso è stato bellissimo, ma quest'anno sarà ancora più bello forza ragazze onorate i NOSTRI colori e NOI saremo SEMPRE con voi FORZA NAPOLI",0,Napoli Femminile
"Al via la pre-season. Crisano: ""Lavoriamo per stupire""",7,161,1,@lucaromano8050,Forza Napoli,0,Napoli Femminile
Napoli Femminile - AS Roma 2-2 | INTERVISTE,25,512,5,@AlfiDin67,"Ci ho SEMPRE creduto ed ora è REALTÀ,  SERIE A FORZA RAGAZZE",0,Napoli Femminile
Napoli Femminile - AS Roma 2-2 | INTERVISTE,25,512,5,@serginming7749,Troppo bella questa giornata Napoli Azzurre Resta in Serie A💖💙🙋‍♂️,0,Napoli Femminile
Napoli Femminile - AS Roma 2-2 | INTERVISTE,25,512,5,@silviogreco8369,♥️♥️♥️,0,Napoli Femminile
Napoli Femminile - AS Roma 2-2 | INTERVISTE,25,512,5,@antoniogiordano4971,Complimenti per la permanenza in serie AAAAAAAAAAAAAAAAAAAAA.FORZA NAPOLI FEMMINILE,1,Napoli Femminile
Napoli Femminile - AS Roma 2-2 | INTERVISTE,25,512,5,@simonesorrenti7964,Grandissime!!!!!!!,1,Napoli Femminile
Napoli Femminile - AS Roma | MATCH PREVIEW,9,339,1,@serginming7749,Siete tutti forti e mi auguro che festeggiate la salvezza in Serie A.Forza  Napoli Azzurre💙💖🙋‍♂️,0,Napoli Femminile
#caffeiNA​​​​​​​ Ep. 18 - Pasquale Illiano,5,148,1,@AlfiDin67,Appena finita Napoli Roma 2   2  e restiamo in sei e A ..........BRAVISSIME RAGAZZE,0,Napoli Femminile
#uNAsolapassione​​​​ Ep. 7 - Benedetta De Biase,16,423,2,@Ludwig-fg7zg,"from Orlando Florida U.S.A.  You girls ""Rock""! Chao Bella.😊",0,Napoli Femminile
#uNAsolapassione​​​​ Ep. 7 - Benedetta De Biase,16,423,2,@leonardo718,Brava i lividi e le cicatrici fanno parte della nostra esperienza. Forza Napoli,0,Napoli Femminile
Hellas Verona - Napoli Femminile 0-0 | INTERVISTE,13,126,2,@serginming7749,Resterete in Serie A ve lo meritate💙❤🙋‍♂️,0,Napoli Femminile
Hellas Verona - Napoli Femminile 0-0 | INTERVISTE,13,126,2,@leonardo718,"Ok va bene così, c'è la farete.",0,Napoli Femminile
Hellas Verona - Napoli Femminile | MATCH PREVIEW,11,154,1,@serginming7749,Forza 💙Napoli 💙Azzurre ❤🙋‍♂️,0,Napoli Femminile
#caffeiNA​​​​​​​ Ep. 17 - Sarah Huchet,14,417,3,@AlfiDin67,Appena finita Napoli Roma   2    2  e restiamo in serie A ......BRAVISSIME RAGAZZE,0,Napoli Femminile
#caffeiNA​​​​​​​ Ep. 17 - Sarah Huchet,14,417,3,@silviogreco8369,"Testa ben salda 
Grande Sarah",0,Napoli Femminile
#caffeiNA​​​​​​​ Ep. 17 - Sarah Huchet,14,417,3,@nicolalicciardiello9905,Questa ragazza ha una marcia in più. Forza Sarah e forza Napoli!,0,Napoli Femminile
#UnSaccoBello​​​ Ep. 9 - Sofieke Jansen e Flavia Catalano,9,217,1,@serginming7749,Brave Azzurre👏❤💙🙋‍♂️,0,Napoli Femminile
Juventus - Napoli Femminile 2-0 | INTERVISTE,6,190,2,@AlfiDin67,Mister grazie x la salvezza ottenuta ...........SERIE A NOI RESTIAMO IN SERIE A.......,0,Napoli Femminile
Juventus - Napoli Femminile 2-0 | INTERVISTE,6,190,2,@serginming7749,Ce la faremo Forza Napoli Azzurre💙❤🙋‍♂️,0,Napoli Femminile
Juventus - Napoli Femminile | MATCH PREVIEW,14,231,1,@pasqualeextra1109,Vai ragazze forza napoli💙💙💙,0,Napoli Femminile
#uNAsolapassione​​​​ Ep. 6 - Catalina Perez,62,3308,10,@regiemiller1609,"Portera...fuera de serie...
Mujer...una remamaciiita❤️❤️❤️",0,Napoli Femminile
#uNAsolapassione​​​​ Ep. 6 - Catalina Perez,62,3308,10,@MarcoLopez-vr3by,"CATA ERES LA MÁS HERMOSA, ERES UN GRAN ORGULLO PARA COLOMBIA,ERES UN EJEMPLO GRACIAS ❤🎉DIOS TE BENDIGA,SALUDOS DESDE BOSTON.🇨🇴🇺🇲💐.",0,Napoli Femminile
#uNAsolapassione​​​​ Ep. 6 - Catalina Perez,62,3308,10,@alvarobautista7535,Divinaaa,0,Napoli Femminile
#uNAsolapassione​​​​ Ep. 6 - Catalina Perez,62,3308,10,@johnjairopinedahincapie3563,❤ hermosa,0,Napoli Femminile
#uNAsolapassione​​​​ Ep. 6 - Catalina Perez,62,3308,10,@carlosmauriciosorianom.8797,"Gracias, espero que te mejores pronto",2,Napoli Femminile
#uNAsolapassione​​​​ Ep. 6 - Catalina Perez,62,3308,10,@jorgecalderon7369,"Gracias #seleccioncolombia @cataperez por tu devoción, compromiso y ejemplo de vida.",3,Napoli Femminile
#uNAsolapassione​​​​ Ep. 6 - Catalina Perez,62,3308,10,@hcubill,Te amo Cata,2,Napoli Femminile
#uNAsolapassione​​​​ Ep. 6 - Catalina Perez,62,3308,10,@leonardo718,Brava sorridi.,1,Napoli Femminile
#uNAsolapassione​​​​ Ep. 6 - Catalina Perez,62,3308,10,@silviogreco8369,Bella e brava la nostra Catalina,4,Napoli Femminile
#uNAsolapassione​​​​ Ep. 6 - Catalina Perez,62,3308,10,@alessandrogravina8812,#UNASOLAPASSIONE,1,Napoli Femminile
Napoli Femminile - San Marino Academy 5-0 | INTERVISTE,25,464,3,@serginming7749,Brava Nocchi Huchet alè e tutta la squadra Olè 💙❤🙋‍♂️,0,Napoli Femminile
Napoli Femminile - San Marino Academy 5-0 | INTERVISTE,25,464,3,@silviogreco8369,Brave ragazze ♥️,1,Napoli Femminile
Napoli Femminile - San Marino Academy 5-0 | INTERVISTE,25,464,3,@AlfiDin67,Bravissime ragazze!!! Ora non mollare manca poco all'obbiettivo,1,Napoli Femminile
Napoli Femminile - San Marino Academy 5-0 | INTERVISTE,16,384,2,@leonardo718,Brave,0,Napoli Femminile
Napoli Femminile - San Marino Academy 5-0 | INTERVISTE,16,384,2,@silviogreco8369,Ben detto presidente,0,Napoli Femminile
#caffeiNA​​​​​​ Ep. 15 - Lello Carlino,11,215,1,@raffaelepaduano8570,🤞🏻,0,Napoli Femminile
#uNAsolapassione​​​ Ep. 5 - Isotta Nocchi,11,264,2,@serginming7749,Come sei bella Isotta 💌🙋‍♂️,0,Napoli Femminile
#uNAsolapassione​​​ Ep. 5 - Isotta Nocchi,11,264,2,@leonardo718,Brave e forza.......,0,Napoli Femminile
#NAdomanda​ Ep.5 - Vlada Kubassova,8,175,1,@serginming7749,Brava Vlada sei forte come le tue Compagne di Squadra Forza Napoli Azzurre💥💙❤🙋‍♂️,0,Napoli Femminile
#caffeiNA​​​​​ Ep. 14 - Sabrina Tasselli,9,219,1,@leonardo718,Forza ragazze 💪,0,Napoli Femminile
#uNAsolapassione​​ Ep. 4 - Alexandra Huynh,13,332,1,@dochistso,Greetings from Germany. Wish you all the best!,0,Napoli Femminile
Napoli Femminile - Empoli 3-3 | INTERVISTE,15,340,1,@AlfiDin67,"Peccato x la vittoria sfuggita nel finale , ma sono convinto che raggiungeremo l'obbiettivo  forza ragazze e forza Napoli",0,Napoli Femminile
#uNAsolapassione​ Ep. 3 - Livia Capparelli,10,339,1,@sangueazzurro2000,Dai che possiamo salvarci 💙,0,Napoli Femminile
Napoli Femminile - Florentia San Gimignano 3-1 | INTERVISTE,14,572,1,@AlfiDin67,"Ci credevo prima, ora ne sono CERTO RESTEREMO IN A..... FORZA RAGAZZE",0,Napoli Femminile
#caffeiNA​​​ Ep. 12 - Vivien Beil,11,241,1,@serginming7749,E SuperBello avere questa Super Squadra Brava Vivibeil💙❤🙋‍♂️,0,Napoli Femminile
#NAdomanda Ep.4 - Evi Popadinova,12,461,2,@lucaromano7243,"Hai ragione ti hanno fatto un fallaccio con la Roma, torna più forte di prima",0,Napoli Femminile
#NAdomanda Ep.4 - Evi Popadinova,12,461,2,@lucaromano7243,Dai Brava e tanti goal,0,Napoli Femminile
Inter - Napoli Femminile 0-0 | INTERVISTE,7,189,1,@AlfiDin67,Peccato  meritavamo la vittoria però bisogna crederci e con un po di cattiveria in PIÙ  si può raggiungere l'obbiettivo forza ragazze e forza NAPOLI,0,Napoli Femminile
Inter - Napoli Femminile | MATCH PREVIEW,6,135,1,@alessandrogravina8812,Vai Napoliii!!! 💙💙💙💙,0,Napoli Femminile
#uNAsolapassione​ Ep. 2 - Sarah Huchet,11,512,1,@nicolalicciardiello9905,"Che fenomeno Sarah Huchet! Anche laureata in legge, bravissima",0,Napoli Femminile
#uNAsolapassione Ep. 1 - Elisabetta Oliviero,12,294,1,@martinacuomo7027,❤️,1,Napoli Femminile
Buon San Valentino!,19,393,4,@leonardo718,Stupendo e forza,0,Napoli Femminile
Buon San Valentino!,19,393,4,@serginming7749,Meravigliose Forza Napoli Forever💙❤🙋‍♂️,0,Napoli Femminile
Buon San Valentino!,19,393,4,@marialuisapignatiello1205,💙,0,Napoli Femminile
#UnSaccoBello​ Ep. 7 - Sabrina Tasselli e Serena Boaglio,9,168,2,@sajidam3463,"Complementi Napoli
https://youtu.be/FcgEcyNQSyU",0,Napoli Femminile
#UnSaccoBello​ Ep. 7 - Sabrina Tasselli e Serena Boaglio,9,168,2,@francyzano8389,Ok,0,Napoli Femminile
Fiorentina - Napoli Femminile 2-0 | INTERVISTE,7,195,1,@sasicuomo3973,Forza viola💜,0,Napoli Femminile
Napoli Femminile - Pink Bari 1-0 | INTERVISTE,16,696,5,@Raffy-_-,Meglio la squadra maschile,0,Napoli Femminile
Napoli Femminile - Pink Bari 1-0 | INTERVISTE,16,696,5,@tatianazmeeva2612,AUGURI RAGAZZE. ....CHE SIA LA PRIMA VITTORIA....DI UNA LUNGA SERIA......FORZA NAPOLI.....MARIO...DA MARIGLIANELLA...,0,Napoli Femminile
Napoli Femminile - Pink Bari 1-0 | INTERVISTE,16,696,5,@mariaroberto1322,Daiiiiiiiiiiiii 💪🏻💙,0,Napoli Femminile
Napoli Femminile - Pink Bari 1-0 | INTERVISTE,16,696,5,@AlfiDin67,Bravissime TUTTE ed ora bisogna continuare e soprattutto MAI mollare obbiettivo possibile Forza ragazze e FORZA NAPOLI,0,Napoli Femminile
Napoli Femminile - Pink Bari 1-0 | INTERVISTE,16,696,5,@simonesorrenti7964,Finalmente vittoriaaaaaaa,1,Napoli Femminile
#NAdomanda Ep.1 - Catalina Perez,30,1183,2,@rubenangelobarrerapineda9114,"Me encantas, la mejor y muy profesional, Cata eres excelente...",0,Napoli Femminile
#NAdomanda Ep.1 - Catalina Perez,30,1183,2,@pablopineda1673,Hermosa ❤,0,Napoli Femminile
AS Roma - Napoli Femminile 3-2 | INTERVISTE,10,339,1,@mattiadellagatta5219,forza napoli femminile credeteci nella salvezza forza ragazze,0,Napoli Femminile
Il Napoli Femminile sostiene La Squadra dei Supereroi,7,109,1,@francyzano8389,Weee,0,Napoli Femminile
#UnSaccoBello Ep. 5 - Emma Errico e Beatrice Abati,12,159,3,@tatianazmeeva2612,Buon Natale Ragazze..da Mario........forza Napoli.....,1,Napoli Femminile
#UnSaccoBello Ep. 5 - Emma Errico e Beatrice Abati,12,159,3,@francyzano8389,"Like chi lo guarda il 21 barra 31 dicembre
👇",1,Napoli Femminile
#UnSaccoBello Ep. 5 - Emma Errico e Beatrice Abati,12,159,3,@francyzano8389,Weeee forza ragazze,2,Napoli Femminile
Il primo allenamento di mister Pistolesi,17,238,6,@tatianazmeeva2612,Forza Ragazze TESTA ALTA E PEDALARE.......VINCERE........DAI C E LA FARETE.   IN BOCCA AL LUPO...........MARIO VI DA TANTA CARICA........FORZA NAPOLI......................,0,Napoli Femminile
Il primo allenamento di mister Pistolesi,17,238,6,@giovannifarella1658,"Forza Mister, Forza Azzurre!",1,Napoli Femminile
Il primo allenamento di mister Pistolesi,17,238,6,@mariaroberto1322,Forza Azzurre 💖,1,Napoli Femminile
Il primo allenamento di mister Pistolesi,17,238,6,@francyzano8389,Forza ragazze,1,Napoli Femminile
Il primo allenamento di mister Pistolesi,17,238,6,@mattiadefalcoalfonso8568,💙🤍,0,Napoli Femminile
Il primo allenamento di mister Pistolesi,17,238,6,@mattiadefalcoalfonso8568,Forza napoli,1,Napoli Femminile
Napoli Femminile - Hellas Verona | MATCH PREVIEW - 10^ Giornata Serie A Femminile 2020/21,7,257,1,@tatianazmeeva2612,"Forza Mister Domani Andiamo a Comandar....solo un obbiettivo la VITTORIA....FORZA NAPOLI......MARIO DA MARIGLIANELLA.....,,,,,",0,Napoli Femminile
#caffeiNA Ep. 6 - Isotta Nocchi,18,448,4,@SuperDimmo,due fregne clamorose,0,Napoli Femminile
#caffeiNA Ep. 6 - Isotta Nocchi,18,448,4,@tatianazmeeva2612,Forza ragazze Mario da  Mariglianella TORNATE VINCITRICI DA VERONA........,0,Napoli Femminile
#caffeiNA Ep. 6 - Isotta Nocchi,18,448,4,@alessandrolatessa1897,Forza Inter🖤💙💪🏻,0,Napoli Femminile
#caffeiNA Ep. 6 - Isotta Nocchi,18,448,4,@francyzano8389,Ciao forza Napoliiiii❤️❤️❤️❤️,0,Napoli Femminile
Napoli-Juventus è #tuttaNAtastoria - Paola Di Marino,10,321,2,@tatianazmeeva2612,Forza Ragazze e la Madre di tutte le Partite...........Forza Napoli Mario di MARIGLIANELLA.....Gooolll..,0,Napoli Femminile
Napoli-Juventus è #tuttaNAtastoria,22,846,4,@giancarlosimonini82,"Sempre forza Juve,",0,Napoli Femminile
Napoli-Juventus è #tuttaNAtastoria,22,846,4,@giancarlosimonini82,Se non sbaglio è finita 1 - 2,0,Napoli Femminile
Napoli-Juventus è #tuttaNAtastoria,22,846,4,@tatianazmeeva2612,FORZA RAGAZZE DUE TOCCHI TESTA ALTA E VERTICALIZAZZIONI IN PROFONDITA' ......HASTA LA VITTORIA SIEMPRE....MARIO DA MARIGLIANELLA.......UN SOLO GRIDO FORZA NAPOLI...,0,Napoli Femminile
Benvenuti a casa | Napoli Femminile,20,767,3,@lucaromano7243,Forza napoli,0,Napoli Femminile
Benvenuti a casa | Napoli Femminile,20,767,3,@lucioerrico8027,Forza ragazzeeeeee,0,Napoli Femminile
Benvenuti a casa | Napoli Femminile,20,767,3,@AlfiDin67,Orgoglioso di voi lottate E SEMPRE FORZA NAPOLI,1,Napoli Femminile
#UnSaccoBello Ep. 4 - Alessandra Nencioni e Vivien Beil,14,298,1,@serginming7749,Siete forti 🧚‍♀️🧚‍♂️😘🙋‍♂️,0,Napoli Femminile
Una panchina per dire #StopAllaViolenzaSulleDonne,14,139,3,@xxauryxx9369,pure a benevento ce questa panchina con una cassetta delle lettere,1,Napoli Femminile
Una panchina per dire #StopAllaViolenzaSulleDonne,14,139,3,@mariaroberto1322,👏🏻👏🏻👩🏻👩🏻,0,Napoli Femminile
Una panchina per dire #StopAllaViolenzaSulleDonne,14,139,3,@tatianazmeeva2612,Bravissime........,0,Napoli Femminile
#caffeiNA Ep. 5 - Giulia Risina e Emma Errico,15,457,2,@lucaromano7243,Forza Napoli,0,Napoli Femminile
#caffeiNA Ep. 5 - Giulia Risina e Emma Errico,15,457,2,@tatianazmeeva2612,FORZA RAGAZZE LA PRIMA VITTORIA E VICINA TESTA ALTA E DUE TOCCHI E SUBITO IN VERTICALE FACCIAMO GOOOOOLLL....MARIO DA MARIGLIANELLA ..FORZAAAA....,0,Napoli Femminile
Il punto del Presidente prima di San Marino - Napoli,13,183,4,@wwefuniverse,"Stimo molto questa squadra, credo che abbia veramente un valore superiore a quello che abbiamo visto finora, sono state molto sfortunate le ragazze, credo che il tecnico stia facendo il massimo e ci sono tutti i presupposti per vedere dei punti in futuro (e non solo contro il San Marino). Auguri il meglio a tutto il Napoli Femminile da grande appassionato di calcio e sono convinto che si toglieranno presto delle grandi soddisfazioni :)",0,Napoli Femminile
Il punto del Presidente prima di San Marino - Napoli,13,183,4,@AlfiDin67,Io ci credo SEMPRE. .... FORZA RAGAZZE,0,Napoli Femminile
Il punto del Presidente prima di San Marino - Napoli,13,183,4,@Marco-zw1ox,ma si sa qualcosa del ricorso? quello di Napoli-Inter,0,Napoli Femminile
Il punto del Presidente prima di San Marino - Napoli,13,183,4,@cirosacco2719,saggio presidente. ora comunque un pochetto di furtunat ci vuole. forza ragazze,0,Napoli Femminile
Napoli Femminile - Milan 1-2 | INTERVISTE - 7^ Giornata Serie A Femminile,10,399,1,@tatianazmeeva2612,Prima o poi verranno i 3 punti FORZA RAGAZZE FORZA NAPOLI,0,Napoli Femminile
#UnSaccoBello Ep. 2 - Eleonora Goldoni e Elisabetta Oliviero,26,1248,1,@lucaromano8050,Forza Napoli,0,Napoli Femminile
#caffeiNA Ep. 3 - Eleonora Goldoni,29,1354,2,@gerardovera1447,"Buenos días mi amor, Eleonora Goldoni. Good morning my love, Eleonora Goldoni. Bonjour mon amor, Eleonora Goldoni.  Bonjourno mei amore, Eleonora Goldoni. Buena entrevista amor. Good interview my love. Amí también me gustan las frutas y el café. I also love fruits and coffee.",1,Napoli Femminile
#caffeiNA Ep. 3 - Eleonora Goldoni,29,1354,2,@simonesorrenti7964,"Vai Eleonora, bentornata! 1️⃣6️⃣❤💙",0,Napoli Femminile
Florentia S.G. - Napoli Femminile 1-0 | INTERVISTE - 5 ^ Giornata Serie A Femminile 2020/21,6,333,1,@simonesorrenti7964,"Una squadra tutta nuova in un proscenio più complicato rispetto alla B ha bisogno di tempo, le sconfitte non devono pesare! Lavoriamo ogni giorno con la voglia di crescere e si inizeranno ad avere i risultati. Fa più male la sconfitta a tavolino con l'Inter per una formalità banale! Bentornata Eleonora, abbiamo bisogno della tua effervescenza!!! Ad maiora!",2,Napoli Femminile
Florentia San Gimignano - Napoli Femminile | MATCH PREVIEW - 5^ Giornata Serie A Femminile 2020/21,7,253,1,@salvo9353,Forza napoli!! 💪💙,0,Napoli Femminile
Napoli Femminile - Inter 1-1 | INTERVISTE - 4^ Giornata Serie A Femminile 2020/21,15,648,2,@domenicoperone6730,"Brave! Arriverà la.prima vittoria...solo con la Fiorentina, come ha detto il mister, abbiamo sofferto nelle altre partite abbiamo giocato alla pari e meglio delle avversarie. Avanti così: determinazione e piacere di giocare!👏👏👏👏🌹🌹🌹",0,Napoli Femminile
Napoli Femminile - Inter 1-1 | INTERVISTE - 4^ Giornata Serie A Femminile 2020/21,15,648,2,@simonesorrenti7964,"Abbiamo dimostrato di giocarcele tutte, primo punto e dai! Caricaaaa! Jenny è un personaggio😅",0,Napoli Femminile
Napoli Femminile - Inter | MATCH PREVIEW - 4^ Giornata Serie A Femminile 2020/21,13,619,2,@AlfiDin67,"Brave ragazze ottimo risultato ora dopo il primo punto tutto sarà più facile,io ci credo",0,Napoli Femminile
Napoli Femminile - Inter | MATCH PREVIEW - 4^ Giornata Serie A Femminile 2020/21,13,619,2,@simonesorrenti7964,"Ma perchè rendere questa partita una finale per forza? Giochiamocela con grinta, garra e testa!",0,Napoli Femminile
#caffeiNA Ep. 1 - Federica Cafferata,19,719,1,@simonesorrenti7964,"Federica bel prospetto, ragazza anche molto educata e carina, speriamo resti a lungo......",0,Napoli Femminile
Il punto del presidente Carlino,14,183,2,@simonesorrenti7964,"La squadra è tutta nuova, la serie è più difficile, bisogna dare il tempo di lavorare, pazienza se si perde, l'importante è l'impegno, siamo stati pure sfortunati. Peccato non aver preso la Bugeya.... Fate giocare la Dalton e pure la Goldoni!",0,Napoli Femminile
Sassuolo - Napoli Femminile 3-1 | INTERVISTE - 3^ Giornata Serie A Femminile 2020/21,14,701,2,@simonesorrenti7964,"Napoli sfortunato non merita zero punti in classifica, ma la Bugeya che baby fenomeno, complimenti a lei ed il Sassuolo!",2,Napoli Femminile
Sassuolo - Napoli Femminile 3-1 | INTERVISTE - 3^ Giornata Serie A Femminile 2020/21,14,701,2,@AlfiDin67,Forza ragazze con impegno e costanza arriveranno le soddisfazioni forza Napoli SEMPRE,0,Napoli Femminile
Napoli Femminile - Fiorentina | MATCH PREVIEW - 2^ Giornata Serie A Femminile 2020/21,19,1019,1,@tatianazmeeva2612,Forza ragazze,0,Napoli Femminile
Pink Bari - Napoli Femminile | MATCH PREVIEW - 1^ Giornata Serie A Femminile 2020/21,34,1816,4,@giuseppemartani2759,Alice Martani,0,Napoli Femminile
Pink Bari - Napoli Femminile | MATCH PREVIEW - 1^ Giornata Serie A Femminile 2020/21,34,1816,4,@marvintoledo1950,🇬🇹💪💪,0,Napoli Femminile
Pink Bari - Napoli Femminile | MATCH PREVIEW - 1^ Giornata Serie A Femminile 2020/21,34,1816,4,@PopPocho94,qualcuno sa dirmi dov'è possibile seguire il Napoli femminile in tv o in streaming? grazie mille,0,Napoli Femminile
Pink Bari - Napoli Femminile | MATCH PREVIEW - 1^ Giornata Serie A Femminile 2020/21,34,1816,4,@mariaroberto1322,Forza 💪🏻⚽️👩🏻 Napoli,1,Napoli Femminile
"""ImpastiAMO la maglia"" - New Home Jersey 2020/21",36,995,2,@marvintoledo1950,🇬🇹 😍,0,Napoli Femminile
"""ImpastiAMO la maglia"" - New Home Jersey 2020/21",36,995,2,@mariaroberto1322,Forza Azzurre 💙,0,Napoli Femminile
Calendario e prospettive,15,215,2,@antoniog.piscopo8858,"Dai, forza Napoli!",0,Napoli Femminile
Calendario e prospettive,15,215,2,@stefanopipan2570,💪🏼💙,0,Napoli Femminile
#caffeiNA Ep. 4 - Eleonora Goldoni e Isobel Dalton,71,5039,7,@sajidam3463,English subtitles please,0,Napoli Femminile
#caffeiNA Ep. 4 - Eleonora Goldoni e Isobel Dalton,71,5039,7,@petergenikis9446,Παναγία μου ΤΙ ΜΟΥΝΙ ΕΙΝΑΙ ΑΥΤΟΟΟΟ!!!!!!!!!!,0,Napoli Femminile
#caffeiNA Ep. 4 - Eleonora Goldoni e Isobel Dalton,71,5039,7,@simonesorrenti7964,Queste due sono le mie preferite....non so il perchè....,0,Napoli Femminile
#caffeiNA Ep. 4 - Eleonora Goldoni e Isobel Dalton,71,5039,7,@AlfiDin67,FORZA ragazze e in bocca al lupo e sempre Forza NAPOLI,0,Napoli Femminile
#caffeiNA Ep. 4 - Eleonora Goldoni e Isobel Dalton,71,5039,7,@willmil7026,👏👏👏👏👏,0,Napoli Femminile
#caffeiNA Ep. 4 - Eleonora Goldoni e Isobel Dalton,71,5039,7,@giovannipaturzo5209,Bel format complimenti,0,Napoli Femminile
#caffeiNA Ep. 4 - Eleonora Goldoni e Isobel Dalton,71,5039,7,@lafrancy6002,Vorrei anche io diventare calciatrice,1,Napoli Femminile
#caffeiNA Ep. 3 - Emma Errico e Federica Di Criscio,16,594,1,@AlfiDin67,"È da poco che seguo con continuità il calcio femminile e x certi aspetti ha da insegnare TANTO a quello  maschile , poche simulazioni e poche perdite di tempo , speriamo che resti così e non tenda a somigliare a quello maschile",2,Napoli Femminile
"#caffeiNA Ep. 2 - Sofieke Jansen, Jenny Hjohlman e Emmeline Mainguy",15,709,2,@francescobonfiglio9142,La più carina è la ragazza a sinistra,0,Napoli Femminile
"#caffeiNA Ep. 2 - Sofieke Jansen, Jenny Hjohlman e Emmeline Mainguy",15,709,2,@mariaroberto1322,Forza ragazze azzurre 💙,0,Napoli Femminile
#caffeiNA Ep. 1 - Livia Capparelli e Isotta Nocchi,20,531,1,@serginming7749,Grandi Entrambe 💌 💙 🙋‍♂️,0,Napoli Femminile
#UnaStoriaBellissima Ep. 7 - Giulia Risina,13,401,1,@simox4861,Siete fortissime!!!,0,Napoli Femminile
"Mamma, tanti auguri",11,138,1,@caff37f34,Siete spettacolari da brividi 💙 #wearenapoli,0,Napoli Femminile
"#AzzurreDentro, Ep.7 - Elisabetta Oliviero | Napoli Calcio Femminile",31,1071,2,@susannadescalzo5250,ciao Eli ti guardavo giocare dal balcone a Genova ;) vai cosìì,1,Napoli Femminile
"#AzzurreDentro, Ep.7 - Elisabetta Oliviero | Napoli Calcio Femminile",31,1071,2,@mariaroberto1322,FNS💙🤍,1,Napoli Femminile
"L'amore è 'na cosa grande, buon San Valentino | Napoli Femminile",28,905,1,@RompiTimpani,"""L'ammore"" con due ""emme"". A Napoli ""Edoardo"" è solo Bennato. Il grande attore, regista, sceneggiatore, drammaturgo, scrittore, e poeta è Eduardo, con la ""u"".",0,Napoli Femminile
"#AzzurreDentro, Ep.6 - Federica Cavicchia | Napoli Calcio Femminile",10,484,1,@lucaromano7243,Brava Forza Ragazze,0,Napoli Femminile
"#AzzurreDentro, Ep.5 - Azzurra Massa | Napoli Calcio Femminile",30,1066,2,@lucaromano7243,Forza Ragazze,0,Napoli Femminile
"#AzzurreDentro, Ep.5 - Azzurra Massa | Napoli Calcio Femminile",30,1066,2,@rosamassa4367,Sei identica a zio Peppe...,0,Napoli Femminile
Napoli Femminile vs Cesena FC | 12^ Giornata Serie B Femminile 2019/20,17,999,1,@francesco6885,Ma fanno cagare lol,0,Napoli Femminile
"#AzzurreDentro, Ep.4 - Federica Cafferata | Napoli Calcio Femminile",21,827,1,@gianpierocaponera2967,Sempre più bella dolcissima campionessa ✌🇮🇹🌈,0,Napoli Femminile
Napoli Femminile vs Roma CF | INTERVISTE - 9^ Giornata Serie B Femminile 2019/20,8,227,1,@lidia8172,PER IL VENTOO ahahahah ma vai a cagare! Allenatore per niente sportivo. Detto quedto FORZA ROMA 💛❤️,0,Napoli Femminile
Napoli Femminile vs Roma CF | HIGHLIGHTS - 9^ Giornata Serie B Femminile 2019/20,38,3856,12,@lucaromano8050,Forza Napoli brave siete il futuro,0,Napoli Femminile
Napoli Femminile vs Roma CF | HIGHLIGHTS - 9^ Giornata Serie B Femminile 2019/20,38,3856,12,@matteocoppola2385,Ma era rigore quello,0,Napoli Femminile
Napoli Femminile vs Roma CF | HIGHLIGHTS - 9^ Giornata Serie B Femminile 2019/20,38,3856,12,@DarkshadowsXGD3,"Con tutto il rispetto, ma non si puo' paragonare al calcio maschile, cosa che piu' volte hanno cercato di fare, errori su errori, sembra una partita tra dilettanti di basso livello",2,Napoli Femminile
Napoli Femminile vs Roma CF | HIGHLIGHTS - 9^ Giornata Serie B Femminile 2019/20,38,3856,12,@cipocipi1961,Una più scarsa dell'altra,1,Napoli Femminile
"#AzzurreDentro, Ep.2 - Paola Di Marino | Napoli Calcio Femminile",22,670,1,@lucaromano7243,Brava,0,Napoli Femminile
Riozzese vs Napoli Femminile | MATCH PREVIEW - 6^ Giornata Serie B Femminile 2019/20,7,319,1,@lucacremo7099,viva riozzo fanculo napoli,0,Napoli Femminile
"#AzzurreDentro, Ep.1 - Mariah Cameron | Napoli Calcio Femminile",16,389,1,@pepdipalma,Bella idea questa del #AzzurreDentro ;),0,Napoli Femminile
Napoli Femminile vs Lazio | HIGHLIGHTS - 3^ Giornata Serie B Femminile 2019/20,21,1731,2,@osvaldoprandoni468,Maglie troppo celesti sembra la Lazio,0,Napoli Femminile
Napoli Femminile vs Lazio | HIGHLIGHTS - 3^ Giornata Serie B Femminile 2019/20,21,1731,2,@mariaroberto1322,Grande Napoli 💙🧑🏻,0,Napoli Femminile
Napoli Femminile vs Lazio | INTERVISTE - 1^ Giornata Coppa Italia Femminile 2019/20,9,302,1,@mariaroberto1322,Vai Napoli 👩🏻💙💪🏻,0,Napoli Femminile
Napoli Femminile vs Lazio | HIGHLIGHTS - 1^ Giornata Coppa Italia Femminile 2019/20,36,3016,2,@atlas5127,Le abbiamo distrutte! Forza ragazze!,0,Napoli Femminile
Napoli Femminile vs Lazio | HIGHLIGHTS - 1^ Giornata Coppa Italia Femminile 2019/20,36,3016,2,@ndrsct,00:58 esultano prima che la palla entra   ahahahahahahahahahahahahahahahahahahahahahahahaahahahaha,0,Napoli Femminile
Napoli Femminile vs San Marino Academy | INTERVISTE - 2^ Giornata Serie B Femminile 2019/20,8,343,1,@mariaroberto1322,Forza Azzurre 💙,0,Napoli Femminile
Raduno Napoli Calcio Femminile 2019/20,28,1412,1,@mariaroberto1322,FORZA RAGAZZE AZZURRE 💙💗 ANDIAMO IN SERIE AAAAAAAAA,0,Napoli Femminile
"Serie C, Spareggio Promozione - Napoli Femminile vs Novese",28,1915,2,@alessandroabate8427,Go Napoli !!!!! ❤️❤️❤️❤️❤️❤️❤️🎉🎉🎉🎉🎉,0,Napoli Femminile
"Serie C, Spareggio Promozione - Napoli Femminile vs Novese",28,1915,2,@supercalcio7066,https://youtu.be/mCkgto6yWIU,0,Napoli Femminile
COPPA ITALIA FEMMINILE - Napoli Femminile vs Salento Women,8,615,1,@mzx779,فورزا نابولي دائما,0,Napoli Femminile
UNDER15 FEMMINILE / Napoli Femminile vs SSC Napoli,38,3476,9,@lucaromano8050,Forza Napoli sempre,0,Napoli Femminile
UNDER15 FEMMINILE / Napoli Femminile vs SSC Napoli,38,3476,9,@auealechallenge3330,Nn dire stronazate che l albitro era a favore vostro,1,Napoli Femminile
UNDER15 FEMMINILE / Napoli Femminile vs SSC Napoli,38,3476,9,@deniseferrara2555,le simulazioni dove sono?😂😅,1,Napoli Femminile
UNDER15 FEMMINILE / Napoli Femminile vs SSC Napoli,38,3476,9,@auealechallenge3330,Grande,0,Napoli Femminile
UNDER15 FEMMINILE - SSC Napoli vs Napoli Femminile,186,17218,16,@elixxeo1,Tutto molto interessante e molto bello..evviva il calcio femminile.,2,Napoli Femminile
UNDER15 FEMMINILE - SSC Napoli vs Napoli Femminile,186,17218,16,@leonardo718,"Forza ragazze il tempo vi darà ragione e anche soddisfazione!!!! Poi a Napoli ancora di più,pensate davanti alla tifoseria più grande d'Europa e del mondo. #ForzaNapoliSempre #woman",1,Napoli Femminile
UNDER15 FEMMINILE - SSC Napoli vs Napoli Femminile,186,17218,16,@francesco6885,Il calcio femminile fa addormentare,9,Napoli Femminile
UNDER15 FEMMINILE - SSC Napoli vs Napoli Femminile,186,17218,16,@Genkoprime,"Cioè non ho capito, abbiamo due società divise sul calcio femminile?",5,Napoli Femminile
UNDER15 FEMMINILE - SSC Napoli vs Napoli Femminile,186,17218,16,@mariannatomei2431,Che anno è? 2007?,2,Napoli Femminile
UNDER15 FEMMINILE - SSC Napoli vs Napoli Femminile,186,17218,16,@toniacoppeta1195,Vorrei giocare anche io al Napoli femminile😅😥,4,Napoli Femminile
Settore Giovanile NAPOLI FEMMINILE,41,2549,2,@Raffy-_-,Sembra che stiano a teatro lol,0,Napoli Femminile
Settore Giovanile NAPOLI FEMMINILE,41,2549,2,@criex7321,Quella maglia con Napoli Femminile è inguardabile(da Napoletano),1,Napoli Femminile
SERIE C - Ludos Palermo vs Napoli Femminile,5,888,1,@LiselotteIsabelle,Belissima :),1,Napoli Femminile
SERIE C - Napoli Femminile vs Chieti Calcio Femminile,23,2196,1,@marcoluismincarelli9806,Tutto sommato c’erano anche ragazze bone dai😂💕,0,Napoli Femminile
Coppa Italia C - Napoli Femminile vs Aprilia / Intervista Presidente R. Guarino,1,131,1,@peppecorsale44,Complimenti Presidente con te il napoli volera' in serie A.,0,Napoli Femminile
Serie B - Napoli Femminile vs Roma CF,5,237,1,@spmaxthebest5197,Roma>>>>>>Napoli,0,Napoli Femminile
Serie B - Napoli Femminile vs Lazio Women,20,2266,1,@fundrawing6657,2:41 clear handsball,0,Napoli Femminile
#FromTheWorldToNapoli | Season 24/25 | Scott McTominay,3157,64920,196,@lazylad8544,Italian football is making great steps to get back to being the no1 league. A few years to go but with the young players coming through it is great to watch. I'm in the uk and watch all the time.👍👍,1,SSCNapoli
LIVE | La conferenza stampa di Mister Mazzarri alla vigilia di Napoli - Genoa,586,21984,87,@vincenzopampalone5010,Sembra crederci veramente a quello che dice. É un po' come avere a che fare con lo zio scemo. É evidente che sia un personaggio al di fuori delle dinamiche calcistiche conteporanee e che non sia mai cambiato. Tenerezza.,0,SSCNapoli
HIGHLIGHTS | Napoli - Atalanta 2-0 | Serie A - 26ª giornata,2951,250201,164,@MomKu_Papa1928,"Эпоха гечестивых  самозванцев-клеветников и грязных сплетников  окончена!
The Era of my enemies is over!
The Era of dishonest criminal inhuman impostors-satanists and nazists is over.
Stop the stealing!
Hands off Ukraine =Hands off King",0,SSCNapoli
NAPOLI’S GOT COFFEE | ep.1 | Gaetano vs Contini,1116,27834,36,@Vincenzo_sscn1926,Idea molto bella e originale con il giudice per eccezione☕💙,13,SSCNapoli
#FromTheWorldToNapoli | Season 24/25 | Simone Scuffet,331,4603,16,@carminefiorillo7738,Grande Simo 💙,4,SSCNapoli
THE GAME CHANGER | Il primo giorno in azzurro di Kevin #DeBruyne,6587,128382,322,@KaryMyx,miglior colpo dai tempi di CR7,0,SSCNapoli
LIVE | La conferenza stampa di Mister Antonio Conte in vista di Napoli - Bologna,2668,117236,262,@Gio-kx3hf,"Il Maradona è sempre stato al vostro fianco, specialmente quando andava tutto male...ora tocca a voi",0,SSCNapoli
Highlights | Napoli - Monza 2-0 | Serie A - 6ª giornata,634,16129,26,@forzaNapoli-l1v,👏👏👏👏👏AVANTI COSÌ PERÒ ADESSO,2,SSCNapoli
Highlights | Napoli - Juventus 2-1 | Serie A - 22ª giornata,1076,34586,105,@domenicomele5177,Forza Napoli Fina La Morte,1,SSCNapoli
SSCN POV | #NapoliJuventus: storia di un dominio totale,3128,62247,209,@vittoriovesce8898,quanto godooooooooooooo,0,SSCNapoli
LIVE | La conferenza stampa di Mister Mazzarri alla vigilia di Napoli - Genoa,586,21984,87,@dariopalmieri7572,26:55,1,SSCNapoli
LIVE | La conferenza stampa di Antonio Conte in vista di Venezia - Napoli,1270,48645,93,@abx3881,"""Le 10 finali, le 10 finali""😂 lo ripetono come un branco di rimbambiti tutti gli anni e per tutte le squadre, le prime 28 erano tutte semifinali? Verona ad agosto era un'amichevole?",0,SSCNapoli
THE GAME CHANGER | Il primo giorno in azzurro di Kevin #DeBruyne,6587,128382,322,@roccobartolini3492,I troglonapoligni sono spariti finalmente! Grandissimo presidente,0,SSCNapoli
LIVE | La conferenza stampa di Antonio Conte in vista di Lecce - Napoli,1677,64505,119,@dafosardisc,"Se non vinci lo scudetto affrontando una sola competizione e per di più con Lecce, Genoa, Parma e Cagliari altro che miracolo , sarà davvero yna delusione atroce. Non facciamo scherzi",0,SSCNapoli
#FromTheWorldToNapoli | Season 24/25 | Scott McTominay,3157,64920,196,@stefanosaggese8191,Ti amo ❤,1,SSCNapoli
HIGHLIGHTS | Spezia - Napoli 0-3 | Serie A - 21ª giornata,1887,159352,114,@xudoyberdimusratillayev75,🇺🇿🇺🇿🇺🇿🇺🇿🇺🇿🇺🇿🇺🇿,0,SSCNapoli
"Tanti auguri di buon compleanno, Presidente!",675,12187,55,@Gerardo1926,Auguri presidente!😊,1,SSCNapoli
HIGHLIGHTS | Spezia - Napoli 0-3 | Serie A - 21ª giornata,1887,159352,114,@carlofalco5519,"Dal Brasile: Forza Napoli, continuate così.",9,SSCNapoli
GIOVANNI DI LORENZO | Lettera del Capitano ✍️,3078,56789,373,@luigicappiello9246,"Grazie Capitano delle belle parole, amma faticà di nuovo tutti insieme!! Tu non ti sei mai risparmiato in questi anni a Napoli, hai sempre sudato la maglia. Un'annata storta ci può stare. Ora più convinti che mai. Forza Napoli Sempre!!!",4,SSCNapoli
Highlights | Napoli - Inter 1-1 | Serie A - 27ª giornata,481,26267,39,@CriDeFra,I napoletani devono mettere da parte l'odio verso la Juventus e unirsi alla identità bianconera per radiare il cancro del calcio chiamano intercettati,0,SSCNapoli
HIGHLIGHTS | Napoli - Hatayspor 4-0,4586,314283,155,@84sant,"Queste partite lasciano il tempo che trovano..
Ma la qualità dei Singoli..MA CHE GOL HA FATTONIL CIOLITO😮😮",29,SSCNapoli
PARTENOPE JERSEY | The voice of the sea,1141,25385,100,@AlfredoDerviso,💙,2,SSCNapoli
Napoli - Udinese 1-1 | Serie A - 24ª giornata,171,4441,21,@Steppenwolf3,"Facciamo riposare Anguissa, ma soprattutto lobbotka, che da quando si è fidanzato non ne ingarra una. FNS!",3,SSCNapoli
La conferenza stampa di Mister Spalletti alla vigilia di Inter - Napoli,1251,39016,153,@muhammadrenfaan7630,"keanehan amazing, itali:napoli France:RC lens, england:newcastle, spain:sociedad",0,SSCNapoli
#FromTheWorldToNapoli | Season 24/25 | Billy Gilmour,769,12476,49,@antoimparato,"Come on Billyyyy💙💙💙
Our present and future",5,SSCNapoli
HIGHLIGHTS | Napoli - Cremonese 3-0 | Serie A - 22ª giornata,1599,88237,132,@اكرمحسن-ض5ج,وهذا ثقتي لم ولم ولم ولن يتغير فيكم أجمعين كل اللاعبين الطواقم الجمهور الاداره الرئيس وحتى ساده الحكام بوركتم حفظكم ايدكم ربي وربكم,0,SSCNapoli
HIGHLIGHTS | Napoli - Roma 2-1 | Serie A - 20ª giornata,2088,230743,169,@francescoperrone2388,💙 🚀,1,SSCNapoli
HIGHLIGHTS | Empoli - Napoli 0-2 | Serie A - 24ª giornata,917,39500,95,@johnny1200,I video sono più belli con audio stadio,1,SSCNapoli
#UCL | Napoli - Ajax 4-2 | HIGHLIGHTS,2208,123232,149,@Itachi4110,Sarò con te...!,1,SSCNapoli
NAPOLI’S GOT COFFEE | ep.3 | Simeone vs Olivera,789,26394,25,@hr-g4640,o visto Maradona??? 4-1,0,SSCNapoli
La conferenza stampa di Mister Spalletti alla vigilia di Empoli - Napoli,583,17735,54,@ariizona1926,alzate il volume che non si sente,0,SSCNapoli
GIOVANNI DI LORENZO | Lettera del Capitano ✍️,3078,56789,373,@MESSI-THE-GOAT32,"Caro Capitano,
Sei stato, nell'anno dello scudetto, un esempio per tutti; hai dimostrato al mondo intero che anche un difensore può segnare un goal in ogni partita, proprio come facevi tu... purtroppo nella carriera di un calciatore un momento buio può capitare, la squadra non era in forma e ciò ne ha risentito sulla stagione passata, non ho nulla contro i mister Garçia, Mazzarri e Calzona ma una squadra con questo potenziale non va affidata ad un mister qualunque. Comunque sia, noi tifosi vi abbiamo capito e nonostante tutto ci avete fatto vivere tante emozioni (anche negative) ma che ci hanno fatto crescere la fiducia in voi e ci hanno aperto gli occhi su un nuovo inizio, la stagione che verrà... CONTIAMO SU DI VOI E SUGLI SPALTI DI QUEL MERAVIGLIOSO STADIO CONTINUEREMO A CANTARE! Questo messaggio ve lo mando col cuore di una piccola tifosa dipinto di azzurro e sappiate solo una cosa: FORZA NAPOLI SEMPRE E PER SEMPRE NEL CUORE💙🤝❤️‍🔥",7,SSCNapoli
LIVE | La conferenza stampa di Antonio Conte in vista di Napoli - Udinese,2542,76320,271,@gianfrancolamberti9968,Credo che la conferezza stampa sia inutile tanto non si e parlato di udinese giornalisti mediocri,0,SSCNapoli
LIVE | La conferenza stampa di Mister Antonio Conte alla vigilia di Hellas Verona - Napoli,2284,96499,636,@alexxibi574,"😊Come sempre nessuno fa le domande più logiche... Come è possibile che due anni fa era un ""tranello"" e l'anno scorso la classifica è stata giusta e non è stata sfortuna, con una squadra che aveva 10/11 esimi di chi ha vinto con 20 punti di distacco... Vorrei che Conte lo spiegasse...  È il solito piagnisteo per mettere le mani avanti... Allora significa che Spalletti è un mago e lui è solo un normale allenatore, che ha bisogno dei campioni per vincere",0,SSCNapoli
HIGHLIGHTS | Spezia - Napoli 0-3 | Serie A - 21ª giornata,1887,159352,114,@wisdomhonesty5622,"Kvara is not selfish in goals like insigne... 

Forza 💪Napoli",23,SSCNapoli
HIGHLIGHTS | Napoli - Sassuolo 4-0 | Serie A - 12ª giornata,2133,150339,155,@archstanton1573,Spalletti ha continuato a studiare calcio....tanti altri allenatori si sono fermati al passato....ma il calcio è cambiato...Spalletti è stato bravissimo ad applicarsi......,1,SSCNapoli
HIGHLIGHTS | Antalyaspor - Napoli 2-3,1868,115667,119,@martinaaaa-1926,mi mancate🥲💙,4,SSCNapoli
Le dichiarazioni del Presidente De Laurentiis al SSC Napoli Konami Training Center,771,26092,114,@zembolo3500,gli A16 dove sono ? sono scesi tutti sulla carrozza dello scudetto ?,0,SSCNapoli
“Sarò con te” - il film dello scudetto | TRAILER 3,2269,104250,166,@fantaepomeo,che senso ha questo film ora?,0,SSCNapoli
HIGHLIGHTS | Napoli - Juventus 5-1 | Serie A - 18ª giornata,4307,427588,381,@albe8786,"Tifoseria di pedofili 
Non si sfida davanti ad un asilo nido a Cagliari",0,SSCNapoli
NAPOLI VOICES | Ep. 3 | Un tuffo nella storia,514,13599,37,@RiccardoSaliva,"Ero un giovanissimo tifoso quando giunsero nella terra di Partenope, del sole e del mare...
Ho visto Maradona e anche loro due...
Posso ritenermi fortunato e fortissimo nella FEDE.
Nei miei ricordi storici / sportivi più intensi c'è il colore azzurro che balla ritmi sudamericani.
Grazie Antonio Careca 💣
Grazie Ricardo Alemao 🤡
FORZA NAPOLI SEMPRE 💙",0,SSCNapoli
La conferenza stampa di Mister Spalletti alla vigilia di Napoli - Salernitana,771,26670,66,@gabrielvicentedias3577,Napoli é um time bom mais sem chapions legue,0,SSCNapoli
#UCL | Napoli - Rangers 3-0 | HIGHLIGHTS,1616,103764,79,@WallMap650,💙,1,SSCNapoli
#LetTheMusicPlay | Ep. 04 | Decibel & Mazzocchi,928,19706,48,@anna33252,Non ci lasciare più,0,SSCNapoli
GIOVANNI DI LORENZO | Lettera del Capitano ✍️,3078,56789,373,@federicadiodato4472,"sono contenta che rimarrai con noi, FORZA NAPOLI SEMPRE, forza capitano💙💙",7,SSCNapoli
"""Amma faticà"": le prime parole di Antonio Conte da allenatore del Napoli",2761,64001,165,@carmelaaurilio75,Forza conte fagli svegliare in difesa Forza Azzurri 💙💙,2,SSCNapoli
"Emozioni, ambizione, mentalità: Napoli, Romelu Lukaku si presenta",5857,163832,302,@valex5153,Bel pacco che avete preso,1,SSCNapoli
SSC Napoli | 2023,812,14105,70,@abeleangelino7942,Un anno da CAMPIONI D ITALIA 🇮🇹 💙🤍💙,2,SSCNapoli
HIGHLIGHTS | Sampdoria - Napoli 0-2 | Serie A - 17ª giornata,792,27003,46,@mosesobasola7634,Osimhen is a lion in Front of goal. His mates should give him the ball if they are not in the better position to shoot. Forza Napoli sempre,0,SSCNapoli
"Thank you, Kvara!",7781,145584,489,@raffaelecalabrese531,Grazie di tutto....amore a prima vista...poko ma intenso....sei un grande... Dispiace...buona Fortuna Campione 🤍💙💪👏👏👏👏,43,SSCNapoli
NAPOLI’S GOT COFFEE | ep.4 | Spinazzola vs Politano,817,18649,25,@enzoc9962,SPERO CHE LO LEGGA O GLI VENGA RIPORTATO QUESTO: GRAZIE PER QUESTO REGALO PER I 100 ANNI DEL NAPOLI CHE VERRÀ IL 1 AGOSTO 2026! GRAZIE PAPPÒ ( PERMETTENDO E SENZA OFFESA) BUONA GIORNATA A TUTTI E BUON TUTTO PRESIDÈ,0,SSCNapoli
SSC Napoli Christmas cook-off - Ep. 2,3173,57534,139,@zonpXVII,Ma come 8 e mezzo di napoletano 😢,0,SSCNapoli
The Diary | Chapter twenty-three: #NapoliVerona | PITCHSIDE HIGHLIGHTS,530,14625,13,@Young_Mirah,😂🔥,1,SSCNapoli
HIGHLIGHTS | Atalanta - Napoli 1-2 | Serie A - 13ª giornata,1278,110132,115,@timonx11,Napoli is so strong.. they might win it this season!!,0,SSCNapoli
Tre come i punti guadagnati  Tre come i gol fatti   💙 #ForzaNapoliSempre,589,8060,7,@DiegoNELcuore10,"E si ,certo ...kvara sempreeee",2,SSCNapoli
Highlights | Napoli - Fiorentina 2-1 | Serie A - 28ª giornata,503,27010,24,@JacksonRodabaugh,che giocatore de gea,0,SSCNapoli
LIVE | La conferenza stampa di Mister Antonio Conte in vista di Atalanta - Napoli,2050,69154,135,@coccored3096,"Mister, tutti sono utili ma nessuno e' necessario.",2,SSCNapoli
La conferenza stampa di Mister Spalletti alla vigilia di Napoli - Juventus,1617,65612,299,@اكرمحسن-ض5ج,ثنائيات رائعه خفيشا يبدع ويبهر,0,SSCNapoli
HIGHLIGHTS | Napoli - Juventus 2-1 | Serie A 27ª giornata,699,23987,38,@Marco-zw1ox,Avanti così ragazzi❤,1,SSCNapoli
La conferenza stampa di Mister Spalletti alla vigilia di Lecce - Napoli,695,23380,119,@JordanSpeaker,"Mister , perche non provate di mettere Kvara come la punta qualche volta ?",0,SSCNapoli
LIVE | La conferenza stampa di Mister Calzona in vista di Napoli - Roma,461,16504,73,@partenopeo6486,Ragazzi ma di quale società parlate? C'è solo ADL,5,SSCNapoli
HIGHLIGHTS | Juventus - Napoli 0-1 | Serie A - 31ª giornata,1742,167004,148,@nicolaviola4275,💙💙💙,0,SSCNapoli
Get to know... Simeone,636,8710,40,@mica5700,Fatelo giocare di piu. Ci ha risolto tante partite la scorsa stagione. Ha un potenziale enorme! Grande Cholito,16,SSCNapoli
#WelcomeMister: Rudi Garcia racconta i primi momenti da allenatore degli azzurri,880,20198,71,@artemisiobubani9216,Spero che sappia dare il giusto lustro alla mia splendida città,0,SSCNapoli
Voices breaking silence. Napoli e Juan insieme contro ogni forma di razzismo,1096,16083,83,@Ianarius,"Contro ogni forma di razzismo!

Complimenti per questo bellissimo video, bravi!

Forza Napoli Sempre 💙",5,SSCNapoli
LIVE | La conferenza stampa di Antonio Conte in vista di Monza - Napoli,1222,59241,352,@IMCalcio21,"Signori questo è Conte, l’ho avuto all’Inter e solo una volta che se ne andato ho capito davvero che era solo un illusione, lui pensa solo a se stesso e appena sente aria di difficoltà scappa come un coniglio",0,SSCNapoli
HIGHLIGHTS | Atalanta - Napoli 1-2 | Serie A - 13ª giornata,1278,110132,115,@brbblak7678,Osimehn!!!!!!,2,SSCNapoli
HIGHLIGHTS | Napoli - Cremonese 3-0 | Serie A - 22ª giornata,1599,88237,132,@اكرمحسن-ض5ج,مولينا تالق جدا وكذالك الشاب الموهوب باريوش هدف غريزمان رائع احسنتم شاب اتلتيكو مدريد ويان كما كان قويا,0,SSCNapoli
HIGHLIGHTS | Napoli - Bologna 3-2 | Serie A - 10ª giornata,1781,144129,174,@al-hafizredzuan5783,Forza Napoli,3,SSCNapoli
TANTO PE' CANTA I Ep. 01 I Guest: Amir Rrahmani,1143,28668,64,@antonellapensosa,Ma che tesorino Amir che la scrive pure in rima 💙,10,SSCNapoli
HIGHLIGHTS | Napoli - Hatayspor 4-0,4586,314283,155,@K3vth3Menace,Oshimen 🔥,0,SSCNapoli
#FromTheWorldToNapoli | Season 24/25 | Alessandro Buongiorno,2469,37152,141,@nicolarusso1351,"Massimo un paio di anni e si prende la fascia. Leader PERFETTO, Ragazzo splendido, fiero di vederlo con la maglia del mio cuore",8,SSCNapoli
HIGHLIGHTS | Atalanta - Napoli 1-2 | Serie A 13ª giornata,721,58877,45,@mastermiller98,"La cura Mazzarri FUNZIONA
Ora testa al Real e non perdetevi d'animo ragazzi!💙💙💙",4,SSCNapoli
GIOVANNI DI LORENZO | Lettera del Capitano ✍️,3078,56789,373,@theartistnamedlarry,I’m American and I hope you guys can welcome me as a fan of your club. I can’t put into words what I just watched but it pulled me in. Congratulations on the Scudetto! Forza NAPOLI!,1,SSCNapoli
LIVE | La conferenza stampa di Mister Antonio Conte in vista di Roma - Napoli,1720,62823,137,@TulleSalso,"Sta sempre, continuamente, dal principio, stucchevolmente e narcisisticamente a lamentarsi dei giocatori che non avrebbe e della società, non all'altezza, che non provvederebbe a darglieli. Dice, a cadenza settimanale, di essere disinteressato al mercato della società (che gli ""sposta poco"") ma un istante dopo (o prodigiosamente nello stesso momento), puntualmente e sprezzantemente lo reputa deficitario. Non perde mai la minima occasione per dequalificare il club e la ""piazza"" Napoli quali non attrattivi e ad autoincensarsi per il lavoro ""straordinario"" da lui fatto ""nonostante"" società, piazza e rosa mesagli a disposizione: ma basta! Non se ne può più di questa nenia patetica ed irriguardosa!
Una società che, tra le altre cose, ha effettuato uno dei mercati stagionali più esosi della serie A e rivoluzionanti il parco giocatori proprio per accontentare le sue richieste e che lo ha ricoperto di milioni!",3,SSCNapoli
LIVE | La conferenza stampa di Mister Antonio Conte in vista di Napoli - Juventus,2011,64151,149,@nando7942,Ma fate domande sulla partita per cortesia?,32,SSCNapoli
La conferenza stampa di Mister Spalletti alla vigilia di Spezia - Napoli,747,23758,71,@antoniettacicchella8002,Forza Napoli spalletti,0,SSCNapoli
HIGHLIGHTS | Napoli - Atalanta 2-0 | Serie A - 26ª giornata,2951,250201,164,@nadalrovic3173,"At the beginning of the season his name was difficult to pronounce and also spelled ""Kfaratskhelia"", but now the letters that make up his name have become a major part of the identity of the entire football year and he is known, familiar and loved in every football council.",58,SSCNapoli
LIVE | La conferenza stampa di Mister Antonio Conte in vista di Napoli - Roma,1263,51358,141,@ChepleroITA,Juan gesus no p piacer,2,SSCNapoli
"Emozioni, ambizione, mentalità: Napoli, Romelu Lukaku si presenta",5857,163832,302,@miki58812,L' anno prossimo sarà dì nuovo in vendita....😂,1,SSCNapoli
Victor alla seconda #FrosinoneNapoli,1357,25273,27,@jacksonben7935,Di,0,SSCNapoli
Highlights | Napoli - Venezia 1-0 | Serie A - 18ª giornata,520,27022,29,@Vincenzo_sscn1926,Ero allo stadio bellissima emozione. Forza Napoli 💙,13,SSCNapoli
LIVE | La conferenza stampa di presentazione di Mister #Conte,5793,195651,337,@danielebusato5711,"Sicuramente il Napoli farà paura  e giocherà bene. La battaglia che mi aspetto di più è tra le due teste forti, Presidente è allenatore in futuro...",1,SSCNapoli
HIGHLIGHTS | Sassuolo - Napoli 0-2 | Serie A - 23ª giornata,1959,165967,150,@gerryscottimalvagio348,Kvaradona in questo campionato > il tuo esterno preferito,41,SSCNapoli
La conferenza stampa di Mister Spalletti alla vigilia di Sampdoria - Napoli,813,24957,90,@artemisiobubani9216,"A voglia di parlare è di perder tempo, domani sera, perderete anche con la Samp, è inutile scervellarsi, è finita, punto, è chi ci crede ancora, è solo un povero illuso...🤦🏿‍♂️🤦🏾‍♂️🤦🏿‍♂️",0,SSCNapoli
LIVE | La conferenza stampa di Mister Calzona in vista di Napoli - Roma,461,16504,73,@domendamb,"Società di pagliacci, capitanata da un autentico clown di prima categoria! Fossi stato al posto dei giornalisti non mi sarei manco presentato!! E tu Lombà fa poc o bellill che stai sotto o paccher! Sti sciem!",0,SSCNapoli
"Inspired by Partenope, made for Napoli 💙 #ProudToBeNapoli",554,9968,10,@kekkomauro7,meravigliosa la maglia fa paur🤍💙😍😍😍😍,2,SSCNapoli
Tutto Per il Napoli,1427,27592,61,@mauriziogalardo1942,Bellissima clip 💙💙💙🇮🇹🇮🇹🇮🇹🇮🇹🇮🇹🇮🇹🇮🇹,0,SSCNapoli
La conferenza stampa di Mister Spalletti alla vigilia di Napoli - Sampdoria,767,21872,125,@francescolabruna9260,"Grazie di cuore sempre Mister, ci hai dato gioia, ti regaleremo l'immortalità sportiva 
FNS💙💙💙",0,SSCNapoli
"Welcome, Jesper #Lindstrøm! 💙",2472,27779,70,@passionehomevideo5958,Welcome to Naples 🇮🇹,6,SSCNapoli
LIVE | La conferenza stampa di Antonio Conte in vista di Napoli - Empoli,946,37698,93,@waltermastiff8509,"le conferenze questo anno sono come i cambi di conte...si fanno attendere..FNS,",3,SSCNapoli
LIVE | La conferenza stampa di presentazione di Mister #Conte,5793,195651,337,@giuseppedemartino6431,"Serietà, leadership e mentalità vincente, benvenuto mister ❤",0,SSCNapoli
HIGHLIGHTS | Torino - Napoli 0-4 | Serie A - 27ª giornata,2159,180438,171,@اكرمحسن-ض5ج,الفار والحكم أما تسعد أو تحزن فريقاً,0,SSCNapoli
#FromTheWorldToNapoli | Season 24/25 | Scott McTominay,3157,64920,196,@alessandrovarriale8755,"Io ancora non ci credo che McT sia parte del Napoli!!! Questo è uno di quei giocatori che fino a qualche anno fa vedevamo col binocolo!!!
La vittoria dello scudetto a livello marketing ha fatto tanto.... Che sia solo l'inizio di un futuro radioso per tutta la città, in tutti i settori....
Noi siamo NAPOLI💙",1,SSCNapoli
HIGHLIGHTS | Napoli - Sassuolo 4-0 | Serie A - 12ª giornata,2133,150339,155,@pmind-t1n,Incredible Kim !!!,2,SSCNapoli
LIVE | La conferenza stampa di Spalletti e Rrahmani alla vigilia di Napoli - Eintracht,851,26670,58,@EDDY-ht7wh,Ma una ragazza nn possono metterla come addetta alla stampa al Napoli che quel trombone che da L ordine delle domande?,17,SSCNapoli
HIGHLIGHTS | Crystal Palace - Napoli 1-3,2109,149196,106,@flemmyankees,"Inizio a temere che Kvara abbia avuto davvero uno shock emotivo per il furto d'auto, non è più lui. Assurdo.",2,SSCNapoli
The Diary | Chapter twenty-one: #TorinoNapoli | PITCHSIDE HIGHLIGHTS,52,1115,10,@LuigiMucci-ch4fw,Nn molliamo ragazzi 🤞🤞💙💙💙,0,SSCNapoli
#LukakuCam | Il debutto di BigRom al Maradona!,1650,55196,85,@theartofhands7479,"1:06 - 1:18
Fa gol, fa impazzire lo stadio, esulta, ringrazia il cielo, si sistema “il pacco”. 
Non vedo imperfezioni in tutto ciò 🤣",0,SSCNapoli
Sorrisi in consegna,2662,45421,155,@零友,I wish there are english subtitle 💙,1,SSCNapoli
A NEVER-ENDING STORY | Introducing our new pre-match kit 👕,1772,23876,89,@raffaelebarretta6088,Complimenti bel video ....epico,2,SSCNapoli
Alessandro has a special message for you...,1534,22365,59,@alessandroarcopinto3502,Fiero e orgoglioso così ti vogliamo 💪🏽,2,SSCNapoli
Stadio Maradona: le parole del Presidente De Laurentiis,1018,28393,173,@massimomammano7598,spero di cuore che glielo facciano fare sul serio ....,0,SSCNapoli
HIGHLIGHTS | Napoli - Bologna 3-2 | Serie A - 10ª giornata,1781,144129,174,@lazaree9278,kvara briliant 🐥,13,SSCNapoli
La conferenza stampa di Mister Spalletti alla vigilia di Napoli - Roma,903,30017,101,@CodaLucente,LUCIANO SPALLETTI EEEEEE OOOOOOOO,0,SSCNapoli
LIVE | La conferenza stampa di Mister Antonio Conte in vista di Napoli - Venezia,978,33138,36,@christiandesieno3603,Sempre le stesse domande…a parte un paio SEMPRE LE STESSE.,29,SSCNapoli
On my skin. In my soul.,1200,21865,106,@vincenzodesimone236,FA LETTERALMENTE ABUSO,1,SSCNapoli
La storia continua! | #ADL20,1249,14319,98,@SpacciatoreSeriale,Grazie ADL,0,SSCNapoli
Napoli - Genoa 2-2 | Serie A - 36ª giornata,179,4038,20,@boris2605,"su questa partita ci torno a commentare alla fine del campionato. per il momento, pollice in giu.",4,SSCNapoli
"Skulls of Naples: presenting the ""special edition Halloween game""",900,16527,70,@blaze534-production,bellissimo,1,SSCNapoli
LIVE | La conferenza stampa di Antonio Conte in vista di Venezia - Napoli,1270,48645,93,@charledapres,una conferenza stampa di 10 minuti un po’ mi preoccupa,1,SSCNapoli
LIVE | La conferenza stampa di Antonio Conte in vista di Napoli - Udinese,2542,76320,271,@antonioguarino4101,"Perfetto in ogni parola detta , indipendentemente dal risultato del campionato, un allenatore che ci tiene a quello che fa è non avevo dubbi a riguardo conoscendolo calcisticamente a mio parere il miglior allenatore italiano neg l’ultimi 10-15 anni",0,SSCNapoli
HIGHLIGHTS | Napoli - Udinese 4-1 | Serie A 6ª giornata,780,49707,78,@굿잡-n1p,Racism team hahaha trashy team,1,SSCNapoli
SSC Napoli Christmas cook-off - Ep. 2,3173,57534,139,@lucacane-fitnesspertutti,Grandi ragazzi 💙,1,SSCNapoli
LIVE | La conferenza stampa di Mister Antonio Conte alla vigilia di Hellas Verona - Napoli,2284,96499,636,@1raklieditz,El que meso os gay,0,SSCNapoli
#Anew3ra: From Napoli to the World,955,21818,52,@dangiov_,💙,2,SSCNapoli
LIVE | La conferenza stampa di Antonio Conte in vista di Napoli - Milan,1109,43384,148,@Giuseppe-yp2lf,Dopo un Calciomercato invernale così insufficiente ...è chiaro che lo Scudetto il Napoli non lo vuole vincere,4,SSCNapoli
"Thank you, Kvara!",7781,145584,489,@kekkomauro7,grazie di tutto🤍💙,3,SSCNapoli
From the World to Napoli: Natan,1415,30209,114,@jessicazanoli4446,ADORO questo ragazzo 💓,2,SSCNapoli
"""Amma faticà"": le prime parole di Antonio Conte da allenatore del Napoli",2761,64001,165,@gaetanonovelli1872,ANTONIO CONTE LALALALA,5,SSCNapoli
LIVE | La conferenza stampa di Antonio Conte in vista di Napoli - Cagliari,2650,99629,183,@BossGomorra,Conte rimarrai nella storia del calcio italiano!,0,SSCNapoli
HIGHLIGHTS | Roma - Napoli 0-1 | Serie A - 11ª giornata,1892,121870,173,@bootyclub9226,🍑🔥🍑🔥🍑🔥🍑🍑,0,SSCNapoli
#UCL | Eintracht - Napoli 0-2 | HIGHLIGHTS,2120,167913,94,@kongyangyang1972,Eintracht hooligans who rioted in Naples must realize how ugly their actions are.,0,SSCNapoli
HIGHLIGHTS | Empoli - Napoli 0-2 | Serie A - 24ª giornata,917,39500,95,@diegomontiel2891,Saludos forza Napoli,10,SSCNapoli
LIVE | La conferenza stampa di Mister Antonio Conte in vista di Napoli - Bologna,2668,117236,262,@lucabaldini1889,Gia finito?,1,SSCNapoli
LIVE | La conferenza stampa del Direttore Sportivo Giovanni Manna,2698,65563,405,@simonepalumbo5,Grande Direttore,1,SSCNapoli
LIVE | La conferenza stampa di Spalletti e Rrahmani alla vigilia di Napoli - Eintracht,851,26670,58,@DAN-wr1qw,"Hanno voluto salvare I tedeschi da un paliatone, ringraziate tedeschen kartophen",0,SSCNapoli
HIGHLIGHTS | Napoli - Juventus 5-1 | Serie A - 18ª giornata,4307,427588,381,@havana7864,Anche la  squadra primavera ha battuto la signora.bravi ragazzi!,1,SSCNapoli
EP. 1 | PhotoTale with Juan Jesus,1765,27578,142,@SNEEZY_MONTANA,TI AMIAMO JUAN 💙💙,3,SSCNapoli
HIGHLIGHTS | Juventus - Napoli 0-1 | Serie A - 31ª giornata,1742,167004,148,@nikoleo97,Vi amo 💙💙💙💙💙,7,SSCNapoli
#ConteCam | Napoli v Parma,1493,56672,68,@godfootball6478,Senza grinta 😂😂😂,0,SSCNapoli
NAPOLI VOICES | Ep. 1 | Dalla Nuova Caledonia a Napoli: storia di un amore a 17.000km di distanza,659,19891,27,@francescopeduto3899,Compra i giocatori e caccia i soldi,0,SSCNapoli
LIVE | La conferenza stampa di Mister Antonio Conte in vista di Lazio - Napoli,1177,38354,162,@angelodesantis-q1h,"In italia, c'è poca sportività e spesso i giornalisti sono faziosi e usano le parole per esaltare o affossare tecnici e calciatori. Le vittorie, come dice Conte, si costruiscono col lavoro, con l'armonia ed un accordo di gruppo, dove le idee ed i valori tecnici si possono esprimere e valorizzare. Noi viviamo una società che vive sull'io, perciò non è facile trasferire l'idea che  la vittoria è del gruppo, dove ognuno riesce ad esprimere il suo massimo, che ovviamente ha un valore diverso perché ognuno di noi esprime un potenziale tecnico, agonistico diverso.",0,SSCNapoli
LIVE | La conferenza stampa di Mister Antonio Conte alla vigilia di Hellas Verona - Napoli,2284,96499,636,@lucianoferriero2367,Ma perché non se ne va? Ah per i soldini,0,SSCNapoli
La conferenza stampa di Mister Spalletti alla vigilia di Napoli - Juventus,1617,65612,299,@اكرمحسن-ض5ج,اندومبلي جيسوس,0,SSCNapoli
THE GAME CHANGER | Il primo giorno in azzurro di Kevin #DeBruyne,6587,128382,322,@homelesssimpson1267,Hair gotta go ragazza,0,SSCNapoli
HIGHLIGHTS | Monza - Napoli 2-4 | Serie A 31ª giornata,670,33894,35,@JJ-gl8cg,Forza Napoli Sempre 💙💙💙💙,2,SSCNapoli
HIGHLIGHTS | Napoli - Roma 2-2 | Serie A 34ª giornata,204,6782,27,@vincenzoesposito591,Non mollate!,2,SSCNapoli
LIVE | La conferenza stampa di Mister Antonio Conte alla vigilia di Hellas Verona - Napoli,2284,96499,636,@micheladidomenicantonio,Videoooooo .....assente.,0,SSCNapoli
LIVE | La conferenza stampa di Mister Garcia alla vigilia di Napoli - Lazio,1352,55530,80,@francescoingenito9660,"Spalletti è un ottimo allenatore, Rudy è un signore!!!",0,SSCNapoli
HIGHLIGHTS | Napoli - Lazio 0-1 | Serie A - 25ª giornata,323,16135,72,@antoniodidonato165,Partit jucat bon s recuper semp Forz Napl semp,1,SSCNapoli
Drive&Talk: Ep. 1 - Giovanni Di Lorenzo | Il nuovo podcast della SSC Napoli,4456,75865,190,@saratazzi256,"Splendida iniziativa e splendido il Capitano che conferma di essere eccezionalmente umano e sincero, proprio una bella persona, esattamente come si intuiva da tanti piccoli gesti e interviste, una piacevolissima conferma.Grazie infinite per ogni minuto con la maglia azzurra,resterai per sempre il Capitano dello storico 3 scudetto  ma sappiamo che ci darai ancora tante soddisfazioni. Forza Napoli Sempre e comunque 💙 💙 💙 💙",1,SSCNapoli
LIVE | La conferenza stampa di Mister Antonio Conte in vista di Juventus - Napoli,2348,73665,150,@vincenzovastarelli6971,"Mister Conte sempre serio, professionale e soprattutto sincero! ForzaNapoliSempre",4,SSCNapoli
#WelcomeMister: Rudi Garcia racconta i primi momenti da allenatore degli azzurri,880,20198,71,@antimopietroluongo744,"Rudi sei un grande, noi siamo con te 1🤍💙💪",2,SSCNapoli
"A Christmas tale | 🎄 Our best wishes to all, from Napoli to the world",892,28800,73,@domenicomaiello3864,"Buon Natale amore mio, anche se mi fai tanto incazzare",1,SSCNapoli
HIGHLIGHTS | Sassuolo - Napoli 0-2 | Serie A - 23ª giornata,1959,165967,150,@M84-YT,"Ma da quando il gomito ed il braccio sono considerati parte del corpo con cui si può toccare la palla? Io sapevo la spalla, ma non il braccio e Lozano aveva solo il braccio ed il gomito in fuori gioco la spalla no. 
Comunque bella lettera scritta ad Inzaghi, se ha le palle deve denunciare subito questo scempio non scendere a patti con gentaglia del genere. Per quanto riguarda il discorso sui cori razzisti sui giocatori di colore, spero che la squadra intera (qualsiasi essa sia) a cui vengono rivolti questi cori, si fermi e si sieda in campo come protesta e non giochi più, a questo punto gli arbitri insieme all'AIA dovranno per forza prendere posizioni ed agire di conseguenza, perchè così non si può più andare avanti.",1,SSCNapoli
LIVE | La conferenza stampa del Presidente De Laurentiis,1913,76618,209,@antbal9367,"Non tifo Napoli bensì Inter , ma faccio anch ' io l ' imprenditore da tutta la vita e dico che ADL è sempre un piacere ascoltarlo . Persona illuminata , che ha avuto grande successo nella vita , unico in Lega ad avere le idee chiare su dove si dovrebbe andare  , insieme ad altri 19 che , o sono contigui al potere in essere , oppure semplicemente ignoranti in imprenditoria seria e di respiro internazionale . Fare una conferenza del genere con il giornalismo italiano è come dare le perle ai porci , visto il livello degli interlocutori . Ha anche grande pazienza verso coloro che gli si rivolgono in modo sgarbato , forse io li caccerei subito dal locale . Se lo tengano caro a Napoli , difficile che ne trovino un altro del genere . L ' unico difetto è che ogni tanto usa un accento romanesco  , che stona con la persona , che rimane di una certa classe .",2,SSCNapoli
Highlights | Napoli - Inter 1-1 | Serie A - 27ª giornata,481,26267,39,@nino5409,"Forza Ragazzi noi ci crediamo , per Daniele ! 💙💙💙",1,SSCNapoli
LIVE | La conferenza stampa di Mister Antonio Conte in vista di Inter - Napoli,1240,48634,93,@francescovarriale3636,"Una settimana intera a pensare una domanda per questi risultati, ma come si fa, il centro sportivo, lukaku ecc tutte cazzate..",3,SSCNapoli
"Skulls of Naples: presenting the ""special edition Halloween game""",900,16527,70,@TaTa-sts,💁‍♀Cajuste è molto simpatico 💙,0,SSCNapoli
HIGHLIGHTS | Napoli - Cremonese 3-0 | Serie A - 22ª giornata,1599,88237,132,@WallMap650,Auguri Kvara!💙💥,31,SSCNapoli
LIVE | La conferenza stampa di Antonio Conte in vista di Napoli - Empoli,946,37698,93,@alfonsozerlenga7867,E ti pareva che non c'era la domanda su quanto conta il sostegno del tifosi se devi fare stà domanda statt a casa,16,SSCNapoli
LIVE | La conferenza stampa di Mister Mazzarri alla vigilia di #AtalantaNapoli,2956,88915,128,@IM2Stars,Sono curiosissimo di vedere il Mazzarri 2.0 sulla panchina dei partenopei,0,SSCNapoli
HIGHLIGHTS | Juventus - Napoli 0-1 | Serie A - 31ª giornata,1742,167004,148,@Sar4.Rêkanî,Offf💔,1,SSCNapoli
The Way of The Warrior | Unveiling our Third Kit,1880,38838,114,@vincenzovastarelli6971,1’ visualizzazione! ForzaNapoliSempre💙,6,SSCNapoli
LIVE | La conferenza stampa di Mister Antonio Conte in vista di Napoli - Verona,2569,90438,266,@cristiansanapo4075,Secondo voi kvaratskhelia era veramente infortunato? Ha avuto veramente una ricaduta? Perché sennò hanno finto un infortunio perché aveva chiesto la cessione e ha saltato la partita contro la Fiorentina,1,SSCNapoli
“Sarò con te” - il film dello scudetto | TRAILER,4223,154805,245,@thesubstance26,DIO BASTARDO CHE BELLO,1,SSCNapoli
KDB si presenta: io e il Napoli abbiamo la stessa ambizione,4488,57533,194,@moSayed2003,🔵⚪,0,SSCNapoli
HIGHLIGHTS | Napoli - Lille 1-4,593,32642,98,@FranckSkywalker,"Dai ragazzi, mai mollare. Forza Napoli e auguri di buon natale a tutti voi",17,SSCNapoli
LIVE | La conferenza stampa del Presidente De Laurentiis,1913,76618,209,@antoniograsso1511,"Lo criticate come si il napoli ha lottato per anni per non retrocedere quando poi da quando è tornato in serie da 17 anni lotta per l'Europa e ha vinto 3 coppe italia , 1 supercoppa ,uno scudetto, quarto di finale di champions, semifinale di Europa league, ha portato giocatori come cavani e higuain, ha vinto contro city, Liverpool ecc. Ma che volete di più. Siete ingrati. Una squadra come la Roma spende ogni anno l'ira di dio e non vince un cazzo dal 2009.",5,SSCNapoli
KDB si presenta: io e il Napoli abbiamo la stessa ambizione,4488,57533,194,@UronDotty,Good luck 🇧🇪🔥,1,SSCNapoli
LIVE | La conferenza stampa di Mister Garcia e Di Lorenzo alla vigilia di Napoli - Real Madrid,1309,46768,66,@matteocoppola2385,Forza ragazzi . Credo in Voi💙,0,SSCNapoli
Highlights | Napoli - Modena 4-3 d.c.r. | Gli azzurri si qualificano ai sedicesimi di Coppa Italia,329,12144,27,@Marco-zw1ox,Potevate metterli tutti i rigori però,1,SSCNapoli
💙 SSC NAPOLI: Q&A CON VICTOR OSIMHEN | Presented by Betsson.Sport,425,10049,68,@tonymele923,Grande Victor 💙 sei nella storia cmq vada se lasci Napoli,2,SSCNapoli
From the World to Napoli: Ngonge,484,7412,18,@fra8771,sto povero ragazzo per farlo giocare dobbiamo aspettare altri 3 anni fin quando politano andrà via?,3,SSCNapoli
Stadio Maradona: le parole del Presidente De Laurentiis,1018,28393,173,@diegulins,ma l'interconnessione con il ponte di Messina?,0,SSCNapoli
La poesia di Natale degli azzurri!  #forzanapolisempre #fromnapolitotheworld #anew3ra,690,8900,22,@alessiaberre76,💙,1,SSCNapoli
"Thank you, Kvara!",7781,145584,489,@LeAKDri,un cane da soldi,0,SSCNapoli
Highlights | Udinese - Napoli 1-3 | Serie A - 16ª giornata,688,38144,50,@yohanesnasius1356,"Out Lukaku.., penalty not scored.., SERAHHHHHHHHHH Fuck",0,SSCNapoli
"Thank you, Kvara!",7781,145584,489,@Vincenzo_sscn1926,Grazie per sempre 💙,1,SSCNapoli
LIVE | La conferenza stampa di Mister Mazzarri alla vigilia di Juventus - Napoli,976,33071,71,@ROYALGOFFICIAL,FIDUCIA TOTALE!💙 Tempo al tempo e torneremo forti di nuovo forza mister,8,SSCNapoli
LIVE | La conferenza stampa di Mister Garcia alla vigilia di Frosinone - Napoli,1986,63908,97,@ignaziocasolla8870,BUONAFORTUNA A TUTTA LA SQUADRA E ALLA CITTA DI NAPOLI.    SI PARTE FORZA NAPOLI SEMPRE...,3,SSCNapoli
LIVE | La conferenza stampa di Mister Antonio Conte in vista di Napoli - Atalanta,1734,55529,109,@alberji,"A Napoli quando si vince è merito dell'allenatore, quando si perde è colpa del presidente. Quanta ignoranza, soprattutto nei media! Forza Napoli Sempre! P.s.: spendete due soldi anche per un fonico capace....serve, fidatevi.",0,SSCNapoli
GIOVANNI DI LORENZO | Lettera del Capitano ✍️,3078,56789,373,@luongorenato9840,💙💙💙,0,SSCNapoli
GIOVANNI DI LORENZO | Lettera del Capitano ✍️,3078,56789,373,@a.t.8738,My captain 🫡🔥🔥🔥🔥,0,SSCNapoli
HIGHLIGHTS | Roma - Napoli 0-1 | Serie A - 11ª giornata,1892,121870,173,@Francesco_Esposito,Kim ha fatto un partitone,6,SSCNapoli
"Emozioni, ambizione, mentalità: Napoli, Romelu Lukaku si presenta",5857,163832,302,@vincenzomaddaloni6300,Romelluuuuuu 💙,6,SSCNapoli
SSC Napoli Christmas cook-off - Ep. 2,3173,57534,139,@amadoubah6813,Nice,0,SSCNapoli
HIGHLIGHTS | Napoli - Cremonese 3-0 | Serie A - 22ª giornata,1599,88237,132,@اكرمحسن-ض5ج,ومادام من صنع الله فهو في أمان وسلام صناعه رب العرش العظيم فوق كل الصناعات,0,SSCNapoli
HIGHLIGHTS | Salernitana - Napoli 0-2 | Serie A 11ª giornata,520,15743,47,@IM2Stars,"Complimenti per la vittoria nel Derby, prestazione indecente da parte dei granata",1,SSCNapoli
Drive&Talk: Ep. 3 - Giovanni Simeone,1157,26208,95,@AzzurroFluido,Simeone dice NO ai soldi arabi. Secondo voi ha già una squadra pronta a prenderlo?,3,SSCNapoli
Drive&Talk: Ep. 1 - Giovanni Di Lorenzo | Il nuovo podcast della SSC Napoli,4456,75865,190,@annalauragala8067,ma di lorenzo lo sa io napoletano,0,SSCNapoli
LIVE | La conferenza stampa di Antonio Conte in vista di Napoli - Udinese,2542,76320,271,@stefanorusso3966,"Giordano, complimenti per l'ottima domanda",0,SSCNapoli
SSCN POV | #NapoliJuventus: storia di un dominio totale,3128,62247,209,@mauroverdoliva8240,P.L.P. (Pure Le Palle),0,SSCNapoli
GIOVANNI DI LORENZO | Lettera del Capitano ✍️,3078,56789,373,@equilibrio823,"Apprezzo le sue parole, tra l'altro doverose nei confronti di una tifosería che stava per vederlo passare alla Juve.....non in qualsiasi altro club. In ogni caso, non fare un discorso del genere rimanendo al Napoli sarebbe stato un vero suicidio sportivo, la prossima stagione sarebbe iniziata cosí come finí la scorsa, con una bordata di fischi. Detto ció, mi resta il dubbio che dopo le sue orribili prestazioni dell' europeo, la stessa Juve ci abbia ripensato...portandolo poi a rimanere a Napoli. Le parole se le porta via il vento, dovrá dimostrare in campo se ció che ha detto é vero o semplice frutto di circostanze e convenienza, se gioca come nell'ultimo anno....sará chiara qual'è la veritá (anche se riconosco che non é che sia stato aiutato molto). Vedremo.",0,SSCNapoli
The Diary | Chapter ten: #NapoliMilan,296,3557,13,@Beshnai,💙💙💙💙,1,SSCNapoli
HIGHLIGHTS | Napoli - Villarreal 2-3,2318,147481,190,@ago7856,Che emozione rivedere il Napoli,7,SSCNapoli
La conferenza stampa di Mister Spalletti alla vigilia di Napoli - Salernitana,771,26670,66,@artemisiobubani9216,"Finché non si è sicuri dell'artmetica vittoria, bisogna giocare per vincere tutte le gare, senza avere cali di concentrazione, perché alla fine si rischiano brutte figure",0,SSCNapoli
#UCL | Napoli - Eintracht 3-0 | HIGHLIGHTS,867,44785,44,@itsclamo743,praticamente lo stesso giorno in cui ha fatto la partita,3,SSCNapoli
THE GAME CHANGER | Il primo giorno in azzurro di Kevin #DeBruyne,6587,128382,322,@MikeLowrey-c6j,De Bruyne x McTominay partnership will be legendary,0,SSCNapoli
GIOVANNI DI LORENZO | Lettera del Capitano ✍️,3078,56789,373,@antoniodestefano3614,Ok. Adesso tutto alle spalle.  VOLIAMO !!!!!!! ❤ FORZA NAPOLI !!,1,SSCNapoli
#FromTheWorldToNapoli | Season 24/25 | Philip Billing,592,8106,41,@GabrieleMicillo,"Gran ragazzo, già che sa dire fratm per me ha fatto tutto, grande billing💙",19,SSCNapoli
LIVE | La conferenza stampa di Mister Mazzarri alla vigilia di Napoli - Genoa,586,21984,87,@A.s.A.9,Dela incompetente e presuntuoso,1,SSCNapoli
"From Napoli to the world, shout it out loud: no to racism.",644,6731,44,@Beshnai,"👏👏👏👏👏
Bravi ragazzi!! 💙💙💙💙",7,SSCNapoli
HIGHLIGHTS | Lazio - Napoli 0-0 | Serie A 22ª giornata,154,4813,39,@salvatoredilorenzo169,"Highlights, state scherzando vero!? Ci prendete per il culo vero!? 😂😂😂😂",0,SSCNapoli
Il Calendario Ufficiale 2023 della SSC Napoli,1247,22694,50,@emmanuelliberto6597,Primo,1,SSCNapoli
TANTO PE' CANTA I Ep. 01 I Guest: Amir Rrahmani,1143,28668,64,@alfonsoannunziata2914,Ciaoooo,2,SSCNapoli
La conferenza stampa di Mister Spalletti alla vigilia di Lecce - Napoli,695,23380,119,@giorgiomatera3395,"Grande spallettone, vinci e vai via da napoli. Questa citta non ti merita.....",0,SSCNapoli
From the World to Napoli: Ngonge,484,7412,18,@giampiero5791,Per me può fare la prima punta. Ciao Osimhen e grazie di tutto 👋🏼,1,SSCNapoli
Napul3 Campione D'Italia | La FESTA SCUDETTO allo Stadio Maradona,4416,154168,205,@raffaelealbano1130,"Gli altri potranno vincere mille champions,  mille scudetti, non proveranno mai le stesse emozioni....Napoli tutt'nata storia....una squadra una città....💙💙💙💙💙 Forza Napoli Sempre 💪💪💙💙💙💙💙",0,SSCNapoli
#FromTheWorldToNapoli | Season 24/25 | Billy Gilmour,769,12476,49,@robertobenedetto1443,"Billy, thank you for joining us! Hope you enjoy the best of the experience over here and the best of city!! Come on lads lets fight all together for the scudetto",23,SSCNapoli
"Welcome, Jesper #Lindstrøm! 💙",2472,27779,70,@URRareVT,"Jesper,Osimhen,Kvaratskhelia be a trio",42,SSCNapoli
PROUD TO BE NAPOLI | Excited to introduce our new brand manifesto,2606,78485,208,@ciroanat,Video e maglia perfetti 💙,2,SSCNapoli
HIGHLIGHTS | Salernitana - Napoli 0-2 | Serie A - 19ª giornata,1118,89718,87,@Nap462,💙💙💙💙💙💙,1,SSCNapoli
#UCL | Napoli - Eintracht 3-0 | HIGHLIGHTS,867,44785,44,@Sahala.412,Napoli win Serie A and Champions League. Maradona smile from above.,0,SSCNapoli
HIGHLIGHTS | Napoli - Villarreal 2-3,2318,147481,190,@raffo9941,I giocatori del villareal che protestano,0,SSCNapoli
SSC Napoli Christmas cook-off - Ep. 1,6405,129455,327,@tifosadelnapoli7833,SPERO SOLO CHE I ragazzi invece del dolce di natale li fanno a forma di scudetto forza napolillllllllll,0,SSCNapoli
LIVE | La conferenza stampa di Antonio Conte in vista di Como - Napoli,1301,54393,202,@archgiuseppebarra,Non capisco perché l'audio è sempre basso.,0,SSCNapoli
HIGHLIGHTS | Napoli - Lille 1-4,593,32642,98,@Ilgamer93,Speriamo contro l'Inter giochiamo bene,1,SSCNapoli
#BolognaNapoli: il film del match,502,9136,18,@EdIS-SK,Sering lah ada short kaya gini jd bagus makin seru liat aksi² gol Napoli,1,SSCNapoli
LIVE | La conferenza stampa del Direttore Sportivo Giovanni Manna,2698,65563,405,@IvanPolicastro,"Che bello avere finalmente un direttore sportivo che ci mette la faccia, che sa comunicare in modo serio e professionale come non si era mai visto in tutta l’era ADL. Forse solo Bigon aveva queste caratteristiche. 

Chapeau!",8,SSCNapoli
KDB si presenta: io e il Napoli abbiamo la stessa ambizione,4488,57533,194,@raffaelestingo9506,"È qualcosa di paradisiaco vedere Kevin con noi, nella nostra squadra e nella nostra città 💙💙",17,SSCNapoli
"Thank you, Kvara!",7781,145584,489,@user-Samael696,Grazie Kvara,10,SSCNapoli
Napul3 Campione D'Italia | La FESTA SCUDETTO allo Stadio Maradona,4416,154168,205,@vincenzosalerno2555,"Piango e godo allo stesso tempo,non possiamo spiegarvelo tutto questo! TI AMO NAPOLI💙",20,SSCNapoli
GIOVANNI DI LORENZO | Lettera del Capitano ✍️,3078,56789,373,@partenopeo6486,"Giovanni Di Lorenzo, ora mostra il tuo amore anche quando ci vedrai sul campo, ti aspettiamo ! 💙💙💙",3,SSCNapoli
LIVE | La conferenza stampa di Mister Garcia alla vigilia di Bologna - Napoli,1012,46295,158,@giovannifelaco2759,"Una squadra campione d'Italia senza nemmeno un difensore degno di tale nome.
Male male",4,SSCNapoli
HIGHLIGHTS | Napoli - Atalanta 2-0 | Serie A - 26ª giornata,2951,250201,164,@toninepunticiell9724,Cara atalanta anche questo esame è andato male domani tutti i calciatori accompagnati dai genitori da Spalletti,0,SSCNapoli
"Uagliù, Napoli is in #FC25 🩵",3048,98656,156,@gigitv-_-8116,WAR IS OVER,20,SSCNapoli
#AGAIN | Il fumetto della stagione,1015,15588,76,@DenilsonSuyocopa,Y cuando suben la presentación de Kevin de bruyne,0,SSCNapoli
Drive&Talk: Ep. 5 - Giacomo Raspadori,1289,32237,66,@StevenBurke-nq2rb,"Typical now khvicha kvaratskhelia what's out, last week he said he loved Napoli, the city the fans and the club, now he's saying he wants Champions league football, crap he wants PSG'S 10million a year salary, gone are the days when players showed loyalty, I remember when Gabriel Batistuta stayed at Fiorentina when they went relegated, no khvicha what's easy medals and huge salary",0,SSCNapoli
Highlights | Fiorentina - Napoli 0-3 | Serie A - 19ª giornata,686,20233,45,@pasqualecostanzo32,FORZA NAPOLI 💙,8,SSCNapoli
HIGHLIGHTS | Napoli - Cremonese 3-0 | Serie A - 22ª giornata,1599,88237,132,@اكرمحسن-ض5ج,تعهد ونحن على ثقه تامه في القياده الصينية بأن يكون محايدا ويدعوا إلى إحلال السلام بين المظلومين المقهورين المضهدين في اوكرانيا والغزاه الظلمى الجورا في روسيا,0,SSCNapoli
#FromTheWorldToNapoli | Season 24/25 | Romelu Lukaku,2218,43079,74,@ludovicoariosto5714,💙💙,0,SSCNapoli
#UCL | Eintracht - Napoli 0-2 | HIGHLIGHTS,2120,167913,94,@Beshnai,"Prestazione importante che guarda al futuro, grazie Napoli 💙💙💙",11,SSCNapoli
"A Napoli, aMMore si scrive con due M | Auguri dalla SSC Napoli 🎄",1851,52890,160,@giancarlocaputo9121,"Belle parole, grazie di vero cuore, buon natale anche a te e famiglia ed a tutta la squadra e le loro famiglie, al nostro mister e la sua famiglia ad oriali e famiglia ed a tutto lo staff e magazzinieri e naturalmente le loro famiglie, ed a noi tutti dal cuore azzurro, Forza Napoli Sempre 💙",3,SSCNapoli
"A Christmas tale | 🎄 Our best wishes to all, from Napoli to the world",892,28800,73,@marioantonioni1858,Buon natale 💙,1,SSCNapoli
Sorrisi in consegna,2662,45421,155,@devonyardi5773,Merry Christmas to Napoli..... Forza Napoli,3,SSCNapoli
💙 SSC NAPOLI: Q&A CON VICTOR OSIMHEN | Presented by Betsson.Sport,425,10049,68,@federicoguadagno7,❤,0,SSCNapoli
LIVE | La conferenza stampa di Mister Garcia in vista di Napoli - Fiorentina,598,22303,49,@matteonugnes,giuffredi ciuccia,0,SSCNapoli
THE GAME CHANGER | Il primo giorno in azzurro di Kevin #DeBruyne,6587,128382,322,@hateprotoss,Wow the dominance of northern Italian clubs is shattering,0,SSCNapoli
HIGHLIGHTS | Napoli - Sassuolo 4-0 | Serie A - 12ª giornata,2133,150339,155,@Sheriffhaidra,S S C Napoli We The Best A Fan from Sierra Leone Love You Guys Keep It Up,0,SSCNapoli
LIVE | La conferenza stampa di Mister Garcia alla vigilia di Frosinone - Napoli,1986,63908,97,@luigilapasta549,Dai dai Napoli straccia pure quest'altro campionato forza Napoli sempre,1,SSCNapoli
Drive&Talk: Ep. 2 - Matteo Politano,1907,41390,102,@SebastianoAmbrosino,La prossima ci sarà di sicuro meret o gollini,0,SSCNapoli
Antonio Conte is typing... 💬 #ConTe,1702,25973,62,@conevskipetar4098,MISTEEEEERRRR BENVENUTOOOO,1,SSCNapoli
LIVE | La conferenza stampa di presentazione dei ritiri estivi 2024,469,21212,27,@francesco6626,Sul canale ufficiale della società....12 commenti...Auré renditi conto di quello che hai combinato questo anno,1,SSCNapoli
"A Napoli, aMMore si scrive con due M | Auguri dalla SSC Napoli 🎄",1851,52890,160,@ares2336,Bravi sti attori😂...forza Napoli sempre💙,1,SSCNapoli
HIGHLIGHTS | Bologna - Napoli 0-0 | Serie A 5ª giornata,189,14697,59,@steffy00786,Sarò con te ma tu non devi mollare! 💙 Forza Napoli Sempre 💪,0,SSCNapoli
LIVE | La conferenza stampa di Mister Garcia alla vigilia di Bologna - Napoli,1012,46295,158,@Antonio.corduas,Garcia la formazione,0,SSCNapoli
"Thank you, Kvara! Tutti I gol e gli assist in #SerieA",1100,16306,81,@doctorapp5666,Chi Ama non Dimentica! Grazie ❤,22,SSCNapoli
LIVE | La conferenza stampa di Mister Garcia alla vigilia di Bologna - Napoli,1012,46295,158,@arturoromano7506,Forza Rudi Garcia 💙💙💙💙💙,0,SSCNapoli
La conferenza stampa di Mister Spalletti alla vigilia di Sampdoria - Napoli,813,24957,90,@luigifranzese8099,"Nonostante la sconfitta ricompattiamoci per domani che non sarà una trasferta facile. ""MAI SOTTOVALUTARE NESSUNO""; Forza Napoli sempre 💙💙💙💙💙.",10,SSCNapoli
EP. 1 | PhotoTale with Juan Jesus,1765,27578,142,@WallMap650,💙,2,SSCNapoli
LIVE | La conferenza stampa del Direttore Sportivo Giovanni Manna,2698,65563,405,@antoniodeganutti3429,Bravo,0,SSCNapoli
Drive&Talk - Juan Jesus,632,12250,64,@Patrizia.26,Come mai l'auto non rallenta e non si ferma mai?,0,SSCNapoli
HIGHLIGHTS | Napoli - Roma 2-1 | Serie A - 20ª giornata,2088,230743,169,@MarcoAveta,"Vorrei solo dire al Signor Giovanni Simeone, che é la terza volta che mi fa piangere questa stagione. 😘
Teng' o core dint' o zuccher.
Grazie di tutto a tutti.
Se stu suonne torn'a Maggio pur'je a Maggio stonc'lá.
💪🏿💙♾️
Marco da Carlisle 🇬🇧",11,SSCNapoli
HIGHLIGHTS | Roma - Napoli 0-1 | Serie A - 11ª giornata,1892,121870,173,@dariodavino4600,"Nessuno lo ha detto, ma anche Rui Patricio sul goal non ci ha capito niente e la battezza fuori togliendo di fatto la mano",0,SSCNapoli
La conferenza stampa di Mister Spalletti alla vigilia di Lecce - Napoli,695,23380,119,@IOAMOGESUE,"Se ci sarà un altro "" caso pantani"" , bisogna denunciare il sistema juve/mafia/ scommesse, ma tanto, con i milioni loro pagano il Vs silenzio",0,SSCNapoli
Voices breaking silence. Napoli e Juan insieme contro ogni forma di razzismo,1096,16083,83,@fapri_,Mohamed è chiù napulitan e Mazzocchi. Fratm!,35,SSCNapoli
LIVE | La conferenza stampa di Mister Antonio Conte in vista di Napoli - Bologna,2668,117236,262,@matteocoppola2385,Conte vai via finché sei in tempo,2,SSCNapoli
HIGHLIGHTS | Sassuolo - Napoli 1-6 | Serie A 21ª giornata,580,18616,42,@Nomad_783,meret should never ever start for this team...,0,SSCNapoli
La conferenza stampa di Mister Spalletti alla vigilia di Salernitana - Napoli,762,25168,60,@Vincenzo_sscn1926,Mister siamo sempre con la squadra unico obbiettivo 💪💙 Forza Napoli Sempre,1,SSCNapoli
Highlights | Juventus - Napoli 0-0 | Serie A - 5ª giornata,357,8766,31,@davideneno10,"Cmq grande Lombardo che ha ricordato il passaggio di Chiellini. Basta poco per farsi amare signor Lombardo, per favore continuate così. FnS💙",0,SSCNapoli
LIVE | La conferenza stampa di Mister Garcia e Raspadori alla vigilia di Napoli - Union Berlino,602,23549,29,@brokenocci,Grandissimo Opta Lombardo,0,SSCNapoli
LIVE | La conferenza stampa di Mister Calzona e Di Lorenzo alla vigilia di Napoli - FC Barcelona,1641,51247,101,@luisariel6031,Forza Calzona.. Bentornato.. Siamo con te,15,SSCNapoli
LIVE | La conferenza stampa di Mister Garcia alla vigilia di Napoli - Lazio,1352,55530,80,@valentinoparisi3852,Forza NAPOLI 💙,7,SSCNapoli
"Emozioni, ambizione, mentalità: Napoli, Romelu Lukaku si presenta",5857,163832,302,@alessandrocastellano4221,Come uomo vali 0 dopo quello che hai fatto l'anno scorso,0,SSCNapoli
Drive&Talk - Pasquale Mazzocchi,1376,30778,80,@Squallleon1989,"""Il calcio nella vita resta poco, dopo resta l'uomo"" sij bell Pako",0,SSCNapoli
HIGHLIGHTS | Napoli - Sassuolo 4-0 | Serie A - 12ª giornata,2133,150339,155,@sergiob9810,hattrick di victoooor💙,2,SSCNapoli
PROUD TO BE NAPOLI | Excited to introduce our new brand manifesto,2606,78485,208,@ZioCreepy,Forza Napoli,4,SSCNapoli
LIVE | A new 3ra has come,4452,106975,57,@faceass4559,MSC 980.000.00€ di debito come fa a fare da sponsor?,0,SSCNapoli
Lezioni di Napoletano I Ep. 02 I Gaetano e Simeone,1263,40820,55,@Miendos,Gaitano comunque se la cava meglio di molti suoi colleghi compaesani.,0,SSCNapoli
PROUD TO BE NAPOLI | Excited to introduce our new brand manifesto,2606,78485,208,@brunobrunetti5047,La fantastica voce di Antonio Fontana a 0:14 💙💙💙💙💙,1,SSCNapoli
PRESS CONFERENCE | Di Lorenzo e Manna,846,23594,129,@jotemerario8206,Ma stu cazzon sta semp miez,0,SSCNapoli
LIVE | La conferenza stampa di Mister Antonio Conte in vista di Napoli - Verona,2569,90438,266,@maurizioimperatore3040,"Secondo me non perdiamo nulla, ma soprattutto KVRA andrà al Real, City, Barca? No come Cavani, Lavezzi al PSG per vincere cosa?",1,SSCNapoli
The Way of The Warrior | Unveiling our Third Kit,1880,38838,114,@AngelaTorre-xb5np,"Quando mi arriverà questa maglietta sarò più povera ma per il mio Napoli questo e altro, vi amo ragazzi ❤❤ forza Napoli sempre 💙💙💙",3,SSCNapoli
LIVE | La conferenza stampa di Mister Antonio Conte in vista di Udinese - Napoli,706,32027,99,@phoenix7887,nessuno che abbia le p@lle di domandargli perche' sia voluto uscire dalla coppa italia...,3,SSCNapoli
PARTENOPE JERSEY | The voice of the sea,1141,25385,100,@philippwurm39,Nice One,2,SSCNapoli
#ConteCam | Napoli v Parma,1493,56672,68,@salvatoreapicella7873,Gruppo e partecipazione 💙💪😉,0,SSCNapoli
HIGHLIGHTS | Napoli - ASD Anaune Val di Non 6-1,1911,119169,91,@REVOLT_OFFICIAL._,Coli Saco?🥱,0,SSCNapoli
HIGHLIGHTS | Napoli - Empoli 0-1 | Serie A 12ª giornata,189,12980,33,@M84-YT,"Mi chiedo chi potrebbe prendere il posto di Garcia a questo punto.🤔 Comunque confermo che chiunque giocatore ed allenatore giochi ed alleni il Napoli c'è sempre questo handicap contro le squadre di media e bassa classifica. Ricordo perfettamente la bella mazzata che abbiamo preso proprio ad Empoli, ad Empoli, 4 a 2 per loro e c'era Sarri tra l'altro ad allenare l'Empoli, se non ricordo male era l'anno prima che arrivasse ad allenare il Napoli.
Ê inutile far finta di cadere dalle nuvole, il Napoli nostro è sempre stato questo, io non me la prendo più di tanto, in 30 anni che lo tifo ne ho viste di cotte e di crude e sarà, purtroppo sempre così, fino a quando non arriva l'allenatore giusto come Spalletti, che è stata solo una bellissima goccia in mezzo ad un Oceano.",3,SSCNapoli
#AGAIN | Il fumetto della stagione,1015,15588,76,@luigisavio6477,"Che vi costava ingaggiare il mangaka di Capitan Tsubasa o di Inazuma Eleven per fargli scrivere questo fumetto in versione manga? Mannaggia a voi!😈😈

Vabbeh tanto me lo compro a priori",0,SSCNapoli
Stadio Maradona: le parole del Presidente De Laurentiis,1018,28393,173,@phoenix7887,Se ho capito bene la sua idea sarebbe quella di sfruttare fondi dello stato. Mica li vuole cacciare lui i soldi. Il centro commerciale poi…😂😂🤡,0,SSCNapoli
NAPOLI’S GOT COFFEE | ep.1 | Gaetano vs Contini,1116,27834,36,@vincenzocapparello3194,"Gaetano ha proprio accusato 😅 
Verdetto ineccepibile, il caffè non va mai schiacciato.
Complimenti a Contini !😊",1,SSCNapoli
EP. 1 | PhotoTale with Juan Jesus,1765,27578,142,@emanueleiannuale6652,Quanto ti adoro Juan sei è rimarrai un grande difensore ti stai meritando la maglia da titolare continua cosi è Sempre Forza Napoli  💙,0,SSCNapoli
Drive&Talk - Pasquale Mazzocchi,1376,30778,80,@Etrusco75,top,0,SSCNapoli
LIVE | La conferenza stampa di Mister Garcia alla vigilia di Frosinone - Napoli,1986,63908,97,@Alberto-21,Buona fortuna mister e Forza Napoli Sempre 💙,4,SSCNapoli
LIVE | La conferenza stampa di Mister Mazzarri alla vigilia di #AtalantaNapoli,2956,88915,128,@paolocioffi8141,Vai Walter💙💙💪,2,SSCNapoli
HIGHLIGHTS | Napoli - Juventus 5-1 | Serie A - 18ª giornata,4307,427588,381,@jhonyterranova53,Y el Chucky Lozano?,0,SSCNapoli
LIVE | La conferenza stampa del Presidente De Laurentiis al termine di Napoli - Monza,687,23371,96,@ziotit9992,Grande uomo,1,SSCNapoli
HIGHLIGHTS | Napoli - Villarreal 2-3,2318,147481,190,@ЭльдарКортни,"Защита решето...могли бы еще три пропустить..эксперименты Спаллети....Ндобеле,Есус и ...не стартового состава....",3,SSCNapoli
Napul3 Campione D'Italia | La FESTA SCUDETTO allo Stadio Maradona,4416,154168,205,@manuelasoldi5984,"Non sono di Napoli,ma questa squadra mi ha regalato,quest'anno ,una grandissima emozione.Una delle città più belle del mondo!!!",93,SSCNapoli
LIVE | Le conferenze stampa post gara di Napoli - Milan,254,7843,20,@VittorioBalbi1962,Grande Spalletti ❤,0,SSCNapoli
Highlights | SIAMO CAMPIONI D'ITALIA | Napoli - Cagliari 2-0 | Serie A - 38ª giornata,1127,43155,102,@dangiov_,💙,0,SSCNapoli
LIVE | La conferenza stampa di Antonio Conte in vista di Napoli - Empoli,946,37698,93,@alfonsozerlenga7867,Non ti fidare Conte lempoli se la gioca sta squadra cià sempre messo in difficoltà,0,SSCNapoli
"Tanti auguri di buon compleanno, Presidente!",675,12187,55,@cirocrafa5244,"MAGGIO 2023. NAPOLI.  AUGURI !  BUON COMPLEANNO ! PRESIDENTE SIG. AURELIO DE LAURENTIIS. SI CURI BENE ! ESSENDO LEI  ANZIANO E CARDIOPATICO. GRAZIE PER TUTTO !  LO SCUDETTO DELLA CITTA' ! LEI VOLEVA FARE IL TRIPLETE. SCUDETTO, CHAMPIONS LEAGUE, E COPPA ITALIA. INVECE NO ! PAZIENZA ! CHISSA' IN FUTURO ! IO SONO CRESCIUTO DA BAMBINO A MILANO. MA IL MIO CUORE SEMPRE PER IL NAPOLI ! FINCHE' VIVRO' ! SONO UN UOMO ANCORA GIOVANE. NAPOLI MERITAVA PIU' SCUDETTI E QUALCHE EX COPPA DEI CAMPIONI. PER ORA VA BENE COSI'. IN FUTURO SI VEDRA'. LUNGA VITA PRESIDENTE ! GRAZIE ! DI NUOVO AUGURI ! FORZA NAPOLI SEMPRE ! 👍🇮🇹🥇⚪💙⚽🎂💯🎊🎉🍾🎁",0,SSCNapoli
HIGHLIGHTS | Napoli - Juventus 5-1 | Serie A - 18ª giornata,4307,427588,381,@구멍가게주인님,"Most soccer broadcasts are watched for the fun of watching the attackers, but after Kim Min-jae appeared, I got into the habit of only watching the defenders.",7,SSCNapoli
HIGHLIGHTS | Napoli - Roma 2-1 | Serie A - 20ª giornata,2088,230743,169,@nada6710386,"Anche in Corea si tifa Napoli Scudetto per la prima volta dopo 33 anni. È troppo difficile da guardare perché ci sono molte partite mattutine, ma...😅😅😅",50,SSCNapoli
"The #Conte Mentality: ""testa bassa e pedalare""",1144,22279,66,@X_x_Danny_x_X,bello questo montaggio !!,1,SSCNapoli
LIVE | La conferenza stampa di Mister Antonio Conte in vista di Roma - Napoli,1720,62823,137,@MorningStar27588,Mister sei un grande.,1,SSCNapoli
LIVE | La conferenza stampa di Mister Mazzarri alla vigilia di Napoli - Genoa,586,21984,87,@lisaesara-01722,"Cambio presidente e allenatore !!!
Più rispetto per i tifosi",3,SSCNapoli
"Emozioni, ambizione, mentalità: Napoli, Romelu Lukaku si presenta",5857,163832,302,@linavernaccia2188,Bellissimo video GRAZIE mamma mia come sono gasata 🤩🤩🤩🤩💙💙💙💙💙,0,SSCNapoli
Memorie di un ritiro | #CasteldiSangro2023 | Day 14 | powered by eBay.it,620,10959,32,@aghoghodavide8072,Forza Juve fino alla fine,1,SSCNapoli
GIOVANNI DI LORENZO | Lettera del Capitano ✍️,3078,56789,373,@THEBESTNAPLES,Chi come me qui nel 2025 e il napoli e primo 😍💙,0,SSCNapoli
Le dichiarazioni del Presidente De Laurentiis al SSC Napoli Konami Training Center,771,26092,114,@fabiovivo1310,Sei sempre il N1......,1,SSCNapoli
#MomentidaStadio | Napoli v Inter,399,5333,21,@rosariafiorillo9771,"Forza guerrieri azzurri..voi ci regalate la gioia pura..onesta.. contrariamente alla falsa gioia delle altre squadre (Inter.. Juventus e Milan).. xké la loro gioia è da disonesti e vergognosa..loro non giocano  x lo sport vero ma x il loro brand..i loro presidenti si comprano arbitri.squadre..e giornalisti..noi lottiamo e vinciamo buttando il sangue..con il nostro solo sudore e come dice il mister con la ""tigna""..da 30anni siete nel mio cuore e di gioie so che me ne darete ancora tante... un'altra è prossima❤🎉",0,SSCNapoli
Nuovo episodio di Drive&Talk sul nostro canale! 😍,288,10313,7,@FUTEDİT199,Hello kdb,0,SSCNapoli
LIVE | La conferenza stampa di Mister Antonio Conte in vista di Napoli - Atalanta,1734,55529,109,@cristofaroviscardi5377,Occhio Mister l'Atalanta è forte bisogna fare attenzione... fa' tanti goal tieni in tiro la difesa tutta,11,SSCNapoli
#FeelingGood | I primi momenti di Scott McTominay in azzurro!,3752,128998,268,@brandonfullmoon,Ti vogliamo già bene...Dio ti benedica... farai bene sei un'ottimo GIOCATORE 🙂⚽🎊,0,SSCNapoli
Roma - Napoli 1-1 | Serie A - 23ª giornata,196,4954,18,@Daniele-r2g,"Troppi errori ,nel secondo tempo il napoli è calato ,non mi sono piaciute gli ultimi due cambi ,neres giocava troppo indietro .tomeni ha sbagliato da fuori area due tiri da fuori area.",0,SSCNapoli
LIVE | La conferenza stampa di Mister Antonio Conte alla vigilia di Hellas Verona - Napoli,2284,96499,636,@dawitabraha6530,"💥 Conte sa il fatto suo e lo dimostra ogni volta che parla! 💪 La sua chiarezza è una garanzia per tutti noi tifosi. 
Nonostante le difficoltà, ha tirato fuori il massimo da questo precampionato, considerando la rosa a disposizione. L’entusiasmo è ancora basso, come l’anno scorso, ma ricordiamoci che siamo solo all’inizio di un progetto che richiede tempo e pazienza.

Il mercato estivo è ancora aperto e dobbiamo avere fiducia nel lavoro di questo grande professionista.

🙏 Calma e sangue freddo! 
FORZA NAPOLI SEMPRE! 💙🔥",1,SSCNapoli
LIVE | La conferenza stampa alla vigilia di Napoli - Rangers,785,22066,34,@aurorarizza4380,un grande argentino,0,SSCNapoli
From the World to Napoli: Lindstrom,607,8296,57,@linavernaccia2188,Grande lind FNS 💙💙💙💙,0,SSCNapoli
HIGHLIGHTS | Napoli - Cagliari 2-1 | Serie A 16ª giornata,714,99874,63,@JodiePat-h8m,I love this ❤,1,SSCNapoli
"Emozioni, ambizione, mentalità: Napoli, Romelu Lukaku si presenta",5857,163832,302,@LuisTambo-j6t,😂😂😂 lakaka e la sua mentalità.. sarà quella sul voodoo 😂🤡🙏,1,SSCNapoli
LIVE | La conferenza stampa di Mister Garcia alla vigilia di Bologna - Napoli,1012,46295,158,@gxgamer3919,Vatten lotaaaaas,0,SSCNapoli
La conferenza stampa di Mister Spalletti alla vigilia di Napoli - Juventus,1617,65612,299,@giuseppeceniccola2245,Ma e' cosi' difficile Biglietti Esauriti  ! Al posto dello stupido sold haut  😤,1,SSCNapoli
Napoli 3-0 Empoli | Serie A - 32ª giornata,401,9760,31,@AntonioNescotti,💙💙💙,0,SSCNapoli
LIVE | La conferenza stampa di Antonio Conte in vista di Napoli - Genoa,1543,55745,72,@jus7rememberz134,"Avanti tutta! Forza, siamo con voi💙",2,SSCNapoli
HIGHLIGHTS | Napoli - Girona 1-1 (4-2 d.c.r.),1364,88457,144,@LCpjhggfgd,"Forza Napoli! From Los Angeles, CA!",22,SSCNapoli
"È lei ‘𝙤 𝙥𝙧𝙞𝙢𝙢𝙤 𝙖𝙢𝙢𝙤𝙧𝙚, la maglia del Napoli! ❤️‍🔥",833,14581,95,@marcello3452,Senza bacio era anche bella... Ma così è proprio cuozza,0,SSCNapoli
#FeelingGood | I primi momenti di Scott McTominay in azzurro!,3752,128998,268,@adamlax27,Good luck Scott! From the Cecil Ave massive 😂,0,SSCNapoli
LIVE | La conferenza stampa di Antonio Conte in vista di Napoli - Milan,1109,43384,148,@christiannanetto436,Il microfono.... aggiustatelo,3,SSCNapoli
HIGHLIGHTS | Napoli - Atalanta 2-0 | Serie A - 26ª giornata,2951,250201,164,@박성준-l1x,나폴리 이제 6경기만 이기면 우승 확정?,0,SSCNapoli
"LUKAKU SEGNA ALL'ESORDIO, ANGUISSA COMPLETA L'OPERA | Napoli - Parma 2-1 | Serie A - 3ª giornata",993,37943,119,@IL_MONDO_DEL_CALCIO_1926,Mamma mia Meret alla fine 😂😅💙,2,SSCNapoli
LIVE | La conferenza stampa del Presidente De Laurentiis,1913,76618,209,@SalvatoreAntoine,"GRANDE PRESIDENTE.
L'unica cosa che funziona a napoli e sti ignoranti si permettono anche di ingiuriarlo.",0,SSCNapoli
#FromTheWorldToNapoli | Season 24/25 | Alessandro Buongiorno,2469,37152,141,@valerioamendola96,Mamma mia che giocatore e che spessore !,7,SSCNapoli
SSC Napoli Christmas cook-off - Ep. 1,6405,129455,327,@globodetexto.,Chef + Napoli 💙 in hboMax 😂😂,3,SSCNapoli
I Campioni d’Italia tornano a casa! 🫶 | Stasera: Napoli - Sassuolo,895,16647,63,@nello9628,almeno voi in campo vedete di difenderlo con le unghie che ai piani alti non sembra quella l'intenzione,1,SSCNapoli
La conferenza stampa di Mister Spalletti alla vigilia di Torino - Napoli,700,27908,106,@francescomauriello7953,1000 x 3500,0,SSCNapoli
SSCN POV | #NapoliMilan: il Diavolo si arrende all'inferno del Maradona,665,9298,53,@Beppuz79,Grazie ragazzi💪...FNS💙,2,SSCNapoli
GIOVANNI DI LORENZO | Lettera del Capitano ✍️,3078,56789,373,@antoniodemarco4396,"Bel gesto ,quanta umiltà ,dimostrazione di essere un professionista nella vita e nel calcio ,io credo in te MIO CAPITANO 💙🤍",0,SSCNapoli
LIVE | La conferenza stampa di Mister Calzona in vista di Napoli - Roma,461,16504,73,@cosimoparrella6529,Ma arritirat pop ma c cazz r allenatore si via da napoli!!!!!!,0,SSCNapoli
LIVE | La conferenza stampa del Direttore Sportivo Giovanni Manna,2698,65563,405,@7586Fabio,Grandissima conferenza stampa! Alla faccia delle civette nostrane! Grande direttore! Ho notato la mancanza di sportitalia... muahahahah...piscitiello & co sono stati schifati. Assafà!❤,5,SSCNapoli
"“Sarò con te”, il film dello scudetto - Biglietti ora in vendita | TRAILER 2",2031,71690,153,@dadi4399,Annata storica cancellata in parte da questa infamia,0,SSCNapoli
HIGHLIGHTS | Udinese - Napoli 1-1 | CAMPIONI D’ITALIA | Serie A - 33ª giornata,1021,51508,67,@aledd29,"È stata una serata meravigliosa, grazie per aver  fatto realizzare questo fantastico sogno. Vi amo ragazzi💙 Forza Napoli sempre 💙💙💙💙💙💙💙",8,SSCNapoli
La conferenza stampa di Mister Spalletti alla vigilia di Napoli - Udinese,739,20368,69,@Nap462,💪💪💪,1,SSCNapoli
HIGHLIGHTS | Torino - Napoli 0-4 | Serie A - 27ª giornata,2159,180438,171,@BogaTalksFootball9258,Happy for Ndombele enjoying his career again.Forza Napoli,8,SSCNapoli
HIGHLIGHTS | Crystal Palace - Napoli 1-3,2109,149196,106,@ЭльдарКортни,"Молодец Распадори,меняет позиции,всегда нацелен на атаки и на удар по воротам...так же и Политано это дает результат...если не бить по воротам то мяч сам не залетит...",1,SSCNapoli
HIGHLIGHTS | Atalanta - Napoli 1-2 | Serie A - 13ª giornata,1278,110132,115,@desmondhume5528,"Forza Napoli sempre 💙
Grande Meret",15,SSCNapoli
LIVE | La conferenza stampa di Antonio Conte in vista di Napoli - Udinese,2542,76320,271,@edoardofiorani7247,Con Conte il Napoli fara' il salto di qualita' mentale e vincente.,0,SSCNapoli
LIVE | La conferenza stampa di Mister Antonio Conte in vista di Napoli - Como,2140,65613,135,@lucamignano3278,Mammamia che personalità è che esperienza ...il nostro amato Mister fa conferenze di altissimo livello mai viste fino ad ora ma non solo a Napoli....!!!!,3,SSCNapoli
"Emozioni, ambizione, mentalità: Napoli, Romelu Lukaku si presenta",5857,163832,302,@francescoconte7521,Biggggg,3,SSCNapoli
"Uagliù, Napoli is in #FC25 🩵",3048,98656,156,@bianconero_forever,"Da juventino felice che siano state aggiunte il Napoli e la Roma così e un gioco più realistico, non si poteva vedere gli scudetti le maglie e gli stadi, più carriere disponibili da fare",8,SSCNapoli
Rafa has a message to you...,1278,18957,20,@cg8168,Welcome to Napoli.,1,SSCNapoli
LIVE | La conferenza stampa di presentazione di Mister Rudi Garcia,3601,136137,186,@antoniooutsider1214,Una bella persona!  In bocca al lupo Mister 💙💙💙,0,SSCNapoli
SSC Napoli Christmas cook-off - Ep. 1,6405,129455,327,@vincinomatterwhat899,Ma il primo piano su Spalletti vale oro 😂😂😂😂😂,2,SSCNapoli
GIOVANNI DI LORENZO | Lettera del Capitano ✍️,3078,56789,373,@masterprocrastinator007,I'm a Napoli fan and the letter sounds extremely naive...How could he think about Juve is beyond me. I wish him all the best but the damage is done... : - /,0,SSCNapoli
HIGHLIGHTS | Napoli - Juventus 5-1 | Serie A - 18ª giornata,4307,427588,381,@danielemastriale7983,"Sono tifoso del Napoli e non sarò di parte, ma ce lo meritiamo noi di vincere il campionato.",24,SSCNapoli
"Thank you, Kvara!",7781,145584,489,@alessandroschena3557,Da juventino posso solo dire che è un giocatore fenomenale e mancherà alla seria a una stella come lui,22,SSCNapoli
SSCN POV | #NapoliMilan: il Diavolo si arrende all'inferno del Maradona,665,9298,53,@saratazzi256,"Strepitose queste clip, ci fanno rivivere le emozioni come se stessimo in campo con i nostri idoli. Grazie ragazzi, continuate così un altro SogNo si avvicina 💙💙💙💙 Forza Napoli Sempre e Comunque 💙 💙 💙 💙",0,SSCNapoli
HIGHLIGHTS | Napoli - Villarreal 2-3,2318,147481,190,@onepower9664,Quests partita non e importante Forza NAPOLI 💪🏾😁,3,SSCNapoli
From the World to Napoli: Cajuste,472,7312,27,@fularyx,Aeh nessun chiamerà Cajuste (Cagiasti) con la vera pronuncia 😂 tipo Kvara,0,SSCNapoli
HIGHLIGHTS | Napoli - Udinese 4-1 | Serie A 6ª giornata,780,49707,78,@Roberto-jj8un,"Facile con una difesa di belle statuine, fino adesso il Napoli ha avuto problemi  con tutte, una vittoria che non fa testo",0,SSCNapoli
SIX GOALS 🤯 | The Diary - Chapter 27: #SassuoloNapoli | PITCHSIDE HIGHLIGHTS,290,5734,14,@KevinPetrucci-z5l,Forza maglia azzurra lo sai che io ti amo 😂😂🎉,0,SSCNapoli
HIGHLIGHTS | Bologna - Napoli 0-0 | Serie A 5ª giornata,189,14697,59,@SALERNO_ULTRAS_U.S.1919,"1:33 rigore inventato
1:36 rigore sbagliato e si gode
Sushimen porta la chambions a napule 😂😂😂",0,SSCNapoli
#ConteCam | Napoli v Parma,1493,56672,68,@gennarodisa4592,Ho avuto una potente erezione,0,SSCNapoli
HIGHLIGHTS | Roma - Napoli 2-0 | Serie A 17ª giornata,72,2074,10,@riccardomastellone8035,INGRATI VIA,0,SSCNapoli
HIGHLIGHTS | Antalyaspor - Napoli 2-3,1868,115667,119,@paolicozzolipoli1933,"Nel 2't., a parte Raspadori, Ndombele e Demme, giocavano tutti i giovani del Napoli...se la son cavata PS mi diverto più a vedere un'amichevole del Napoli senza i titolari che alcune partite del mondiale 💙",54,SSCNapoli
HIGHLIGHTS | Napoli - Bologna 3-2 | Serie A - 10ª giornata,1781,144129,174,@canny1485,"Napoli is unstoppable now, i love it! Forza Napoli",3,SSCNapoli
#TurnUpTheMusic  | Gilmour è finalmente azzurro!,2239,40532,76,@JordanSheppard13,Rangers fan here billy Gilmour great player,0,SSCNapoli
Highlights | Napoli - Juventus 2-1 | Serie A - 22ª giornata,1076,34586,105,@robertovacca4037,Zambo sei immensooooo,20,SSCNapoli
HIGHLIGHTS | Napoli - Empoli 2-0 | Serie A - 14ª giornata,1393,97890,120,@robertogiani2230,Un rigore regalato..una decisione vergognosa..il campionato è  già stato deciso deva andare a Napoli,0,SSCNapoli
Drive&Talk: Ep. 1 - Giovanni Di Lorenzo | Il nuovo podcast della SSC Napoli,4456,75865,190,@stellaclaire374,Bellissima intervista e soprattutto una grandissima persona 💙,3,SSCNapoli
LIVE | La conferenza stampa di Antonio Conte in vista di Napoli - Udinese,2542,76320,271,@cristianyakim1783,immenso Antonio Conte!,0,SSCNapoli
HIGHLIGHTS | Napoli - Atalanta 2-0 | Serie A - 26ª giornata,2951,250201,164,@WallMap650,"SIIIIII MILAN E LA VINCENTE TRA INTER E BENFICA!!!!💙💙💙💙💙
YES, MILAN AND THE WINNING TEAM BETWEEN INTER AND BENFICA!!!!💙💙💙💙💙",0,SSCNapoli
DIMARO | Rivivi la conferenza stampa di Mister Antonio Conte,2281,72683,181,@LuigiMucci-ch4fw,Forza Napoli 💙💙,1,SSCNapoli
"“Sarò con te”, il film dello scudetto - Biglietti ora in vendita | TRAILER 2",2031,71690,153,@vittorioalloni2433,Una vita fa andai a Rimini per uno.squallido 1 - 1. Come mi manchi,4,SSCNapoli
PROUD TO BE NAPOLI | Excited to introduce our new brand manifesto,2606,78485,208,@andreanaples07,Sta presentazione spacca,33,SSCNapoli
HIGHLIGHTS | Napoli - Villarreal 2-3,2318,147481,190,@GaetanoScalzo,Neanche la considero sta partita 😂,0,SSCNapoli
Il Calendario Ufficiale 2023 della SSC Napoli,1247,22694,50,@giggi1926,"Rispetto agli altri anni stiamo crescendo pure su queste performance e soprattutto sui social. Grande lavoro della società, ma adesso vogliamo lo scudetto!!!! 💙💙💙💙💙💙",0,SSCNapoli
LIVE | La conferenza stampa di Mister Antonio Conte in vista di Napoli - Bologna,2668,117236,262,@paoloalderucci8668,Antonio Conte farli retrocedere in serie b così  non parlano più male di noi juventini,2,SSCNapoli
LIVE | La conferenza stampa di Mister Antonio Conte in vista di Napoli - Venezia,978,33138,36,@Vincenzo_sscn1926,Continuiamo come stiamo facendo per fare belle cose. Forza Napoli 💙,0,SSCNapoli
“Maradona non è morto” - Ciro ricorda Maradona,659,7196,32,@Giupy_Labianca,FORZA NAPOLI SEMPRE❤,7,SSCNapoli
#WelcomeMister: Rudi Garcia racconta i primi momenti da allenatore degli azzurri,880,20198,71,@forzanapoli7866,Non voglio criticare...però le altre già sono nel vivo del mercato mentre noi niente...dai forza prendete Chiesa e nessuno vi dirà niente ahahahha,0,SSCNapoli
HIGHLIGHTS | Napoli - Roma 2-1 | Serie A - 20ª giornata,2088,230743,169,@luisalbertobernal2713,Forzá napoli partido de campeones 💙💙💥💥💥,19,SSCNapoli
Drive&Talk - Pasquale Mazzocchi,1376,30778,80,@mcd719,Ma l'interviststor Nun s sta mai nu poc zitt?,2,SSCNapoli
PROUD TO BE NAPOLI | Excited to introduce our new brand manifesto,2606,78485,208,@lucaperrella6609,Stupenda,5,SSCNapoli
#UCL | Napoli - Rangers 3-0 | HIGHLIGHTS,1616,103764,79,@arfaazarfaaz7914,What a team 💙💙💙😘,1,SSCNapoli
GIOVANNI DI LORENZO | Lettera del Capitano ✍️,3078,56789,373,@AlessandroCibelli-b9f,Crediamo nel suo riscatto per il futuro.. purtroppo non si possono cancellare gli sbagli ma crediamo in lui nel nostro capitano..ADL e Il mister potevano fare la scelta più semplice invece hanno risanato soprattutto ADL ammettendo certe negligenze..viva il nostro capitano e viva il napoli e quello che rappresenta,0,SSCNapoli
"Thank you, Kvara!",7781,145584,489,@zangieff6456,Kvicha il più forte giocatore che il Napoli abbia mai avuto dopo D10S 😢,1,SSCNapoli
LIVE | La conferenza stampa di Mister Garcia alla vigilia di Bologna - Napoli,1012,46295,158,@luigidonofrio2774,Forza mister e forza Napoliiii 💙 Cracovia sempre presente 💙💙💙💙,2,SSCNapoli
LIVE | La conferenza stampa di Mister Antonio Conte in vista di Napoli - Parma,3606,128041,208,@antoniop.5344,Lombardo ha rutt o cazz.,1,SSCNapoli
La conferenza stampa di Mister Spalletti alla vigilia di Napoli - Roma,903,30017,101,@E_n_r_i_c_o,La conferenza è stata fatta 4 ore fa e voi la pubblicate alle 19:00 .... Fate pena,0,SSCNapoli
La conferenza di Walter Mazzarri alla vigilia di #TorinoNapoli,758,20594,91,@gildamarzatico5696,"Ottima conferenza, unica cosa che non comprendo è la tempistica....sarebbe stato più opportuno farla dopo la seduta d' allenamento, così il mister avrebbe avuto più certezze sui giocatori e sulle loro condizioni😊",1,SSCNapoli
SSC Napoli Christmas cook-off - Ep. 2,3173,57534,139,@SebastianoVicedomini,Una grande donna,0,SSCNapoli
LIVE | La conferenza stampa di Mister Antonio Conte in vista di Napoli - Lecce,1426,47858,101,@gennycuoreazzurro,"È comunque il sostituto di Politano gioca in Germania nella RB Lipsia ,ossia Elif Elmas .",11,SSCNapoli
NAPOLI’S GOT COFFEE | ep.2 | Mazzocchi vs. Rrahmani,1022,26658,34,@GabrieleCosta-w1i,Super Napoli,3,SSCNapoli
PROUD TO BE NAPOLI | Excited to introduce our new brand manifesto,2606,78485,208,@naples86,"bellissimo, mettete i credit di quelli che hanno fatto questo lavoro! lo meritano!",0,SSCNapoli
HIGHLIGHTS | Napoli - Sassuolo 4-0 | Serie A - 12ª giornata,2133,150339,155,@heesukim9722,맨체스터 유나이티드 팬들이 김민재가 바란 백업으로 왔으면 좋겠다고 미친 헛소리 하는데 나폴리 팬 여러분들은 어떻게 생각하시나요? ㅋㅋㅋㅋ,3,SSCNapoli
"Thank you, Kvara!",7781,145584,489,@francom5435,Addio ma chi se ne fotte il club resta voi non siete NESSUNO solo ai soldi credete,0,SSCNapoli
Highlights | Napoli - Verona 2-0 | Serie A - 20ª giornata,572,30149,40,@xkick_official,Sbrigati Napoli e vinci la Serie A,3,SSCNapoli
Highlights | Napoli - Juventus 2-1 | Serie A - 22ª giornata,1076,34586,105,@marcorossi656,"Il prossimo che sento dire locatelli meglio di barella,un minuto di silenzio,chi ne capisce di calcio na cacata del genere nemmemo la pensa",0,SSCNapoli
HIGHLIGHTS | Inter - Napoli 1-0 | Serie A - 16ª giornata,303,19377,86,@اكرمحسن-ض5ج,والساكت عن الحق من محور الشياطين الحمر ولم ولن أقبل بظلم فريق نابولي مطلقا,0,SSCNapoli
Drive&Talk - Leonardo Spinazzola,1346,39508,56,@dariodipalma99,Il suo sorriso a 32 denti è coinvolgente! Gran bella persona 💙💙💙,1,SSCNapoli
HIGHLIGHTS | Napoli - Udinese 3-2 | Serie A - 15ª giornata,1264,109381,137,@Nap462,💙💙💙💙,2,SSCNapoli
HIGHLIGHTS | Napoli - Augsburg 1-0,842,30375,58,@mariomatt1,la vedo dura in attacco se parte osi. gli esterni non la mettono dentro manco con le mani,4,SSCNapoli
HIGHLIGHTS | Napoli - Villarreal 2-3,2318,147481,190,@javiertrivino3295,Se empieza a notar la mano de Don Quique Setién 👏,0,SSCNapoli
LIVE | La conferenza stampa di Antonio Conte in vista di Napoli - Inter,1611,57495,116,@emilianodelgenio1094,Mi piace come analisi tattica e mi sorge il dubbio del modulo …. Bravo Mister,0,SSCNapoli
22 luglio 2023,3171,61916,62,@Capivarapirata,Picolé do Napoli,1,SSCNapoli
La conferenza stampa di Mister Spalletti alla vigilia di Napoli - Salernitana,771,26670,66,@اكرمحسن-ض5ج,الاحتفالات جاهزه لفريق نابولي الاسود النسور الصقور المقاتلين المحاربين الجبال,0,SSCNapoli
GIOVANNI DI LORENZO | Lettera del Capitano ✍️,3078,56789,373,@fratm6746,Grande Capitano una caduta ci sta l’importante è rialzarsi più forte di prima ❤,1,SSCNapoli
"Inspired by Partenope, made for Napoli 💙 #ProudToBeNapoli",554,9968,10,@lucamignano3278,Mammamia che spettacolo,3,SSCNapoli
HIGHLIGHTS | Spezia - Napoli 0-3 | Serie A - 21ª giornata,1887,159352,114,@chingizyaxshilikov8261,shomurodov👍,0,SSCNapoli
SSC Napoli | 2023,812,14105,70,@John49910110,Buy houmjbierg and samarzic,0,SSCNapoli
HIGHLIGHTS | Monza - Napoli 2-4 | Serie A 31ª giornata,670,33894,35,@nunziarosagialla617,💙,0,SSCNapoli
"Thank you, Kvara!",7781,145584,489,@alessiomitidieri6424,"Ciao Kvara, grazie di tutto quello che hai fatto, quando sei arrivato eri un ragazzo non conosciuto molto ma ad oggi con le tue giocate favolose i dribbling è i gol sei diventato l'eroe di Napoli portandoci lo scudetto dopo 33 anni, regalando gioie con le tue giocate in Champions, ma chi si sarebbe mai aspettato il tuo addio grazie per tutto. Ciao kvara. 💙",37,SSCNapoli
A Real Magic Training Kit | 👋  #CocaCola,964,22063,67,@vincenzoesposito591,"WOW è TOP .
khvicha kvaratskhelia TOP",9,SSCNapoli
Highlights | Napoli - Como 3-1 | Serie A - 7ª giornata,727,23632,36,@FTLeo-qw1us,💯💙🔝💙💯💙🔝💙💯,3,SSCNapoli
La conferenza stampa di Mister Mazzarri e Giovanni Simeone alla vigilia di Napoli - Fiorentina,354,13344,34,@Leonida_28,Forza Viola distruggiamoli,0,SSCNapoli
Storia di una passione: #NapoliJuventus attraverso gli occhi dei tifosi,486,4972,24,@frankrevolution-cr2,Sei semplicemente il migliore. FORZA NAPOLI SEMPRE 💙💙💙🥇🏆,1,SSCNapoli
LIVE | La conferenza stampa di Mister Mazzarri alla vigilia di Napoli - Genoa,586,21984,87,@matteo8804,"Sarebbe meglio non farne neanche più una di conferenza!!! Il livello di imbarazzo è indescrivibile!!!
Che schifo! 🤢",1,SSCNapoli
SSC Napoli Christmas cook-off - Ep. 1,6405,129455,327,@whentheygolow_wegohigh7306,😚💙💙💙,0,SSCNapoli
Highlights | Napoli - Fiorentina 2-1 | Serie A - 28ª giornata,503,27010,24,@marioantonioni1858,Mctominay é un giocatore totale,0,SSCNapoli
HIGHLIGHTS | Torino - Napoli 0-4 | Serie A - 27ª giornata,2159,180438,171,@sergiodario58able,"Cantami o diva l'ira funesta del flagello Osimhen ch'infiniti addusse lutti al torneo e reca l'agognato scudetto sulle sponde dell'amata Partenope, e fa si che il sogno non s'interrompa e conduci noi pure sull'olimpo della Champions League, e nel mezzo degli dei del pallone, dove regna Il Pibe de Oro, ad aspettarci a braccia aperte.  Forza Napoli per l'eternità!!!",31,SSCNapoli
LIVE | La conferenza stampa di presentazione di Mister #Conte,5793,195651,337,@francescodileva9123,non so quante volte abbia detto questo deve essere chiaro,0,SSCNapoli
Highlights | Inter - Napoli 1-1 | Serie A - 12ª giornata,328,19349,26,@xnoobadventuresx7490,Ma chala non ha segnato? 😮,4,SSCNapoli
HIGHLIGHTS | Genoa - Napoli 2-2 | Serie A 4ª giornata,236,10567,29,@M84-YT,"Il primo tempo il solito Napoli che attacca, ma non conclude e le prende. Secondo tempo si è ripreso e mancava poco che non ribaltasse il risultato. Mi è piaciuta la prestazione del nuovo arrivato Cajust, anche se per pochi minuti.",11,SSCNapoli
La storia continua! | #ADL20,1249,14319,98,@FedericoNastri,"Si ok, può non essere simpatico,si ok,non è un vero tifoso del Napoli,ma senza dubbio quest' uomo ha fatto tutto il possibile per riportarci dove meritiamo.
Grazie ADL,continua così e portaci altri successi",46,SSCNapoli
#FromTheWorldToNapoli | Season 24/25 | Billy Gilmour,769,12476,49,@francescoconte7521,I sottotitoli..,0,SSCNapoli
LIVE | La conferenza stampa di Mister Calzona e Di Lorenzo alla vigilia di Napoli - FC Barcelona,1641,51247,101,@darioskoviclioto1659,"Aggiungo, per cortesia cambiate il dott.Lombardo, non può rivolgersi così alla stampa internazionale ma che frase è ""prima tu poi gli Spagnoli"" ma scherziamo da queste piccole cose si fa ancor più grande la società",0,SSCNapoli
LIVE | La conferenza stampa di Mister Antonio Conte in vista di Napoli - Atalanta,1734,55529,109,@alessiomarco8332,La giornalista Vivenzio é una donna preparatissima top 👏👏💪,12,SSCNapoli
Highlights | Napoli - Juventus 2-1 | Serie A - 22ª giornata,1076,34586,105,@betulek22,"Forza Napoli,from Sardinia(cagliari-assemini)",17,SSCNapoli
Napoli - Milan 2-1 | Serie A - 30ª giornata,413,9747,33,@oshibarudy9428,Nice Job from Indonesia 💙,6,SSCNapoli
#FeelingGood | I primi momenti di Scott McTominay in azzurro!,3752,128998,268,@therealciccabbru,this guy 🫶🏻,2,SSCNapoli
#FromTheWorldToNapoli | Season 24/25 | Romelu Lukaku,2218,43079,74,@enricok88,Grande professionista,2,SSCNapoli
The most wonderful time of the year 🎄 A glimpse of the Napoli Christmas Party ✨,394,7309,18,@rosannaelia7059,Ma quanto siete belli vi amo ❤❤forza Napoli sempre💙💙💙,3,SSCNapoli
LIVE | La conferenza stampa di Antonio Conte in vista di Como - Napoli,1301,54393,202,@Sail_in_alterego,Qualche domanda? No? Intelligente però...,0,SSCNapoli
HIGHLIGHTS | Torino - Napoli 0-4 | Serie A - 27ª giornata,2159,180438,171,@roccodambrosio9859,"Da interista"" non chiamatemi traditore, ma questo Napoli Ostrichetta casso non e' normale! Dico auguro tutto al Napoli anche la Champion! Ostrichetta casso che calcio italiano! Wow 🎉",10,SSCNapoli
LIVE | La conferenza stampa di presentazione dei ritiri estivi 2024,469,21212,27,@angelomutone964,Allegri è stato esonerato. Vuoi vedere che ce lo ritroviamo sulla panchina del Napoli?,1,SSCNapoli
LIVE | La conferenza stampa di Mister Antonio Conte in vista di Juventus - Napoli,2348,73665,150,@A.s.A.9,Ciao Totò buon viaggio 😢,8,SSCNapoli
La conferenza stampa di Mister Spalletti alla vigilia di Napoli - Inter,521,20873,102,@alessandrovarriale8755,"So solo che questi signori (a cui dobbiamo tutto) con i loro giochini psicologici ""lui ha detto, l'altro ha fatto...la pec...La telefonata"" ci stanno togliendo il sonno.... In un momento di gioia estrema!!!
 Essere Napoletani e Napolisti è anche questo..... E forse questo....cari miei signori, per vostra disgrazia di natali, non lo capirete mai. Forza napoli sempre e per sempre!!!!❤",1,SSCNapoli
LIVE | Partnership presentation,847,22514,75,@liviacoach,Presidente ❤,1,SSCNapoli
GIOVANNI DI LORENZO | Lettera del Capitano ✍️,3078,56789,373,@manu19873vv,Ma allora perché far venire fuori tutto sto casino prima??Prima era offeso mo quasi quasi è lui che chiede scusa 😅😅,1,SSCNapoli
Highlights | Napoli - Fiorentina 2-1 | Serie A - 28ª giornata,503,27010,24,@Nap462,💙💙💙,0,SSCNapoli
DIMARO | Rivivi la conferenza stampa di Mister Antonio Conte,2281,72683,181,@christianvassallo9115,Mister ma un bel son del Tottenham? Così a sentimento?,0,SSCNapoli
HIGHLIGHTS | Lecce - Napoli 0-4 | Serie A 7ª giornata,704,56884,56,@Daniel-q8p2d,"Forza contro le meringhe, il Madrid perde, questo lo vinci tu
💙Forza Napoli sempre💙",0,SSCNapoli
“Sarò con te” - il film dello scudetto | TRAILER 3,2269,104250,166,@francescotortora3954,pensate a fare una stagione degna del suo nome l’anno prossimo,0,SSCNapoli
LIVE | La conferenza stampa di Mister Antonio Conte in vista di Napoli - Atalanta,1734,55529,109,@marcofuina9736,Lo stesso microfono difettato dell'altra volta. Tirchi di m,0,SSCNapoli
Drive&Talk - Leonardo Spinazzola,1346,39508,56,@nino5409,Forza Napoli 💙💙 prendiamoci il scudetto ! 🍀,1,SSCNapoli
La conferenza stampa di Mister Spalletti alla vigilia di Roma - Napoli,777,22307,51,@Kalasha0123,Love Napoli from Georgia,75,SSCNapoli
"""Amma faticà"": le prime parole di Antonio Conte da allenatore del Napoli",2761,64001,165,@mario05txtssend92,"Finalmente arriveranno le frustate per far correre i calciatori.
Forza Napoli Sempre 💙",0,SSCNapoli
LIVE | La conferenza stampa di Mister Antonio Conte in vista di Napoli - Bologna,2668,117236,262,@Emmanuele_Valente,Conte si gratta come faceva Garcia.. nell' analisi del linguaggio del corpo non è una bella cosa 😑,2,SSCNapoli
"A Napoli, aMMore si scrive con due M | Auguri dalla SSC Napoli 🎄",1851,52890,160,@mariano6052,Sempre Forza Napoli anche da Trieste detto da un rumeno Buon Natale,12,SSCNapoli
