Video Title,Like Count,View Count,Comment Count,Commenter Name,Comment,Comment Like Count,YouTube Channel
🎬 Son plus beau souvenir? Son film préféré? Mylène Chavas se prête au jeu des questions ! 💙,13,1157,2,@Abderlebig22,Le front Zeubi elle a mangé le synthétique,1,Paris FC
La première interview de Sheika Scott !,14,337,4,@Toniopfc,Bienvenue ❤,1,Paris FC
La première interview de Sheika Scott !,14,337,4,@poutou1554,"Ouverture prioritaire des abonnements : jeudi 19 juin.

Cette phase est uniquement réservée aux abonnés des deux dernières saisons.
Vous avez jusqu’au dimanche 22 juin inclus pour bénéficier de cette priorité.... Nous sommes le 24/06 et il est toujours impossible de s'abonné sur leur site. Avez-vous des infos?",0,Paris FC
La première interview de Sheika Scott !,14,337,4,@litogor,Bienvenue au Paris FC 👍,1,Paris FC
La première interview de Sheika Scott !,14,337,4,@Tour62Eiffel,Bienvenue à Paris. J'espère que vous y serez heureuse,1,Paris FC
Mylène Chavas est Parisienne : son interview !,21,351,1,@markplimmer9232,Bienvenue au Paris FC !,0,Paris FC
Les 17 buts de JP Krasso en 5 minutes !,45,877,4,@yuanyuanwang-d7h,allez krasso！！！！❤,0,Paris FC
Les 17 buts de JP Krasso en 5 minutes !,45,877,4,@soryibrahimfadiga6714,Vraiment  merci krasso pour  la  canne,1,Paris FC
Les 17 buts de JP Krasso en 5 minutes !,45,877,4,@MoniqueKrasso,Formidable ❤,0,Paris FC
Les 17 buts de JP Krasso en 5 minutes !,45,877,4,@Toniopfc,Merci Krasso❤❤❤,1,Paris FC
🎙️ Découvrez Lorena Azzaro notre nouvelle recrue ! 💙,40,1575,1,@Jayzworldww3,Paris FC,1,Paris FC
Célina Ould Hocine prolonge au Paris FC !,23,438,3,@VinyVINY-od3px,"Bravo au PFC qui après une très belle saison en LDC l'année dernière continue à progresser encore cette année avec une coupe de France à la clé. Quant à Célina ça fait un bon moment qu'elle mérite sa place chez les Bleues : contrôle du ballon, intelligence du jeu, investissement, qualité des passes : tout y est.",1,Paris FC
Célina Ould Hocine prolonge au Paris FC !,23,438,3,@didierboutet2494,"Célina en EDF, tu as ta place. J'adore et je suis le foot féminin depuis plus de 15ans. Tous les championnats mondiaux m'intéressent.  Ça monte en puissance chez les filles, génial.",2,Paris FC
Célina Ould Hocine prolonge au Paris FC !,23,438,3,@djamelbouras138,Elle a l'air d'être une bonne personne!!!,1,Paris FC
Lorena Azzaro est Parisienne : sa première interview !,22,763,1,@Morkaisaga,🥳🥳,0,Paris FC
𝟏𝟕 𝐬𝐚𝐢𝐬𝐨𝐧𝐬. 𝟒𝟑𝟑 𝐦𝐚𝐭𝐜𝐡𝐬. 𝟐𝟏𝟎 𝐛𝐮𝐭𝐬.,33,1626,1,@Opsurvie,Et dire qu'elle a gagné la coupe de France après toutes ces années,0,Paris FC
La première interview de la nouvelle Parisienne Anaële Le Moguédec !,36,856,4,@carlelo6882,Bonne saison 🎉🎉🎉,0,Paris FC
La première interview de la nouvelle Parisienne Anaële Le Moguédec !,36,856,4,@litogor,Bienvenue et bonne saison à elle 🤞,1,Paris FC
La première interview de la nouvelle Parisienne Anaële Le Moguédec !,36,856,4,@delattremartial,pour moi c'est pas une bonne recrue elle va rien apporter à l'équipe pour moi,1,Paris FC
La première interview de la nouvelle Parisienne Océane Picard !,48,1065,6,@carlelo6882,Excellente recrue 🎉🎉🎉🎉🎉🎉,1,Paris FC
La première interview de la nouvelle Parisienne Océane Picard !,48,1065,6,@DenisREY-i4v,"Et dans tout ça, tu penses à l'équipe de France quand même ???",0,Paris FC
La première interview de la nouvelle Parisienne Océane Picard !,48,1065,6,@valmontvicomte8156,Excellente recrue pour le PFC. Bienvenue à elle,1,Paris FC
La première interview de la nouvelle Parisienne Océane Picard !,48,1065,6,@delattremartial,yes trop content je suis fan de cette joueuse c'est vraiment le bon club pour elle,0,Paris FC
La première interview de la nouvelle Parisienne Océane Picard !,48,1065,6,@Toniopfc,Bienvenue 🙏 ❤,2,Paris FC
"🎙️ Un petit mot de la part d'Océane Picard, notre première arrivée de l'été !",42,1869,1,@JeanMichelCaniez,"Bonsoir, c'est une excellente joueuse. Allez les filles du Paris fc. Cordialement.",1,Paris FC
Paris Saint-Germain vs Paris FC : Le résumé de la demi-finale,17,1478,2,@SP95,Allez Paris,0,Paris FC
Paris Saint-Germain vs Paris FC : Le résumé de la demi-finale,17,1478,2,@San7y_fdz,Pechege,0,Paris FC
Paris FC vs AC Ajaccio [2-0] : Le résumé vidéo !,56,1722,3,@diablo.66t,👏🏻,0,Paris FC
Paris FC vs AC Ajaccio [2-0] : Le résumé vidéo !,56,1722,3,@syahrulmuchtarom3202,SEMANGAT!!!! KITA LIBAS PSG!!! Certifié Paris,1,Paris FC
Paris FC vs AC Ajaccio [2-0] : Le résumé vidéo !,56,1722,3,@Ronaldsci,Sign Anthoni (GK). New Alisson Becker,0,Paris FC
Paris FC - AC Ajaccio : La conf' d'après-match du coach,29,429,2,@BriceTchamou,btchamou number 4 cdm,0,Paris FC
Une Soirée Historique au Grand Rex : Le Paris FC en Ligue 1 !,62,1745,8,@Bongaboi151,0:37 un PSG supporter...?,1,Paris FC
Une Soirée Historique au Grand Rex : Le Paris FC en Ligue 1 !,62,1745,8,@Parisfcfan,Le petit à 01:06 il me tue 😂😂❤❤,3,Paris FC
Une Soirée Historique au Grand Rex : Le Paris FC en Ligue 1 !,62,1745,8,@cesar26.titi.28,Ici c'est le Paris FC ❤,2,Paris FC
Une Soirée Historique au Grand Rex : Le Paris FC en Ligue 1 !,62,1745,8,@Jabador93,Ici c’est Paris ❤,3,Paris FC
Une Soirée Historique au Grand Rex : Le Paris FC en Ligue 1 !,62,1745,8,@robertvalles96,"J’aurais aimé être là. Le Paris FC en ligue 1, c’est fait !",3,Paris FC
Une Soirée Historique au Grand Rex : Le Paris FC en Ligue 1 !,62,1745,8,@Parisfcfan,On a retourné le grand rex !!!,6,Paris FC
"Ensemble, on l’a fait. 🔵⚪️",96,1076,10,@hyogav866,"Bravo, il faudra un bon recrutement car ce serait bête de redescendre rapidement car c'est suffisamment dur d'obtenir la montée.  J'ai hâte des PSG-PFC .",1,Paris FC
"Ensemble, on l’a fait. 🔵⚪️",96,1076,10,@tontodavid5149,👏👏👍 bravo on ai en ligue1,1,Paris FC
"Ensemble, on l’a fait. 🔵⚪️",96,1076,10,@MADMAX-bd3yk,Ensemble avec ☝️ maxime lopez 🐟☝️ l ex marseillais 👿👑☝️ le cousin a rabiot 👿👑,1,Paris FC
"Ensemble, on l’a fait. 🔵⚪️",96,1076,10,@Parisfcfan,❤❤❤,2,Paris FC
"Ensemble, on l’a fait. 🔵⚪️",96,1076,10,@soso_bss,Bravo à vous j’espère voir un beau derby parisien 😮,5,Paris FC
"Ensemble, on l’a fait. 🔵⚪️",96,1076,10,@zatoichi8745,"Après une dernière cruelle déception l'an dernier, on l'espérait sans trop y croire en début de saison et au fur et à mesure, l'impensable est devenu de plus en plus possible, jusqu'à la semaine passée où le miracle a eu lieu...

Bravo et merci à toute l'équipe, vous avez été incroyables. 💙🤍
Cette montée vient couronner le travail de tant d'années, mais ce n'est qu'un début, le plus dur commence !

En attendant, on va venir faire la fête tous ensemble demain ! 🔥",2,Paris FC
"Ensemble, on l’a fait. 🔵⚪️",96,1076,10,@robertvalles96,"Ouiiiiii ! On y est enfin, en ligue 1. J’ai hâte que le mois d’août arrive, pour la reprise. 💙 Paris fc 💙",4,Paris FC
"Ensemble, on l’a fait. 🔵⚪️",96,1076,10,@Gaoufou,Bravo !!! On l'a fait !!!!,7,Paris FC
"Ensemble, on l’a fait. 🔵⚪️",96,1076,10,@flolm22,"On l’a fait peut-être mais bon il va quand même falloir sérieusement renforcer l’équipe pour ne pas que la prochaine saison en L1 se transforme en torture psychologie aussi bien pour l’équipe que pour les supporters. 
Cette équipe est certes montée en L1 mais elle a quand même démonté, cette saison, malgré la montée, des faiblesses face à des adversaires a priori largement prenables. Ces même faiblesses en L1 il faudra absolument les corrigées car la moindre erreur risque de coûter très cher au club. Bien plus cher qu’en L2.",1,Paris FC
FC Martigues - Paris FC : La conf' d'après-match du coach !,29,568,2,@Parisfcfan,Merci coach !!,4,Paris FC
FC Martigues - Paris FC : La conf' d'après-match du coach !,29,568,2,@arnaudmathieu480,"Merci coach pour ces deux saisons et cette montée historique ! On a hâte de voir le club évoluer en L1, même si on sait que ce sera dur et qu'il faudra batailler à chaque match. Bravo pour ce beau projet de jeu que vous nous proposez.",6,Paris FC
FC Martigues vs Paris FC [1-1] : le résumé du match de la montée !,26,1031,3,@aSKS_pfc,💙🤍,0,Paris FC
FC Martigues vs Paris FC [1-1] : le résumé du match de la montée !,26,1031,3,@chemikerimexil7938,"Lächerlich, Paris FC steigt auf, und keine 100 Fans fahren mit.",1,Paris FC
FC Martigues vs Paris FC [1-1] : le résumé du match de la montée !,26,1031,3,@yelow123321,Bravo au Paris FC ! bienvenue en Ligue 1,3,Paris FC
FC Martigues vs Paris FC  : la conf' d'avant-match du coach,52,1437,9,@poloDhTip,allez allez!!!,1,Paris FC
FC Martigues vs Paris FC  : la conf' d'avant-match du coach,52,1437,9,@prodigy6300,"allez les gars, il faut le prendre, celui-là !!!",1,Paris FC
FC Martigues vs Paris FC  : la conf' d'avant-match du coach,52,1437,9,@lecircassien948,Allez Paris ! Coulez moi ces mangeurs de bouillabaisse périmé,0,Paris FC
FC Martigues vs Paris FC  : la conf' d'avant-match du coach,52,1437,9,@bidule91,De tout cœur avec vous !! Et aller Paris SG ❤💙😜,3,Paris FC
FC Martigues vs Paris FC  : la conf' d'avant-match du coach,52,1437,9,@GuionObjectifL1,Ça se voit il stress et son groupe surement aussi Metz doit mettre la pression c’est mtn ou jamais !,1,Paris FC
FC Martigues vs Paris FC  : la conf' d'avant-match du coach,52,1437,9,@vincentpicart9316,Vous allez le faire allez les gars,5,Paris FC
FC Martigues vs Paris FC  : la conf' d'avant-match du coach,52,1437,9,@pilou75,Gilli paraît très sérieux devant les caméras mais je suis sûr qu’il sera en slip à la fin du match 😂💪,9,Paris FC
FC Martigues vs Paris FC  : la conf' d'avant-match du coach,52,1437,9,@stephaneb44,Lets go les gars,1,Paris FC
Unis pour l'histoire,104,1780,8,@Alpijo-t5e,🔥,0,Paris FC
Unis pour l'histoire,104,1780,8,@CHAOS418,Le derby francilien commencera bientôt la saison prochaine.,2,Paris FC
Unis pour l'histoire,104,1780,8,@tontodavid5149,Allez pfc👏👏👏👏👏💪,1,Paris FC
Unis pour l'histoire,104,1780,8,@rimoferoce5216,"Paris FC c'est ""Certifié Paris"".",7,Paris FC
Unis pour l'histoire,104,1780,8,@Thomas75013,Il faut la victoire à Martigues pour disputer le dernier match l'esprit libéré à Charléty et pouvoir faire la fête.,6,Paris FC
Unis pour l'histoire,104,1780,8,@GOM1NHO,Allez le Paris FC 💙💙,12,Paris FC
Unis pour l'histoire,104,1780,8,@robertvalles96,"Aller ! On peut le faire ! Si on gagne demain contre Martigues, on est en ligue 1. 💙 Paris FC 💙",13,Paris FC
Un match pour l'histoire (bande annonce finale Coupe de France),34,561,1,@delattremartial,allez vous pouvez le faire,0,Paris FC
Rodez AF - Paris FC : la conf' d'après-match du coach,18,436,2,@tontodavid5149,Allez le pfc👏👏,0,Paris FC
Rodez AF - Paris FC : la conf' d'après-match du coach,18,436,2,@LeGrandFoutoir,Merci l'arbitrage retrouve mon debrief du match sur ma chaine LE GRAND FOUTOIR !!!,1,Paris FC
Rodez AF vs Paris FC [1-1] : Le résumé vidéo !,17,893,2,@San7y_fdz,Me hubiera gustado que el París gane el su primer trofeo de segunda división. Felicidades al Lorient 💙💙💙,0,Paris FC
Rodez AF vs Paris FC [1-1] : Le résumé vidéo !,17,893,2,@Parisfcfan,Allez les gars on y est presque maintenant faut finir le travail contre martigues 💙🤍,1,Paris FC
Rodez AF - Paris FC : la conf' d'avant-match du coach,22,519,2,@pilou75,7 points en 3 matchs c’est totalement faisable. Allez les gars !!!,4,Paris FC
Paris FC vs FC Fleury 91 [4-0] : Le résumé de la victoire !,23,1388,2,@Jackson-Sean,ya du beau spectacle,0,Paris FC
Paris FC vs FC Fleury 91 [4-0] : Le résumé de la victoire !,23,1388,2,@bayramsport,https://youtube.com/shorts/dIzDRhHyzyY?si=h3kLCqrP5ieIb0Ns,0,Paris FC
Paris FC - SC Bastia : La conf' d'après-match du coach,16,461,3,@hervemonti1944,victoire ..miraculeuse..,0,Paris FC
Paris FC - SC Bastia : La conf' d'après-match du coach,16,461,3,@hawkins7863,ET PAYER BATTA AUSSI CA A ETE IMPORTANT,0,Paris FC
Paris FC vs SC Bastia [1-0] : Le résumé de la victoire !,26,815,2,@JAldana-c2k,Ya sube Videos deja de ser un patético,0,Paris FC
Paris FC vs SC Bastia [1-0] : Le résumé de la victoire !,26,815,2,@Parisfcfan,C BON ÇA !!! 🔥🔥🔥🔥🔥🔥,1,Paris FC
Paris FC - SC Bastia : La conf' d'avant-match du coach !,23,1021,3,@Pavlidis00,Ils ont besoin d’une chaîne en espagnol. De nombreux Hispaniques suivent ce beau club.,1,Paris FC
Paris FC - SC Bastia : La conf' d'avant-match du coach !,23,1021,3,@michaelgurnaut2436,Je me demande qui fais la transcripte . Je pensai etre faible en ortographe mais la je suis completement depasse !!,0,Paris FC
Paris FC - SC Bastia : La conf' d'avant-match du coach !,23,1021,3,@galactya_,Vous pouvez perdre svp,1,Paris FC
JOUEURS DE GLOIRE - Karl Toko-Ekambi nous partage ses souvenirs de formation au Paris FC 🌟,22,498,1,@denisalexandre6013,Qu'est-ce que çà fait plaisir d'entendre cet interview. YES !,0,Paris FC
Grenoble Foot 38 - Paris FC : La conf' d'après-match du coach,13,278,3,@martingal2366,2 penalties généreux pour Metz à martigues..penaltie flagrant pour le paris fc à Grenoble non sifflé ça fausse le championnat de ligue 2 .,0,Paris FC
Grenoble Foot 38 - Paris FC : La conf' d'après-match du coach,13,278,3,@eric-o2m5d,🎉🎉🎉,0,Paris FC
Olympique Lyonnais vs Paris FC [2-2] : Le résumé vidéo !,13,1107,2,@CityOfParis93,,2,Paris FC
Olympique Lyonnais vs Paris FC [2-2] : Le résumé vidéo !,13,1107,2,@pilou75,0 défaite sur les 4 matchs contre l’OL et le PSG c’est vrm fort ! Dommage d’avoir perdu des points contre les petits car on aurait pu finir la saison invaincu,4,Paris FC
Grenoble Foot 38 vs Paris FC [1-2] : Le résumé de la victoire !,21,509,6,@User-DerekfrostWestbrook,Allez allez allez allez allez allez allez allez allez allez allez allez allez allez allez allez allez allez allez allez allez allez allez Paris fc,0,Paris FC
Grenoble Foot 38 vs Paris FC [1-2] : Le résumé de la victoire !,21,509,6,@no.mu28,"Je suis une super fan du Paris FC ! Je les soutiens de tout cœur, même depuis le Japon !",1,Paris FC
Grenoble Foot 38 vs Paris FC [1-2] : Le résumé de la victoire !,21,509,6,@kikikikiki4769,한국인 선수를 영입해주세요! 한국에서 응원합니다,0,Paris FC
Grenoble Foot 38 vs Paris FC [1-2] : Le résumé de la victoire !,21,509,6,@CityOfParis93,,0,Paris FC
Grenoble Foot 38 vs Paris FC [1-2] : Le résumé de la victoire !,21,509,6,@martingal2366,2 penalties généreux pour Metz à martigues !!! Aucun penaltie accordé au paris fc à Grenoble malgré que ça soit flagrant..le championnat de ligue 2 est fausse par un arbitrage.,3,Paris FC
Grenoble Foot 38 vs Paris FC [1-2] : Le résumé de la victoire !,21,509,6,@Parisfcfan,"Bon anniversaire RK 😂😂😂
Mention spéciale aux RSF 😂😂😂🖕🖕🖕",1,Paris FC
Quand la CM prête son nouveau jouet 😅🩵,56,1090,2,@PurpleSaThi,Il y a beaucoup de potentiel d'influences 😅,1,Paris FC
Quand la CM prête son nouveau jouet 😅🩵,56,1090,2,@Babel_bibel_streit,"Vous êtes tellement forte
Chapeau",2,Paris FC
Paris FC - Clermont Foot : La conf' d'après-match du coach,20,290,1,@hrezdnial,can you guys make some videos with english title and also the english caption😢 i wanted to know more about this club but i dont know french,0,Paris FC
Paris FC - SM Caen : La conf' d'après-match du coach,17,361,1,@CityOfParis93,,3,Paris FC
Paris FC - SM Caen [4-2] : le résumé de la victoire !,25,1184,1,@celticbalkan2219,I can't wait for next season to watch the Paris derby. I hope you shake up PSG!,5,Paris FC
Paris FC - SM Caen : La conf' d'avant-match du coach,20,548,2,@trahlllambert,merci courage et je serai ou  stade pour soutenir mon equipe de coeur 👍❤❤❤❤❤,1,Paris FC
Paris FC - SM Caen : La conf' d'avant-match du coach,20,548,2,@poutou1554,"Road to ligue 1. Et après escapade Jean Bouin retour à Charlety, notre stade!",2,Paris FC
JOUEURS DE GLOIRE - Richard Socrier se remémore ses passages au Paris FC🌟,18,255,1,@dimitrimihalec2534,Richard 💙,1,Paris FC
𝐏𝐀𝐑𝐈𝐒 𝐅𝐂 : 𝐔𝐍𝐄 𝐒𝐄𝐌𝐀𝐈𝐍𝐄 𝐃𝐄́𝐂𝐈𝐒𝐈𝐕𝐄 ⚔️,81,1458,9,@zen-_-2983-f1f,BONNE CHANCE !,0,Paris FC
𝐏𝐀𝐑𝐈𝐒 𝐅𝐂 : 𝐔𝐍𝐄 𝐒𝐄𝐌𝐀𝐈𝐍𝐄 𝐃𝐄́𝐂𝐈𝐒𝐈𝐕𝐄 ⚔️,81,1458,9,@farankayani-n5t,"Sign proballerf 

Plzzzzzz he is good.",0,Paris FC
𝐏𝐀𝐑𝐈𝐒 𝐅𝐂 : 𝐔𝐍𝐄 𝐒𝐄𝐌𝐀𝐈𝐍𝐄 𝐃𝐄́𝐂𝐈𝐒𝐈𝐕𝐄 ⚔️,81,1458,9,@Videojuegos-J,El mejor equipo de Francia,0,Paris FC
𝐏𝐀𝐑𝐈𝐒 𝐅𝐂 : 𝐔𝐍𝐄 𝐒𝐄𝐌𝐀𝐈𝐍𝐄 𝐃𝐄́𝐂𝐈𝐒𝐈𝐕𝐄 ⚔️,81,1458,9,@Videojuegos-J,They can he twenty-one july women París Fc,0,Paris FC
𝐏𝐀𝐑𝐈𝐒 𝐅𝐂 : 𝐔𝐍𝐄 𝐒𝐄𝐌𝐀𝐈𝐍𝐄 𝐃𝐄́𝐂𝐈𝐒𝐈𝐕𝐄 ⚔️,81,1458,9,@Parisfcfan,Par contre abusé le calendrier 2 matchs en 1 semaine,1,Paris FC
𝐏𝐀𝐑𝐈𝐒 𝐅𝐂 : 𝐔𝐍𝐄 𝐒𝐄𝐌𝐀𝐈𝐍𝐄 𝐃𝐄́𝐂𝐈𝐒𝐈𝐕𝐄 ⚔️,81,1458,9,@Parisfcfan,Tous au stade !!!,2,Paris FC
𝐏𝐀𝐑𝐈𝐒 𝐅𝐂 : 𝐔𝐍𝐄 𝐒𝐄𝐌𝐀𝐈𝐍𝐄 𝐃𝐄́𝐂𝐈𝐒𝐈𝐕𝐄 ⚔️,81,1458,9,@Moi_pititbiscuit,Aze j'arrive😂,0,Paris FC
𝐏𝐀𝐑𝐈𝐒 𝐅𝐂 : 𝐔𝐍𝐄 𝐒𝐄𝐌𝐀𝐈𝐍𝐄 𝐃𝐄́𝐂𝐈𝐒𝐈𝐕𝐄 ⚔️,81,1458,9,@martingal2366,😂les supporters seront présents en tribune manqué plus que les joueurs sur le terrain.,1,Paris FC
𝐏𝐀𝐑𝐈𝐒 𝐅𝐂 : 𝐔𝐍𝐄 𝐒𝐄𝐌𝐀𝐈𝐍𝐄 𝐃𝐄́𝐂𝐈𝐒𝐈𝐕𝐄 ⚔️,81,1458,9,@pilou75,On sera là en tribune mais vous avez intérêt à assurer sur le terrain !,3,Paris FC
Paris FC vs RC Strasbourg Alsace [3-1] : le résumé de la victoire !,11,329,1,@makeithappy17,Paris❤,0,Paris FC
Paris Saint-Germain vs Paris FC : Le résumé vidéo,28,1992,3,@bayramsport,Best moments paris fc https://youtube.com/playlist?list=PL0aL2-jwA8-tqks2ESyAPlgjg2UUtKvPI&si=YFCV1GpmO8dnrNOY,0,Paris FC
Paris Saint-Germain vs Paris FC : Le résumé vidéo,28,1992,3,@msamelie,Vous pourriez mettre les compos d équipe au début du résumé,0,Paris FC
Paris Saint-Germain vs Paris FC : Le résumé vidéo,28,1992,3,@poutou1554,Revenir au plus vite à Charléty après Jean Bouin!!,1,Paris FC
Stade Lavallois vs Paris FC : Le résumé vidéo,6,327,4,@bayramsport,https://www.youtube.com/live/suAy91rclbs?si=hVBrOg7VAIprgRWh live tous les jours paris fc,1,Paris FC
Stade Lavallois vs Paris FC : Le résumé vidéo,6,327,4,@CityOfParis93,reveillez vous les guas !!!,0,Paris FC
Stade Lavallois vs Paris FC : Le résumé vidéo,6,327,4,@Parisfcfan,Une honte il faudra se ressaisir,3,Paris FC
Stade Lavallois vs Paris FC : Le résumé vidéo,6,327,4,@poutou1554,Revenir au plus vite à Charléty après Jean Bouin!!,2,Paris FC
Stade Lavallois - Paris FC : La conf' d'après-match du coach,9,521,2,@poutou1554,Il faudra revenir au plus vite à Charlety après escapade Jean Bouin!,2,Paris FC
Stade Lavallois - Paris FC : La conf' d'après-match du coach,9,521,2,@rachidsekak7298,Il a manqué Kebbal....et c'est votre décision...et arrêtez avec la chèvre Hamel,1,Paris FC
Stade Lavallois vs Paris FC : La conf' d'avant-match du coach,18,614,1,@poutou1554,Retour Charléty au plus vite après escapade Jean Bouin!,2,Paris FC
Le Havre AC vs Paris FC [1-2] : Le résumé de la demi-finale !,10,332,2,@Parisfcfan,Let’s go on vise le titre,1,Paris FC
Le Havre AC vs Paris FC [1-2] : Le résumé de la demi-finale !,10,332,2,@CityOfParis93,,0,Paris FC
Paris FC - FC Lorient [3-2] : Le résumé de la victoire !,31,744,6,@bayramsport,https://www.youtube.com/live/suAy91rclbs?si=hVBrOg7VAIprgRWh,0,Paris FC
Paris FC - FC Lorient [3-2] : Le résumé de la victoire !,31,744,6,@poutou1554,Revenir au plus vite à Charléty après Jean Bouin!!,0,Paris FC
Paris FC - FC Lorient [3-2] : Le résumé de la victoire !,31,744,6,@robertvalles96,Ça fait plaisir de voir Charléty se remplir.,0,Paris FC
Paris FC - FC Lorient [3-2] : Le résumé de la victoire !,31,744,6,@Prolix8,Come on Paris FC,1,Paris FC
Paris FC - FC Lorient [3-2] : Le résumé de la victoire !,31,744,6,@SuperJNG18,Cheers from NYC! Let’s go Paris!,2,Paris FC
Paris FC - FC Lorient [3-2] : Le résumé de la victoire !,31,744,6,@pilou75,"Vous avez bien fait de mettre sans les commentaires beIN et avec les micros du côté de nos supporters, comme ça on se rend compte de l’ambiance au stade 🔥",4,Paris FC
Paris FC - FC Lorient (3-2) : La conf' d'après-match du coach !,22,428,1,@pilou75,Si les sous-titres du journaliste peuvent être mis à chaque interview ce serait sympa car on l’entend mal,4,Paris FC
🔥 𝐔𝐍 𝐂𝐇𝐎𝐂 𝐀̀ 𝐂𝐇𝐀𝐑𝐋𝐄́𝐓𝐘 !,81,1022,3,@Ilian_bs,Salut je suis fan de vous je pourrais une petite dédicace ❤,0,Paris FC
🔥 𝐔𝐍 𝐂𝐇𝐎𝐂 𝐀̀ 𝐂𝐇𝐀𝐑𝐋𝐄́𝐓𝐘 !,81,1022,3,@LeGones_gab,J'y étais 💙,0,Paris FC
🔥 𝐔𝐍 𝐂𝐇𝐎𝐂 𝐀̀ 𝐂𝐇𝐀𝐑𝐋𝐄́𝐓𝐘 !,81,1022,3,@tommaitre9997,probablement le match de la saison pour nos parisien et y va falloir répondre présent,0,Paris FC
⚡️ 𝑫𝑰𝑪𝑲𝑶 → 𝑪𝑨𝑴𝑨𝑹𝑨 → 𝑲𝑬𝑩𝑩𝑨𝑳 → 𝑲𝑹𝑨𝑺𝑺𝑶 → ⚽️🥅 ! ⚡️,40,1164,1,@MTOsInU,Incccrrroyable,0,Paris FC
JOUEURS DE GLOIRE - Omar Da Fonseca se livre sur son histoire avec le Paris FC 🌟,30,559,2,@Parisfcfan,💙🤍,1,Paris FC
JOUEURS DE GLOIRE - Omar Da Fonseca se livre sur son histoire avec le Paris FC 🌟,30,559,2,@Thomas75013,Lamri Laachi le prochain.,1,Paris FC
FC Annecy - Paris FC [2-3] : Le résumé de la victoire !,14,439,1,@tommaitre9997,embaucher moi vous fais une voix pour le résumer psk l'ambiance est triste comme sa,1,Paris FC
FC Annecy - Paris FC : La conf' d'après-match du coach,11,219,1,@poutou1554,Ne lâchons pas le stade Charlety!!,1,Paris FC
🚧 𝐈𝐍𝐅𝐑𝐀𝐍𝐂𝐇𝐈𝐒𝐒𝐀𝐁𝐋𝐄 !,33,1205,1,@Nono52bg,Nkambadio il est trop chaud . Allez le Paris fc j'espère que vous allez allez en ligue 1 ❤❤❤,1,Paris FC
Paris FC - ESTAC Troyes [1-0] : le résumé de la victoire !,23,467,2,@VaneVane-w4f,S'il vous plaît recruter moi,0,Paris FC
Paris FC - ESTAC Troyes [1-0] : le résumé de la victoire !,23,467,2,@Parisfcfan,💙🤍,1,Paris FC
Paris FC - ESTAC Troyes : La conf' d'après-match du coach,13,241,4,@brunogarcias9658,cela fait des années que nous notifions le fait que nous n'entendons pas les questions des journalistes.,0,Paris FC
Paris FC - ESTAC Troyes : La conf' d'après-match du coach,13,241,4,@Parisfcfan,Coach ❤,0,Paris FC
Paris FC - ESTAC Troyes : La conf' d'après-match du coach,13,241,4,@arnaudmathieu480,"Très content de cette victoire, qui en plus nous permet de revenir à 3 points de Lorient. Malgré nos défaites face aux ""gros"" on continue à engranger les points. Il reste 10 matchs pour la montée, on croit en vous !",2,Paris FC
Paris FC - ESTAC Troyes : La conf' d'après-match du coach,13,241,4,@michaelgurnaut2436,On aimerai bien entendre les questions !! Pourtant pas si complique de mettre une bonne sycronisation au moins que se sois moi qui vienne vous montrer comment le faire  !! 🤨,2,Paris FC
💙 𝐔𝐧 𝐛𝐞𝐚𝐮 𝐭𝐫𝐚𝐯𝐚𝐢𝐥 𝐜𝐨𝐥𝐥𝐞𝐜𝐭𝐢𝐟 🔥,39,1180,1,@BOUDET29,⚽️🫡🫡,0,Paris FC
Paris FC - ESTAC Troyes : La conf' d'avant-match du coach,13,421,5,@Parisfcfan,❤❤❤,0,Paris FC
Paris FC - ESTAC Troyes : La conf' d'avant-match du coach,13,421,5,@Kiber_uzbekistan,🇫🇷🤝🇺🇿,0,Paris FC
Paris FC - ESTAC Troyes : La conf' d'avant-match du coach,13,421,5,@Kiber_uzbekistan,🇺🇿🇺🇿🇺🇿🇺🇿🇺🇿,0,Paris FC
Paris FC - ESTAC Troyes : La conf' d'avant-match du coach,13,421,5,@Kiber_uzbekistan,🇺🇿🇺🇿🇺🇿🇺🇿🇺🇿🇺🇿🇺🇿🇺🇿🇺🇿,0,Paris FC
Paris FC - ESTAC Troyes : La conf' d'avant-match du coach,13,421,5,@zonukav,Victoire inévitable on peut plus se permettre de perdre,0,Paris FC
🔥 𝐌𝐚𝐞̈𝐥𝐥𝐞 𝐆𝐚𝐫𝐛𝐢𝐧𝐨 🔥,23,729,2,@Allezlom-w1m,Maelle garbino c ma cousine je m’appelle Maelys vous pouvez même lui demander ❤❤,0,Paris FC
🔥 𝐌𝐚𝐞̈𝐥𝐥𝐞 𝐆𝐚𝐫𝐛𝐢𝐧𝐨 🔥,23,729,2,@rayanfalloni1470,C’est quel sport sa ?,0,Paris FC
USL Dunkerque - Paris FC : La conf' d'après-match du coach,15,330,9,@Parisfcfan,😢😢😢,0,Paris FC
USL Dunkerque - Paris FC : La conf' d'après-match du coach,15,330,9,@andrenackaerts8541,"J'ai vu le match, Dunkerque a plus que mérité sa victoire oui il y avait pénalty pour le PFC mais un pénalty a aussi été oublié pour Dunkerque!",0,Paris FC
USL Dunkerque - Paris FC : La conf' d'après-match du coach,15,330,9,@Gaoufou,"Serait-il possible d'équiper les journalistes d'un micro afin que l'on entende leurs questions.
Mauvais résultats pour cette fois mais aucun doute que le coach et nos joueurs vont corriger le tir rapidement",1,Paris FC
USL Dunkerque - Paris FC : La conf' d'après-match du coach,15,330,9,@wuming8382,"C'est l'année ou jamais pour monter en L1 !!!
On a perdu contre nos principaux adversaires Lorient, Metz, Dunkerque !!!
Le mercato a manqué d'ambition !!!
Les barrages sont à éviter absolument car même victorieux des barrages L2, gagner le barrage contre la L1est une autre paire de manches !!!
Rien ne dit que l'on montera la saison prochaine 26/27!!!!.
Ce qui est pris n'est plus à prendre !!!
Supporter du PFC .depuis la création du club en 1970 ( j'avais 18 ans !), j'attends cette montée pour le derby contre le club francilien du Psg ( franchise qatarie)
Le PFC est le seul club professionnel de Paris
NOUS C'EST PARIS  ( PFC )
Gavroche,  supporter du PFC .depuis 55 ans !!!!",0,Paris FC
USL Dunkerque - Paris FC : La conf' d'après-match du coach,15,330,9,@poutou1554,Road to ligue 1! et retour Charlety après Jean Bouin au plus vite!,0,Paris FC
USL Dunkerque - Paris FC : La conf' d'après-match du coach,15,330,9,@arnaudmathieu480,"Bon, comme dit dans les autres commentaires rien n'est fait, certes, mais ça commence à être relou de perdre tous nos matchs contre les concurrents directs. Outre l'impact très négatif au classement ça me fait craindre le pire en cas de barrage où on se taperait de toute façon une équipe d'un bon niveau. Après ça n'empêche pas que je trouve l'équipe bonne et agréable à regarder (peut-être un peu moins ces derniers temps) et que le coach fasse globalement du très bon travail. On a encore un peu de temps pour relancer la machine, en espérant que nos concurrents se mettent aussi un peu à marquer le pas en fin de saison.",2,Paris FC
USL Dunkerque - Paris FC : La conf' d'après-match du coach,15,330,9,@danguid2753,"Il reste encore 11 journées, on peut pas exiger trop du coach Rien n'est acté ,je connais suffisamment la ligue 2 pour affirmer que même Lorient n'est pas à l'abri !",0,Paris FC
USL Dunkerque - Paris FC : La conf' d'après-match du coach,15,330,9,@Thomas75013,La montée directe se complique et je ne veux pas attendre parler de ces barrages.,1,Paris FC
USL Dunkerque - Paris FC : La conf' d'après-match du coach,15,330,9,@zonukav,C'était un match qu'il ne fallait absolument pas perdre...,1,Paris FC
Paris FC vs AS Saint-Etienne  [4-0] : le résumé de la victoire !,10,255,1,@Parisfcfan,❤❤❤,1,Paris FC
USL Dunkerque vs Paris FC : le résumé vidéo,6,347,1,@Parisfcfan,…,0,Paris FC
USL Dunkerque - Paris FC : La conf' d'avant-match de Jean-Philippe Krasso !,15,434,3,@Parisfcfan,Krasso ❤❤❤,0,Paris FC
USL Dunkerque - Paris FC : La conf' d'avant-match de Jean-Philippe Krasso !,15,434,3,@felixdouhet1454,"Vamos por la liga y por el (psg=Pechos frios
                                                         Son malísimos
                                                          Ganan robando",0,Paris FC
USL Dunkerque - Paris FC : La conf' d'avant-match de Jean-Philippe Krasso !,15,434,3,@kentinhoffmann7779,On espere la montee,3,Paris FC
USL Dunkerque - Paris FC : La conf' d'avant-match du coach,16,408,2,@Parisfcfan,Let’ s go on y croit ❤❤,0,Paris FC
USL Dunkerque - Paris FC : La conf' d'avant-match du coach,16,408,2,@baballe,"Toujours premier, on y croit !!! ⁶⁶⁶😇👌",0,Paris FC
Paris FC vs Pau FC : la conf' de presse d'après-match,11,179,2,@Parisfcfan,Vamoos,0,Paris FC
Paris FC vs Pau FC : la conf' de presse d'après-match,11,179,2,@Thomas75013,Pourquoi publier la conférence presque trois jours après le match ?,0,Paris FC
Paris FC vs Pau FC  : la conf' d'avant-match du coach,20,424,2,@nenriu,allah will use his magic to strike u down,0,Paris FC
Paris FC vs Pau FC  : la conf' d'avant-match du coach,20,424,2,@renaudlanglois5194,"Go PFC ! il faut capitaliser sur les deux derniers matchs, il y a de l'envie, et il nous faut cela ! Objectif League 1 ne pas oublier !!!!!",1,Paris FC
EA Guingamp vs Paris FC : la conf' de presse d'après-match,10,216,2,@nenriu,the message is allah - not more sports terraces ..,0,Paris FC
EA Guingamp vs Paris FC : la conf' de presse d'après-match,10,216,2,@CityOfParis93,bougez-vous!,0,Paris FC
EA Guingamp vs Paris FC [0-1] : le résumé de la victoire !,12,362,3,@nenriu,vas-y fontainbleau !,0,Paris FC
EA Guingamp vs Paris FC [0-1] : le résumé de la victoire !,12,362,3,@CityOfParis93,bien joué,0,Paris FC
EA Guingamp vs Paris FC [0-1] : le résumé de la victoire !,12,362,3,@aimach4611,Paradis Fiscaux Club,1,Paris FC
EA Guingamp vs Paris FC : la conf' d'avant-match du coach,14,325,1,@zonukav,match ultra important faut surtout pas perdre,1,Paris FC
Paris FC vs Red Star [4-1] : le résumé du Derby !,30,776,5,@georgiots1409,I'm enjoying watching this project bear fruit.  I don't really have a team in France that I follow.  I think Paris FC will be the one.,0,Paris FC
Paris FC vs Red Star [4-1] : le résumé du Derby !,30,776,5,@Wildan-x5y,🔥🔥🔥,0,Paris FC
Paris FC vs Red Star [4-1] : le résumé du Derby !,30,776,5,@Narimcherkaoui,Paris FC çà va être quelques choses en ligue 1 🥇,2,Paris FC
Paris FC vs Red Star [4-1] : le résumé du Derby !,30,776,5,@SuperJNG18,Great game!! Much love from an American fan from NYC!,5,Paris FC
PARIS FC vs RED STAR FC : bande annonce !,51,817,2,@adnbinks4586,Qui a déjà prit les place,3,Paris FC
FC Metz vs Paris FC : la conf' de presse d'après-match,14,558,5,@azulazulman314,"Il faut recruter avec l'oseille de Arnault surtout en défense centrale car la chèvre Kolo c'est déja pas bon pour la Ligue 1 mais pour jouer la montée il faut un joueur de meilleure qualité, en plus de recruter un offensif dans les couloirs qui apportera davantage en puissance, explosivité car ca ronronne trop pour la concurrence",1,Paris FC
FC Metz vs Paris FC : la conf' de presse d'après-match,14,558,5,@danguid2753,"Le chemin est long, le PFC reste  dans le bon wagon et le parcours sera encore parsemé d'embuches. Faut rester concentré avec un groupe de qualité tout est permis .",2,Paris FC
FC Metz vs Paris FC : la conf' de presse d'après-match,14,558,5,@poutou1554,"Si ça permet de rester au stade Charlety, on aura pas tout perdu",1,Paris FC
FC Metz vs Paris FC : la conf' de presse d'après-match,14,558,5,@brunogarcias9658,Il perd il félicite l'adversaire. Il se remet jamais en cause.,3,Paris FC
FC Metz vs Paris FC : la conférence d'avant-match du coach !,14,566,2,@renaudlanglois5194,Bah c'est râpé du coup....,0,Paris FC
FC Metz vs Paris FC : la conférence d'avant-match du coach !,14,566,2,@Ti_Goku,c'est le match du titre les gars allez !,1,Paris FC
Paris FC - Amiens SC : La conf' d'après-match du coach,13,386,4,@TheRandomDogLover-rm5se,This season we’re gonna make it to ligue 1 come on Paris!!!!!💙,0,Paris FC
Paris FC - Amiens SC : La conf' d'après-match du coach,13,386,4,@poutou1554,"Il nous faut un vrais arrière latéral gauche. Gaudin, Olila c'est trop juste",2,Paris FC
Paris FC - Amiens SC : La conf' d'après-match du coach,13,386,4,@poutou1554,"Road to ligue 1! Et on reste à Charlety, c'est Notre stade!!!",2,Paris FC
Paris FC - FC Martigues : la conférence d'après-match du coach,12,322,4,@denisalexandre6013,"L'animation des remontées de balles sont prévibles depuis l'année dernière. Et le milieu étaient plus costaud à l'époque. Ensuite, il y a un problème avec la défense centrale un rapide l'autre lent, les relances du goal parfois mauvaises (je parle des relances uniquement), des attaquants qui se comprennent pas. Bref, les entraînements ne leurs sont pas bénéfique. Il faut que le staff se remettent en question. Ensuite les joueurs  répondront présents j'espère...",0,Paris FC
Paris FC - FC Martigues : la conférence d'après-match du coach,12,322,4,@brunogarcias9658,Déjà quand un entraîneur en conférence de presse la première choses qui dit c bravo les joueurs adverses cela en dit long. Il pas changer son style de jeu possession défensive toutes les équipes savent comment nous contré et lui il change rien. Contré Amiens pareil ils vont jouer bas et la moindre opportunité attaquer en contre.,1,Paris FC
Paris FC - FC Martigues : la conférence d'après-match du coach,12,322,4,@wuming8382,"Il ne faudra pas se rater contre Amiens sous l'oeil de Klopp !!!
Il faut envisager de muscler l'équipe pour monter en L1 !!!
L'équipe balbutie depuis le rachat par le groupe Arnault. , ce qui montre que certains joueurs ne maîtrisent pas la pression !!!
Paris a besoin de son vrai club en L1 et c'est le PFC!!!
PSG et le Red Star sont des clubs franciliens. 
Gavroche, supporter du PFC depuis sa création en 1970.",3,Paris FC
Paris FC - FC Martigues : la conférence d'après-match du coach,12,322,4,@Thomas75013,On entend mal les journalistes.,0,Paris FC
Paris FC vs Dijon FCO [4-0] : le résumé vidéo,20,387,1,@christianbargain560,Clara Matéo ! trop cool ! vive le Paris FC .😀💓👌👌,2,Paris FC
J16 - FC Lorient vs Paris FC [2-0] : le résumé vidéo !,11,458,2,@remipfc6481,ils ne montrent pas les 2 occasion du PFC au début du match...,0,Paris FC
J16 - FC Lorient vs Paris FC [2-0] : le résumé vidéo !,11,458,2,@CityOfParis93,dommagf,0,Paris FC
FC Lorient - Paris FC  : La conf' d'après-match du coach,10,302,1,@stochelo-k2y,"Quelques regrets ? À la pause le PFC aurait pu rentrer au vestiaire avec 2 à 3 buts dans la tronche , les bretons ont largement mérité cette victoire..",0,Paris FC
FC Lorient - Paris FC  : La conf' d'avant-match du coach,18,669,1,@Mister407officiel,Allez lorient j vais au match,0,Paris FC
Paris FC vs PSG [1-1] : le résumé vidéo,28,1664,2,@christianbargain560,Bravo les filles vous êtes les meilleures ! 💗👌👌🌺,0,Paris FC
Paris FC vs PSG [1-1] : le résumé vidéo,28,1664,2,@romain5749,Top match 🔥,0,Paris FC
AC Ajaccio - Paris FC [0-2] : le résumé vidéo,18,452,2,@jpplayer9780,Je suis portugais. Allez Paris FC,0,Paris FC
AC Ajaccio - Paris FC [0-2] : le résumé vidéo,18,452,2,@boogiewoogie7029,Allez PARIS FC !,0,Paris FC
AC Ajaccio - Paris FC : La conf' d'après-match du coach,14,151,1,@baballe,Terminé les Matchs complètement nul... GG!!! 😂🎉,1,Paris FC
AC Ajaccio - Paris FC  : La conf' d'avant-match du coach,10,415,3,@poutou1554,Revenir au plus vite à Charléty après Jean Bouin!!,0,Paris FC
AC Ajaccio - Paris FC  : La conf' d'avant-match du coach,10,415,3,@bellasimonpodcastrelation,Allez Paris Fc ❤🎉❤,0,Paris FC
AC Ajaccio - Paris FC  : La conf' d'avant-match du coach,10,415,3,@baballe,Allez PaparisFc... faites nous baver 🍺🤤🔪,1,Paris FC
J9 - FC Fleury 91 vs Paris FC [1-4] : le résumé vidéo ! (ArkemaPL),17,1160,2,@SuperJNG18,"Up Paris from Manhattan! What a brilliant first goal, too!",0,Paris FC
J9 - FC Fleury 91 vs Paris FC [1-4] : le résumé vidéo ! (ArkemaPL),17,1160,2,@SuperJNG18,"Let 'em know, let 'em know!!",0,Paris FC
Paris FC - FC Annecy : La conf' d'après-match du coach,18,644,4,@typpexparis4424,"Le Paris FC n’a pas de supporters… Pour essayer de remplir le stade de Charlety les dirigeants ne font pas payer l’entrée depuis 2 ans. Malgré cela, ils replissent les gradins à moins de la moitié. Les rares supporters sont majoritairement des bœufs, comme souvent dans le foot :(
Que vient faire le fils Arnault dans cette galère ?? Il s’embête ? Il a besoin d’exister médiatiquement ?
Et enfin que dire du risque de transformation du stade Charlety ? Que toutes les associations sportives (sports de combats, sports de raquettes, hand-ball, volley, gymnastique, etc) qui accèdent aux installations devront les quitter au seul profit de ces abrutis de footeux et de la clique habituelle d’intermédiaires foireux et de profiteurs (dont les journalistes) en tous genres ? Tout cela est profondément pathétique.",0,Paris FC
Paris FC - FC Annecy : La conf' d'après-match du coach,18,644,4,@inthebluesmurf,Marre de ton jeu! #gilliout,0,Paris FC
Paris FC - FC Annecy : La conf' d'avant-match du coach,21,569,3,@WajdiHssoumi,Pfc❤,0,Paris FC
Paris FC - FC Annecy : La conf' d'avant-match du coach,21,569,3,@anderson.2774,allez PFC lâcher pas.,0,Paris FC
Paris FC - FC Annecy : La conf' d'avant-match du coach,21,569,3,@baballe,"Vivement que le ParisFc nous redonne le vertige, comme la tour eiffel 😂🎉",0,Paris FC
Conférence de presse d'Antoine Arnault et de Pierre Ferracci,352,16542,48,@poutou1554,"Ouverture prioritaire des abonnements : jeudi 19 juin.

Cette phase est uniquement réservée aux abonnés des deux dernières saisons.
Vous avez jusqu’au dimanche 22 juin inclus pour bénéficier de cette priorité.... Nous sommes le 24/06 et il est toujours impossible de s'abonné sur leur site. Avez-vous des infos?",0,Paris FC
Conférence de presse d'Antoine Arnault et de Pierre Ferracci,352,16542,48,@MADMAX-bd3yk,🗣🎙 je tient a remercier tout particulièrement ☝️ maxime lopez 🐟 l ancien marseillais grace a lui nous somme en ligue 1 # 🙏 merci maxime 🐟,0,Paris FC
Conférence de presse d'Antoine Arnault et de Pierre Ferracci,352,16542,48,@solangeouattara6970,"Bravo Monsieur Président Pierre Ferracci pour votre message de bienvenue adressé aux invités, exprimant votre joie de les recevoir aux côtés de Monsieur Antoine Arnault pour cet événement. Vous avez rappelé que l'information avait déjà été médiatisée un mois plus tôt avant de souligner que l'événement se déroule à Orly, où sont réunis plusieurs éléments du Paris FC : les équipes premières masculine et féminine, les centres de formation et le siège du club. Vous avez ensuite cédé la parole à Monsieur Antoine Arnault pour sa conférence. Celui-ci, passionné de football, a pu partager son amour pour son sport préféré. Un énorme merci au père de notre (Ministre Marc Ferracci) le Président Pierre Ferracci et à Monsieur Antoine Arnault",0,Paris FC
Conférence de presse d'Antoine Arnault et de Pierre Ferracci,352,16542,48,@tomgaschet6427,Lets goooo le new Paris,3,Paris FC
Conférence de presse d'Antoine Arnault et de Pierre Ferracci,352,16542,48,@commerceimpact1235,"J’aurais aimé que Mbappé rachète le Red star de ligue 2 aussi au lieu de Caen, en tant que gamin du 93 l’histoire est belle",0,Paris FC
Conférence de presse d'Antoine Arnault et de Pierre Ferracci,352,16542,48,@zonukav,le goat antoine 🔥🔥🔥,0,Paris FC
Conférence de presse d'Antoine Arnault et de Pierre Ferracci,352,16542,48,@typpexparis4424,"Le Paris FC n’a pas de supporters… Pour essayer de remplir le stade de Charlety les dirigeants ne font pas payer l’entrée depuis 2 ans. Malgré cela, ils replissent les gradins à moins de la moitié. Les rares supporters sont majoritairement des bœufs, comme souvent dans le foot :(
Que vient faire le fils Arnault dans cette galère ?? Il s’embête ? Il a besoin d’exister médiatiquement ?
Et enfin que dire du risque de transformation du stade Charlety ? Que toutes les associations sportives (sports de combats, sports de raquettes, hand-ball, volley, gymnastique, etc) qui accèdent aux installations devront les quitter au seul profit de ces abrutis de footeux et de la clique habituelle d’intermédiaires foireux et de profiteurs (dont les journalistes) en tous genres ? Tout cela est profondément pathétique.",0,Paris FC
Conférence de presse d'Antoine Arnault et de Pierre Ferracci,352,16542,48,@Mutodoriflow,Si j'ai bien compris il a juste pour projet de faire du PFC un bon club de ligue 1. Pas de quoi concurrencer le PSG.,0,Paris FC
Conférence de presse d'Antoine Arnault et de Pierre Ferracci,352,16542,48,@abdeyuri948,"Antoine, la définition et l’essence pur de ce qu’est un fils à papa, là pour le coup personne me contredira. 
Alors comment faire « son chemin » et faire savoir au monde que je ne suis pas « que » le fils hériter ? Racheter le Paris FC avec les sous à papou et jouer au Monopoly ! Bravo toinou, t’es brillant, tes mimiques trahissant ton mal être et ton besoin irrésistible de contrôle… mon pauvre",0,Paris FC
Conférence de presse d'Antoine Arnault et de Pierre Ferracci,352,16542,48,@MiMi-ei1wf,"Je suis pas supporter du Paris FC, le projet est ambitieux je pense que les supporters du Paris FC ont de belles années devant eux",4,Paris FC
Conférence de presse d'Antoine Arnault et de Pierre Ferracci,352,16542,48,@francoisbariko120,"Super initiative !👍👍beau projet la famille Arnaud sont des personnes sérieuses et compétentes ils vont faire monter en ligue 1 ...
Très bonne nouvelle pour le football français !",5,Paris FC
Conférence de presse d'Antoine Arnault et de Pierre Ferracci,352,16542,48,@Mugitom,Merci de nous faire rêver de nouveau avec un club de la capitale avec une vrai identité française,3,Paris FC
Conférence de presse d'Antoine Arnault et de Pierre Ferracci,352,16542,48,@Nicolas-ep3rz,Laisser partir. A paris sg,0,Paris FC
Conférence de presse d'Antoine Arnault et de Pierre Ferracci,352,16542,48,@Nicolas-ep3rz,Ici c'est paris Sg,0,Paris FC
Conférence de presse d'Antoine Arnault et de Pierre Ferracci,352,16542,48,@jctrenchcoat,Une vision moderne et pas à l'ancienne genre clivante. 🎉🎉,0,Paris FC
Conférence de presse d'Antoine Arnault et de Pierre Ferracci,352,16542,48,@anderson.2774,"malheureusement ils y'a une clochardisation des clubs de football français en province (girondins de Bordeaux, martigues, l'OL et j'en passe en général  excepté le PSG et le PFC qui sont en bonne santé financière .",0,Paris FC
Conférence de presse d'Antoine Arnault et de Pierre Ferracci,352,16542,48,@fab92n15,Bonne chance ❤,0,Paris FC
Conférence de presse d'Antoine Arnault et de Pierre Ferracci,352,16542,48,@mouzissaissa3158,Tres bonnes questions de Vincent Marcellin de l equipe. Merci a lui,0,Paris FC
Conférence de presse d'Antoine Arnault et de Pierre Ferracci,352,16542,48,@jpnevil,"Je préfèrerais que la famille Arnault mette plus d'énergie à payer les impôts qu'elle doit en France, ils payent proportionnellement moins qu'un salarié moyen français. C'est bien beau de jouer les héros en détournant l'attention avec le foot, mais les milliards volés à l'Etat français sont une catastrophe pour le budget du pays. Je suppose que ça ne dérange pas les futurs supporters béats de payer le déficit de leurs poches.",5,Paris FC
Conférence de presse d'Antoine Arnault et de Pierre Ferracci,352,16542,48,@lovepowerandpoetry2523,"Je ne suis pas le Paris FC, mais je me réjouis de l'arrivée de la famille Arnault dans ce club. Plus nous aurons de grands investisseurs dans notre championnat mieux ce sera pour notre football français qui en manque cruellement, et qui le parent pauvre du football européen. J'espère que vous ne serez pas gangréné par la stupidité haineuse du supporteurisme qui voit les autres clubs comme des ennemis, plutôt que comme des partenaires de notre championnat, où la rivalité sportive contribue à l'élévation des clubs par l'ambition. La rivalité et la concurrence doivent être des chances et pas des inconvénients. Si les supporteurs des clubs pouvaient intégrer cela, et se retrouver dans la bonne humeur et la communion autour des matchs, ce serait tellement plus constructif. Si les autres clubs n'existaient pas il n'y aurait aucun championnat, aucune compétition. Il faudrait prendre exemple sur l'état d'esprit du décathlon, où les concurrents sont aussi des amis qui s'encouragent. C'est cela qui est grand. Vive tous les clubs du Championnat de Ligue 1, de Ligue 2 , et des autres niveaux inférieurs.",4,Paris FC
Conférence de presse d'Antoine Arnault et de Pierre Ferracci,352,16542,48,@lemoisdaoutcestcool3436,Allez pfc,2,Paris FC
Conférence de presse d'Antoine Arnault et de Pierre Ferracci,352,16542,48,@tedstormy,"C'est ambitieux, c'est prometteur. Si le club accède à la Ligue 1, j'ai hâte de voir ce que cela va donner.
Je déteste le PSG, je suis le PFC ces dernières années et maintenant prêt à devenir un fervent supporter de ce club francilien.",13,Paris FC
Conférence de presse d'Antoine Arnault et de Pierre Ferracci,352,16542,48,@marbolo8390,Vous nous manquerez mr ferracci,5,Paris FC
Conférence de presse d'Antoine Arnault et de Pierre Ferracci,352,16542,48,@fab3344,Mais quelle erreur de com 😂😂 ça commence bien ce projet bancale !!,1,Paris FC
Conférence de presse d'Antoine Arnault et de Pierre Ferracci,352,16542,48,@AdG1878,Grosse erreure de com' pour le PSG le mec ne connaît pas le monde du foot il faut jamais dire ca toujours être exclusif à son club,4,Paris FC
Conférence de presse d'Antoine Arnault et de Pierre Ferracci,352,16542,48,@fifilix,"Welcome to Paris FC, enjoy for the future 💪⚽️🔥🔥🔥",8,Paris FC
Conférence de presse d'Antoine Arnault et de Pierre Ferracci,352,16542,48,@maxa1755,Merci pour tout Pierre !,6,Paris FC
Conférence de presse d'Antoine Arnault et de Pierre Ferracci,352,16542,48,@Thomas75013,"Le Matra Racing était la structure originelle du Paris FC, Pascal Olmeta a dis que le club avait été construit à l'envers en commençant par le toit.",3,Paris FC
Conférence de presse d'Antoine Arnault et de Pierre Ferracci,352,16542,48,@anthoculotti8790,"Admirable travail monsieur Ferracci 🫡
Un grand merci 🙂",12,Paris FC
Conférence de presse d'Antoine Arnault et de Pierre Ferracci,352,16542,48,@stephaneb44,Très heureux qu'il y ait enfin un vrai club à Paris !,12,Paris FC
Conférence de presse d'Antoine Arnault et de Pierre Ferracci,352,16542,48,@arnaudmathieu480,"Un grand merci à M. Ferracci pour son remarquable travail à la tête du club. Espérons une montée dès cette année avec, pourquoi pas, le titre de champion de ligue 2 (mais clairement, la montée suffira à tout le monde).",37,Paris FC
J8 - RC Strasbourg Alsace vs Paris FC [1-4] : le résumé vidéo ! (ArkemaPL),8,651,1,@baballe,Allez Paris FC !!! 🍺🥳👍,0,Paris FC
J7 - Paris FC vs Montpellier HSC [4-2] : le résumé vidéo ! (ArkemaPL),17,655,2,@richardcarbonnier1881,"La gardienne du PFC c'est une catastrophe. Forte sur les penalties, mais tout le reste c'est zéro.",0,Paris FC
J7 - Paris FC vs Montpellier HSC [4-2] : le résumé vidéo ! (ArkemaPL),17,655,2,@pilou75,"Le 1er but de Montpellier doit jamais être accepté, y’a clairement faute sur Nnadozie…",3,Paris FC
Pau FC vs Paris FC : la conf' d’avant-match d'Ilan Kebbal !,22,446,1,@pilou75,"J’aime bien sa conférence, ça change des joueurs qui sont pas capable de développer leurs réponses…",2,Paris FC
J6 - FC Nantes vs Paris FC [0-0] : le résumé vidéo ! (ArkemaPL),6,285,2,@SuperJNG18,One point is better than zero! Cheers from Manhattan!,0,Paris FC
J6 - FC Nantes vs Paris FC [0-0] : le résumé vidéo ! (ArkemaPL),6,285,2,@SuperJNG18,One point is better than zero! Cheers from Manhattan!,0,Paris FC
J12 -Paris FC vs Rodez AF [3-3] : le résumé vidéo !,18,658,1,@adamodiallo8086,Le tirage au sort est un peu dommage,0,Paris FC
J11 - Amiens SC vs Paris FC [0-0] : le résumé vidéo !,12,570,2,@bellasimonpodcastrelation,Allez Paris fc ❤,0,Paris FC
J11 - Amiens SC vs Paris FC [0-0] : le résumé vidéo !,12,570,2,@CityOfParis93,dommage on aurait pu gagner,0,Paris FC
J10 - Paris FC vs GF38 [2-1] : le résumé vidéo !,21,730,4,@dimitrimihalec2534,"match maîtrisé de bout en bout.
C'est notre année !",0,Paris FC
J10 - Paris FC vs GF38 [2-1] : le résumé vidéo !,21,730,4,@sizansikder7054,"J'habite a Paris. Je suis un Fans Supporter Radical de Dhaka Wanderers Football Club !

Delhi Football Club.

Islamabad Football Club.

Dhaka Wanderers Football Club.

Dhaka Abahani Football Club.",1,Paris FC
J10 - Paris FC vs GF38 [2-1] : le résumé vidéo !,21,730,4,@CityOfParis93,yes!,0,Paris FC
J10 - Paris FC vs GF38 [2-1] : le résumé vidéo !,21,730,4,@SuperJNG18,Paris FC! What a team! Cheers from Manhattan!,4,Paris FC
Paris FC vs Grenoble Foot 38 : La conf' d’après match du coach !,18,505,1,@thesefacinatingcreatures4889,Bonne victoire aller pfc 💙🤍,4,Paris FC
Paris FC vs Grenoble Foot 38 : La conf' d'avant match du coach !,12,444,1,@poutou1554,Roooooad to ligue 1!!!! Et faisons le nécessaire pour améliorer Charlety et y rester! c'est notre stade!!!,5,Paris FC
J9 - ESTAC vs Paris FC [0-3] : le résumé vidéo !,19,536,2,@SuperJNG18,"Wow, and all three of those goals were beauties. Wacky missed penalty, though - never seen a ball go around the keeper's feet before!",0,Paris FC
J9 - ESTAC vs Paris FC [0-3] : le résumé vidéo !,19,536,2,@SuperJNG18,Cheers from Manhattan! Keep that push going! You don't need no Red Bull to get wings!,2,Paris FC
ESTAC vs PARIS FC : La conf' d'après-match du coach !,23,390,3,@bellasimonpodcastrelation,Allez Paris ❤🎉,0,Paris FC
ESTAC vs PARIS FC : La conf' d'après-match du coach !,23,390,3,@fayssalboukedroune7949,C'est bien les gars continue comme ça,3,Paris FC
ESTAC vs PARIS FC : La conf' d'après-match du coach !,23,390,3,@CityOfParis93,Bravo le Paris FC !,3,Paris FC
J5 - Paris FC - OL [0-0] : le résumé vidéo ! (ArkemaPL),10,251,3,@bellasimonpodcastrelation,Allez le Paris fc 🎉❤,0,Paris FC
J5 - Paris FC - OL [0-0] : le résumé vidéo ! (ArkemaPL),10,251,3,@christianbargain560,Bravo Paris FC ! 😀🌺,0,Paris FC
J5 - Paris FC - OL [0-0] : le résumé vidéo ! (ArkemaPL),10,251,3,@Bob1759,Gros match de Nnadozie ! Un bon point pris contre les favorites du championnat il faut continuer comme ça 💪💪🇪🇪,2,Paris FC
ESTAC - Paris FC : La conf' d'avant-match de Pierre-Yves Hamel,14,291,1,@poutou1554,Roooooooad to ligue 1!!! Modification de Charlety et on y reste!,2,Paris FC
ESTAC vs Paris FC : La conf' d'avant match du coach !,22,468,5,@poutou1554,Rooooaaaad to ligue 1!!!! Mais ce serait bien de rester à Charléty. Juste améliorer le stade.,2,Paris FC
ESTAC vs Paris FC : La conf' d'avant match du coach !,22,468,5,@bellasimonpodcastrelation,Allez le PFC !!!,3,Paris FC
ESTAC vs Paris FC : La conf' d'avant match du coach !,22,468,5,@CityOfParis93,Allez le Paris FC !,3,Paris FC
Stéphane Gilli prolonge avec le Paris FC : l'interview vidéo !,41,986,7,@nicolasv.1827,"Un supporter du PSG vous salue. J'ai vraiment hâte de vous voir en L1 les gars, allez Paris !",0,Paris FC
Stéphane Gilli prolonge avec le Paris FC : l'interview vidéo !,41,986,7,@etbadaboum,Ligue 1 ,0,Paris FC
Stéphane Gilli prolonge avec le Paris FC : l'interview vidéo !,41,986,7,@vincentpicart9316,Un homme et un entraineur exceptionnel,0,Paris FC
Stéphane Gilli prolonge avec le Paris FC : l'interview vidéo !,41,986,7,@zatoichi8745,"C'est lui notre meilleur recrutement de ces deux dernières années.
Stéphane, on t'aime, emmène-nous en Ligue 1 et continue de nous faire rêver ! ❤️",4,Paris FC
Stéphane Gilli prolonge avec le Paris FC : l'interview vidéo !,41,986,7,@CityOfParis93,InchAllah en ligue 1 !,1,Paris FC
Stéphane Gilli prolonge avec le Paris FC : l'interview vidéo !,41,986,7,@poutou1554,Road to ligue 1!!,2,Paris FC
Stéphane Gilli prolonge avec le Paris FC : l'interview vidéo !,41,986,7,@Parisfcfan,Coach ❤,2,Paris FC
J8 - Paris FC vs Stade Lavallois MFC [1-0] : le résumé vidéo !,15,658,2,@nicolasv.1827,"Salut Paris FC, un supporter du PSG dzpuis 1993 vous souhaite le meilleure et espère vous voir en ligue 1 l'année prochaine... Allez PARIS !!!!",1,Paris FC
J8 - Paris FC vs Stade Lavallois MFC [1-0] : le résumé vidéo !,15,658,2,@mathys.h,PYH !,0,Paris FC
Paris FC - Stade Lavallois MFC : la conf' d'avant match du coach,14,373,1,@poutou1554,road to ligue 1!!,1,Paris FC
J2 - Paris FC - Havre AC [8-0] : le résumé vidéo ! (ArkemaPL),11,481,2,@TheJEUSDI,1:10 depuis quand elle snipe Mateo ?,0,Paris FC
J2 - Paris FC - Havre AC [8-0] : le résumé vidéo ! (ArkemaPL),11,481,2,@SuperJNG18,Cheers from Manhattan! Men and women both getting it done for Paris!!,1,Paris FC
J7 - Red Star FC vs Paris FC [1-3] : le résumé vidéo !,26,753,1,@Parisfcfan,ET LE DERBY IL EST À NOUS !!,6,Paris FC
Red Star FC vs Paris FC : la conf' d'après-match du coach !,22,421,5,@Thomas75013,MDR on n'entend pas les journalistes.,0,Paris FC
Red Star FC vs Paris FC : la conf' d'après-match du coach !,22,421,5,@poutou1554,Road to ligue 1!!,3,Paris FC
Red Star FC vs Paris FC : la conf' d'après-match du coach !,22,421,5,@ladjietdjibril7133,Vive paris Fc ❤,4,Paris FC
Red Star FC vs Paris FC : la conf' d'après-match du coach !,22,421,5,@Camchaine,Allez Paris !!!!!,3,Paris FC
J6 - Paris FC vs EA Guingamp [2-0] : le résumé vidéo !,30,730,2,@CityOfParis93,allez paname!,0,Paris FC
J6 - Paris FC vs EA Guingamp [2-0] : le résumé vidéo !,30,730,2,@SuperJNG18,Come on Paris! Cheers from NYC!,4,Paris FC
Paris FC - EA Guingamp : La conf' d'avant-match du coach,11,300,1,@mauricegiono4392,Bon faut gagne la et surtout pas perdre contre le red star fc,1,Paris FC
Paris FC - EA Guingamp : La conf' d'avant-match du coach,15,459,2,@leoiche7181,allez sylvain Bertrand,0,Paris FC
Paris FC - EA Guingamp : La conf' d'avant-match du coach,15,459,2,@leoiche7181,allez Lopez,0,Paris FC
J1 - EA Guingamp - Paris FC [0-6] : le résumé vidéo ! (ArkemaPL),4,443,1,@delattremartial,elle se sont rattraper apprès leur prestation médiocre en ligue des champions,0,Paris FC
SC Bastia vs Paris FC : la conf' d'après-match du coach !,21,1339,5,@TestaMora,"Match de Gala ? Attendu tous les week-end ? Vous jouez pas le maintien ? Vous n'êtes que le PFC, redescendez, vous n'avez aucune histoire les gars...",1,Paris FC
SC Bastia vs Paris FC : la conf' d'après-match du coach !,21,1339,5,@bastiaturchinu7898,le carton rouge contre Bastia est une fraude. il va falloir se lever tôt pour venir gagner a Furiani cette saison. forza Bastia per sempre,7,Paris FC
SC Bastia vs Paris FC : la conf' d'après-match du coach !,21,1339,5,@olivierjeanbaptiste87,Il va falloir travailler dur 😶 Déçu 😞  mais il ne faut rien lâcher pour repartir plus fort 💪🏽,3,Paris FC
SC Bastia - Paris FC : La conf' d'avant-match de Vincent Marchetti,12,888,3,@anthozzz2b,Journaliste ou pleureuse ?! J’ai une petite idée…,1,Paris FC
SC Bastia - Paris FC : La conf' d'avant-match de Vincent Marchetti,12,888,3,@titangans-2b873,Gaulois tu es plus chez toi,1,Paris FC
SC Bastia - Paris FC : La conf' d'avant-match de Vincent Marchetti,12,888,3,@CityOfParis93,Allez Lutece !,2,Paris FC
PARIS FC vs MAN CITY : La conf' d'avant-match !,30,907,1,@heitzmannpatrice4315,je viens de regarder le match... Quelle correction!!,0,Paris FC
J4 - PARIS FC vs FC METZ [1-2] : Le résumé vidéo,11,529,2,@CityOfParis93,"dommage on devait pas le perdre...on dominait tous le match on prend deux but con, surtout le 2eme",0,Paris FC
J4 - PARIS FC vs FC METZ [1-2] : Le résumé vidéo,11,529,2,@hessteb,pas mal le hj sur le 2e..,1,Paris FC
Paris FC - FC Metz : La conf' d'avant-match du coach,15,576,1,@1932Tempooo,Go pfc,3,Paris FC
𝐋𝐄 𝐑𝐄𝐓𝐎𝐔𝐑 𝐀̀ 𝐋𝐀 𝐌𝐀𝐈𝐒𝐎𝐍 💙🤍,54,892,4,@lolekohio,Best club❤,0,Paris FC
𝐋𝐄 𝐑𝐄𝐓𝐎𝐔𝐑 𝐀̀ 𝐋𝐀 𝐌𝐀𝐈𝐒𝐎𝐍 💙🤍,54,892,4,@ladjietdjibril7133,Je vais voir un match ce week-end,1,Paris FC
𝐋𝐄 𝐑𝐄𝐓𝐎𝐔𝐑 𝐀̀ 𝐋𝐀 𝐌𝐀𝐈𝐒𝐎𝐍 💙🤍,54,892,4,@ladjietdjibril7133,Bonjour j’adore vraiment votre esuope,1,Paris FC
𝐋𝐄 𝐑𝐄𝐓𝐎𝐔𝐑 𝐀̀ 𝐋𝐀 𝐌𝐀𝐈𝐒𝐎𝐍 💙🤍,54,892,4,@CityOfParis93,Allez PFC !,4,Paris FC
[UWCL] : Paris FC - AC Sparta Prague (2-0) : le résumé du match !,25,2274,1,@christianbargain560,De très loin mon équipe favorite !!!! vive le Paris FC 😀❤👌👌👌,0,Paris FC
[UWCL] : Paris FC - First Vienna (9-0) : tous les buts !,21,2394,2,@msamelie,"Bourdieu Dufour et Matéo mériteraient d être en EDF
Elles valent mieux que certaines titulaires actuelles",3,Paris FC
J2 - PARIS FC vs USL Dunkerque  [3-2] : Le résumé d'une soirée renversante,22,685,4,@DanielOgolla-n3q,ALWAYS the Best 💪,1,Paris FC
J2 - PARIS FC vs USL Dunkerque  [3-2] : Le résumé d'une soirée renversante,22,685,4,@Valmat1012,allez on peut montée en ligue 1,3,Paris FC
J2 - PARIS FC vs USL Dunkerque  [3-2] : Le résumé d'une soirée renversante,22,685,4,@Yéti-des-Alpes,Cette année sera la bonne,1,Paris FC
J2 - PARIS FC vs USL Dunkerque  [3-2] : Le résumé d'une soirée renversante,22,685,4,@slyhw2510,Objetif régularité,1,Paris FC
J1 - SM CAEN vs PARIS FC [0-2] : Le résumé de cette première soirée,18,802,2,@URL94-t,Monge il étais la,2,Paris FC
J1 - SM CAEN vs PARIS FC [0-2] : Le résumé de cette première soirée,18,802,2,@Cmonpseudo604,LA MONTÉE LA MONTÉE LA MONTÉE,5,Paris FC
MAËLLE GARBINO EST PARISIENNE !,29,652,3,@delattremartial,très bonne recrue j'espèrent juste qu'elle est pas là pour prendre la place de Julie Dufour,0,Paris FC
MAËLLE GARBINO EST PARISIENNE !,29,652,3,@markplimmer9232,Benvenuta a Parigi !,0,Paris FC
ALIMAMI GORY PROLONGE AU PARIS FC !,26,763,2,@DougaGory-g1m,😎❤️‍🩹❤️‍🩹,1,Paris FC
ALIMAMI GORY PROLONGE AU PARIS FC !,26,763,2,@Parisfcfan,💙💙💙💙,1,Paris FC
JEAN-PHILIPPE KRASSO EST PARISIEN !,49,1867,7,@fally7134,"Good vibes, proud of you  👌",0,Paris FC
JEAN-PHILIPPE KRASSO EST PARISIEN !,49,1867,7,@Abd-10079,Bienvenue 🔵,1,Paris FC
JEAN-PHILIPPE KRASSO EST PARISIEN !,49,1867,7,@putoisdelicat6079,Énorme !!! J'espère que ça va continuer... Le projet c'est la montée ? Rassurez moi ?,0,Paris FC
JEAN-PHILIPPE KRASSO EST PARISIEN !,49,1867,7,@cedricnguessan8746,Très Bon choix,1,Paris FC
JEAN-PHILIPPE KRASSO EST PARISIEN !,49,1867,7,@carloseduardo9665,"boa contratação, se contratar um meia atacante para termos um reserva para Ilan o time fica MUITO bom, próxima temporada temos que subir",1,Paris FC
JEAN-PHILIPPE KRASSO EST PARISIEN !,49,1867,7,@Parisfcfan,Génial un buteur !!!,1,Paris FC
JEAN-PHILIPPE KRASSO EST PARISIEN !,49,1867,7,@Parisfcfan,Génial un buteur !!!,0,Paris FC
MATHYS TOURRAINE EST PARISIEN !,20,557,2,@Abd-10079,Bienvenue 💙,2,Paris FC
MATHYS TOURRAINE EST PARISIEN !,20,557,2,@Parisfcfan,"Parfait ! Maintenant il faut recruter un buteur, un vrai renard des surfaces. Allez PARIS 💙",2,Paris FC
Sofiane Alakouch reste à Paris !,13,357,1,@Parisfcfan,C’est bien en espérant qu’il soit plus chanceux que la saison dernière 💙,0,Paris FC
Lohann Doucet reste parisien !,22,554,2,@arnaudmathieu480,"C'est une très bonne chose d'avoir pu le garder. J'espère qu'on pourra s’appuyer sur la très belle ossature de l'équipe de cette année pour viser encore plus haut la saison prochaine. Avec les retours de blessure, c'est comme si on avait de nouvelles recrues, même si la fragilité de certains joueurs interroge. Ce ne sera pas facile de conserver Ilan (peut-être un peu plus maintenant qu'il est blessé) mais si on y arrive ça peut vraiment faire du dégât.",5,Paris FC
DEJA DAVIS est Parisienne !,13,368,1,@markplimmer9232,Welcome to Paris FC!,1,Paris FC
"Pierre Ferracci : ""Il y aura un engagement total""",52,2074,8,@solangeouattara6970,"Merci, le Président Pierre Ferracci, pour cette prise de parole pleine de lucidité et de confiance. Malgré un match difficile à Bastia, l’équipe reste dans le top 5, ce qui montre sa détermination. Je souhaite beaucoup de courage au groupe pour le match contre Rodez. Vous êtes combatif et vous avez transmis à votre fils le Ministre Marc Ferracci les valeurs de combativité, d'intelligence et de courage qui se ressentent chaque jour. Bravo à vous",0,Paris FC
"Pierre Ferracci : ""Il y aura un engagement total""",52,2074,8,@95100,Remettez vous en question. Nos joueur ne sont pas professionnel c pas possible,0,Paris FC
"Pierre Ferracci : ""Il y aura un engagement total""",52,2074,8,@kalliste6370,Mentalitée de Pins,0,Paris FC
"Pierre Ferracci : ""Il y aura un engagement total""",52,2074,8,@michaelgurnaut2436,"Vive Paris.., PSG Champion de France, montee du Red star et ligue 2 , montee de Paris 13 en national, il ne reste plus que le PFC monte en ligue 2 et la boucle  sera bouclee .",2,Paris FC
"Pierre Ferracci : ""Il y aura un engagement total""",52,2074,8,@jean-christophealessi9733,"Allez le Paris FC, j étais déçu de ne pas pouvoir venir à Charléty pour voir le match de prébarrage mais la 5ème place est synonyme d espoir aussi :)",2,Paris FC
"Pierre Ferracci : ""Il y aura un engagement total""",52,2074,8,@denislaurent3538,"Très bonne intervention présidentielle. Il est vrai qu’inexplicablement les plus talentueux des joueurs, Ilan Kebbal, le premier, subissent des agressions répétées, de plus en plus dures, sans que les arbitres assument la responsabilité qui leur incombe: sanctionner équitablement, protéger les joueurs, préserver l’esprit du jeu. Dès à présent les matchs de barrage s’en trouvent faussés.",7,Paris FC
"JULIE SOYER, clap de fin",68,2682,5,@GANG-gp4ix,Saint Didier Des Bois ✌️✌️✌️,0,Paris FC
"JULIE SOYER, clap de fin",68,2682,5,@christianbargain560,Trop triste !! bravo pour cette carrière incroyable ! merci Julie ! vive le Paris FC ! 🌺💗,0,Paris FC
"JULIE SOYER, clap de fin",68,2682,5,@yanndgt4482,Merci pour tout. Vous allez nous manquer sur le terrain😢,3,Paris FC
"JULIE SOYER, clap de fin",68,2682,5,@delattremartial,dommage une fille d'expérience qui quittent le club,3,Paris FC
Paris FC - EA Guingamp [2-1] : Le résumé vidéo,33,851,2,@richardslaurent8118,"Guingamp , comme toutes les autres équipes de L2, une fois joué leur match contre Saint-Etienne, se repose. J'aime pas , cela fausse le championnat , pour Sainté 38 finales à jouer , pour Guingamp .....",0,Paris FC
Paris FC - EA Guingamp [2-1] : Le résumé vidéo,33,851,2,@poutou1554,Grand match de notre Monsieur DICKO préféré.,3,Paris FC
"Dans la tête de Chiamaka Nnadozie, entretien exclusif",23,869,2,@stephenfemi5850,Lovely,0,Paris FC
"Dans la tête de Chiamaka Nnadozie, entretien exclusif",23,869,2,@UkpaiChidiogoElizabeth,Cute 🎉😊,0,Paris FC
ICI C'EST GRATUIT !,63,1201,7,@sendoh3097,sympa le 2e club parisien 😍,0,Paris FC
ICI C'EST GRATUIT !,63,1201,7,@Roichandelier,Je change de club préféré je prend PFC,1,Paris FC
ICI C'EST GRATUIT !,63,1201,7,@hadem.T,Laisser gratuit s'il vous plaît,1,Paris FC
ICI C'EST GRATUIT !,63,1201,7,@contenu_aleatoire_fr,pk y a un mec avec le maillot du psg ? a la 2:57,1,Paris FC
ICI C'EST GRATUIT !,63,1201,7,@arnaudmathieu480,On espère avoir beaucoup de monde dans les tribunes pour (peut-être) le dernier match à domicile vendredi soir. L'ambiance en tribunes va être énorme !,4,Paris FC
ICI C'EST GRATUIT !,63,1201,7,@Parisfcfan,Géniale cette petite vidéo !! Ici c’est gratuit !!!,9,Paris FC
AJ Auxerre - Paris FC : La conf' d'avant-match de Vincent Marchetti,15,488,1,@Nordine89,"Aucune pression pour nous,  ont a des internationaux d’expérience Allez Auxerre 💙",0,Paris FC
AJ Auxerre - Paris FC : La conf' d'avant-match du coach,19,1168,1,@هاشم28,PSG better,0,Paris FC
Ayoub Jabbari prolonge !,99,2004,2,@DelphinMuhigirwa-d8c,Académie 😮,0,Paris FC
Ayoub Jabbari prolonge !,99,2004,2,@CarlosEduardo-eu5sl,Boa sorte Paris,3,Paris FC
THINEY 2025 : l'aventure se poursuit !,40,1566,3,@tetrachlo,Le talent à l'état pur !! un régal de la voir jouer,0,Paris FC
THINEY 2025 : l'aventure se poursuit !,40,1566,3,@ericedou9157,Salut la légende! grande joueuse et grande personne!,2,Paris FC
THINEY 2025 : l'aventure se poursuit !,40,1566,3,@christianbargain560,La légende Thiney ! 🌺 Bravo le Paris FC ! Longue vie à cette équipe incroyable ! 🌼💗,0,Paris FC
Paris FC - Angers [3-1] : Le résumé vidéo,28,958,4,@CityOfParis93,"Paris FC faite nous gouter à la ligue 1 lannée pro, tous les ans c'est les baragges sans y parvenir",2,Paris FC
Paris FC - Angers [3-1] : Le résumé vidéo,28,958,4,@Parisfcfan,Allez les gars faites nous rêver ❤️❤️,5,Paris FC
Paris FC - Angers [3-1] : Le résumé vidéo,28,958,4,@JuNagata,💙🤍🖤,5,Paris FC
Paris FC - Angers [3-1] : Le résumé vidéo,28,958,4,@arnaudmathieu480,"Avec les résultats qui commencent à venir en cette fin de saison on sent un réel engouement autour du club, et ça fait plaisir. On pourrait regretter que les gens attendent que l'équipe gagne pour venir la supporter mais, ne nous voilons pas la face, les 3/4 des supporters de tous les clubs ont commencé à venir au stade lorsque leur équipe était dans une spirale positive, avec un objectif attrayant à jouer. On verra si cette popularité se confirme la saison prochaine avec la fin probable des places gratuites.",9,Paris FC
Paris FC - Angers SCO : La conf' d'avant-match de Cyril Mandouki,18,585,1,@martingal2366,Entièrement d'accord avec lui tu as le droit de perdre parce que l'adversaire à était meilleur mais pas d'avoir de regrets .,0,Paris FC
Paris FC - Angers SCO : La conf' d'avant-match du coach,25,995,4,@Bernard-y9s,"Bonne analyse du coach , concernant le petit Kebbal c 'est un joueur que j 'ai découvert avec Dunkerque et qui était déjà très prometteur.Le souci avec ce joueur c' est sa taille, sa morphologie et ça façon de conduire le ballon,il s 'expose beaucoup, je pense que contre Rodez il n' y a pas eu de fautes graves et que l 'arbitre a sanctionné d 'un carton la seconde seconde faute sur Kebbal.A Rodez , Paris meritait le match nul et a fourni un bon match.Maintenant pour la suite je pense que les premiers sont connus et dans cet ordre, pour la quatrième et la cinquième place ça devrait se jouer entre Paris et Rodez mais dans quel ordre?De toute façon le vainqueur aura une chance si c' est Angers mais pour la suite ça sera plus incertain. Alors allez Paris, allez Rodez et coach a vous de trouver une astuce pour protéger ce joueur tellement beau à voir évoluer",0,Paris FC
Paris FC - Angers SCO : La conf' d'avant-match du coach,25,995,4,@Mookti,Allez paris!💚💚💚,0,Paris FC
Paris FC - Angers SCO : La conf' d'avant-match du coach,25,995,4,@Parisfcfan,Allez les gars match ultra-important tout le monde à charlety (en plus c’est gratuit 😊),1,Paris FC
Paris FC - Angers SCO : La conf' d'avant-match du coach,25,995,4,@poutou1554,"Victoire et ligue 1 svp, ne nous décevez pas une énième fois",2,Paris FC
Rodez AF - Paris FC [1-0] : Le résumé vidéo,18,3380,4,@operegrinonamatrix,Paris FC lixo... dificilmente subirá para a ligue 1,0,Paris FC
Rodez AF - Paris FC [1-0] : Le résumé vidéo,18,3380,4,@malsi6036,"Tellement pas meriter pour Rodez Franchement , Super match des Parisiens qui meritais la victoire, la reussite netais pas avec nous malheureusement",2,Paris FC
Rodez AF - Paris FC [1-0] : Le résumé vidéo,18,3380,4,@Parisfcfan,Pas grave mais faut se remobiliser,2,Paris FC
Rodez AF - Paris FC [1-0] : Le résumé vidéo,18,3380,4,@alx6584,Rodez en ligue 1 🟥🟨,6,Paris FC
Tous ensemble. Tous unis. Tous Paris.,79,1079,2,@bambasouleymanealex7601,Force,1,Paris FC
Tous ensemble. Tous unis. Tous Paris.,79,1079,2,@Sandy_maulanas,Menyala abangku ❤,1,Paris FC
Rodez AF - Paris FC : La conf' d'avant-match du coach,8,428,1,@pilou75,"J’aime bcp son approche et son management avec les joueurs, ça change de terroriste Laurey qui avait tjr un aspect négatif…",3,Paris FC
Paris FC - Valenciennes [2-1] : Le résumé vidéo,9,491,3,@Faridun22123,I will buy Paris FC and make it legendary In Shaa Allah!!!!,0,Paris FC
Paris FC - Valenciennes [2-1] : Le résumé vidéo,9,491,3,@urielvergel7948,Vsmos París,2,Paris FC
Paris FC - Valenciennes [2-1] : Le résumé vidéo,9,491,3,@Parisfcfan,Come on les gars la semaine qui vient va être décisive ❤,2,Paris FC
Paris FC - Valenciennes : Le point d'avant-match du coach,15,312,1,@pilou75,"J’aime bien la lucidité de Gilli, le fait de ne pas se préoccuper du classement ça peut être aussi une façon de jouer sans trop de pression",0,Paris FC
🎥 INSIDE : au plus près de nos Parisiens,23,687,1,@Parisfcfan,❤❤❤,2,Paris FC
[Troyes - Paris FC] : La conf' d'avant-match de Nouha Dicko,10,406,4,@Noédicko,C'est mon oncle,0,Paris FC
[Troyes - Paris FC] : La conf' d'avant-match de Nouha Dicko,10,406,4,@poutou1554,"Pareil, perf debut pas terrible, a fait l'inverse de MBAPPE, est monté en régime. Pourvu que ça dure et l'accession en ligue 1 enfin!",4,Paris FC
[Troyes - Paris FC] : La conf' d'avant-match de Nouha Dicko,10,406,4,@arnaudmathieu480,Joueur à la super mentalité. J'avoue que j'ai un peu douté en voyant ses premières titularisations mais il est clairement monté en puissance depuis. Allez Paris !,5,Paris FC
[Troyes - Paris FC] : La conf d'avant-match du coach,16,260,1,@arnaudmathieu480,"Un déplacement loin d'être facile, mais on y croit !",0,Paris FC
🎥 Le récap' de la semaine de nos féminines,12,511,1,@delattremartial,pourquoi clara mattéo n'est pas présente dans le groupe pour le match de ce soir,0,Paris FC
Paris FC - Grenoble [2-1] : Le résumé vidéo,30,1956,5,@Le_grenoblois38,Pourquoi greeenoble la😠😡😤,1,Paris FC
Paris FC - Grenoble [2-1] : Le résumé vidéo,30,1956,5,@arnaudmathieu480,"J'étais en tribune avec les Ultras Lutecia et franchement l'ambiance était incroyable. Chaque match est différent, cette victoire est méritée vu la domination de l'équipe dans le jeu. Toujours quelques problèmes dans la finition malheureusement mais chapeau à Jabbari qui, malgré son statut de 3e voire 4e choix, a été décisif sur les deux derniers matchs.",7,Paris FC
Paris FC - Grenoble [2-1] : Le résumé vidéo,30,1956,5,@CityOfParis93,bravo ! tout pour monter en ligue 1 !,2,Paris FC
[Paris FC - Grenoble] : La conf' d'avant-match du coach,10,271,1,@marcopires3786,Allez le paris fc,2,Paris FC
Paris FC - Montpellier HSC [3-0] : le résumé vidéo,20,1028,2,@christianbargain560,wouah !!! paris FC invincible ! 😀💗👌👌👍,0,Paris FC
Paris FC - Montpellier HSC [3-0] : le résumé vidéo,20,1028,2,@EarthDownfall,Superbe victoire !,0,Paris FC
Bordeaux - Paris FC [3-3] : Le résumé vidéo,12,1108,2,@LucasHenrique-xg8rh,Único Brasileiro kkkkk amo esse time,0,Paris FC
Bordeaux - Paris FC [3-3] : Le résumé vidéo,12,1108,2,@CharlieSco,quel match,0,Paris FC
[Bordeaux - Paris FC] : La conf' d'avant-match du coach,14,358,4,@arnaudmathieu480,"Le seul avantage de tous ces pépins (blessures, pelouse, début de saison...) c'est, comme le dit Stéphane Gilli, que ça a clairement soudé le groupe. On sent une volonté, envers et contre tout, de réussir quelque chose de grand. Le temps nous dira si cette volonté suffira. En revanche, comme dit dans le précédent commentaire, il va falloir regarder de très près d'où viennent toutes ces blessures.",1,Paris FC
[Bordeaux - Paris FC] : La conf' d'avant-match du coach,14,358,4,@poutou1554,Road to ligue 1!!!!,0,Paris FC
[Bordeaux - Paris FC] : La conf' d'avant-match du coach,14,358,4,@pilou75,"Franchement vous avez intérêt à faire quelque chose avec la prépa physique cet été pcq quand on voit Gueye et Lasne qui ne jouent pas de la saison, Pembélé, Lopez et Hamel qui rechutent au bout d’un match, Marchetti qui galère à se rétablir… c’est limite scandaleux et ça plombe nos ambitions !",4,Paris FC
[Bordeaux - Paris FC] : La conf' d'avant-match de Cyril Mandouki,13,207,3,@arnaudmathieu480,"C'est la première fois que j'entends Cyril Mandouki en conférence et je dois dire que son élocution et son vocabulaire sont impressionnants. Pas facile de gagner ce soir avec une infirmerie aussi remplie qu'une rame de la ligne 13 aux heures de pointe, mais on y croit !",0,Paris FC
[Bordeaux - Paris FC] : La conf' d'avant-match de Cyril Mandouki,13,207,3,@marcopires3786,Ce soir faut gagner,0,Paris FC
[Bordeaux - Paris FC] : La conf' d'avant-match de Cyril Mandouki,13,207,3,@poutou1554,il faut gagner!!,4,Paris FC
Paris FC - AC Ajaccio : La conf' d'avant-match du coach,10,283,2,@poutou1554,il sert à quoi Fadiga?,0,Paris FC
Paris FC - AC Ajaccio : La conf' d'avant-match de Josias Lukembila,8,249,1,@poutou1554,on veut la ligue 1!!!!!!!!!,0,Paris FC
SM Caen - Paris FC [0-1] : Le résumé vidéo,11,576,3,@RAFAELJR2008,Can u be better than psg.??,0,Paris FC
SM Caen - Paris FC [0-1] : Le résumé vidéo,11,576,3,@arnaudmathieu480,"Quand je vois des performances comme celle-ci à l'extérieur, contre une équipe presque imprenable chez elle...quelle saison on aurait pu avoir avec une pelouse décente et un peu moins de blessés ! Enfin, avec des si on met Paris en bouteille. Bravo pour cette belle performance.",0,Paris FC
[SM Caen - Paris FC] : La conf' d'avant-match du coach,17,522,1,@poutou1554,Road to ligue 1!!!!!!!,0,Paris FC
Paris FC - ASSE [0-0] : Le résumé vidéo,8,599,3,@abderrezaktoudji-rh6rn,L’arbitre nous a tuer,0,Paris FC
Paris FC - ASSE [0-0] : Le résumé vidéo,8,599,3,@vassoldurouayom700,"Le pire arbitrage, le penalty est tellement évident.",1,Paris FC
Paris FC - ASSE [0-0] : Le résumé vidéo,8,599,3,@yanndgt4482,Comment est ce possible de ne pas siffler penalty ?????,2,Paris FC
"[Paris FC - Chelsea] : ""𝑺𝒊 𝒑𝒓𝒆̀𝒔 𝒅𝒆𝒔 𝒆́𝒕𝒐𝒊𝒍𝒆𝒔"", le film 🌟",77,3242,4,@richardcarbonnier1881,"Ca reste un beau parcours, faut pas oublier les exploits dans les tours préliminaires, Arsenal, Wolfsburg, deux victoires face au Real en poules, manque un peu d'expérience et de réalisme mais tout ça servira pour la saison prochaine.",3,Paris FC
"[Paris FC - Chelsea] : ""𝑺𝒊 𝒑𝒓𝒆̀𝒔 𝒅𝒆𝒔 𝒆́𝒕𝒐𝒊𝒍𝒆𝒔"", le film 🌟",77,3242,4,@Parisfcfan,On fera mieux la saison prochaine,2,Paris FC
"[Paris FC - Chelsea] : ""𝑺𝒊 𝒑𝒓𝒆̀𝒔 𝒅𝒆𝒔 𝒆́𝒕𝒐𝒊𝒍𝒆𝒔"", le film 🌟",77,3242,4,@kantsagurung175,This year Paris FC comeback amazingly 👏👏👏💐,0,Paris FC
"[Paris FC - Chelsea] : ""𝑺𝒊 𝒑𝒓𝒆̀𝒔 𝒅𝒆𝒔 𝒆́𝒕𝒐𝒊𝒍𝒆𝒔"", le film 🌟",77,3242,4,@Arsitekbukancoach,"Suggestions, language subtitle settings for country regions


Fans mateo & tim",1,Paris FC
[QRM - Paris FC] : La conf' d'avant-match du coach,12,182,1,@arnaudmathieu480,"Stéphane Gilli a l'air d'être très porté sur un management basé sur l'humain et la communication avec les joueurs. Dommage que les blessures aient autant marqué cette saison, car j'aurais bien aimé voir jusqu'où ce groupe pouvait aller s'il était au complet.",1,Paris FC
[QRM - Paris FC] : La conf' d'avant-match de Yoan Koré,16,276,1,@arnaudmathieu480,"Son but à la dernière minute contre Pau, juste devant le kop, est un moment dont il se souviendra (et nous aussi). On lui souhaite plein de réussite pour la suite de sa saison et les années à venir.",1,Paris FC
[US Concarneau - Paris FC] : Le point d'avant-match du coach,8,319,1,@arnaudmathieu480,"Beaucoup de coups du sort cette saison, sur les blessures en particulier (peut-être le protocole de préparation des joueurs est-il à revoir car autant de blessés c'est difficilement imputable au hasard) mais on sent l'implication et l'envie des joueurs. Courage, en gardant cet état d'esprit, les résultats finiront par venir naturellement. Allez Paris !",1,Paris FC
[Paris FC - Pau FC] : La conf' d'avant-match du coach,11,301,1,@poutou1554,ROOOOAD to ligue 1!!!!!! ras le bol de la ligue 2. On stagne,1,Paris FC
Paris FC - LOSC [3-2] : Le résumé vidéo,32,1372,2,@ereera6931,En avant le Paris fc ❤❤❤,0,Paris FC
Paris FC - LOSC [3-2] : Le résumé vidéo,32,1372,2,@christianbargain560,Vive le paris FC ! meilleure équipe Française ! 💗👌👌👍,1,Paris FC
Paris FC - USL Dunkerque [1-2] : Le résumé vidéo,8,519,1,@poutou1554,"il nous faut un arrière gauche d'urgence digne de ce nom, ainsi qu'un arrière doit",1,Paris FC
[Paris FC - Chelsea] : La conf' d'avant-match,14,364,1,@christianbargain560,J'aime trop le Paris FC ! trop cool ! bonne chance contre Chelsea ! ❤👌👌👌,1,Paris FC
[UWCL] : ELLES VONT TOUT TENTER !,24,356,2,@ereera6931,En avant le Paris fc ❤❤❤,0,Paris FC
[UWCL] : ELLES VONT TOUT TENTER !,24,356,2,@markplimmer9232,"https://youtu.be/Tfy28bRXY4c?si=3hEdEyFbZ7UEMNN3

Après le clip tourné il y a 11 ans (lien ci-dessus), Gaëtane Thiney confirme son talent de comédienne.",0,Paris FC
Laval - Paris FC [1-1] : Le résumé vidéo,10,1094,6,@MartinLeVrai,Allez Paris !!! Bravo à tous les joueurs !!!,0,Paris FC
Laval - Paris FC [1-1] : Le résumé vidéo,10,1094,6,@Imtomleroy,mdrr le rouge ????,0,Paris FC
Laval - Paris FC [1-1] : Le résumé vidéo,10,1094,6,@arsenelupin920,Allez Laval!,1,Paris FC
Laval - Paris FC [1-1] : Le résumé vidéo,10,1094,6,@davidmanuel9024,"Parichiens!!! Toujours par terre, le m Bo qui se tord de douleur et roule à la neymar pour une semelle, qui se relève que qd le rouge est sorti et sans soigneur, quel fumier !!! À Nantes on a eu un peno non sifflé contre nous, ça doit être le karma, mais putin que l arbitre a été nul. Il va être temps de regagner des matchs, allez laval, quitte à prendre un rouge Jcrois que jlui aurait mis une tapette sur la joue qd il s est relevé l autre comédien, histoire qu il re roule par terre et justifier le rouge !!! Il a un petit bleu sur le pied, rouge 😂, roye est juste en retard et lui marche dessus, il le tacle pas comme un barbare.",1,Paris FC
Laval - Paris FC [1-1] : Le résumé vidéo,10,1094,6,@kerwanc2476,Y’a jamais rouge encore un arbitre complètement éclaté,2,Paris FC
[BK Häcken - Paris FC] : La conf' d'avant-match de la coach et de G. Thiney,13,410,4,@christianbargain560,Toute confiance dans le Paris FC ! 😀❤👌👌👌,2,Paris FC
[BK Häcken - Paris FC] : La conf' d'avant-match de la coach et de G. Thiney,13,410,4,@poutou1554,"La coach a des petits yeux. A l'air fatiguée, il lui faut des vacances et un café en urgence la",0,Paris FC
[BK Häcken - Paris FC] : La conf' d'avant-match de la coach et de G. Thiney,13,410,4,@ereera6931,En avant le Paris fc ❤❤❤,3,Paris FC
Les voeux de Pierre Ferracci,35,1009,1,@solangeouattara6970,"Merci Monsieur le Président Pierre Ferracci pour ces vœux et cette belle analyse de la saison. C'est inspirant de voir un président aussi engagé pour son club et ses supporters. L'objectif du top 5 est ambitieux, mais avec cette détermination, tout est possible. J'en profite pour vous dire toute mon admiration pour votre fils, Monsieur le Ministre Marc Ferracci, un homme exceptionnel dont l'engagement et la vision me touchent profondément. Tous mes encouragements pour cette seconde partie de saison. Merci",0,Paris FC
[Valenciennes FC - Paris FC] : Le point du coach,11,261,1,@poutou1554,Allé PARIS FC!!!!!,2,Paris FC
Paris FC - Annecy [2-1] : Résumé vidéo de la rencontre,16,737,1,@leonidk16,Cool!❤❤❤,0,Paris FC
"""L'équipe a montré de la force et de la maturité""",13,166,2,@kamelkeda7374,bjr franchement la monte en ligue1  sa va être très  difficile  même dans les années à venir ces pas là bonne politique,0,Paris FC
"""L'équipe a montré de la force et de la maturité""",13,166,2,@poutou1554,Road to ligue 1!!!!!,2,Paris FC
𝗖𝗢𝗠𝗣𝗜𝗟' 𝗕𝗨𝗧𝗦 :  Les plus beaux buts de la mi-saison en D1 Arkema !,18,1390,3,@jeantau3018,"Que de beaux buts pour Paris FC !! De plus, en, tant que dieppois, je supporte Théa Gréboval et suis très heureux qu'elle joue dans ce club surtout avec Gaëtane Thiney qui est toujours excellente.",0,Paris FC
𝗖𝗢𝗠𝗣𝗜𝗟' 𝗕𝗨𝗧𝗦 :  Les plus beaux buts de la mi-saison en D1 Arkema !,18,1390,3,@thomassinbruno2612,"merci, paris FC, les buts sont magnifiques, continuez comme cela!!!",0,Paris FC
𝗖𝗢𝗠𝗣𝗜𝗟' 𝗕𝗨𝗧𝗦 :  Les plus beaux buts de la mi-saison en D1 Arkema !,18,1390,3,@Tour62Eiffel,Joli cadeau. Merci. On veut les mêmes pour 2024,0,Paris FC
𝗖𝗢𝗠𝗣𝗜𝗟' 𝗕𝗨𝗧𝗦 :  Les plus beaux buts de la mi-saison en LIGUE 2 BKT !,22,770,2,@frankilensois,"J’étais à Charléty pour le but d’Hamel contre Rodez, incroyable sensation. Tout le monde se prenait dans les bras",0,Paris FC
𝗖𝗢𝗠𝗣𝗜𝗟' 𝗕𝗨𝗧𝗦 :  Les plus beaux buts de la mi-saison en LIGUE 2 BKT !,22,770,2,@yannickalphy9658,Mdr 2 buts à Charléty,0,Paris FC
"""Se reposer avant de repartir comme ces derniers mois""",10,191,2,@Gaoufou,"Bonjour merci de poster l'interview d'après match. 

Je suis abonné (pour quelques mois encore) à Charlety, j'ai beaucoup apprécié les idées du coach en 1 ère partie de saison merci à lui, aux joueurs et aux membres du staff. 

Match difficile avec la pluie, malheureusement on a joué le jeu de QRM avec du jeu aérien à gogo. Ils avaient des joueurs plus physique et plus de vices. L'arbitrage pas ouf pour les deux équipes plutôt défavorable au PFC (1 pénalty non sifflé des tirages de maillots non sanctionné de jaunes...) 
Gaudin était bien rentré dans la rencontre mais il a fait pas mal d'erreurs en deuxième mi-temps, j'espère qu'il sera plus régulier en 2 ème partie de saison. 
Les gardiens n'ont pas été au top sur les deux buts (la pluie... La concentration), Hamel qui prouve que sa bonne préparation n'était pas passagère, Kebbal inspire la crainte des joueurs de ligue 2. Le PFC est dominant dans ses matchs dans ses intentions souffrent d'un manque de profondeur lié à des blessures. 
Heureux de finir en première partie de tableau 🎉 on va chercher les barrages pour la fin de saison au minimum !!! 

Bravo à tous les supporters aussi qui répondent présent pour ""remplir Charlety""

Bonnes fêtes à vous",6,Paris FC
[Real Madrid - Paris FC] : La conf' d'avant-match de la coach et de Clara Mateo,14,379,1,@christianbargain560,Bravo Paris FC ! l'équipe la plus incroyable cette saison en D1 Arkéma et en coupe d'europe ! merci Sandrine et merci les filles vous êtes les meilleures ! 😀❤👌👌👌,0,Paris FC
[Paris FC - QRM] : Le point d'avant-match du coach,9,165,1,@Thomas75013,"Je me suis montré très dur à son encontre lors de son arrivée mais avec des matchs de préparations peu concluants, un début de saison compliqué avec trois défaites lors des trois premiers matchs, sept lors des dix ce qui présageait une saison laborieuse.",0,Paris FC
Paris FC - Real Madrid : Le film de la soirée !,105,12096,7,@christianbargain560,Bravo les filles ! toujours au top ! de vraies petites Elfes !😀❤👌👌👌🌺,1,Paris FC
Paris FC - Real Madrid : Le film de la soirée !,105,12096,7,@MartinLeVrai,Bravo pour cette victoire !!! L'arrêt du penalty était très joli !!,2,Paris FC
Paris FC - Real Madrid : Le film de la soirée !,105,12096,7,@jeanpierrepillet9980,Quel est le score ?,1,Paris FC
Paris FC - Real Madrid : Le film de la soirée !,105,12096,7,@didierboutet2494,Allez PFC. Je vous aime.,4,Paris FC
Paris FC - Real Madrid : Le film de la soirée !,105,12096,7,@davewright8206,"brilliant ! love from england . 
live the3 dream",4,Paris FC
[Valenciennes - Paris FC] : La conf' d'avant-match d'Ilan Kebbal,10,367,1,@poutou1554,gros coup dur la blessure de Sofiane,0,Paris FC
[Valenciennes - Paris FC] : La conf' d'avant-match du coach,12,326,1,@poutou1554,road to ligue 1!!!,2,Paris FC
Paris FC - Rodez AF [2-0] : le résumé vidéo,50,2700,9,@vassoldurouayom700,2-0 respectez Obed et sa clean sheet svp !,0,Paris FC
Paris FC - Rodez AF [2-0] : le résumé vidéo,50,2700,9,@alex02_18,"Quelques choses : 
Déjà Pierre-Yves je suis désolé de m'être moqué de toi jusque là, ton but d'anthologie m'a permis de me taire.
Ilan, j'aimerais que tu restes longtemps avec nous, t'es un crack, c'est un plaisir de t'avoir. Après, tu mérites de jouer en L1
Et sinon sur les 6 derniers matchs, les 2 seuls que vous n'avez pas gagné, j'étais au stade. Arrêtez de me faire penser que je suis un chat noir, merci.",0,Paris FC
Paris FC - Rodez AF [2-0] : le résumé vidéo,50,2700,9,@poutou1554,Road to ligue 1!,1,Paris FC
Paris FC - Rodez AF [2-0] : le résumé vidéo,50,2700,9,@loicl472,Nkambadio vraiment très bon ! Vu au stade et il n’a rien laissé passer sur ce match là,3,Paris FC
Paris FC - Rodez AF [2-0] : le résumé vidéo,50,2700,9,@personne_no0ne,lionel mpasi gol ya solo 🇨🇩🇨🇩,1,Paris FC
Paris FC - Rodez AF [2-0] : le résumé vidéo,50,2700,9,@MrNovorap,2-0 c'est pas gentil pour  le gardien; il a fait des arrets de malade,2,Paris FC
Paris FC - Rodez AF [2-0] : le résumé vidéo,50,2700,9,@THEMP.,"Petite erreur dans le titre, vous leur avez offert un but 😉",5,Paris FC
Paris FC - Rodez AF : La conf' d'avant-match du coach,16,296,1,@poutou1554,Allé PARIS FC!!!!! road to ligue 1,0,Paris FC
"""Prenez uniquement les billets dont vous avez besoin""",141,2394,5,@samiatamazirt8212,Il y a gui 2bezbar,2,Paris FC
"""Prenez uniquement les billets dont vous avez besoin""",141,2394,5,@weejrcat,Where is diakite 😭,1,Paris FC
"""Prenez uniquement les billets dont vous avez besoin""",141,2394,5,@MartinLeVrai,J'ai vu les joueurs de votre équipe dans un TGV !!!,2,Paris FC
"""Prenez uniquement les billets dont vous avez besoin""",141,2394,5,@Dt.thegoat_pr,Allez Nantes c pas certifier paris c certifier Nantes qui ne sote pas n'ai pas nantais 🔰💛💚,0,Paris FC
[EA Guingamp - Paris FC] : Le point d'avant-match de Pierre-Yves Hamel,10,251,1,@javaispasdideenoraj3712,P.Y Hamel 👏👏,0,Paris FC
[Paris FC - Bordeaux] : Le point d'avant-match du coach,12,318,2,@aloufofana94,J’y serai,1,Paris FC
[Paris FC - BK Häcken] : La conf' d'avant-match de Gaëtane Thiney,14,629,2,@morganemorgane3141,Je lui souhaite un bon parcours pour sa dernière saison et j'espère un retour en EDF ça serai top,0,Paris FC
[Paris FC - BK Häcken] : La conf' d'avant-match de Gaëtane Thiney,14,629,2,@Fiston-jz3ly,Top ! Bon match à vous,0,Paris FC
[Paris FC - BK Häcken] : La conf' d'avant-match de la coach,11,370,2,@THEMP.,On sera à Charlety ! 🫡,0,Paris FC
[Paris FC - BK Häcken] : La conf' d'avant-match de la coach,11,370,2,@christiandesayes4718,bon match sandrine et vos filles!,0,Paris FC
ASSE - Paris FC [1-6] : Revivez les buts de nos Parisiennes !,20,585,1,@LeusLSoloSince1984,Bordieu & Mateo ! ❤,0,Paris FC
Paris FC - SC Bastia [1-0] : Le résumé de la soirée,23,875,3,@etiennelinard603,Bonjour. Pourquoi n'était il plus possible de prendre des places pour le match alors que le stade ne semble pas être plein ? Il y a une jauge ? Merci 🙂,0,Paris FC
[Paris FC - SC Bastia] : La conf' d'avant-match du coach,20,730,2,@poutou1554,Allé PARIS FC!!!!!!!,2,Paris FC
[Paris FC - SC Bastia] : La conf' d'avant-match du coach,20,730,2,@antoinezevaco7332,Forza bastia,0,Paris FC
ASSE - Paris FC [0-1] : Le résumé de la victoire !,16,518,2,@poutou1554,vivement la ligue 1!,2,Paris FC
ASSE - Paris FC [0-1] : Le résumé de la victoire !,16,518,2,@noelethuaire3465,Aller paris fc monter en ligue 1 pour le classico parisien en ligue 1,4,Paris FC
[AS Saint-Etienne - Paris FC] : La conf' d'avant-match du coach,19,1863,6,@poutou1554,Allez PARIS FC!!!,1,Paris FC
[AS Saint-Etienne - Paris FC] : La conf' d'avant-match du coach,19,1863,6,@fredericlegrand9666,Allez les verts 💚💚💚💚💚,0,Paris FC
[AS Saint-Etienne - Paris FC] : La conf' d'avant-match du coach,19,1863,6,@gaspard667asse9,Allez les verts 💚,6,Paris FC
[AS Saint-Etienne - Paris FC] : La conf' d'avant-match du coach,19,1863,6,@idou2005,Sign me I’m really talented,1,Paris FC
[AS Saint-Etienne - Paris FC] : Conférence d'avant-match d'Adama Camara,26,955,2,@Titi1976-n2v,Allez les verts,0,Paris FC
[AS Saint-Etienne - Paris FC] : Conférence d'avant-match d'Adama Camara,26,955,2,@thierrycolombe,❤❤ allez  les verts,0,Paris FC
[Paris FC - Troyes] : La conf' d'avant-match de Lamine Diaby Fadiga,19,832,6,@anthonyduhamel6906,C'est le voleur de montre ?,2,Paris FC
[Paris FC - Troyes] : La conf' d'avant-match de Lamine Diaby Fadiga,19,832,6,@MathieuLoubin,Je l'ai jamais entendu parler mais je le trouve tres humble se jeube,2,Paris FC
[Paris FC - Troyes] : La conf' d'avant-match de Lamine Diaby Fadiga,19,832,6,@Thomas75013,"J’ai toujours défendu ce joueur, il reste prometteur.",4,Paris FC
Pierre Ferracci dresse un premier bilan,42,1314,5,@solangeouattara6970,"Quel plaisir d'entendre ces mots du père du Ministre Marc Ferracci. En effet pour le président du FC Pierre Ferracci, une qualification historique  récompensera des années de travail et de persévérance. Bravo aux Parisiennes pour cette belle performance. C'est toujours inspirant de voir des projets ambitieux se concrétiser au plus haut niveau. Merci",0,Paris FC
Pierre Ferracci dresse un premier bilan,42,1314,5,@solangeouattara6970,"Merci Monsieur le Président Pierre Ferracci pour ces vœux et cette belle analyse de la saison. C'est inspirant de voir un président aussi engagé pour son club et ses supporters. L'objectif du top 5 est ambitieux, mais avec cette détermination, tout est possible. J'en profite pour vous dire toute mon admiration pour votre fils, Monsieur le Ministre Marc Ferracci, un homme exceptionnel dont l'engagement et la vision me touchent profondément. Tous mes encouragements pour cette seconde partie de saison. Merci",0,Paris FC
Pierre Ferracci dresse un premier bilan,42,1314,5,@Gaoufou,"Je suis plutôt d'accord avec le président. 

Est ce que le fait que la plupart des recrues qui ont été nombreuses soient arrivés après la reprise de l'entraînement, n'expliquerait-il pas ces problèmes de préparation, de résultats et de blessures ?

Être 7 ou 8 ème avec cette équipe en saison 1 de la RAZ du projet c'est plutôt correcte, atteindre les barrages serait une belle surprise après les tristes résultats du début de saison...

Allez Paris !
J'espère que le travail du staff et du board va fournir des résultats",0,Paris FC
Pierre Ferracci dresse un premier bilan,42,1314,5,@Thomas75013,"Deux victoires sur les trois face aux promus, c’est loin d’être sauvé.",2,Paris FC
VFL Wolfsburg - Paris FC [0-2] : Le résumé de la qualification historique !,50,2096,4,@christianbargain560,C'est trop cool ! vive le Paris FC ! Julie et louise et toute l'équipe ! incroyable ! 😀😀👌👌👌,0,Paris FC
VFL Wolfsburg - Paris FC [0-2] : Le résumé de la qualification historique !,50,2096,4,@DavidLangenfeld-p6t,Bravo au Paris FC 🎉,1,Paris FC
VFL Wolfsburg - Paris FC [0-2] : Le résumé de la qualification historique !,50,2096,4,@EDDIE-ue3og,Well done Paris fc you deserve to be in women's champion league campaign congratulations 👏 👏👏👏,1,Paris FC
VFL Wolfsburg - Paris FC [0-2] : Le résumé de la qualification historique !,50,2096,4,@xav93,"Félicitations à vous,2 Paris dans la même compétition juste parfait.",1,Paris FC
[Dunkerque - Paris FC] : Le point de Stéphane Gilli,13,424,1,@poutou1554,Saison encore foutu pour les hommes,0,Paris FC
Paris FC - Wolfsburg [3-3] : Les buts du Paris FC #UWCL,53,4714,12,@ericavanzini6035,"Au match retour la gardienne titulaire seras présente Merle From et vous allez rentrer la valise Pleine 
Un supporter français de la Mannschaft et de Wolsburg",0,Paris FC
Paris FC - Wolfsburg [3-3] : Les buts du Paris FC #UWCL,53,4714,12,@inthebluesmurf,"un résumé dans les
buts de wolsburg",0,Paris FC
Paris FC - Wolfsburg [3-3] : Les buts du Paris FC #UWCL,53,4714,12,@clement3821,Mdrrr je rêve pourquoi ne pas montrer les buts de Wolfsburg ?,7,Paris FC
[Paris FC - AJ Auxerre] : La conf' d'après-match de Stéphane Gilli,8,1093,3,@inthebluesmurf,honte a vous,2,Paris FC
[Paris FC - AJ Auxerre] : La conf' d'après-match de Stéphane Gilli,8,1093,3,@poutou1554,Road to national,1,Paris FC
[Paris FC - AJ Auxerre] : La conf' d'après-match de Stéphane Gilli,8,1093,3,@JuNagata,Toujours derrière vous 💙🤍🖤,2,Paris FC
"Paris FC - VfL Wolfsburg, rendez-vous avec l'Histoire",19,1776,4,@azkaainun6136,become a fan after the game against arsenal. I hope the girls can go for in the competition. ❤❤,2,Paris FC
"Paris FC - VfL Wolfsburg, rendez-vous avec l'Histoire",19,1776,4,@jeremyrodrigues5757,On sera présent pour l'exploit 💪,0,Paris FC
"Paris FC - VfL Wolfsburg, rendez-vous avec l'Histoire",19,1776,4,@marcopires3786,Allez le paris fc,0,Paris FC
VINCI Mixed Cup 2023 : Le film du tournoi,16,1924,1,@itchig0-344,ici srs la pailade,0,Paris FC
[FC Annecy - Paris FC] : La conf' d'avant-match de Stéphane Gilli,11,366,2,@Thomas75013,"Monsieur Gilli vous êtes sympathique mais vous n’êtes pas l’homme de la situation, ce match face à Annecy devrait être un ultimatum.",0,Paris FC
[FC Annecy - Paris FC] : La conf' d'avant-match de Stéphane Gilli,11,366,2,@poutou1554,se rassurer ds les défaites... Pas prêt de monter en ligue 1,0,Paris FC
[AC Ajaccio - Paris FC] : Le point d'avant-match de Stéphane Gilli,12,320,2,@pilou75,C’est bien de retrouver un groupe quasi complet mais c’est quand même pas normal d’avoir toujours 4/5 incertitudes à chaque veille de match…,0,Paris FC
[AC Ajaccio - Paris FC] : Le point d'avant-match de Stéphane Gilli,12,320,2,@poutou1554,En route pour la ligue 1!!!! On y croit!!!!!!,2,Paris FC
PARIS FC - AMIENS SC : Le résumé de la rencontre,12,549,3,@laurent5585,Pourquoi  pfc joue plus  à Charlety?,0,Paris FC
PARIS FC - AMIENS SC : Le résumé de la rencontre,12,549,3,@poutou1554,Road to ligue 1!!!!!!!!!!!!!,0,Paris FC
[Paris FC - Amiens SC] : La conf' d'avant-match de Stéphane Gilli,12,533,3,@MagloireBASSILA,Salut mon équipes de rêve j'aimerais être recruter par votre équipes je suis au CONGO Brazzaville j'ai vraiment besoin d'une école de foot pour être bien former,0,Paris FC
[Paris FC - Amiens SC] : La conf' d'avant-match de Stéphane Gilli,12,533,3,@poutou1554,En route pour la ligue 1!!!!,2,Paris FC
[Paris FC - Amiens SC] : La conf' d'avant-match de Stéphane Gilli,12,533,3,@Thomas75013,Il y’a eu un bug à la fin ?,2,Paris FC
[UWCL] : Revivez la victoire historique des Parisiennes face à Arsenal !,105,6518,13,@christianbargain560,On ne s'en lasse pas ! vive le Paris FC ! 😀❤👌👌👌,0,Paris FC
[UWCL] : Revivez la victoire historique des Parisiennes face à Arsenal !,105,6518,13,@kantsagurung175,Amazing game 👏👏👏,0,Paris FC
[UWCL] : Revivez la victoire historique des Parisiennes face à Arsenal !,105,6518,13,@didierboutet2494,Super les filles,3,Paris FC
[UWCL] : Revivez la victoire historique des Parisiennes face à Arsenal !,105,6518,13,@ravenrey7225,"For the history, well done Paris FC! What a proud moment and what a memory that will last forever.",5,Paris FC
[UWCL] : Revivez la victoire historique des Parisiennes face à Arsenal !,105,6518,13,@delattremartial,a la fin il vient carrément sur le terrain,1,Paris FC
[UWCL] : Revivez la victoire historique des Parisiennes face à Arsenal !,105,6518,13,@delattremartial,sut les tirs au but le photographe du paris FC me fait trop rirent,3,Paris FC
[UWCL] : Revivez la victoire historique des Parisiennes face à Arsenal !,105,6518,13,@delattremartial,VRAIMENT J'y croyait pas elle ont vraiment fait un exploit incroyable trop content pour Julie Dufour elle méritent de jouer dans une équipe comme ça,5,Paris FC
[UWCL] : Revivez la victoire historique des Parisiennes face à Arsenal !,105,6518,13,@vincesalamander5980,"Exceptionnel !
Un exploit historique de sortir l'une des meilleurs équipes du monde",5,Paris FC
[UWCL] : Revivez la victoire historique des Parisiennes face à Arsenal !,105,6518,13,@jeanpierreallano4563,Vraiment excellent......Quelques questions: çà se passait où? A quand le prochain tour? Et contre qui? Et encore bravo! Arsenal c'est un très gros morceau....,6,Paris FC
[UWCL] : Revivez la victoire historique des Parisiennes face à Arsenal !,105,6518,13,@egalitariste,Bravo ! 😀,3,Paris FC
[UWCL] : Revivez la victoire historique des Parisiennes face à Arsenal !,105,6518,13,@yanndgt4482,Quel kiff ce match!!!! Maintenant il faut aller chercher la qualification 💪💪💪💪,9,Paris FC
[UWCL] Qualification historique : Au coeur de l'après-match 🔥,47,1327,1,@msamelie,"La FFF va pouvoir taper dans l effectif du PFC pour former l équipe de France féminine 
Entraîneure, joueuses etc...",0,Paris FC
[Angers SCO - Paris FC] : La conf' d'avant-match du coach,17,719,5,@aon.10,"Performance No good. 
I don't Know also.
Because players at you choose into team Paris Town FC Now be not at want looking me.
Look ago go down play ligue 3 sure.

Players at me want see & look in paris Town now.

Pierre Yves Hamel  Centre Forward & Striker  France

 Adrien Hunou  Centre Forward & Striker France

Lionel Messi Right Wing Forward Agentina

Stephan El Shaarawy Left Wing Forward  Italy

Julien Lopez  Right wing forward Algeria

Ratchanat Arunyapairot Centre midfield Thailand

 Santitorn Lattirom Centre Midfield Thailand

Weerawat Jiraphaksiri Centre Midfield Thailand

Thomas Monconduit Defensive Midfield  France

Adrien Truffert Left Back France

Scotty Sadzoute Left Back France

Allan Linguet Right Back France

Frederic Guilbert Right Back France

Sebastian Schonlau Center Back Germany

Karol mets Centre Back  Estonia

Florian Lejeune Centre Back France

Boubakar Kouyate Center Back Mali

Jean Butez  Goalkeeper France

Stefan Bajic Goalkeeper

No copy you tell fan club of your also.
If copy players al it will No move come.
Part players old people other 
You want add or put people which into add you choose.",0,Paris FC
[Angers SCO - Paris FC] : La conf' d'avant-match du coach,17,719,5,@poutou1554,En route pour la ligue 1!,2,Paris FC
[INSIDE 📹] : Le Paris FC lance sa saison face à Concarneau,32,925,2,@fayssalboukedroune7949,Ça fait du bien de renouer avec la victoire,4,Paris FC
[INSIDE 📹] : Le Paris FC lance sa saison face à Concarneau,32,925,2,@poutou1554,Road to ligue 1!!!!!,3,Paris FC
[Paris FC - US Concarneau] : La conf' d'avant-match du coach,18,706,5,@djameltaibi3476,On croit en vous les gars.. une victoire peut débloquer cette situation et redonner confiance à l'équipe. Par contre niveau blessures en début de saison ça laisse perplexe 😮,2,Paris FC
[Paris FC - US Concarneau] : La conf' d'avant-match du coach,18,706,5,@fayssalboukedroune7949,J'ai pas confiance Oh Au nouveau entraîneur Je crois que cette année on va jouer le maintien On est le quatrième budget de la ligue 2 On se fait prendre des fessées par tout le monde,3,Paris FC
[Paris FC - US Concarneau] : La conf' d'avant-match du coach,18,706,5,@fayssalboukedroune7949,Je crois qu'on va jouer le maintien,1,Paris FC
[Paris FC - US Concarneau] : La conf' d'avant-match du coach,18,706,5,@poutou1554,Road to ligue 1!!!!,1,Paris FC
[INSIDE 📹] : Les Féminines régalent contre l'Ajax,35,1545,1,@AMOSConstant,"Bravo les filles, faites nous rever autant que les autres clubs et je vous attends comme une alternative au PSG. Bravo!",0,Paris FC
[Pau FC - Paris FC] : La conf' d'avant-match de Stéphane Gilli,17,596,5,@fayssalboukedroune7949,Je voudrais bien acheté ce maillot comment on peut l'acheter,2,Paris FC
[Pau FC - Paris FC] : La conf' d'avant-match de Stéphane Gilli,17,596,5,@fayssalboukedroune7949,Je crois que la meilleure stratégie On peut essayer de vendre mais en étant sûre qu'on peut remplacer avec une bonne personne,2,Paris FC
[Pau FC - Paris FC] : La conf' d'avant-match de Stéphane Gilli,17,596,5,@fayssalboukedroune7949,Je pense qu'il faut une stratégie de mercato Et surtout de conserver les joueurs au maximum Si ils sont bons Kara chaque fois on se fait dépouiller Après on devient Pas performant,2,Paris FC
[Pau FC - Paris FC] : La conf' d'avant-match de Stéphane Gilli,17,596,5,@fayssalboukedroune7949,J'espère qu'on va recruter un corps des joueurs,2,Paris FC
[Pau FC - Paris FC] : La conf' d'avant-match de Stéphane Gilli,17,596,5,@poutou1554,Road to ligue 1!!!,3,Paris FC
[Pau FC - Paris FC] : La conf' d'avant-match d'Yves Dabila,13,419,1,@fayssalboukedroune7949,Je sais même pas s'ils croient vraiment lui-même mdr,1,Paris FC
Nouveau maillot 𝑨𝑾𝑨𝒀 𝟐𝟑/𝟐𝟒 : les coulisses du shooting 📸,14,380,3,@fayssalboukedroune7949,Dans l'interview du coach je sais pas comment faire pour avoir le même maillot,1,Paris FC
Nouveau maillot 𝑨𝑾𝑨𝒀 𝟐𝟑/𝟐𝟒 : les coulisses du shooting 📸,14,380,3,@fayssalboukedroune7949,À l'entraînement il y a des maillots qu'on peut pas acheter pour l'instant,1,Paris FC
Nouveau maillot 𝑨𝑾𝑨𝒀 𝟐𝟑/𝟐𝟒 : les coulisses du shooting 📸,14,380,3,@fayssalboukedroune7949,Ce maillot est vraiment le plus beau Deux cette saison,1,Paris FC
"Les Parisiennes s'imposent face Anderlecht, à Arras (2-1) !",9,503,3,@fayssalboukedroune7949,Si nous adversaire était si faible que ça pour les garçons ce serait trop bien,1,Paris FC
"Les Parisiennes s'imposent face Anderlecht, à Arras (2-1) !",9,503,3,@fayssalboukedroune7949,J'aimerais bien acheté ce maillot mais comment on peut l'acheter Il est pas disponible dans la boutique,1,Paris FC
"Les Parisiennes s'imposent face Anderlecht, à Arras (2-1) !",9,503,3,@delattremartial,JULIE DUFOUR ELLE ARRIVENT ELLE MARQUENT SUPERBENT,0,Paris FC
[Grenoble Foot 38 - Paris FC] : La conf' d'avant-match de coach Gilli,16,518,4,@fayssalboukedroune7949,Je n'aime pas trop cet entraîneur il a pas trop La gnaque,1,Paris FC
[Grenoble Foot 38 - Paris FC] : La conf' d'avant-match de coach Gilli,16,518,4,@jim-jim_,Paris... Paris... M'entend tu ?!,2,Paris FC
[Grenoble Foot 38 - Paris FC] : La conf' d'avant-match de coach Gilli,16,518,4,@kamelkeda7374,je pense qu'ils  va pas fair long.  Feu,1,Paris FC
[Grenoble Foot 38 - Paris FC] : La conf' d'avant-match de coach Gilli,16,518,4,@aon.10,"Plan 4-3-3 

                T.Henry
M.Watai.               Q.cornette

         M.gavi     S.twine
                 W.endo
A.truffert.                F.guilbert

         M.esteve.  F.lejeune

                Stefan.bajic",2,Paris FC
Inside: Derniers réglages avant le déplacement à Grenoble,25,618,4,@fayssalboukedroune7949,S'il vous plaît mettez en vente ce maillot dans la boutique,1,Paris FC
Inside: Derniers réglages avant le déplacement à Grenoble,25,618,4,@loustic0603,Super,1,Paris FC
Inside: Derniers réglages avant le déplacement à Grenoble,25,618,4,@zatoichi8745,"Ça fait plaisir de revoir ce genre de vidéo sur la page.
Ça mange pas de pain, comme on dit mais ça fait plaisir de voir un petit peu de la vie de groupe.
Force aux garçons (et aux filles !) du Paris FC, on croit en vous pour cette saison ! 💪",1,Paris FC
Inside: Derniers réglages avant le déplacement à Grenoble,25,618,4,@poutou1554,Road to ligue 1,2,Paris FC
"Pierre Ferracci : ""Faire partie des 5 premiers""",25,922,5,@solangeouattara6970,"Le Président du Paris FC, Monsieur Pierre Ferracci vise le top 5 cette saison et un bon recrutement, notamment à l’international. Il soutient le football féminin, qui progresse bien sous la direction de Sandrine, malgré des moyens plus limités que le masculin.Le club aide aussi les jeunes à préparer leur avenir en dehors du foot. Il veut une équipe performante et croit en une belle saison.Enfin, il remercie les supporters et envisage des rencontres après les matchs, comme Bordeaux l’a fait avec succès.",0,Paris FC
"Pierre Ferracci : ""Faire partie des 5 premiers""",25,922,5,@fayssalboukedroune7949,Je pense que le plus important C'est de réussir À construire une équipe solide Et si elle performe De la conserver Pour créer une équipe qui habitué à jouer ensemble C'est ça qui a permis à beaucoup de clubs De ligue 2 à monter dans la ligue 1,2,Paris FC
"Pierre Ferracci : ""Faire partie des 5 premiers""",25,922,5,@poutou1554,road to ligue 1!,2,Paris FC
"Pierre Ferracci : ""Faire partie des 5 premiers""",25,922,5,@Brabotzo,Une bonne prise de parole de la part du président 👍 cette saison sera la nôtre !,4,Paris FC
"Pierre Ferracci : ""Faire partie des 5 premiers""",25,922,5,@Thomas75013,"Improbable, top 10 sera un minimum.",2,Paris FC
[Paris FC - SM Caen] : La conf' d'avant-match de Pierre-Yves Hamel,13,507,4,@poutou1554,road to ligue 1,3,Paris FC
[Paris FC - SM Caen] : La conf' d'avant-match de Pierre-Yves Hamel,13,507,4,@hermesperdigao7973,Laisse tomber le massacre,3,Paris FC
[Paris FC - SM Caen] : La conf' d'avant-match de coach Gilli,21,752,3,@kamelkeda7374,Av monsieur  ferracci  je pense que tu va pas finir la saison bonne  chance à toi,1,Paris FC
[Paris FC - SM Caen] : La conf' d'avant-match de coach Gilli,21,752,3,@poutou1554,hâte,1,Paris FC
"Pierre Ferracci: ""On nous attendait plus haut""",41,1439,6,@solangeouattara6970,"Bravo Monsieur le président Pierre Ferracci. Vous avez raison, Le Paris FC veut monter en Ligue 1. Son stade est prêt, mais il manque de soutien.Des tensions avec d'autres clubs pourraient l'obliger à quitter Paris, mais il continue d'avancer.
Le problème, c'est l'argent pour les infrastructures. Heureusement, le club gère bien son budget et compte sur ses partenaires, comme l’Aéroport de Paris. Même petit, le Paris FC reste ambitieux et veut grandir. Le Club parvient à faire bouger les lignes à Charléty et reste un acteur historique du football de notre belle France.",0,Paris FC
"Pierre Ferracci: ""On nous attendait plus haut""",41,1439,6,@poutou1554,road to ligue 1!!,1,Paris FC
"Pierre Ferracci: ""On nous attendait plus haut""",41,1439,6,@patricebarrau308,Vous pourriez jouer au Stade de France président,1,Paris FC
"Pierre Ferracci: ""On nous attendait plus haut""",41,1439,6,@philippevallot5307,"Et la question qu'elle objectif cette saison en ligue 2.
Finir entre la cinquième et dixième place.",1,Paris FC
"Pierre Ferracci: ""On nous attendait plus haut""",41,1439,6,@leomillard459,"En parlant de sportif, ça serait pas mal de recruter là avec le groupe qu’on a!",1,Paris FC
"Pierre Ferracci: ""On nous attendait plus haut""",41,1439,6,@robertvalles96,Rendez-vous samedi 5 août à 19h contre Caen.,2,Paris FC
Nouveau maillot 𝑯𝑶𝑴𝑬 𝟐𝟑/𝟐𝟒 : les coulisses du shooting 📸,20,502,1,@robertvalles96,Magnifique ce bleu !,0,Paris FC
Inside : Première semaine de reprise pour nos Parisiennes !,19,944,2,@rebeccasivet4395,La france stop ses joueurs de l'équipe de France à étranger,1,Paris FC
Inside : Première semaine de reprise pour nos Parisiennes !,19,944,2,@pierretafany9122,Une équipe féminine du Bahrain qui n'est pas voilée?! Tout fout le camp...,0,Paris FC
Inside : Les Parisiens de retour !,60,3062,2,@poutou1554,Road to ligue 1 cette année!,5,Paris FC
Inside : Les Parisiens de retour !,60,3062,2,@pilou75,"Ça fait plaisir de revoir des images de l’entraînement, ce qu’on avait plus avec Laurey…",2,Paris FC
Kessya Bussy est Parisienne !,44,1572,1,@CityOfParis93,👌,0,Paris FC
Nos jeunes joueurs sensibilisés au don du sang,15,661,2,@emmakessous5283,👏🏽👏🏽👏🏽,0,Paris FC
Nos jeunes joueurs sensibilisés au don du sang,15,661,2,@alasse5749,Merci de donner de l intentions au jeunes,0,Paris FC
"Vincent Demarconnay : ""Une page se tourne, une autre s'ouvrira""",66,1475,6,@juliendessert744,Merci Vincent pour tout ce que tu as et ces beaux moments générés 🙂💙🤍,0,Paris FC
"Vincent Demarconnay : ""Une page se tourne, une autre s'ouvrira""",66,1475,6,@yanndgt4482,"Merci Vincent, tu es une legende😢",1,Paris FC
"Vincent Demarconnay : ""Une page se tourne, une autre s'ouvrira""",66,1475,6,@poutou1554,"Quel magnifique gardien, il va nous manquer",3,Paris FC
"Vincent Demarconnay : ""Une page se tourne, une autre s'ouvrira""",66,1475,6,@georgpeterson9187,Merci pour tout Légende ! 🔥💪,3,Paris FC
"Vincent Demarconnay : ""Une page se tourne, une autre s'ouvrira""",66,1475,6,@Thomas75013,Il aurait pu faire plus de matchs car il y’a des saisons où il n’était pas numéro 1.,2,Paris FC
"Vincent Demarconnay : ""Une page se tourne, une autre s'ouvrira""",66,1475,6,@pilou75,Merci pour tout Vincent ! 💙💙,3,Paris FC
"Paris FC, Certifié Paris",192,33749,8,@awellculturedmanofanime1246,Soccer? 😂 you can just write football this isnt north america lol,0,Paris FC
"Paris FC, Certifié Paris",192,33749,8,@Minimotors.,Paris FC ❤,2,Paris FC
"Paris FC, Certifié Paris",192,33749,8,@steevecorreia1709,Mon club des debuts,1,Paris FC
"Paris FC, Certifié Paris",192,33749,8,@jurassicpokepoke,en tant que fan du psg je trouve cette video vrmt tres bien,3,Paris FC
"Paris FC, Certifié Paris",192,33749,8,@carlchambert1243,Des vrais titi ❤️,4,Paris FC
"Paris FC, Certifié Paris",192,33749,8,@tizonrecordz,propre 👍💪,2,Paris FC
"Paris FC, Certifié Paris",192,33749,8,@michalzklodzkafr,Vous avancerez jusqu'à Ligue 1!!,11,Paris FC
"Paris FC, Certifié Paris",192,33749,8,@CityOfParis93,lourd !,4,Paris FC
"Clara Mateo : ""Je suis fière et épanouie""",50,2050,6,@senovillesenoville4194,Bravo  a la lucenne pour ce super parcours !!!,0,Paris FC
"Clara Mateo : ""Je suis fière et épanouie""",50,2050,6,@DurandFosso-l2c,Clara j'ai toujours aimé ton football. Aujourd'hui t'as démontré à la scène que t'es bourré de talent et tu mérites pleinement ta place en équipe de France. Je t'aime fort et fiers d'être ton Fan.,0,Paris FC
"Clara Mateo : ""Je suis fière et épanouie""",50,2050,6,@LeusLSoloSince1984,"Dans fc23 elle colle de bons buts comme Mathilde Bourdieu 😁 ! Respect à vous. Trop peu reconnu les filles dans le foot. 

Tout mon soutient. J'espère un jour vous voir jouer ❤",2,Paris FC
"Clara Mateo : ""Je suis fière et épanouie""",50,2050,6,@yanndgt4482,"Réussir à garder une joueuse aussi talentueuse et courtisée que Clara Matéo, c'est vraiment un signal fort et positif du Paris FC",6,Paris FC
"Clara Mateo : ""Je suis fière et épanouie""",50,2050,6,@jackielevy5399,"Clara, je suis un de tes fans depuis plusieurs mois, pour moi, tu es tout proche d'être titulaire en équipe de France, de plus maintenant que D.Cascarino malheureusement pour elle est blessée; j'espère que H.Renard vera mieux les choses que Corine Diacre, qu'il te sera possible de faire une bonne coupe du monde!!! C'est bien si tu restes au PFC, parce que c'est bien si il n'y a pas que deux clubs féminins très forts, que d'autres puissent grandir aussi, je le souhaite pour le PFC, qu'il y ait une bonne détection, un bon recrutement; et qui sait faire mieux que le football masculin, qu'il y ait deux clubs forts à Paris, très motivant pour les jeunes filles de la région Parisienne.....!Dommage, je suis souvent sur Facebook, tu n'y vas pas......!Pour échanger sur les matchs, c'est pratique.....!",3,Paris FC
"Gaëtane Thiney, la dernière partition.",77,4761,8,@joeldemontchat4416,"Elle pourrait encore prolonger , elle est en tête du classement de la meilleure buteuse de D1 avec .......Le Sommer ( 34 ans )",0,Paris FC
"Gaëtane Thiney, la dernière partition.",77,4761,8,@reneberry9636,Bravo penses tu encore à l'equipe de France j'ai bien connu ton papa à Brienne  au collège il lâché jamais rien comme toi (famille Berry) j'aurai tellement voulu te revoir avec le maillot france je pense que oui tu es la meilleure passeuse bien que quelque fois tu aurais pu prendre ta chance et la mettre au fond cordialement mr berry,0,Paris FC
"Gaëtane Thiney, la dernière partition.",77,4761,8,@reneberry9636,Possible retour en équipe de France ??,1,Paris FC
"Gaëtane Thiney, la dernière partition.",77,4761,8,@guillaumedufaure7145,"❤💕❤ rien d'autre à dire. Bonne continuation, sois heureuse et profites.",1,Paris FC
"Gaëtane Thiney, la dernière partition.",77,4761,8,@mohammed_mez13,Vive la France 🇨🇵❤️,0,Paris FC
"Gaëtane Thiney, la dernière partition.",77,4761,8,@yanndgt4482,J'espère qu'il y aura du monde à Charléty pour son dernier match.,2,Paris FC
"Gaëtane Thiney, la dernière partition.",77,4761,8,@remi10500,Je te revois encore nous mettre la misère sur le stade a Brienne 😅,2,Paris FC
"Gaëtane Thiney, la dernière partition.",77,4761,8,@leoniebgt9894,"Star du Paris FC , star de L’EDF , un exemple pour toutes ! Un grand merci pour tout ces moments de bonheurs. 
Vous m’avez fais aimer le football il y a 11 ans ! #17",3,Paris FC
"Au coeur de la VINCI Mixed Cup, 2ème édition",56,3974,1,@jorghe5819,Psg city rivals??,0,Paris FC
"Pierre Ferracci : ""Le projet est cohérent""",32,1380,7,@Hellowtf00,On compte sur le PFC!,1,Paris FC
"Pierre Ferracci : ""Le projet est cohérent""",32,1380,7,@michaelgurnaut2436,"Paris FC - Paris SG- Redstar- Paris 13 Atletico  et j'espere bientot le Racing Paris, Le Football renait a Paris et il y a bien longtemps que se n'etais pas arriver , 4 club de Paris en 3  differentes division , ca rappel le bon temps du Racing, Stade Francais, Redstar, CA Paris tous dans les annees 60",1,Paris FC
"Pierre Ferracci : ""Le projet est cohérent""",32,1380,7,@poutou1554,"PARIS FC un vrai club de foot, road to ligue 1",5,Paris FC
"Pierre Ferracci : ""Le projet est cohérent""",32,1380,7,@yanndgt4482,Super interview!!!,1,Paris FC
"Pierre Ferracci : ""Le projet est cohérent""",32,1380,7,@AdamBros,Merci pour cette interview ! Très intéressant :),3,Paris FC
"Pierre Ferracci : ""Le projet est cohérent""",32,1380,7,@pilou75,Pierre Ferracci est un excellent président qui réalise du très bon travail au club ! Je ne le remercierai jamais assez,1,Paris FC
"Pierre Ferracci : ""Le projet est cohérent""",32,1380,7,@rachidsekak5374,"Argumentaire clair , net & précis.  Comme toujours .",1,Paris FC
"Pierre Ferracci : ""J'ai confiance dans cet effectif""",40,1863,7,@solangeouattara6970,"Merci (au père de notre Ministre Mr. Marc Ferracci) Monsieur Pierre Ferracci, Président du Paris FC pour ce bilan très clair.On sent que le club progresse et se rapproche de ses objectifs, malgré quelques déceptions. Le travail et la persévérance finiront par payer. Je suis sûre que cette nouvelle saison apportera encore plus de succès. Merci à vous et à tous ceux qui œuvrent pour cette réussite. Bravo pour votre combativité.",0,Paris FC
"Pierre Ferracci : ""J'ai confiance dans cet effectif""",40,1863,7,@nasser261,Escros de père en fils 😂😂😂,0,Paris FC
"Pierre Ferracci : ""J'ai confiance dans cet effectif""",40,1863,7,@michaelgurnaut2436,"PFC en premiere division, j'en reve 45 ans apres l'avoir vue naitre en Premiere division",2,Paris FC
"Pierre Ferracci : ""J'ai confiance dans cet effectif""",40,1863,7,@guillaumech.duparc4806,"Excellent résumé 
Il faudrait qu'il y ait autant de spectateurs pour les filles que pour les garçons 
Quant à la mairie de Paris  A part nous rendre la vie impossible ...",1,Paris FC
"Pierre Ferracci : ""J'ai confiance dans cet effectif""",40,1863,7,@rachidsekak5374,Un bilan objectif.  Merci pour votre leadership . Allez Paris FC,2,Paris FC
"""Je préfèrerai être à Charléty mardi""",21,1126,6,@Stuttgart-sh2tc,Wo ist Rüdiger Rammel,1,Paris FC
"""Je préfèrerai être à Charléty mardi""",21,1126,6,@ilikerussia6131,"Un manque de professionnalisme quand tu es en tête du championnat, t'écrouler comme ça, ce n'est vraiment pas normal.",2,Paris FC
"""Je préfèrerai être à Charléty mardi""",21,1126,6,@jorishuber1150,Allez sochaux 🟡🔵,0,Paris FC
"""Je préfèrerai être à Charléty mardi""",21,1126,6,@ariesmu446,"Pour votre site web officiel, envisagez-vous des vidéos supplémentaires avec abonnement?",0,Paris FC
"""Contre Grenoble ? Un vrai match de Ligue 2 !""",16,436,1,@inthebluesmurf,Allez Vincent,0,Paris FC
Une nouvelle histoire va débuter.,64,2088,6,@dimparis-ig3wr,"une dinguerie c'est un sony sur un drone ?magnifique, vive charlety",0,Paris FC
Une nouvelle histoire va débuter.,64,2088,6,@vassoldurouayom700,On veut un maillot extérieur orange !!,3,Paris FC
Une nouvelle histoire va débuter.,64,2088,6,@yanndgt4482,En espérant que Adidas fasse un vrai effort pour que les maillots soient beaux et originaux.,6,Paris FC
"""On a confiance en nous""",5,183,2,@caritorpronos7848,Un vrai mental de capitaine Cyril 💪,1,Paris FC
"""On a confiance en nous""",5,183,2,@yanndgt4482,"On a confiance en vous, allez le PFC !!!",1,Paris FC
"🎙 ""Etre efficace et pragmatique""",7,286,3,@Coach-f6m,Dijon peuvent ils gagner ?,0,Paris FC
"🎙 ""Etre efficace et pragmatique""",7,286,3,@mauricegiono4392,https://youtu.be/GDeZfzHDers,0,Paris FC
"🎙 ""Etre efficace et pragmatique""",7,286,3,@lavass-92,Aller le pfc on y croit tous a la montée en ligue 1,1,Paris FC
"[U19 NAT] - ""Faire un podium serait une belle récompense""",69,3538,2,@philippedelpech6064,"Un club qui depuis l'utilisation de son centre d'entraînement à Orly progresse et donne des perspectives intéressantes  au potentiel joueurs Franciliens ... 
Seule interrogation , l'évolution de Charlety pour répondre aux ambitions sportives ??",0,Paris FC
"[U19 NAT] - ""Faire un podium serait une belle récompense""",69,3538,2,@1stbilux665,moi je vien de marseille et ya pas de club comme paris fc qui et un tres bon cluub,0,Paris FC
"🎙 ""Compliqué ne veut pas dire impossible""",12,537,5,@chiracwaitson7636,On va y arriver,1,Paris FC
"🎙 ""Compliqué ne veut pas dire impossible""",12,537,5,@temusio6096,J espère vous montez en ligue 1 pour le derby pff et psg,1,Paris FC
"🎙 ""Compliqué ne veut pas dire impossible""",12,537,5,@parisfcomostro1780,"Ça va être dur ! 
Mais de toute façon on sait qu'on ne finira pas deuxième",2,Paris FC
"""Se remettre la tête à l'endroit""",9,233,2,@GOM1NHO,Allons Paris FC,0,Paris FC
"""Se remettre la tête à l'endroit""",9,233,2,@fabianruizfutbol-scouting4858,Excelente,0,Paris FC
"""Envie de retrouver notre vitesse de croisière""",10,274,2,@parisfcomostro1780,Faut gagner absolument face à Pau ! Allez PARIS FC ! ⚪🔵,0,Paris FC
"""Envie de retrouver notre vitesse de croisière""",10,274,2,@yanndgt4482,"Ah, la sonorisation est beaucoup mieux comme ça,on entend mieux les journalistes ! Allez le PFC !",0,Paris FC
"🎙 ""C'est très piégeux""",12,612,2,@fayssalboukedroune7949,Il faut rester concentré Et ne pas sous-estimer son adversaire,1,Paris FC
"🎙 ""C'est très piégeux""",12,612,2,@parisfcomostro1780,Bien dit Thierry ! Faut se méfier de ce match !,1,Paris FC
"🎙 ""Un adversaire difficile à manœuvrer""",14,455,3,@vity908,allezzzzzzzzzzzzzzzzzzzzzz,0,Paris FC
"🎙 ""Un adversaire difficile à manœuvrer""",14,455,3,@laurentfarcy1883,Allez Paris FC !!!!!!!!,3,Paris FC
"🎙 ""Un adversaire difficile à manœuvrer""",14,455,3,@yanndgt4482,"Hâte d'être à samedi pour encourager l'équipe, allez le PFC !!",2,Paris FC
"Daphné Corboz : ""Je prends énormément de plaisir ici""",18,709,2,@yanndgt4482,Une qualification en Ligue des champions serait vraiment top.,2,Paris FC
Morgan Guilavogui : Arrêts sur images,92,3824,2,@mehdimansour5988,RC Lens,1,Paris FC
Morgan Guilavogui : Arrêts sur images,92,3824,2,@parisfcomostro1780,On t'aime Guila 🔥🙏,4,Paris FC
"🎙 ""Ne pas se relâcher""",9,206,3,@laurentfarcy1883,Super Coach !!!!! Allez Thierry !! allez Paris Fc!!!!,0,Paris FC
"🎙 ""Ne pas se relâcher""",9,206,3,@tonindubois9683,Très beau travail,0,Paris FC
"🎙 ""Ne pas se relâcher""",9,206,3,@parisfcomostro1780,"Toujours Clair dans ses propos 🔥
T'es le meilleur Thierry",0,Paris FC
"🎙 ""Rester vigilant dans tous les domaines""",10,178,6,@danielchakoute7879,On va monter en ligue 1,1,Paris FC
"🎙 ""Rester vigilant dans tous les domaines""",10,178,6,@parisfcomostro1780,La ligue 1 va être dur je pense.....,1,Paris FC
"🎙 ""Rester vigilant dans tous les domaines""",10,178,6,@yanndgt4482,Allez le Paris FC ! Vincent la légende !!,2,Paris FC
"🎙 ""Rester vigilant dans tous les domaines""",10,178,6,@Thomas75013,"Il faut vraiment améliorer la qualité du son des journalistes, on entend très mal, ça n’est pas faute de l’avoir dis plusieurs fois.",3,Paris FC
"🎙 ""Rester vigilant dans tous les domaines""",10,178,6,@ilikerussia6131,Allez le paris fc il faut se battre et rien lâché pour la L1,2,Paris FC
"Ousmane Camara : ""Petit on m'appelait Marshmallow""",55,3815,4,@dhddoliveettom9497,Bienvenue au SCO force à toi,1,Paris FC
"Ousmane Camara : ""Petit on m'appelait Marshmallow""",55,3815,4,@guillaumech.duparc4806,J'adore ce joueur,1,Paris FC
"Ousmane Camara : ""Petit on m'appelait Marshmallow""",55,3815,4,@parisfcomostro1780,Je peux vous dire que ce mec c'est le futur de l'équipe de France et du PARIS FC 🔵🔥,3,Paris FC
"Ousmane Camara : ""Petit on m'appelait Marshmallow""",55,3815,4,@alasse5749,Je l ai vu samedi,2,Paris FC
"🎙 ""On a une revanche à prendre""",8,272,3,@parisfcomostro1780,"Les 2 point de perdu face à Guingamp vont peut être nous coûter très cher ! C'est une erreur de coaching d'avoir fait rentrer les jeunes sachant qu'on avait qu'un seul but d'avance....la sortie de Bamba a tout changé ! 
Faut gagner samedi pas d'excuses",1,Paris FC
"🎙 ""On a une revanche à prendre""",8,272,3,@yanndgt4482,Vivement samedi le retour à Charléty !!!,1,Paris FC
"🎙 ""On a une revanche à prendre""",8,272,3,@bellevie352,salutt  je like grace a Daviyas c est un youtubeur qui aidee les petit youtubeur va commenter la dernière video de daviyas si tu veut tu pourrais bien percer grace a lui il pourrait t aiderr sur YouTube :);));))),0,Paris FC
"""C'est un plus de retrouver nos supporters""",11,225,1,@parisfcomostro1780,"Tu nous a manqué face à Guingamp !
Meme si je pense que le problème était défensif et qu'on se devait te tenir ! Mais  ton retour va faire du bien",1,Paris FC
"🎙 ""Je commence à retrouver mes marques""",8,386,1,@parisfcomostro1780,On est trop content de ton retour Axel 🔵🔥,1,Paris FC
"""Tout relâchement peut être fatal""",11,275,2,@liarfix3331,"Paris Paris France Paris 🇫🇷💙💙
تحياتي من مصر تحيا باريس🇪🇬❤️🇫🇷💪",1,Paris FC
"""Tout relâchement peut être fatal""",11,275,2,@parisfcomostro1780,"C'est contre ces genre d'équipes qu'on validera nos victoire face au gros ! 
Faut gagner absolument samedi ! 🔵",3,Paris FC
"""Monter d'un cran et les éloigner""",8,163,1,@yanndgt4482,Il y a l'effectif pour faire de grandes choses. Le match contre Ajaccio peut-être le tournant de la saison. Allez le PFC !!!,2,Paris FC
"""Il faudra contrecarrer les plans d'Ajaccio""",8,167,2,@jeremyrodrigues5757,Un match à suspense. On croise les doigts pour une victoire du paris fc,0,Paris FC
"""Il faudra contrecarrer les plans d'Ajaccio""",8,167,2,@Thomas75013,On n'entend très mal le journaliste.,0,Paris FC
"🎙 ""Ne pas laisser le doute s'installer""",7,157,1,@yanndgt4482,Il faut se relancer jusqu'à la fin  de saison. Allez le PFC !!!,0,Paris FC
"🎙 ""Imposer notre façon de jouer""",8,169,1,@kamelkeda7374,Franchement  rien pls que René girard  ils montera pas en ligue 1,1,Paris FC
"🎙 ""Une fois sur le terrain il n'y a plus d'amis""",7,159,1,@Thomas75013,"Il va falloir améliorer la qualité du son des journalistes, on les entend très mal.",1,Paris FC
"🎙 ""Repartir fort""",11,433,1,@yanndgt4482,Bon courage avec cette difficulté supplémentaire. J'espère que l'appel de cette décision injuste sera positif pour le club. Allez le PFC !,1,Paris FC
Dans les coulisses des salons VIP du Paris FC,63,4021,5,@Hellowtf00,Allez le PFC!,1,Paris FC
Dans les coulisses des salons VIP du Paris FC,63,4021,5,@parisfcomostro1780,"Investissez dans la sécurité plutôt MDR, ça nous évitera d'aller au mans pour jouer a DOMICILE !",5,Paris FC
Dans les coulisses des salons VIP du Paris FC,63,4021,5,@nicof44,allez PFC !!,1,Paris FC
Dans les coulisses des salons VIP du Paris FC,63,4021,5,@christopherherrera09,Go Paris FC this is the best,3,Paris FC
Conférence de presse de Pierre Ferracci,24,888,4,@solangeouattara6970,"Le papa de notre Ministre Marc Ferracci, qui est Monsieur Pierre Ferracci, le Président du Paris FC, votre analyse est très juste. Il est essentiel de sanctionner sévèrement les individus violents plutôt que de pénaliser l’ensemble des supporters. Un stade doit rester un lieu de passion et de spectacle, pas une forteresse sécuritaire. Vous avez raison de plaider pour des sanctions fermes contre les fauteurs de troubles et de critiquer certaines restrictions que vous considérez comme inefficaces. Vous êtes clairvoyant.",0,Paris FC
Conférence de presse de Pierre Ferracci,24,888,4,@leomillard459,Honteux le traitement réservé au Paris FC au vu du peu d'implication dont ils font preuve dans cette épisode de violence.,1,Paris FC
Conférence de presse de Pierre Ferracci,24,888,4,@BrunoLopez44,👏👍,2,Paris FC
Conférence de presse de Pierre Ferracci,24,888,4,@Jackson-Sean,"Merci président, un homme avec des valeurs comme on en voit plus de nos jours.",5,Paris FC
"Thierry Laur🎙 ""𝐴𝑚𝑖𝑒𝑛𝑠, 𝑙'𝑒́𝑞𝑢𝑖𝑝𝑒 𝑒𝑛 𝑓𝑜𝑟𝑚𝑒 𝑑𝑢 𝑚𝑜𝑚𝑒𝑛𝑡""",19,382,6,@BrunoLopez44,😍👍👏,0,Paris FC
"Thierry Laur🎙 ""𝐴𝑚𝑖𝑒𝑛𝑠, 𝑙'𝑒́𝑞𝑢𝑖𝑝𝑒 𝑒𝑛 𝑓𝑜𝑟𝑚𝑒 𝑑𝑢 𝑚𝑜𝑚𝑒𝑛𝑡""",19,382,6,@yanndgt4482,Une victoire demain remettrai du baume au coeur,1,Paris FC
"Thierry Laur🎙 ""𝐴𝑚𝑖𝑒𝑛𝑠, 𝑙'𝑒́𝑞𝑢𝑖𝑝𝑒 𝑒𝑛 𝑓𝑜𝑟𝑚𝑒 𝑑𝑢 𝑚𝑜𝑚𝑒𝑛𝑡""",19,382,6,@parisfcomostro1780,Allez Thierry ! On veut la victoire face à Amiens ! ALLEZ PARIS FC,5,Paris FC
"Thierry Laur🎙 ""𝐴𝑚𝑖𝑒𝑛𝑠, 𝑙'𝑒́𝑞𝑢𝑖𝑝𝑒 𝑒𝑛 𝑓𝑜𝑟𝑚𝑒 𝑑𝑢 𝑚𝑜𝑚𝑒𝑛𝑡""",19,382,6,@julienc5715,Est-ce qu'il serait envisageable de donner un micro à la personne qui pose les questions svp ? Merci 🙂,5,Paris FC
"Thierry Laur🎙 ""𝐴𝑚𝑖𝑒𝑛𝑠, 𝑙'𝑒́𝑞𝑢𝑖𝑝𝑒 𝑒𝑛 𝑓𝑜𝑟𝑚𝑒 𝑑𝑢 𝑚𝑜𝑚𝑒𝑛𝑡""",19,382,6,@georgpeterson9187,"""il va falloir que je me le farcisse"" 😂😂 légende !",2,Paris FC
"""On se doit de bien finir l'année civile""",20,299,5,@fatoumataname376,The best. MOUSTI NAME🥰❤🥰,0,Paris FC
"""On se doit de bien finir l'année civile""",20,299,5,@parisfcomostro1780,Bien dit name ! T'es le meilleur 🔵,1,Paris FC
"""On se doit de bien finir l'année civile""",20,299,5,@lalinguere4384,Bien Name o klm rek. DIEU EST AU CONTROLE. MA SHA ALLAH,0,Paris FC
"""On se doit de bien finir l'année civile""",20,299,5,@yanndgt4482,J'espère que ça va pas affecter les joueurs. Allez le PFC.,1,Paris FC
"""On se doit de bien finir l'année civile""",20,299,5,@nikefactory7875,Vous répondez à vos joueur de la préformation ?,0,Paris FC
"🎙 ""Défendre nos chances""",14,323,4,@caritorpronos7848,"ALLEZ PARIS FC 🚀🤞

🔵⚪️",0,Paris FC
"🎙 ""Défendre nos chances""",14,323,4,@parisfcomostro1780,Tkt pas Thierry ! Nous les ultras on est a chaque match et on fait les déplacements,1,Paris FC
"🎙 ""Défendre nos chances""",14,323,4,@parisfcomostro1780,Voir Thierry sourire ça fait plaisir 😂🔥🔵,1,Paris FC
"🎙 ""Un match bonus""",8,179,4,@parisfcomostro1780,On va le faire et on va aller en 16ème ! Allez LE PARIS FC 🔵🔥,2,Paris FC
"🎙 ""Un match bonus""",8,179,4,@ilanmessadi6106,allez paris FC 💙🤍,2,Paris FC
"🎙 ""Un match bonus""",8,179,4,@samirnehar3729,Allez le pfc on crois en vous,3,Paris FC
"🎙 ""Un match bonus""",8,179,4,@yanndgt4482,"On sera derrière vous, allez le Paris FC 💪💪",2,Paris FC
"🎙 ""Faire preuve d'humilité""",9,238,3,@mattheone2297,Allez Paris 🔵⚪,1,Paris FC
"🎙 ""Faire preuve d'humilité""",9,238,3,@liarfix3331,تحيا باريس ❤️❤️,1,Paris FC
"🎙 ""Faire preuve d'humilité""",9,238,3,@yanndgt4482,"J'aime beaucoup ce coach, sa philosophie et son discours. J'espère qu'il restera assez longtemps au PFC.",2,Paris FC
"🎙 ""Conserver l'état d'esprit""",9,456,1,@parisfcomostro1780,On ferai une super opération en battant bastia !,0,Paris FC
"Clément Lucas (Coach U17 Nationaux) : ""Il faut gagner en constance""",26,1462,2,@jamesleypierre7959,Bonjour est ce que je peux faire un essai à Paris fc?,0,Paris FC
"Clément Lucas (Coach U17 Nationaux) : ""Il faut gagner en constance""",26,1462,2,@mohamedherour1818,Est-ce que beloumi a signé 🤔,0,Paris FC
PARIS FC - CSC DE CAYENNE (14 - 0) - Résumé - (8e tour Coupe de France) / 2021-2022,1144,67465,141,@fraisetailleofficiel87,Le 2eme gardien est garagiste de métier c'est pour ça...,0,Paris FC
PARIS FC - CSC DE CAYENNE (14 - 0) - Résumé - (8e tour Coupe de France) / 2021-2022,1144,67465,141,@fraisetailleofficiel87,Le 2eme gardien est garagiste de métier c'est pour ça...,0,Paris FC
PARIS FC - CSC DE CAYENNE (14 - 0) - Résumé - (8e tour Coupe de France) / 2021-2022,1144,67465,141,@rendyjulio5283,"jelas dibayar pemain nya musuh.. kliatan gk niat main bola. ini mah bukan pertarungan, tapi pertaruhan😂😂",0,Paris FC
PARIS FC - CSC DE CAYENNE (14 - 0) - Résumé - (8e tour Coupe de France) / 2021-2022,1144,67465,141,@YoyoSupercard,Sur le 6ème l’arbitre rigole avec les tireurs,1,Paris FC
PARIS FC - CSC DE CAYENNE (14 - 0) - Résumé - (8e tour Coupe de France) / 2021-2022,1144,67465,141,@laminedabo4272,Le gardien a prit 12 buts en 45 min...,2,Paris FC
PARIS FC - CSC DE CAYENNE (14 - 0) - Résumé - (8e tour Coupe de France) / 2021-2022,1144,67465,141,@barnabelampert9156,"14-0 contre le contre son camps de cayenne






Je suis très fière de ce jeu de mot😂😂",10,Paris FC
PARIS FC - CSC DE CAYENNE (14 - 0) - Résumé - (8e tour Coupe de France) / 2021-2022,1144,67465,141,@barnabelampert9156,0:57 c quoi ce truc,0,Paris FC
PARIS FC - CSC DE CAYENNE (14 - 0) - Résumé - (8e tour Coupe de France) / 2021-2022,1144,67465,141,@ayoubmohareb4076,Unlucky goalkeeper just few centimetres and it will be a penalty and just a yellow card given,0,Paris FC
PARIS FC - CSC DE CAYENNE (14 - 0) - Résumé - (8e tour Coupe de France) / 2021-2022,1144,67465,141,@dydydydy5688,le numero 7 du PFC ET le guilavogui la ...MECHANT INH,2,Paris FC
PARIS FC - CSC DE CAYENNE (14 - 0) - Résumé - (8e tour Coupe de France) / 2021-2022,1144,67465,141,@dydydydy5688,"le ""olalala x14 "" du commentateur a chaque but mdr",1,Paris FC
PARIS FC - CSC DE CAYENNE (14 - 0) - Résumé - (8e tour Coupe de France) / 2021-2022,1144,67465,141,@innocentviera4417,C’est du rugby à 15 ou à 7,2,Paris FC
PARIS FC - CSC DE CAYENNE (14 - 0) - Résumé - (8e tour Coupe de France) / 2021-2022,1144,67465,141,@pierrefresin3084,Ils ont battu tous les records encaissés tant de but .moi j'aurais choisi le tapis vert .Enfin faut déjà connaitre le règlement du football.,1,Paris FC
PARIS FC - CSC DE CAYENNE (14 - 0) - Résumé - (8e tour Coupe de France) / 2021-2022,1144,67465,141,@didierfabien1986,Bonjour l'ambiance dans l'avion au retour,6,Paris FC
PARIS FC - CSC DE CAYENNE (14 - 0) - Résumé - (8e tour Coupe de France) / 2021-2022,1144,67465,141,@mattheone2297,Allez Paris 🔵⚪🔵⚪,5,Paris FC
PARIS FC - CSC DE CAYENNE (14 - 0) - Résumé - (8e tour Coupe de France) / 2021-2022,1144,67465,141,@Ashley_tjn,L'information par rapport au fait que ça aille direct aux pénos m'a semblée utile,0,Paris FC
PARIS FC - CSC DE CAYENNE (14 - 0) - Résumé - (8e tour Coupe de France) / 2021-2022,1144,67465,141,@Yota_,J’ai eu de la peine,2,Paris FC
PARIS FC - CSC DE CAYENNE (14 - 0) - Résumé - (8e tour Coupe de France) / 2021-2022,1144,67465,141,@malorylacarin5133,Guiva ancien stephanois,0,Paris FC
PARIS FC - CSC DE CAYENNE (14 - 0) - Résumé - (8e tour Coupe de France) / 2021-2022,1144,67465,141,@flobrt,Les commentateurs même pas étonné 😂😂😂,4,Paris FC
PARIS FC - CSC DE CAYENNE (14 - 0) - Résumé - (8e tour Coupe de France) / 2021-2022,1144,67465,141,@reynaldpauchet4871,"Cayenne c est fini,Cayenne c’est bien fini",3,Paris FC
PARIS FC - CSC DE CAYENNE (14 - 0) - Résumé - (8e tour Coupe de France) / 2021-2022,1144,67465,141,@Herve1955,"Quelle idée a eu le gardien de sortir ainsi :(
Peut être que s'il n'avait pas été expulsé le score aurait été moins lourd car le premier remplaçant était  désespérément statique",10,Paris FC
PARIS FC - CSC DE CAYENNE (14 - 0) - Résumé - (8e tour Coupe de France) / 2021-2022,1144,67465,141,@nassimkidari2199,En même temps regarde leur nom CSC,0,Paris FC
PARIS FC - CSC DE CAYENNE (14 - 0) - Résumé - (8e tour Coupe de France) / 2021-2022,1144,67465,141,@antoinec6095,Le commentateur a mal pour le gardien,1,Paris FC
PARIS FC - CSC DE CAYENNE (14 - 0) - Résumé - (8e tour Coupe de France) / 2021-2022,1144,67465,141,@jamxslxy3886,La tenue justifie pas le viol,7,Paris FC
PARIS FC - CSC DE CAYENNE (14 - 0) - Résumé - (8e tour Coupe de France) / 2021-2022,1144,67465,141,@jeanleloup973,"Le gardien remplaçant... faut arrêter,  il fait 1m50... 🤣🤷🏼‍♂️",9,Paris FC
PARIS FC - CSC DE CAYENNE (14 - 0) - Résumé - (8e tour Coupe de France) / 2021-2022,1144,67465,141,@edouardcorven3885,"Cayenne c'etait le petit poucet, la prochaine fois le tour prochain",3,Paris FC
PARIS FC - CSC DE CAYENNE (14 - 0) - Résumé - (8e tour Coupe de France) / 2021-2022,1144,67465,141,@pataya9747,Belle entrainement pour le paris fc,11,Paris FC
PARIS FC - CSC DE CAYENNE (14 - 0) - Résumé - (8e tour Coupe de France) / 2021-2022,1144,67465,141,@jepheli2815,"Pour info ils étaient juste venus voir la Tour Eiffel, elle est 14 fois plus grande que ce qu'ils pensaient.",11,Paris FC
PARIS FC - CSC DE CAYENNE (14 - 0) - Résumé - (8e tour Coupe de France) / 2021-2022,1144,67465,141,@ceylanile9437,Résumé du match : « olalalalala »…,4,Paris FC
PARIS FC - CSC DE CAYENNE (14 - 0) - Résumé - (8e tour Coupe de France) / 2021-2022,1144,67465,141,@nabsetoilistefr4422,Frère le gardien c'est un plot comme ses défenseurs déjà ils sont à 10 en plus ils aident pas,1,Paris FC
PARIS FC - CSC DE CAYENNE (14 - 0) - Résumé - (8e tour Coupe de France) / 2021-2022,1144,67465,141,@juleslevisage428,Le Bayern aurait célébré chaque but,49,Paris FC
PARIS FC - CSC DE CAYENNE (14 - 0) - Résumé - (8e tour Coupe de France) / 2021-2022,1144,67465,141,@fidjifidji4387,Cayenne à  joué  contre une Porsche....,1,Paris FC
PARIS FC - CSC DE CAYENNE (14 - 0) - Résumé - (8e tour Coupe de France) / 2021-2022,1144,67465,141,@kyokusanagi6745,😭😭😭😭😭😭😭😭😭,1,Paris FC
PARIS FC - CSC DE CAYENNE (14 - 0) - Résumé - (8e tour Coupe de France) / 2021-2022,1144,67465,141,@Lucas-zk2vy,Att comment il peut y avoir 2 à la mi-temps et 14 a la fin ???? 😭,29,Paris FC
PARIS FC - CSC DE CAYENNE (14 - 0) - Résumé - (8e tour Coupe de France) / 2021-2022,1144,67465,141,@elvaterod-x,Pk le PFC joue à domicile ?,5,Paris FC
PARIS FC - CSC DE CAYENNE (14 - 0) - Résumé - (8e tour Coupe de France) / 2021-2022,1144,67465,141,@gregoired9,On a l’impression le commentateur il a pas envie qu’il est plus de but il est énervant de ouf le commentateur,0,Paris FC
PARIS FC - CSC DE CAYENNE (14 - 0) - Résumé - (8e tour Coupe de France) / 2021-2022,1144,67465,141,@zarakenza,Ils avaient déjà joué aux foot avant ?,10,Paris FC
PARIS FC - CSC DE CAYENNE (14 - 0) - Résumé - (8e tour Coupe de France) / 2021-2022,1144,67465,141,@miloud8528,Si jetait l'entraîneur de cette équipe Cayenne j'aurai jeté l'éponge à 6 zéro,7,Paris FC
PARIS FC - CSC DE CAYENNE (14 - 0) - Résumé - (8e tour Coupe de France) / 2021-2022,1144,67465,141,@miloud8528,Comment c'est possible de prendre 12 bits dans une mi temps ?!,10,Paris FC
PARIS FC - CSC DE CAYENNE (14 - 0) - Résumé - (8e tour Coupe de France) / 2021-2022,1144,67465,141,@fikrirazi5017,Ligue 1 dream is still on?,0,Paris FC
PARIS FC - CSC DE CAYENNE (14 - 0) - Résumé - (8e tour Coupe de France) / 2021-2022,1144,67465,141,@multiyapples,Awesome video.,4,Paris FC
PARIS FC - CSC DE CAYENNE (14 - 0) - Résumé - (8e tour Coupe de France) / 2021-2022,1144,67465,141,@djlickykitelmachee133,🤣🤣😂😂,1,Paris FC
PARIS FC - CSC DE CAYENNE (14 - 0) - Résumé - (8e tour Coupe de France) / 2021-2022,1144,67465,141,@youtpfpm6097,Dommage. Ça s'est joué à rien.,22,Paris FC
PARIS FC - CSC DE CAYENNE (14 - 0) - Résumé - (8e tour Coupe de France) / 2021-2022,1144,67465,141,@francisco1268,De,0,Paris FC
PARIS FC - CSC DE CAYENNE (14 - 0) - Résumé - (8e tour Coupe de France) / 2021-2022,1144,67465,141,@lemarseillaisallezlom4965,Palmarès de Cayenne on a une marque de piment ( piment de Cayenne),5,Paris FC
PARIS FC - CSC DE CAYENNE (14 - 0) - Résumé - (8e tour Coupe de France) / 2021-2022,1144,67465,141,@lanimal93,Comment tu fais pour être au 8 ème tours et en prendre 14 c'est mieux tu t'engage pas en coupe de France quel bail  ?,2,Paris FC
PARIS FC - CSC DE CAYENNE (14 - 0) - Résumé - (8e tour Coupe de France) / 2021-2022,1144,67465,141,@cyrilalbaret4940,À 2:09 d'où y a hors-jeu ? L'arbitre est bien aligné pourtant...,15,Paris FC
PARIS FC - CSC DE CAYENNE (14 - 0) - Résumé - (8e tour Coupe de France) / 2021-2022,1144,67465,141,@romainbde6528,Ils ont cassé le tableau d'affichage,4,Paris FC
PARIS FC - CSC DE CAYENNE (14 - 0) - Résumé - (8e tour Coupe de France) / 2021-2022,1144,67465,141,@airythomas3739,R1 contre ligue 2 c'est logique,2,Paris FC
PARIS FC - CSC DE CAYENNE (14 - 0) - Résumé - (8e tour Coupe de France) / 2021-2022,1144,67465,141,@romaricmagnien2556,"2:25 
C'est la première fois qu'un mec qui marque un coup franc de 30m en a rien à faire",73,Paris FC
PARIS FC - CSC DE CAYENNE (14 - 0) - Résumé - (8e tour Coupe de France) / 2021-2022,1144,67465,141,@popsmooke848,Cest fou la coupe de france 😂,8,Paris FC
PARIS FC - CSC DE CAYENNE (14 - 0) - Résumé - (8e tour Coupe de France) / 2021-2022,1144,67465,141,@CatastR0h2f,Il faut m’expliquer comment ils ont fait pour arriver au 8eme tour,57,Paris FC
PARIS FC - CSC DE CAYENNE (14 - 0) - Résumé - (8e tour Coupe de France) / 2021-2022,1144,67465,141,@RisitasPolonais7335,Ils ont pris tous les crackeux de Guyane ou quoi?,0,Paris FC
PARIS FC - CSC DE CAYENNE (14 - 0) - Résumé - (8e tour Coupe de France) / 2021-2022,1144,67465,141,@loupblanc6938,Je croyais que les films pornos étaient interdits sur you tube non...?,4,Paris FC
PARIS FC - CSC DE CAYENNE (14 - 0) - Résumé - (8e tour Coupe de France) / 2021-2022,1144,67465,141,@louvto1425,Aïe !!! Courage au joueurs de Cayenne ça va être dur a digérer cette taule ils reviendront l'année prochaine en métropole avec l'esprit de vengeance 😈👹😵,16,Paris FC
PARIS FC - CSC DE CAYENNE (14 - 0) - Résumé - (8e tour Coupe de France) / 2021-2022,1144,67465,141,@darren6449,😆😆😆😆😆😆,0,Paris FC
PARIS FC - CSC DE CAYENNE (14 - 0) - Résumé - (8e tour Coupe de France) / 2021-2022,1144,67465,141,@dimitrilyonnais4284,La honte c'est plutôt la fédération qui sont honteux il y a aucune équité un club pro doit se déplacer chez un club amateur mais cette règle n'est valable qu'en métropole....2 poids 2 mesures a l'image de la situation actuelle aux Antilles.,1,Paris FC
PARIS FC - CSC DE CAYENNE (14 - 0) - Résumé - (8e tour Coupe de France) / 2021-2022,1144,67465,141,@Lamafiaa1.75,Pourquoi il célèbre pas,0,Paris FC
PARIS FC - CSC DE CAYENNE (14 - 0) - Résumé - (8e tour Coupe de France) / 2021-2022,1144,67465,141,@jirensama7228,Le CSC aurait dû pimenter un peu plus son jeu,5,Paris FC
PARIS FC - CSC DE CAYENNE (14 - 0) - Résumé - (8e tour Coupe de France) / 2021-2022,1144,67465,141,@gillesbillioud3369,aucun interet un match pareil!!c est du baby foot!!!oh la le gardien^^c etait le gardien du stade ou un gardien de but^^^^,1,Paris FC
PARIS FC - CSC DE CAYENNE (14 - 0) - Résumé - (8e tour Coupe de France) / 2021-2022,1144,67465,141,@Almad07,J'suis mort 🤣🤣,7,Paris FC
PARIS FC - CSC DE CAYENNE (14 - 0) - Résumé - (8e tour Coupe de France) / 2021-2022,1144,67465,141,@antoineduval2158,"Très belle pénétration du groupé pénétrant, belle présence en mêlée",48,Paris FC
PARIS FC - CSC DE CAYENNE (14 - 0) - Résumé - (8e tour Coupe de France) / 2021-2022,1144,67465,141,@selaiodonnat9632,"la hooooonte, la Martinique n'a jamais pris 14-0 ni contre Angers, ni contre Nantes",0,Paris FC
PARIS FC - CSC DE CAYENNE (14 - 0) - Résumé - (8e tour Coupe de France) / 2021-2022,1144,67465,141,@jeremomax,Ca se voit ke vous connaissez pas le foot amateur vous ? Il y en a ki perdent des 25 zero,6,Paris FC
PARIS FC - CSC DE CAYENNE (14 - 0) - Résumé - (8e tour Coupe de France) / 2021-2022,1144,67465,141,@meyerlansky6808,Le 2ème gardien c'est une passoire,1,Paris FC
PARIS FC - CSC DE CAYENNE (14 - 0) - Résumé - (8e tour Coupe de France) / 2021-2022,1144,67465,141,@rapwwe1776,Olloolo et c'est 14.. C'est 14 ludovic,2,Paris FC
PARIS FC - CSC DE CAYENNE (14 - 0) - Résumé - (8e tour Coupe de France) / 2021-2022,1144,67465,141,@alainsps56,Une belle valise en métropole,3,Paris FC
PARIS FC - CSC DE CAYENNE (14 - 0) - Résumé - (8e tour Coupe de France) / 2021-2022,1144,67465,141,@mikyhmb6415,Quelle honte 🤣🤣🤣🤣🤣🤣 Alala !! C’est triste vous faites honte à tout un peuple.,3,Paris FC
PARIS FC - CSC DE CAYENNE (14 - 0) - Résumé - (8e tour Coupe de France) / 2021-2022,1144,67465,141,@sofienebouderbala2444,"Le gardien remplaçant de Cayenne c’est une catastrophe, je pense pas que ce soit un vrai gardien de base … il a pas les réflexes du gardien basique",20,Paris FC
PARIS FC - CSC DE CAYENNE (14 - 0) - Résumé - (8e tour Coupe de France) / 2021-2022,1144,67465,141,@yanndgt4482,"C'est fou, l'arbitre a arrêté avant la fin du temps réglementaire",58,Paris FC
PARIS FC - CSC DE CAYENNE (14 - 0) - Résumé - (8e tour Coupe de France) / 2021-2022,1144,67465,141,@gamemobile5296,Yoooo rété panam pa vin la même pa routounin la même,2,Paris FC
PARIS FC - CSC DE CAYENNE (14 - 0) - Résumé - (8e tour Coupe de France) / 2021-2022,1144,67465,141,@_.mk._2437,On dirait que les gars de CSC sont molle,0,Paris FC
PARIS FC - CSC DE CAYENNE (14 - 0) - Résumé - (8e tour Coupe de France) / 2021-2022,1144,67465,141,@Footballfoot33,Top 14😂,2,Paris FC
PARIS FC - CSC DE CAYENNE (14 - 0) - Résumé - (8e tour Coupe de France) / 2021-2022,1144,67465,141,@SaaS-YTP,Contre Son Camps Cayenne,8,Paris FC
PARIS FC - CSC DE CAYENNE (14 - 0) - Résumé - (8e tour Coupe de France) / 2021-2022,1144,67465,141,@bukketball,14 - O0  Olalalala... 🤪💨,7,Paris FC
PARIS FC - CSC DE CAYENNE (14 - 0) - Résumé - (8e tour Coupe de France) / 2021-2022,1144,67465,141,@jeremyrodrigues5757,C'est un score de volley-ball ca😂 bien joue au paris fc,8,Paris FC
PARIS FC - CSC DE CAYENNE (14 - 0) - Résumé - (8e tour Coupe de France) / 2021-2022,1144,67465,141,@narutopiece3651,Moi je dis Hagrah,2,Paris FC
PARIS FC - CSC DE CAYENNE (14 - 0) - Résumé - (8e tour Coupe de France) / 2021-2022,1144,67465,141,@thevieoff,Ce quoi ce nom contre son camp 🤣🤣🤣,3,Paris FC
PARIS FC - CSC DE CAYENNE (14 - 0) - Résumé - (8e tour Coupe de France) / 2021-2022,1144,67465,141,@Thomas75013,Même le PSG n'a jamais fait un 14-0 de son histoire.,97,Paris FC
PARIS FC - CSC DE CAYENNE (14 - 0) - Résumé - (8e tour Coupe de France) / 2021-2022,1144,67465,141,@flixxx.6517,Je regarde le résumé jetait dans les ultra et j’avais pas tout vue mdr et bien jouer aussi à Cayenne,14,Paris FC
PARIS FC - CSC DE CAYENNE (14 - 0) - Résumé - (8e tour Coupe de France) / 2021-2022,1144,67465,141,@JOEFBEATZ,Paris en ligue 1 en 2022 💙🤍💙,17,Paris FC
PARIS FC - CSC DE CAYENNE (14 - 0) - Résumé - (8e tour Coupe de France) / 2021-2022,1144,67465,141,@sylvaindionhomme1er840,Et comme on dirait dans le film la guerre des boutons 1962 si javais su je serai pas venu pcque ils sont venus et ont prit une sacrée déculottée ce soir...,10,Paris FC
PARIS FC - CSC DE CAYENNE (14 - 0) - Résumé - (8e tour Coupe de France) / 2021-2022,1144,67465,141,@sylvaindionhomme1er840,Cayenne avec 700 000 km non garanti avec le niveau de jeu dune daewoo matiz 3 cylindres atmo,3,Paris FC
PARIS FC - CSC DE CAYENNE (14 - 0) - Résumé - (8e tour Coupe de France) / 2021-2022,1144,67465,141,@Jackson-Sean,Beau match de rugby,302,Paris FC
"🎙 ""Un poids en moins""",23,925,2,@flixxx.6517,Allez le PFC samedi on sera au stade avec vous,1,Paris FC
"🎙 ""Un poids en moins""",23,925,2,@yanndgt4482,Un super espoir ! Allez le Paris FC !,0,Paris FC
"🎙 ""Faire respecter la hiérarchie""",9,360,2,@kamelkeda7374,Je pense qu'il va pas fair long feu  ils va pas terminer années,0,Paris FC
"""Je sens que je progresse beaucoup""",22,1087,2,@footballtalent8900,Top interview ❤️,0,Paris FC
"""Je sens que je progresse beaucoup""",22,1087,2,@abd_ztr,Esque je peut faire une détection dans votre club je suis en 14 au paris 13 athletico,0,Paris FC
"Dans les coulisses du ""Bahrain Training Camp""",50,1608,2,@kamelkeda7374,Bjr sa va être dur je croix pas au projet malheureusement  on se souvient du matra racing  a pas place pr 2 club a paris,1,Paris FC
"Dans les coulisses du ""Bahrain Training Camp""",50,1608,2,@hilalbobo774,الى الامام 💪,0,Paris FC
"🎙 ""On a retrouvé de la solidarité""",10,289,1,@legamerfou0591,Warren caddy je l'adore très respectueux,0,Paris FC
"🎙 ""Remettre le bleu de chauffe""",7,191,1,@yanndgt4482,Laisser partir Marvin gakpa était une grosse erreur. 😩,3,Paris FC
"""On va jouer pour gagner""",11,817,1,@abdoulayesiby5451,Cool mon frère Mahame siby,0,Paris FC
"Flavien Binant : ""Un début de saison satisfaisant""",15,965,1,,"Une belle progression avec le groupe U19 
On doit s’attendre à une Gambardella intéressante",1,Paris FC
"Thierry Laurey : ""Enclencher une nouvelle série""",10,228,1,@akimbechir7886,"C'est une équipe de chèvres🐐 🐐 🐐 🐐 🐐 🐐 🐐 🐐 🐐 🐐 🐐 🐐 🐐 🐐 🐐 🐐 🐐 🐐 . Manque de régime,  du n'importe quoi,  ils n'ont aucune motivation.",0,Paris FC
"🎙 ""Très satisfait de l'état mental des troupes""",7,162,1,@nathan94,💙🤍,1,Paris FC
"🎙 ""Bonifier la victoire contre Nîmes""",7,222,2,@pilou75,"Demoncy on l’avait recruté pour qu’il ait le même rôle que Kikonda, au final il est 10 fois meilleur. Limite il mérite d’être titulaire",0,Paris FC
"🎙 ""Bonifier la victoire contre Nîmes""",7,222,2,@vassoldurouayom700,"Un véritable atout ce joueur, il fait beaucoup de bien",2,Paris FC
"Au cœur de la VINCI Cup 2021, première édition mixte",69,5131,3,@mattheone2297,Allez Paris 🔵⚪,1,Paris FC
"Au cœur de la VINCI Cup 2021, première édition mixte",69,5131,3,@alasse5749,Vive le Paris fc,3,Paris FC
"Au cœur de la VINCI Cup 2021, première édition mixte",69,5131,3,@pilou75,"Ah je comprends mieux ce terme de « mixité », moi je croyais que les filles et les garçons jouaient en même temps sur le terrain",1,Paris FC
"🎙 ""Garder notre état d'esprit""",11,214,1,@zaydiwithflow988,Aller pfc🟦⬜,0,Paris FC
"🎙 ""On se doit de réagir""",7,115,4,@bidule91,Ligue 2 encore !!,0,Paris FC
"🎙 ""On se doit de réagir""",7,115,4,@liarfix3331,Paris FC😍💙,0,Paris FC
"🎙 ""On se doit de réagir""",7,115,4,@sbddh3832,"Depuis leur poisson d’avril avec Usain Bolt, dès que je vous en suggestion leur vidéo je ne les prends jamais au sérieux",2,Paris FC
"💬 ""Une équipe dont on se méfie""",9,308,1,@paula2969,"On est avec vous les gars ! cette année c’est la bonne 

Allez Paris le vrai",0,Paris FC
"🎙 ""Ce sera un bon test""",21,529,2,@yanndgt4482,Pas de nouvelles point de vue mercato ? Surtout niveau DC ?,1,Paris FC
"🎙 ""Ce sera un bon test""",21,529,2,@vntm7554,Il a un tic avec les yeux 👀,0,Paris FC
"🎙 ""Envie de confirmer face à cette belle équipe""",12,213,1,@jeremyrodrigues5757,On peut le faire. On peut gagner face à Auxerre,3,Paris FC
"🎙 ""Ce sera un match particulier pour moi""",16,394,2,@mattheone2297,Allez Paris FC 🔵⚪,1,Paris FC
"🎙 ""Ce sera un match particulier pour moi""",16,394,2,@d_avsko9712,Allez le Paris fc on croit tous en vous allez vous allez gagner 🔵⚪️,1,Paris FC
"🎙 ""Un match plus complexe""",13,336,2,@Lucas-qt9jx,"Aller Paris FC, Caen a perdu faut en profiter.",1,Paris FC
"🎙 ""Un match plus complexe""",13,336,2,@ilanmessadi6106,Allez Paris FC 💙🤍,2,Paris FC
"🎙""Mettre en lumière les qualités de mes joueurs""",18,521,1,@mondolia971,Thierry Lauret de Ligue1 a Ligue2 et de Régional 3,0,Paris FC
"🎙""Toutes les équipes ne sont pas totalement prêtes""",22,907,4,@Yo-ml5gs,🔵⚪️,0,Paris FC
"🎙""Toutes les équipes ne sont pas totalement prêtes""",22,907,4,@Jokerbibi93Du,Trop cool j'aimerai allez dans ce club,0,Paris FC
"🎙""Toutes les équipes ne sont pas totalement prêtes""",22,907,4,@mattheone2297,🔵⚪,1,Paris FC
"🎙""Toutes les équipes ne sont pas totalement prêtes""",22,907,4,@divinekimbatsa4241,Aller Thierry prochaine saison l1,1,Paris FC
"🎙 ""On a encore des réglages à effectuer""",13,252,1,@Layv89,Allez la Ligue 1 fin de saison les gars !!!!,1,Paris FC
Le Président Pierre Ferracci dresse le bilan (Partie 1),36,1184,3,@johnd1225,La volonté du club et de son président à conserver une certaine transparence et proximité avec ses supporters est vraiment appréciable. Merci Président et merci au service de communication du club.,1,Paris FC
Le Président Pierre Ferracci dresse le bilan (Partie 1),36,1184,3,@pilou75,"Avec l'arrivée de Thierry Laurey et 4/5 recrues qui vont venir embellir l'effectif, je suis sûr qu'on a les moyens pour viser le podium voir même le top 2 pour la montée directe",1,Paris FC
Le Président Pierre Ferracci dresse le bilan (Partie 1),36,1184,3,@ilanmessadi6106,On veut la ligue 1 💙🤍,1,Paris FC
Au cœur de la préparation,66,2827,4,@juanantonioramirezberistai8916,Quand est présentée la date des nouveaux maillots 2021/22?,0,Paris FC
Au cœur de la préparation,66,2827,4,@nicopsg78,Pourvu que cela présage d'une belle saison,0,Paris FC
Au cœur de la préparation,66,2827,4,@pilou75,C’est bien mais on attend toujours l’officialisation des nouvelles recrues...,1,Paris FC
Au cœur de la préparation,66,2827,4,@lincacapable8248,Si si on représente,1,Paris FC
"Thierry Laurey : ""Un projet fidèle à mes attentes""",108,4855,14,@stephanstephan1645,"Je ne comprends pas qu'il n'entraine plus mon club, le RCSA. M.... pour la suite M. Laurey.",1,Paris FC
"Thierry Laurey : ""Un projet fidèle à mes attentes""",108,4855,14,@tofludi8655,qu il entraine la reseve franchement quelle bras casser il et aussi bon que ses discourt,0,Paris FC
"Thierry Laurey : ""Un projet fidèle à mes attentes""",108,4855,14,@racingimelsass2461,Bonne chance coach !!! . Tu reviendras au Racing,0,Paris FC
"Thierry Laurey : ""Un projet fidèle à mes attentes""",108,4855,14,@kevinfuchs2167,"Vous avez un superbe entraîneur, on l'oubliera jamais en Alsace et on aurait aimé lui donner l'ovation qu'il mérite. On espère le revoir très vite à la meinau.",1,Paris FC
"Thierry Laurey : ""Un projet fidèle à mes attentes""",108,4855,14,@damienmuller4308,Vous avez un super entraîneur il a fait du très bon boulot avec le RC Strasbourg  j'espère qu'il fera du beau boulot avec le Paris FC  😉,5,Paris FC
"Thierry Laurey : ""Un projet fidèle à mes attentes""",108,4855,14,@mattheone2297,🔵⚪🔵⚪,0,Paris FC
"Thierry Laurey : ""Un projet fidèle à mes attentes""",108,4855,14,@yanndgt4482,J'aime beaucoup le discours du coach. Il me donne beaucoup d'espoir. Allez le PFC !!!,0,Paris FC
"Thierry Laurey : ""Un projet fidèle à mes attentes""",108,4855,14,@eddyfolet7327,"Bienvenu coach, discours qui m'enthousiasme! J'espère que le PFC ira plus haut!",1,Paris FC
"Thierry Laurey : ""Un projet fidèle à mes attentes""",108,4855,14,@zatoichi8745,"Un discours posé, optimiste et ambitieux, vivement la reprise !!",2,Paris FC
"Thierry Laurey : ""Un projet fidèle à mes attentes""",108,4855,14,@patriciakevorkoff9131,Les motivations de ce nouvel entraîneur me plaisent bien. Elles sont positives et réalistes… à suivre 😉,0,Paris FC
"Thierry Laurey : ""Un projet fidèle à mes attentes""",108,4855,14,@laurentpinet2603,Bienvenue à vous Mr Laurey.,0,Paris FC
"Thierry Laurey : ""Un projet fidèle à mes attentes""",108,4855,14,@pilou75,"Très intéressante cette interview, ça promet pour la suite 🔥🔥",0,Paris FC
"Thierry Laurey : ""Un projet fidèle à mes attentes""",108,4855,14,@jeremyrodrigues5757,allez le pfc la montée est pour nous cette année,0,Paris FC
"Thierry Laurey : ""Un projet fidèle à mes attentes""",108,4855,14,@parisfcomostro1780,The coach 🔥🔵,1,Paris FC
C'est la rentrée pour les Parisiens,51,1551,6,@parisien94,Paris 💙,0,Paris FC
C'est la rentrée pour les Parisiens,51,1551,6,@TheSkrillex97,bonne rentrée au voleur de montre,1,Paris FC
C'est la rentrée pour les Parisiens,51,1551,6,@xav93,"Ah nos petits parisiens,faites une saison de dingue et monté en ligue 1.",0,Paris FC
C'est la rentrée pour les Parisiens,51,1551,6,@psgfifaofficial2496,L'essentiel c'est que le sourire est présent 🎁💙,1,Paris FC
C'est la rentrée pour les Parisiens,51,1551,6,@ilanmessadi6106,Super Vidéo 💙🤍,0,Paris FC
Merci à nos partenaires !,28,427,3,@AESIOmutuelle,01:39 Allez le Paris FC ! 💙,1,Paris FC
Merci à nos partenaires !,28,427,3,@mattheone2297,👍,1,Paris FC
Merci à nos partenaires !,28,427,3,@zstrofficiel550,Gg,2,Paris FC
"💬 ""Un match avec une saveur particulière""",20,449,11,@issambibyal9868,"salut salut. Je viens du Maroc et je joue du bon football et je veux rejoindre le club avec vous. J'ai 17 ans, peux-tu",0,Paris FC
"💬 ""Un match avec une saveur particulière""",20,449,11,@issambibyal9868,"salut salut. Je viens du Maroc et je joue du bon football et je veux rejoindre le club avec vous. J'ai 17 ans, peux-tu",0,Paris FC
"💬 ""Un match avec une saveur particulière""",20,449,11,@issambibyal9868,"salut salut. Je viens du Maroc et je joue du bon football et je veux rejoindre le club avec vous. J'ai 17 ans, peux-tu",0,Paris FC
"💬 ""Un match avec une saveur particulière""",20,449,11,@gaelfrz,Forza Grenoble 💙🤍🔥🔥,1,Paris FC
"💬 ""Un match avec une saveur particulière""",20,449,11,@martingal2366,"Adios la ligue 1, la faute à la VAR qui n'existe pas en ligue 2.. On a un championnat qui est faussé. Par ex penaltie imaginaire pour Grenoble contre rodez et penaltie oublié pour paris fc.. But hors jeu contre Clermont but etc troyes etc etc",0,Paris FC
"💬 ""Un match avec une saveur particulière""",20,449,11,@leomillard459,Come on🔵⚪️🔵,2,Paris FC
"💬 ""Un match avec une saveur particulière""",20,449,11,@IS77_,Grenoble 🔥,3,Paris FC
"💬 ""Un match avec une saveur particulière""",20,449,11,@ok-eu4yi,Forza Grenoble!!!!,3,Paris FC
"💬 ""Un match avec une saveur particulière""",20,449,11,@assassin7560,Faut entrainer Abdi sur le peno on connait les défenseurs gauche pdt la séance de penalty ^^',1,Paris FC
"💬 ""Un match avec une saveur particulière""",20,449,11,@jeremyrodrigues5757,Allez pfc vous pouvez le faire,2,Paris FC
"💬 ""Un match avec une saveur particulière""",20,449,11,@mattheone2297,Allez Paris FC 🔵⚪,4,Paris FC
"💬 ""Cela se jouera sur des détails""",21,306,8,@talibvlogs1378,Alller Pfc,0,Paris FC
"💬 ""Cela se jouera sur des détails""",21,306,8,@caritorpronos7848,On y croit !! Il y a la place 🔵⚪️,0,Paris FC
"💬 ""Cela se jouera sur des détails""",21,306,8,@docteurmoule6353,"A la semaine prochaine... 
Un toulousain.",0,Paris FC
"💬 ""Cela se jouera sur des détails""",21,306,8,@martingal2366,"Sur un match tout est possible ! Surtout que le paris fc ne va pas affronter ni le réal de madrid, bayerne, juventus.. Mais grenoble, toulouse, lorient ou nantes.",0,Paris FC
"💬 ""Cela se jouera sur des détails""",21,306,8,@leodelestre9723,Allez Vincent !!!! les derniers play off 1 perdu contre Lens mais là go les play off 2 contre Toulouse et go les Barages et ensuite la L1🔵⚪,0,Paris FC
[Inside] : Au cœur de l'après-match contre Chambly,59,1455,13,@roman_bs,Mdr trop fier de les envoyer en national🤣,1,Paris FC
[Inside] : Au cœur de l'après-match contre Chambly,59,1455,13,@IM2Stars,Je veux voir le *ParisFC* en Ligue1😍Si vous mentez je vais etre un votre fan en Ligue1 comme j'ai fait ces 2 dernieres saisons en vous supportant en Ligue2🔵🔘 #AllezParis🗼,1,Paris FC
[Inside] : Au cœur de l'après-match contre Chambly,59,1455,13,@ewzinenhou9243,On espère un derby Parisien l'année prochaine ! 👊,2,Paris FC
[Inside] : Au cœur de l'après-match contre Chambly,59,1455,13,@ewzinenhou9243,On espère un derby Parisien l'année prochaine ! 👊,2,Paris FC
[Inside] : Au cœur de l'après-match contre Chambly,59,1455,13,@elvaterod-x,"Ptn c ouf de voir le Paris FC en barrage alors qu'ils avaient eu que 4 victoires en 4 mois et qu'ils étaient complètement à la ramasse😕
Ils vont sûrement pas aller en Ligue 1 et auront d'énormes déceptions par rapports au début de saison où ils avaient 8 pts d'avance sur le 2e !! (Troyes)
Je me rappelle quand dupraz disait qu'il y avait déjà le PFC en Ligue 1 alors qu'on était qu'à la 12e journées mais le PFC était tlm fort et avait tlm de pts d'avance 😮",1,Paris FC
[Inside] : Au cœur de l'après-match contre Chambly,59,1455,13,@fredericlamarque4107,Plus loin c est mardi. Apres vous êtes en vacances.,0,Paris FC
[Inside] : Au cœur de l'après-match contre Chambly,59,1455,13,@mattheone2297,🔵⚪,1,Paris FC
[Inside] : Au cœur de l'après-match contre Chambly,59,1455,13,@professeurstrausshh3391,Allez Paris pour mardi!,2,Paris FC
[Inside] : Au cœur de l'après-match contre Chambly,59,1455,13,@ftsfootballvlogs4890,"C'est une nouvelle saison qui commence là, go -> Ligue 1 🔥 🔵⚪",2,Paris FC
[Inside] : Au cœur de l'après-match contre Chambly,59,1455,13,@parisfcomostro1780,On y croit les gars 🔵🔵💪💪,3,Paris FC
[Inside] : Au cœur de l'après-match contre Chambly,59,1455,13,@leodelestre9723,La ligue 1 on y croit 🔵⚪,7,Paris FC
"🎙 ""On a quelque chose à jouer, mais eux aussi""",16,329,1,@martingal2366,On espère que le paris fc va éviter de prendre un carton rouge pour espérer faire un résultat.,1,Paris FC
"🎙 ""Le danger serait de croire que le plus dur est fait""",18,306,2,@parisfcomostro1780,Allez les gars 🔵,1,Paris FC
Le récap' de la semaine #39,51,1629,5,@theparigo3420,Allez Paris on vous attends en ligue 1!!!!!!!,0,Paris FC
Le récap' de la semaine #39,51,1629,5,@jeremyrodrigues5757,Super le résultat. On y croit à cette montée,1,Paris FC
Le récap' de la semaine #39,51,1629,5,@yanndgt4482,Une belle victoire qui fait plaisir ! Allez le PFC💪. Ne lâchez rien !!!,1,Paris FC
Le récap' de la semaine #39,51,1629,5,@parisfcomostro1780,Bien jouer les gars ! Avec le match nul de Auxerre on a de nouveau notre destin entre les mains ! 🔥,3,Paris FC
Le récap' de la semaine #39,51,1629,5,@robertvalles96,"Belle victoire contre Toulouse, hier. Allez, les gars, faites-nous rêver. La ligue 1, on y croit encore !",1,Paris FC
"🎙 ""Les barrages seraient une récompense""",14,433,7,@typpexparis4424,"Nous vous souhaitons beaucoup de succès MAIS nous ne voulons pas que votre club s’installe au stade de Charlety si vous passez en ligue 1. Les membres du PARIS UNIVERSITÉ CLUB n’accepteront pas d’être délogés. Acteur majeur de la vie sportive parisienne, francilienne et estudiantine depuis sa création en 1906 et installé historiquement au Stade Charléty, le club utilise pas moins de 45 autres installations sportives. Le club compte plus de 9000 adhérents et des dizaines de disciplines sportives. Vos financements arabes et votre réseau politique ne suffiront pas à perturber la bonne organisation de notre club dont toutes les activités resteront localisées à Charlety. TOUTES ! Allez donc jouer à Saint Denis où le Grand stade n’attend que des occupants.",0,Paris FC
"🎙 ""Les barrages seraient une récompense""",14,433,7,@alasse5749,BIENTOT LEAUGUE 111111,1,Paris FC
"🎙 ""Les barrages seraient une récompense""",14,433,7,@mattheone2297,Allez Paris 🔵⚪,1,Paris FC
"🎙 ""Les barrages seraient une récompense""",14,433,7,@parisien94,"Allez paris 
💙",1,Paris FC
"🎙 ""Les barrages seraient une récompense""",14,433,7,@jeremyrodrigues5757,On peut le faire en espérant que Auxerre perde le match pour leur chiper la 5ème place,1,Paris FC
"🎙 ""Les barrages seraient une récompense""",14,433,7,@roman_bs,Oue,2,Paris FC
"🎙 ""Les barrages seraient une récompense""",14,433,7,@ilanmessadi6106,Allez les gars on va le faire! 💙🤍,2,Paris FC
Le récap' de la semaine #38,28,1163,2,@nicopsg78,Je vous souhaite la montée en ligue 1 la saison prochaine pour avoir enfin un derby parisien au plus haut niveau,2,Paris FC
Le récap' de la semaine #38,28,1163,2,@roman_bs,"First, allez les gars, la saisons prochaine, objectif ligue 1!",2,Paris FC
"🎙""On a à cœur de se racheter""",16,252,3,@mattheone2297,Allez Paris FC,2,Paris FC
"🎙""On a à cœur de se racheter""",16,252,3,@laurentpinet2603,"ALLEZ PFC. On y croit jusqu'au bout. 
A bientôt à Charlety",2,Paris FC
"🎙""On a à cœur de se racheter""",16,252,3,@parisien94,Notre capitaine 🔵,3,Paris FC
"🎙""Se surpasser jusqu'à la fin""",9,172,4,@shino_M,Je veux tellement voir un PSG-PFC alors assurez contre tout vos matchs pour être 3e au moins,2,Paris FC
"🎙""Se surpasser jusqu'à la fin""",9,172,4,@parisien94,Allez paris fc 🔵,2,Paris FC
"🎙""Se surpasser jusqu'à la fin""",9,172,4,@roman_bs,"Allez !

💙💙",2,Paris FC
"💬 ""Ce sont des bons matchs à jouer""",14,270,1,@Lealp64,"PSG: 🤢💩
PFC: 🤯🔥",0,Paris FC
"💬 ""Ne pas s'occuper des autres""",13,283,5,@parisfcomostro1780,Faut absolument battre rodez,0,Paris FC
"💬 ""Ne pas s'occuper des autres""",13,283,5,@parisien94,🔵paris fc,0,Paris FC
"💬 ""Ne pas s'occuper des autres""",13,283,5,@mattheone2297,🔵⚪,0,Paris FC
"💬 ""Ne pas s'occuper des autres""",13,283,5,@dobastarsebastian5329,"WATCH MORE VIDEO F.U.L.L H.D 💓 CLICK HERE : 18cams.xyz



!💖🖤❤️今後は気をライブ配信の再編ありがとうです！この日のライブ配信は、かならりやばかったですね！１万人を超える人が見ていたもん（笑）やっぱり人参最高！まさかのカメラ切り忘れでやら1かしたのもドキドキでした,. 💖🖤在整個人類歷史上，強者，富人和具有狡猾特質的人捕食部落，氏族，城鎮，城市和鄉村中的弱者，無`'守和貧窮成員。然而，人類的生存意願迫使那些被拒絕，被剝奪或摧毀的基本需求的人們找到了一種生活方式，並繼續將其DNA融入不斷發展的人類社會。. 說到食物，不要以為那些被拒絕的人只吃垃圾。相反，他們學會了在被忽視的肉類和蔬菜中尋找營養。他們學會了清潔，切塊，調味和慢燉慢燉的野菜和肉類，在食品市場上被忽略的部分家用蔬菜和肉類，並且學會了使用芳香的木煙（如山核桃，山核桃和豆科灌木 來調味g食物煮的時候1&!/ 1618505128",1,Paris FC
"💬 ""Ne pas s'occuper des autres""",13,283,5,@yanndgt4482,Le match contre Rodez va être déterminant ! Allez le Paris FC 👊💪💪,0,Paris FC
NEUF | Un documentaire inédit sur Lamine Diaby Fadiga,494,21193,45,@RamdaniAmmar-z2v,Vien a liqipe national algerian amin,0,Paris FC
NEUF | Un documentaire inédit sur Lamine Diaby Fadiga,494,21193,45,@RamdaniAmmar-z2v,Algerian Amin diapi 🇩🇿🇩🇿,0,Paris FC
NEUF | Un documentaire inédit sur Lamine Diaby Fadiga,494,21193,45,@bonjoursalut523,sa le voleur,1,Paris FC
NEUF | Un documentaire inédit sur Lamine Diaby Fadiga,494,21193,45,@yacinouu8541,Premiers commentaires :Diaby Fadiga joue  la montre,1,Paris FC
NEUF | Un documentaire inédit sur Lamine Diaby Fadiga,494,21193,45,@il-de-fauconnathaniel993,Dans la vie on récolte ce que l'on sème.,0,Paris FC
NEUF | Un documentaire inédit sur Lamine Diaby Fadiga,494,21193,45,@il-de-fauconnathaniel993,"Tout se paye dans la vie, tôt ou tard, mais tout se paye.",0,Paris FC
NEUF | Un documentaire inédit sur Lamine Diaby Fadiga,494,21193,45,@bluefirestorm4602,Rolex Fadiga,5,Paris FC
NEUF | Un documentaire inédit sur Lamine Diaby Fadiga,494,21193,45,@Headgiver,Nice watch!,1,Paris FC
NEUF | Un documentaire inédit sur Lamine Diaby Fadiga,494,21193,45,@karimzizou7276,❤️💪🇩🇿,0,Paris FC
NEUF | Un documentaire inédit sur Lamine Diaby Fadiga,494,21193,45,@greggor53,Un voleur de montre. Rien de plus. Pas le genre de mecs que je voudrais dans mon vestiaire/équipe.,4,Paris FC
NEUF | Un documentaire inédit sur Lamine Diaby Fadiga,494,21193,45,@thiernoibrahimabah3206,il est possible de savoir ou ses et quand pour les detection s'il vous plait,1,Paris FC
NEUF | Un documentaire inédit sur Lamine Diaby Fadiga,494,21193,45,@robertomencon6567,Voler ces collègues dans le vestiaire c'est honteux je peux pas aimé un joueur qui fais ça,5,Paris FC
NEUF | Un documentaire inédit sur Lamine Diaby Fadiga,494,21193,45,@yountoutcourt6674,Il est quelle heure svp ?,8,Paris FC
NEUF | Un documentaire inédit sur Lamine Diaby Fadiga,494,21193,45,@charlesb4799,mdrrrr il a serrer la main de dolberg en arrivant au vestiaire il avait les yeux rivé sur son poignet,18,Paris FC
NEUF | Un documentaire inédit sur Lamine Diaby Fadiga,494,21193,45,@sekoucamara6999,Choisi la guinée conakry,0,Paris FC
NEUF | Un documentaire inédit sur Lamine Diaby Fadiga,494,21193,45,@rimoferoce5216,"Allez lamine force à toi pour ramener notre Paris FC en ligue 1 et montrer à toute la France que "" Paris c'est nous "" pas celui de Sarkozy...Allez PFC!!!",3,Paris FC
NEUF | Un documentaire inédit sur Lamine Diaby Fadiga,494,21193,45,@zoulou3781,le documentaire est top ! Bravo et la dernière scène avec le regard-caméra pshishhh,0,Paris FC
NEUF | Un documentaire inédit sur Lamine Diaby Fadiga,494,21193,45,@papediop1673,Force à toi 💪🏾💪🏾💪🏾💪🏾,0,Paris FC
NEUF | Un documentaire inédit sur Lamine Diaby Fadiga,494,21193,45,,"Super bien réalisé, j'ai adoré",0,Paris FC
NEUF | Un documentaire inédit sur Lamine Diaby Fadiga,494,21193,45,@destinityyy1564,Magique😍😍,0,Paris FC
NEUF | Un documentaire inédit sur Lamine Diaby Fadiga,494,21193,45,@yanndgt4482,Très bon documentaire. Vraiment intéressant de voir l'envers du décor lorsqu'un joueur se blessé. Bon retour lamine et allez le PFC💪💪💪,1,Paris FC
NEUF | Un documentaire inédit sur Lamine Diaby Fadiga,494,21193,45,@antoine3974,"Merci la formation Niçoise quand-même non ... même si l'histoire c'est mal finie, il pourrait y avoir un mot pour le club de l'OGC Nice, qui a formé, accompagné et signé en pro ce joueur. Se serait la moindre des choses.",0,Paris FC
NEUF | Un documentaire inédit sur Lamine Diaby Fadiga,494,21193,45,@mattheone2297,Allez Paris FC 🔵⚪,1,Paris FC
NEUF | Un documentaire inédit sur Lamine Diaby Fadiga,494,21193,45,@ska_41k,belle carrière je te souhaite la réussite pour le futur,0,Paris FC
NEUF | Un documentaire inédit sur Lamine Diaby Fadiga,494,21193,45,@johnd1225,"Félicitations aux personnes derrière cet exelent documentaire, très très beau boulot.
Et bravo au club de nous permettre d'accéder à ces images.",8,Paris FC
NEUF | Un documentaire inédit sur Lamine Diaby Fadiga,494,21193,45,@boogiewoogie7029,L'incroyable Histoire du plus grand voleur de montre après Arsène Lupin !,13,Paris FC
NEUF | Un documentaire inédit sur Lamine Diaby Fadiga,494,21193,45,@lucasderoussen3036,DIABYFADIGA quel joueur il ira loin ❤,9,Paris FC
NEUF | Un documentaire inédit sur Lamine Diaby Fadiga,494,21193,45,@parisien94,Paris fc 🔵,3,Paris FC
NEUF | Un documentaire inédit sur Lamine Diaby Fadiga,494,21193,45,@lucasparis7369,Quelle belle réalisation ! Paris FC ❤️,15,Paris FC
"""Ne pas faire de calculs""",17,360,2,@kamelkeda7374,Aller René  pfc en ligue des champions,1,Paris FC
"""Ne pas faire de calculs""",17,360,2,@robertvalles96,Objectif: empocher trois points pour revenir à quatre points du leader à six journées de la fin. 💠🟦💠,1,Paris FC
Le récap' de la semaine #37,45,1207,6,@yanndgt4482,On y croit à fond. Allez le PFC 💪💪💪,1,Paris FC
Le récap' de la semaine #37,45,1207,6,@parisien94,Allez paris fc on n toujours la,0,Paris FC
Le récap' de la semaine #37,45,1207,6,@robertvalles96,"Encore 7 matchs... et 7 fois 3, ça fait 21 points. Le Paris Football Club en ligue 1, ça devient possible ! 🔵💠🔵💠🔵",0,Paris FC
Le récap' de la semaine #37,45,1207,6,@mattheone2297,Allez Paris FC 🔵⚪,0,Paris FC
Le récap' de la semaine #37,45,1207,6,@fabienantranik8183,C'était énorme. Merci encore les mecs. Faites vous kiffez faites nous kiffez ! Allez Paris !!!,1,Paris FC
Le récap' de la semaine #37,45,1207,6,@zerooks8837,Allez le PFC,0,Paris FC
"💬 ""J'espère que ce sera un beau sprint final""",20,277,4,@leodelestre9723,Paris Fc ❤❤❤❤❤,3,Paris FC
"💬 ""J'espère que ce sera un beau sprint final""",20,277,4,@mattheone2297,Allez Paris FC 🔵⚪,4,Paris FC
"💬 ""J'espère que ce sera un beau sprint final""",20,277,4,@kamelkeda7374,René  ta mauvaise mine sa va j espère,3,Paris FC
"💬 ""J'espère que ce sera un beau sprint final""",20,277,4,@Ibrakaa10.,Allez paris fc 🔵⚪,4,Paris FC
Le récap' de la semaine #36,36,1189,3,@yanndgt4482,Le retour des blessés va faire beaucoup de bien👍 on espère une fin de saison de folie ! Allez le Paris FC !!!,0,Paris FC
Le récap' de la semaine #36,36,1189,3,@robertvalles96,"Les gars travaillent dur, l’ambiance est bonne: le Paris Football Club peut raisonnablement viser la ligue 1, maintenant, il n’y a pas de raison. 🔵💠🔵💠🔵",0,Paris FC
Le récap' de la semaine #36,36,1189,3,@johnd1225,"""meilleur buteur du championnat à l'entraînement"" un tueur Demarconnay 😂😂",1,Paris FC
MARVIN vs REDA | Qui sera le premier champion du Tournoi FIFA inter-écoles ?,46,878,4,@mahab2032,Bravo Reda mon brave 👍tu es le meilleur 💪,0,Paris FC
MARVIN vs REDA | Qui sera le premier champion du Tournoi FIFA inter-écoles ?,46,878,4,@samahba1,GG redha bien jouer. T’es le plus fort 💪🏽,0,Paris FC
MARVIN vs REDA | Qui sera le premier champion du Tournoi FIFA inter-écoles ?,46,878,4,@lolitala8323,Bravo Reda 🌺🌺🌺🌺🌺🌺,0,Paris FC
MARVIN vs REDA | Qui sera le premier champion du Tournoi FIFA inter-écoles ?,46,878,4,@theophileleroy2938,"🔥🔥, il est vraiment chaud Reda !",1,Paris FC
Le récap' de la semaine #35,52,1304,10,@parisfcomostro1780,Les meilleurs 🔥💪🔵,0,Paris FC
Le récap' de la semaine #35,52,1304,10,@junoowtaicho6823,Allez les gars continuez !!! LA MONTEE AVANT TOUT,0,Paris FC
Le récap' de la semaine #35,52,1304,10,@Mikiciko,"LETS GO PARIS FC!! From your #1 American fan, let’s make the push up to Ligue 1!",0,Paris FC
Le récap' de la semaine #35,52,1304,10,@professeurstrausshh3391,Bravo pour hier!,1,Paris FC
Le récap' de la semaine #35,52,1304,10,@leodelestre9723,Paris FC💙💙💙💙,2,Paris FC
Le récap' de la semaine #35,52,1304,10,@zerooks8837,On visé le titre ❤❤,2,Paris FC
Le récap' de la semaine #35,52,1304,10,@mattheone2297,Allez Paris 🔵⚪,2,Paris FC
Le récap' de la semaine #35,52,1304,10,@parisien94,Allez paris 🔵,2,Paris FC
Le récap' de la semaine #35,52,1304,10,@yanndgt4482,Allez le PFC !!!,4,Paris FC
"🎙 ""Ils ont l'avantage d'être devant""",13,321,4,@robertvalles96,"Allez René ! Faut rien lâcher maintenant... chaque point vaut son pesant d’or. Je rêve d’un Paris Football Club en ligue 1 pour 2021/2022. Une vingtaine de points d’ici la fin de la saison, c’est faisable.  🟦💠🟦💠🟦",0,Paris FC
"🎙 ""Ils ont l'avantage d'être devant""",13,321,4,@mattheone2297,Allez Paris FC 🔵⚪,0,Paris FC
"🎙 ""Ils ont l'avantage d'être devant""",13,321,4,@donbetiton8994,"Não sei pq mais o Paris FC me chama muita atenção , da até vontade de jogar por esse time",1,Paris FC
À la découverte du pôle de Préformation,534,34838,27,@Victorbilivogui,Comment intégré,0,Paris FC
À la découverte du pôle de Préformation,534,34838,27,@MagloireBASSILA,Salut clubs je m'appelle magloire j'ai 14ans je suis milieu du terrain ma famille n'a pas assez des moyen pour m'envoyer dans votre clubs s'il vous plaît recruter moi,0,Paris FC
À la découverte du pôle de Préformation,534,34838,27,@poutou1554,"il faut faire plus de communication, plus de vidéos",0,Paris FC
À la découverte du pôle de Préformation,534,34838,27,@diarrasane7954,Bonjour monsieur je m'appelle ABOULAYE SANÉ je suis AU SÉNÉGAL MAIS COMMENT CONTACTER POUR VENIR,0,Paris FC
À la découverte du pôle de Préformation,534,34838,27,@mouhamedndao6717,Slt je mappel malick comment je peux entre en contacte Avec vous pour joue Dans votre equipe,0,Paris FC
À la découverte du pôle de Préformation,534,34838,27,@chiracwaitson7636,"On y est, on y vas pour la ligue 1⚽⚽⚽⚽⚽⚽🎖🎖🎖",0,Paris FC
À la découverte du pôle de Préformation,534,34838,27,@coreuzembasile6685,Combien faut il payer pour intégrer ce centre de formation svp ?,0,Paris FC
À la découverte du pôle de Préformation,534,34838,27,@foreverdream2187,Salut moi aussi je suis au pari fc mais féminine par contre,0,Paris FC
À la découverte du pôle de Préformation,534,34838,27,@Goals4everyone,"Let's gooo
Catch up and beat Paris saint Germain show who's the king in Paris 👑
U17 beaucoup de talents qui doivent être utilisés correctement
nous sommes derrière vous",0,Paris FC
À la découverte du pôle de Préformation,534,34838,27,@youzarssifsidibe4507,Comment on fait pour ferais ses test,0,Paris FC
À la découverte du pôle de Préformation,534,34838,27,@allebrou5501,Entraîne toi,0,Paris FC
À la découverte du pôle de Préformation,534,34838,27,@hermesperdigao7973,Dabord fait ltest covid mon grand,5,Paris FC
À la découverte du pôle de Préformation,534,34838,27,@yahia2372,Es-ce que je peux passer un test avec vos U17 ?,4,Paris FC
Le récap' de la semaine #34,39,996,2,@pilou75,Gigi Desprez 💪🏻💪🏻,0,Paris FC
Le récap' de la semaine #34,39,996,2,@multiyapples,Nice.,0,Paris FC
Bordeaux - Paris FC : Au cœur d'une victoire incroyable,56,2597,6,@Mario_QC,On est très fier au Québec ďEvelyne (Viens) (21) Elle jouera avec Christine St.Clair aux olympiques pour le Canada au Japon dans quelques semaines,1,Paris FC
Bordeaux - Paris FC : Au cœur d'une victoire incroyable,56,2597,6,@pilou75,Pourquoi ne pas avoir prolonger le prêt d’Evelyne Viens ?? C’est juste énorme ce qu’elle fait 🤯,2,Paris FC
Bordeaux - Paris FC : Au cœur d'une victoire incroyable,56,2597,6,@andreconan4057,Quel grand match !  Que du plaisir à regarder le Pfc jouer !  Dommage que Viens vous quitte !,0,Paris FC
Bordeaux - Paris FC : Au cœur d'une victoire incroyable,56,2597,6,@jorgeponce5512,You should upload the full match.,0,Paris FC
Bordeaux - Paris FC : Au cœur d'une victoire incroyable,56,2597,6,@analuuuuu,Bravo!,0,Paris FC
"""On débute une course poursuite""",19,246,4,@mattheone2297,Allez Paris 🔵⚪,2,Paris FC
"""On débute une course poursuite""",19,246,4,@kamelkeda7374,Allez rene  tu va réussir  pfc en ligue1,1,Paris FC
"""On débute une course poursuite""",19,246,4,@passionparisfc4725,"Le sprint final est lancé ! Il faut y aller à fond... 
On y croit, allez Paris !",2,Paris FC
"""On débute une course poursuite""",19,246,4,@corentin7509,"Bon match, a  vous.
J'espère que vous gagnerai,. 
Mais je pense une défaite 2-1.
Dommage des départs , de wamangituka, et Dylan, saint - Louis.",2,Paris FC
Le récap' de la semaine #33,36,1042,2,@gabrieldouai1463,Je vous aime le paris fc 💙💙!!!,0,Paris FC
Le récap' de la semaine #33,36,1042,2,@95100,Merci saïd arab d etre venu au  club de l es colombienne se matin !,4,Paris FC
Le récap' de la semaine #32,39,1188,7,@pilou75,Le gardien de Caen il est éclaté,0,Paris FC
Le récap' de la semaine #32,39,1188,7,@cheikhdyballer,Youssoupha Ndiaye🇸🇳🇸🇳⚽,2,Paris FC
Le récap' de la semaine #32,39,1188,7,@yanndgt4482,"Yes! Superbe victoire, allez le Paris FC 💪💪🔵⚫⚪",0,Paris FC
Le récap' de la semaine #32,39,1188,7,@leodelestre9723,Paris F.C🔵⚪,0,Paris FC
Le récap' de la semaine #32,39,1188,7,@mattheone2297,🔵⚪💪🔥🔥,1,Paris FC
Le récap' de la semaine #32,39,1188,7,@lucasbernard27,Allez on va y aller en ligue 1 ❤️❤️,3,Paris FC
"""On s'attend à un match musclé""",13,223,2,@parisien94,Allez paris 🔵,1,Paris FC
"""On s'attend à un match musclé""",13,223,2,@elvaterod-x,Allez malherbe ❤️💙,1,Paris FC
Le récap' de la semaine #31,31,986,2,@yanndgt4482,Ça fait du bien de regarder une récap avec une victoire au bout ! Allez le Paris FC !!,1,Paris FC
Le récap' de la semaine #31,31,986,2,@mattheone2297,🔵⚪🔵⚪🔵⚪💪🔥🔥,2,Paris FC
"""Le match qui peut faire basculer la fin de saison""",13,241,3,@syachrizal4899,indonesia fans,4,Paris FC
Pierre FERRACCI en Live,64,1577,4,@anapozo6168,Bonjour Président pouvez vous nous parle de votre équipe féminine est elle également a l'équipe masculine,1,Paris FC
Pierre FERRACCI en Live,64,1577,4,@Thomas75013,A l’origine le Parc des Princes était destiné pour le Paris FC.,3,Paris FC
"""La Coupe amène de la fraîcheur mentale""",11,319,2,@mattheone2297,🔵💙🔵💙🔵💙,1,Paris FC
"""La Coupe amène de la fraîcheur mentale""",11,319,2,@kamelkeda7374,Rene tes meilleur pfc en champions league,1,Paris FC
"""Avoir une réflexion sur ce que l'on a vécu""",9,168,2,@parisien94,Allez paris,0,Paris FC
"""Avoir une réflexion sur ce que l'on a vécu""",9,168,2,@kamelkeda7374,T'inquiète pas René tu va réussir ton challenge  année prochaine tu prend bellhanda,1,Paris FC
"🎙 ""Il faut être vigilant dans la gestion du groupe""",7,188,4,@bidule91,Nul !! Comme d'ab !!!!!!!!!!,1,Paris FC
"🎙 ""Il faut être vigilant dans la gestion du groupe""",7,188,4,@ggameplay1.000,Vamos,0,Paris FC
"🎙 ""Il faut être vigilant dans la gestion du groupe""",7,188,4,@kamelkeda7374,Aller René  tu va réussir pfc en ligue1,1,Paris FC
Le récap' de la semaine #28,30,1007,4,@tiffanymignotte5193,Boli ❤️💛❤️💛💪💛❤️,0,Paris FC
Le récap' de la semaine #28,30,1007,4,@alaminehadrati9285,Paris FC bientot en Ligue 1,0,Paris FC
Le récap' de la semaine #28,30,1007,4,@parisien94,Paris fc🥰🥰🥰,0,Paris FC
Le récap' de la semaine #28,30,1007,4,@damidi432,⚽⚽🤙🤙,0,Paris FC
"💬 ""Ne pas se satisfaire de trop peu""",9,182,6,@artedikusumawan4178,"emmenez des joueurs de football indonésiens, vous pouvez donc ajouter des fans et la motivation du Paris FC Club",0,Paris FC
"💬 ""Ne pas se satisfaire de trop peu""",9,182,6,@hammadykebe5249,"Il demande a se remplir 😄😄😄😄😄, CEST PAS UN GROS GABARIT, DAUTRES ONT BESOIN DE SE REMPLIR .",0,Paris FC
"💬 ""Ne pas se satisfaire de trop peu""",9,182,6,@hammadykebe5249,"Le train , il passe pas trois fois mdr coach Girard, il faut saisir cette chance subitement , on fait pas deux x un match de championnat et de championnat de ligue 2, tu m'as fait rire sur cette decla.",0,Paris FC
"💬 ""Ne pas se satisfaire de trop peu""",9,182,6,@hammadykebe5249,"Ligue 1 = Objectif= contre la défaite, on l'as haï , et on veut la gagne",0,Paris FC
"💬 ""Ne pas se satisfaire de trop peu""",9,182,6,@hammadykebe5249,J'espère que Paris a gagné,0,Paris FC
"💬 ""Ne pas se satisfaire de trop peu""",9,182,6,@yulianacornejo4707,Primero,0,Paris FC
Le récap' de la semaine #27,38,1155,4,@mattheone2297,🔵⚫🔵⚫💪🔥🔥,0,Paris FC
Le récap' de la semaine #27,38,1155,4,@alaminehadrati9285,Paris FC la semaine des Champions,0,Paris FC
Le récap' de la semaine #27,38,1155,4,@jeremyrodrigues5757,bien joué vous étiez on fire,1,Paris FC
Le récap' de la semaine #27,38,1155,4,@yanndgt4482,Bravo les gars ! Super semaine !!,1,Paris FC
"💬 ""J'ai retrouvé un bel état d'esprit""",14,221,2,@pilou75,"On aimerait bien en savoir plus sur le cas Pitroipa, est-ce qu’il va nous quitter cet hiver ou est-ce qu’il va réintégrer le groupe ?",0,Paris FC
"💬 ""J'ai retrouvé un bel état d'esprit""",14,221,2,@marwangame4264,salutt je like et je m abonne grace a Daviyas c est un youtubeur qui aide les petit youtubeur va commenter la dernière video de daviyas tu pourrais bien percer grace a lui il pourrait t aiderr sur YouTube🙂😄😄,0,Paris FC
"""La coupe, une compétition qui plaît toujours""",14,270,1,@kamelkeda7374,Allez René  tu va réussir pfc en ligue1,0,Paris FC
Le récap' de la semaine #26,32,3930,2,@boukhrisabdellah9248,2004,0,Paris FC
Le récap' de la semaine #26,32,3930,2,@boukhrisabdellah9248,Je suis un joueur  plis,0,Paris FC
"""Y aller avec un état d'esprit irréprochable""",9,239,1,@kamelkeda7374,Allez René  tu va réussir  pfc en ligue1,2,Paris FC
Récap' de la semaine #25,27,1001,2,@shootingstarred1941,C'est génial!👍,0,Paris FC
Récap' de la semaine #25,27,1001,2,@kevingonzlez6476,bonnes salutations vidéo du Mexique,0,Paris FC
"""Ne pas vouloir tout précipiter d'un coup""",6,215,3,@Thomas75013,"Umut Bozok ne joue plus à Lorient, il n’est même plus sur la feuille de match, il y’a moyen de le relancer.",0,Paris FC
"""Ne pas vouloir tout précipiter d'un coup""",6,215,3,@mauricegiono4392,C’est pas comme sa en cinquième de ligue deux que nous allons allez en  Ligue 1,1,Paris FC
"""Jouer et se lâcher""",14,359,2,@matheotfc2530,J aime bcp cette equipe elle est vraiment doué bonne chance et que le meilleur gagne⚽️⚽️,1,Paris FC
"""Jouer et se lâcher""",14,359,2,@jeremyrodrigues5757,Allez le PFC il faut le faire pour espérer monter dans l'élite du foot français,0,Paris FC
"Mathilde Bourdieu : ""Cette blessure va me faire grandir""",23,654,4,@AESIOmutuelle,On lâche rien ! 💪,1,Paris FC
"Mathilde Bourdieu : ""Cette blessure va me faire grandir""",23,654,4,,Bon retour à toi 🔵⚪️,1,Paris FC
"Mathilde Bourdieu : ""Cette blessure va me faire grandir""",23,654,4,@nthodanthdant8549,I'm Single 😍😥,0,Paris FC
"Mathilde Bourdieu : ""Cette blessure va me faire grandir""",23,654,4,@essaalessales4198,Really nice 👌 😍💋 💝💖❤️,0,Paris FC
Récap' de la semaine #24,44,1574,4,@hammadykebe5249,Spirale négative !!!!! 😥😥😥 dernière victoire au mois de novembre,0,Paris FC
Récap' de la semaine #24,44,1574,4,@hammadykebe5249,Allleeez le Paris Fc,0,Paris FC
Récap' de la semaine #24,44,1574,4,@martingal2366,Encore la faute de l'arbitre lol,0,Paris FC
Récap' de la semaine #24,44,1574,4,@planetefootballtalent2959,Hadjam Jaouen trop fort,1,Paris FC
"🎙 ""Remettre le bleu de chauffe""",11,239,5,@jb7623,Allez Clermont ! 🔴🔵,0,Paris FC
"🎙 ""Remettre le bleu de chauffe""",11,239,5,@risirubievita8806,Very nice 😍💋 💝💖♥️❤️,0,Paris FC
"🎙 ""Remettre le bleu de chauffe""",11,239,5,@yanndgt4482,Allez le PFC,0,Paris FC
"🎙 ""Remettre le bleu de chauffe""",11,239,5,@footballskillsproduction3563,Neymar is the best player in the world,1,Paris FC
"🎙 ""Remettre le bleu de chauffe""",11,239,5,@Pivette.silva14,Helou,1,Paris FC
Récap' de la semaine #23,40,1035,6,@hammadykebe5249,"Mains en or , #VincentDemarconnay notre redoutable gardien si identitaire",0,Paris FC
Récap' de la semaine #23,40,1035,6,@hammadykebe5249,"Bien joue Ali Abdi un de nos joueurs phares de notre deuxième club parisien , FELICITATIONS VINCENT DEMARCONNAY TAS RECU LE TROPHÉE , DE JOUEUR LE PLUS CAPE DE NOTRE CLUB PARIS FC , REMIS DE LAPART DE NOTRE PRESIDENT",0,Paris FC
Récap' de la semaine #23,40,1035,6,@hammadykebe5249,"Notre compatriote sénégalais , est très chaud , 🇸🇳🇸🇳 Mustapha Name, très convivial, notre Presnel Kimpembe du Paris Fc",0,Paris FC
Récap' de la semaine #23,40,1035,6,@pilou75,"Bravo Vincent, tu es entré dans la légende du club 🤩🙏🏻",1,Paris FC
Récap' de la semaine #23,40,1035,6,@LeRenoi,Vous etes les meilleurs les S,2,Paris FC
Récap' de la semaine #23,40,1035,6,@lalinguere4384,NAME. DIEU EST AU CONTROLE.. MERCI LE TRAVAIL CONTINUE 😘,2,Paris FC
"🎙 ""Un coup de moins bien dans l'efficacité""",11,260,1,@bidule91,Faite pas les idiot 😑,0,Paris FC
ESTAC Troyes - Paris FC | L'inside,37,925,3,@pilou75,"Y’a pas faute du tout clairement, l’autre trou du cul il avait qu’à pas mettre sa tête aussi. Mais de toute façon c’est pas grave on va se ressaisir et on va ré-enchaîner les victoires. Allez Paris FC !!! 💪🏻💪🏻🔵🔵",1,Paris FC
ESTAC Troyes - Paris FC | L'inside,37,925,3,@fabriciofreire3857,Aqui  e  do  brasil,1,Paris FC
ESTAC Troyes - Paris FC | L'inside,37,925,3,@danielchakoute7879,Premier,1,Paris FC
Récap' de la semaine #22,37,1193,7,@hammadykebe5249,On aurait eu 1 point pris et l'autre point qu'on aurait partage a l'Estac Troyes.,0,Paris FC
Récap' de la semaine #22,37,1193,7,@hammadykebe5249,Il y a peut être une injustice qu'on s'est empare de notre superbe but de Ali Abdi 🇨🇵🇹🇳,0,Paris FC
Récap' de la semaine #22,37,1193,7,@hammadykebe5249,"Ah vous n'êtes pas oblige de vous régénérer dans les réfrigérateurs, j'espère qu'il y aura pas d'amendes administrées.",0,Paris FC
Récap' de la semaine #22,37,1193,7,@hammadykebe5249,"Tas pas l'habitude d'être dans le réfrigérateur sportif , Mustapha, tu viens du chaud, Sénégal confortable.",0,Paris FC
Récap' de la semaine #22,37,1193,7,@dhskhsjsdkjd,faut rebondir les gars !,0,Paris FC
Récap' de la semaine #22,37,1193,7,@bouchebbahmahmoud8684,Salut  tout le monde de pfc bravo,0,Paris FC
Récap' de la semaine #22,37,1193,7,@b_ektas0616,2:35 jsuis mort 😂,0,Paris FC
"Julien Lopez : ""Les 100 matchs ? Une grande fierté""",33,1063,6,@casenlemafe1375,dire que les algerien courez apres ce gitan....,0,Paris FC
"Julien Lopez : ""Les 100 matchs ? Une grande fierté""",33,1063,6,@ابوأمير-ر4س,💪💪💪🇩🇿🇩🇿🇩🇿🇩🇿🇩🇿🇩🇿,0,Paris FC
"Julien Lopez : ""Les 100 matchs ? Une grande fierté""",33,1063,6,@jimmyskill84,"Et notre président qui a fait beaucoup pour ce club ! Merci à Julien, merci à Lalaina à Vincent à Jonathan etc.. il en manque, vous nous faites tellement rever, j'espere que vous réussirez la montée (pour nous mais aussi pour vous ! Quelle joie de pouvoir dire que vous avez hissez un club de nationnal en ligue 1 grâce a votre travail)

Courage couraaaage",0,Paris FC
"Julien Lopez : ""Les 100 matchs ? Une grande fierté""",33,1063,6,@mayanm.c.3970,Le vrai Club de Paris !!!!,0,Paris FC
"Julien Lopez : ""Les 100 matchs ? Une grande fierté""",33,1063,6,@yanndgt4482,Allez le PFC💪,0,Paris FC
"🎙 ""Il faut retrouver l'efficacité""",12,203,3,@olivierlaffuma5407,J espère que Troyes va les taper,0,Paris FC
"🎙 ""Il faut retrouver l'efficacité""",12,203,3,@pilou75,Gagner contre une grosse équipe comme Troyes est la meilleure des façons de sortir de cette mauvaise série. Allez Paris FC !!!,1,Paris FC
"🎙 ""Il faut retrouver l'efficacité""",12,203,3,@yanndgt4482,Pourvu que l'orage soit passé. Une victoire à Troyes serait idéal au vue du classement. Allez le PFC 💪🔵⚪👊👊,2,Paris FC
"🎙 ""Être prêt pour chaque combat""",17,345,1,@mauricegiono4392,Allez paris allez paris fc bientôt en ligue 1 en ligue 1 en ligue 1 !!!!,1,Paris FC
Récap' de la semaine #21,35,1165,6,@zerooks8837,On se demotive pas,0,Paris FC
Récap' de la semaine #21,35,1165,6,@coeurly2296,Aller je joue dans les jeune (u9)en ligue 1,0,Paris FC
Récap' de la semaine #21,35,1165,6,@jeremyrodrigues5757,Il ya du progrès. Il faut continuer ainsi,1,Paris FC
Récap' de la semaine #21,35,1165,6,@yanndgt4482,"Et maintenant on repart sur une petite série de 5 victoires comme après Nancy et Niort ? 😁 
Allez le PFC💪",3,Paris FC
Récap' de la semaine #21,35,1165,6,@boukhrisabdellah9248,Je suis un joueur 17 ans,1,Paris FC
"Direction Grenoble, au cœur du voyage des parisiens",48,1618,1,@tanitatikaram3656,fixed matches two idiot wrestling team,0,Paris FC
"🎙 ""On sait ce qu'il nous attend""",19,711,8,@ok-eu4yi,forza Grenoble,0,Paris FC
"🎙 ""On sait ce qu'il nous attend""",19,711,8,@gerardfoort3954,SUPPORTEUR Depuis très longtemps je souhaite au Paris FC de repartir de l'avant.Allez Paris FC,0,Paris FC
"🎙 ""On sait ce qu'il nous attend""",19,711,8,@vazoumkara4567,Allez le paris💙🖤 Fc 💪⚽🥅la victoire bonne chance à vous contre Grenoble,0,Paris FC
"🎙 ""On sait ce qu'il nous attend""",19,711,8,@IS77_,On va vous démonter allez Grenoble,3,Paris FC
"🎙 ""On sait ce qu'il nous attend""",19,711,8,@lejeje3034,Grenoble 🔵⚪,3,Paris FC
"🎙 ""On sait ce qu'il nous attend""",19,711,8,@yanndgt4482,Il faut se relancer face à Grenoble. On croit en vous! Allez le PFC💪💪💪,0,Paris FC
"🎙 ""On sait ce qu'il nous attend""",19,711,8,@pilou75,On espère la victoire face à Grenoble 💪💪🔵🔵,0,Paris FC
"🎙 ""On sait ce qu'il nous attend""",19,711,8,@ftbl3465,Que la paix soit sur vous Je suis un joueur professionnel au Maroc Y a-t-il quelqu'un pour m'aider en tant que joueur avec votre équipe?,0,Paris FC
Récap de la semaine #20,64,4003,6,@vazoumkara4567,Pas grave même la défaites vous tenez tre fort en équipe 💪⚽💯paris fc je soutien mon équipe à fond allez courage ne lâche rien du tout,1,Paris FC
Récap de la semaine #20,64,4003,6,@abelfonteneau1566,On vous a bz🤫🤣💙🤍,1,Paris FC
Récap de la semaine #20,64,4003,6,@pilou75,"Allez les gars, c'est rien c'était juste un faux pas. On croit en vous pour renouer avec la victoire la semaine prochaine face à Grenoble 💪💪🔵⚪",7,Paris FC
Récap de la semaine #20,64,4003,6,@neymarchauve3328,Vous êtes éclater 😂😂😂🤣🤣🤣🤣🤣🤣🤣🤣🤣🤣🤣🤣,1,Paris FC
"🎙 ""Le principal obstacle, c'est nous""",27,752,9,@pilou75,"C'est ça que j'adore chez René Girard, on est leader avec 7 pts d'avance mais malgré ça il calme tout le monde comme si qu'on était en milieu de tableau pour pas que les joueurs s'enflamment. Et c'est cette attitude qui nous permet de prolonger cette belle série contrairement à certains qui auraient déjà chuter",0,Paris FC
"🎙 ""Le principal obstacle, c'est nous""",27,752,9,@laurentpinet2603,C'est ça l'expérience..Allez PFC.,3,Paris FC
"🎙 ""Le principal obstacle, c'est nous""",27,752,9,@guillaumech.duparc4806,Sans le confinement il y aurait eu pour Auxerre plus de 5000 supporters peut-être 7000,2,Paris FC
"🎙 ""Le principal obstacle, c'est nous""",27,752,9,@parisfcomostro1780,Je t'aime coach ! Discours parfait ! On va le faire ! 👍❤🔵,5,Paris FC
"🎙 ""Le principal obstacle, c'est nous""",27,752,9,@yanndgt4482,"C'est dur de ne pas s'enflammer, heureusement que l'entraîneur a bien la tête sur les épaules. 
Allez le PFC !",5,Paris FC
Une-Deux #4 : Clara Matéo,38,1594,4,@KrystalsGrandad1970,I really wish I'd listened more in French class like my teacher used to say I should.,0,Paris FC
Une-Deux #4 : Clara Matéo,38,1594,4,@karolyzagyva8362,Hù de gyönyörű vagy💓,0,Paris FC
Une-Deux #4 : Clara Matéo,38,1594,4,@jorgeponce5512,"Je lui aurais demandé quel est le but qu'elle a marqué et dont elle se souvient le mieux:
1. contre le Japon à la Coupe du Monde U-20 2016
2. contre l'OL quelques mois plus tard
3. un autre?",0,Paris FC
Une-Deux #4 : Clara Matéo,38,1594,4,@jorgeponce5512,Not yet 23. A few more days.,0,Paris FC
Récap' de la semaine #19,85,2876,5,@itsmemiso4157,Ligue 1 inchalah votre supporters du maroc🇲🇦♥️🇲🇦,1,Paris FC
Récap' de la semaine #19,85,2876,5,@passionparisfc4725,Encore un très beau récap ! Merci au club pour ce format qui nous permet d'être encore plus proche des joueurs. ;),2,Paris FC
Récap' de la semaine #19,85,2876,5,@HaaDaxx,« Un mannequin qui porte des mannequins » S. Arab,2,Paris FC
Récap' de la semaine #19,85,2876,5,@lemoisdaoutcestcool3436,Direction ligue 1,1,Paris FC
Récap' de la semaine #19,85,2876,5,@yanndgt4482,Super groupe cette année. Vivement le prochain match. Allez le Paris fc 💪💪,4,Paris FC
USL Dunkerque - Paris FC | L'inside,54,1560,10,@VK-og7wc,ON VEUT UN PFC-PSG EN LIGUE 1,1,Paris FC
USL Dunkerque - Paris FC | L'inside,54,1560,10,@kakashibkr1571,E psg porraaaa,0,Paris FC
USL Dunkerque - Paris FC | L'inside,54,1560,10,@cedric5166,Allez Paris !!!!,1,Paris FC
USL Dunkerque - Paris FC | L'inside,54,1560,10,@lemoisdaoutcestcool3436,PSG x PFC,0,Paris FC
USL Dunkerque - Paris FC | L'inside,54,1560,10,@Laser75,On va passer en ligue 1 c'est sur.,2,Paris FC
USL Dunkerque - Paris FC | L'inside,54,1560,10,@pilou75,"Pierre Ferracci a raison, il y a quelque chose à faire cette saison. Je pense même qu'on peut jouer le titre de champion si ça continue comme ça 💪💪🔵⚪",1,Paris FC
USL Dunkerque - Paris FC | L'inside,54,1560,10,@jeremyrodrigues5757,Fière de vous et d'être supporter,3,Paris FC
USL Dunkerque - Paris FC | L'inside,54,1560,10,@yanndgt4482,Bien d'accord avec le Président. Il y a quelque chose à faire cette année... Allez le PFC💪 ne lâchez rien !!!,8,Paris FC
Récap' de la semaine #18,59,1499,4,,"De Jeannot* 
Molière Arab 
😘",0,Paris FC
Récap' de la semaine #18,59,1499,4,@parisfcomostro1780,Victoire hyper importante ! 🔥💪🔵,1,Paris FC
Récap' de la semaine #18,59,1499,4,@yanndgt4482,Vraiment une super équipe. Qui donne envie de la suivre et de la supporter. Allez le PFC💪,1,Paris FC
Récap' de la semaine #18,59,1499,4,@jeremyrodrigues5757,super victoire!,1,Paris FC
"Moustapha Name : ""J'ai trop hâte de retrouver les terrains""",46,1429,6,@rashell5136,@americanairlines I'm the boss and they are all die @united Shut your mouth and drive me at the VIP room @openai This is América,0,Paris FC
"Moustapha Name : ""J'ai trop hâte de retrouver les terrains""",46,1429,6,@kingroma18,🦁🇸🇳❤✊🏿,0,Paris FC
"Moustapha Name : ""J'ai trop hâte de retrouver les terrains""",46,1429,6,@sndothkil5865,Je met 20 balle sur vous gagnez hein,0,Paris FC
"Moustapha Name : ""J'ai trop hâte de retrouver les terrains""",46,1429,6,@cheikhmullerdiatta1481,Nous sommes fier de toi bro 💪⚽️🇸🇳🇸🇳🇸🇳,1,Paris FC
"Moustapha Name : ""J'ai trop hâte de retrouver les terrains""",46,1429,6,@dagbewatorda7269,https://youtu.be/A_NKJ7jB28g,0,Paris FC
"Moustapha Name : ""J'ai trop hâte de retrouver les terrains""",46,1429,6,@yanndgt4482,"Cette injustice continue à me dégoûter.
 Bon retour à lui et allez le PFC. Et félicitations pour ta convocation.",2,Paris FC
"René Girard : ""Veiller à ne pas s'égarer""",16,410,2,@yanndgt4482,Une petite victoire ça permettrait de passer la trêve avec sérénité. Allez le PFC 🔵⚪💪👊,0,Paris FC
"René Girard : ""Veiller à ne pas s'égarer""",16,410,2,@bourehimacamara1371,Vive Paris FC,0,Paris FC
Une-Deux #3 : Morgan Guilavogui,56,2472,1,@b_ektas0616,"""je me rappelle j'avais rien je traîné  tous les jours bat 7"" 😜👌🏼😅",2,Paris FC
Récap' de la semaine #17,52,1935,6,@iliyanchekalil4062,Bravo le Paris F.C. 👏🏼 en route pour la ligue 1 🤜🏼🤛🏼,1,Paris FC
Récap' de la semaine #17,52,1935,6,@Austin_Niepołomice,This is our year!,1,Paris FC
Récap' de la semaine #17,52,1935,6,@vazoumkara4567,Belle vidéo 👍allez Paris fc,2,Paris FC
Récap' de la semaine #17,52,1935,6,@fabriciofreire3857,Do Brasil  para  Paris  vamos  Paris,3,Paris FC
Récap' de la semaine #17,52,1935,6,@leodelestre9723,Belle équipe qui va monter ❤️,2,Paris FC
Récap' de la semaine #17,52,1935,6,@jeremyrodrigues5757,Excellente vidéo 🔥,4,Paris FC
"🎙""Ne pas s'enflammer""",36,468,6,@guillaumech.duparc4806,N'oubliez surtout pas qu'on sera nombreux à vous soutenir (devant nos écrans puisqu'on nous ferme les portes du stade ! ),4,Paris FC
"🎙""Ne pas s'enflammer""",36,468,6,@jeremyrodrigues5757,"Je suis tellement dégoûté de ne pas pouvoir vous supporter au stade mais je crois à votre victoire face à Caen qui est un adversaire coriace.

Je crois en vous 👊",5,Paris FC
"🎙""Ne pas s'enflammer""",36,468,6,@yanndgt4482,"Dommage que le match soit en huis clos. Derrière vous malgré tout, allez le PFC 🔵⚪💪💪",4,Paris FC
Récap' de la semaine #16,62,1621,5,@dhskhsjsdkjd,en L1 les gars,0,Paris FC
Récap' de la semaine #16,62,1621,5,@inconnu4365,Recruter moi et vous n'allez pas regretter j'ai 12ans svp,1,Paris FC
Récap' de la semaine #16,62,1621,5,@parisfcomostro1780,Monstrueux les mec,2,Paris FC
Récap' de la semaine #16,62,1621,5,@jimmyskill84,Bravo les gars !!!,3,Paris FC
Récap' de la semaine #16,62,1621,5,@anonymecrew2395,Direction la ligue 1 🔥🔥🔥🔥🔥,9,Paris FC
"🎙 ""Il faudra être vigilant sur chaque match""",16,319,2,@yanndgt4482,"Avec le recrutement actuel et RG aux commandes, j'y crois fort pour cette saison. Allez le PFC 💪💪🔵⚪",1,Paris FC
"🎙 ""Il faudra être vigilant sur chaque match""",16,319,2,@RodriGPQ567,The París fc is the best on Franch,2,Paris FC
"Cyril Mandouki : ""Je suis très fier""",16,978,4,@vladartv3185,International martiniquais aussi super joueur,0,Paris FC
"Cyril Mandouki : ""Je suis très fier""",16,978,4,@yanndgt4482,"Super interview, allez le PFC. On croit en vous.",2,Paris FC
"Cyril Mandouki : ""Je suis très fier""",16,978,4,@romakoin,❤️,1,Paris FC
"Cyril Mandouki : ""Je suis très fier""",16,978,4,@nathan94,🎊❤❤🎊,1,Paris FC
Récap' de la semaine #15,51,1150,2,@irvinrdz7049,Coño,0,Paris FC
Récap' de la semaine #15,51,1150,2,@TV-sz6jh,응원합니다 파리 FC,0,Paris FC
Une-Deux #2 : Axel Bamba,39,2004,3,@fcutregvideos6858,Come to utrecht,0,Paris FC
Une-Deux #2 : Axel Bamba,39,2004,3,@bambasouleymanealex7601,Bamba 🇨🇮,0,Paris FC
Une-Deux #2 : Axel Bamba,39,2004,3,@parisfcomostro1780,Il me tue Axel 🤣🤣🤣,0,Paris FC
Récap' de la semaine #14,31,1172,1,@pilou75,Kikonda en feu devant les buts mdr,0,Paris FC
Récap' de la semaine #13,53,1236,6,@gerardpoirier4141,"la communication Bravo ,bien orchestrée je  suis de plus en plus curieux et intéressé.",0,Paris FC
Récap' de la semaine #13,53,1236,6,@leroiarouf1142,Je vous attend En L1,1,Paris FC
Récap' de la semaine #13,53,1236,6,@vassoldurouayom700,Quel pied cette victoire bravo les gars !,1,Paris FC
Récap' de la semaine #13,53,1236,6,@romakoin,Je la sens bien cette année,0,Paris FC
Récap' de la semaine #13,53,1236,6,@yanndgt4482,J'aurais bien aimé voir aussi le super arrêt de Demarconay.,3,Paris FC
Récap' de la semaine #13,53,1236,6,@jeremyrodrigues5757,Merci pour cette très belle victoire face au Havre 🔵⚪,2,Paris FC
"🎙 ""Une équipe d'expérience difficile à manœuvrer""",9,315,1,,On entend rien les gars,0,Paris FC
Récap' de la semaine #12,41,1551,1,@danielchakoute7879,Allez le pfc,3,Paris FC
Récap' de la semaine #11,36,1122,1,@nathan94,Il faut qu'il allait bien moi c'est pour Paris mais j'espère que vous allez aussi mon TERRAND vous avez tout le monde y aller,1,Paris FC
Une-Deux #1 : Youssoupha Ndiaye,84,2141,6,@IRN1013,c'est mon frère,0,Paris FC
Une-Deux #1 : Youssoupha Ndiaye,84,2141,6,@ibrahimakote2461,Gaindé⚽,1,Paris FC
Une-Deux #1 : Youssoupha Ndiaye,84,2141,6,@taphandiaye6029,Légui fécc Katt gua yakou gua PA Moussa sonko,0,Paris FC
Une-Deux #1 : Youssoupha Ndiaye,84,2141,6,@halligalli_edgarsalli,Is it possible that someone adds English subtitles? I don't speak french but I'd like to follow that club...,2,Paris FC
Une-Deux #1 : Youssoupha Ndiaye,84,2141,6,@maurelkolagbe3109,Très bonne idée,2,Paris FC
Une-Deux #1 : Youssoupha Ndiaye,84,2141,6,@passionparisfc4725,Très bon concept ! Nous voulons plus de vidéos comme cela ;),4,Paris FC
Récap' de la semaine #10,50,1576,7,@madeintaiwan1921,La saison prochaine cest la ligue 1 cest la bonne saison,0,Paris FC
Récap' de la semaine #10,50,1576,7,@caiofabio1769,Contratem algum brasileiro,1,Paris FC
Récap' de la semaine #10,50,1576,7,@caiofabio1769,"Torço pro Paris FC , Millwall e flamengo",1,Paris FC
Récap' de la semaine #10,50,1576,7,@caiofabio1769,Rumo a league 1,1,Paris FC
Récap' de la semaine #10,50,1576,7,@caiofabio1769,Sou do Brasil mais torço pro Paris FC,1,Paris FC
Récap' de la semaine #10,50,1576,7,@VK-og7wc,ALLEZ LE PFC GO LA LIGUE 1,1,Paris FC
Récap' de la semaine #10,50,1576,7,@yanndgt4482,Allez les gars ! Il faut continuer sur la lancée !,0,Paris FC
Récap' de la semaine #9,68,1775,5,@VK-og7wc,J'ESPÈRE VOUS SERAIT EN LIGUE1 IMAGINEZ LE DERBY PFC VS PSG😃😃😃,2,Paris FC
Récap' de la semaine #9,68,1775,5,@eddyfolet7327,Bravo les gars ! Allez le PFC!,1,Paris FC
Récap' de la semaine #9,68,1775,5,@professeurstrausshh3391,Leader !!!,0,Paris FC
Récap' de la semaine #9,68,1775,5,@jerrylouis3513,Félicitations les gars continuent comme ça 💪🏾💪🏾💪🏾,0,Paris FC
FC Chambly O. - Paris FC | L'inside,78,2301,13,@parisfcomostro1780,Allez le PARIS FC !!!!,3,Paris FC
FC Chambly O. - Paris FC | L'inside,78,2301,13,@akj2foot,Ici c’est Paris le vrai ! 😍,4,Paris FC
FC Chambly O. - Paris FC | L'inside,78,2301,13,@lemoisdaoutcestcool3436,À samedi !,2,Paris FC
FC Chambly O. - Paris FC | L'inside,78,2301,13,@devenirgardiendebut3543,Comment faire pour intégrer votre club ?,1,Paris FC
FC Chambly O. - Paris FC | L'inside,78,2301,13,@Blacker4FuN,TYLKO PARIS PLATYNOW KURWY,2,Paris FC
FC Chambly O. - Paris FC | L'inside,78,2301,13,@coolmangallander8358,Le Paris FC le club qui monte !! Imaginez le pfc monte en ligue 1 ce serait vraiment super pour le stade Charléty qui est a mon sens l'un des plus beau stade de ligue 2 ..,8,Paris FC
FC Chambly O. - Paris FC | L'inside,78,2301,13,@Isaac_Gabriel77,Brasil,1,Paris FC
FC Chambly O. - Paris FC | L'inside,78,2301,13,@Isaac_Gabriel77,Oi   sou    brasileiro,1,Paris FC
FC Chambly O. - Paris FC | L'inside,78,2301,13,@eSkroWw,Au top ce genre de vidéo !!!,2,Paris FC
FC Chambly O. - Paris FC | L'inside,78,2301,13,@ariaelle,Allez Paris !,4,Paris FC
