Video Title,Like Count,View Count,Comment Count,Commenter Name,Comment,Comment Like Count,YouTube Channel
The hard work doesn't stop 👊 // Spurs Women,69,1529,1,@lafresadeirapuato,"Hard work, those games have to be won 🙏🤍",0,Tottenham Hotspur Women
An unforgettable debut goal from Olivia ☄️ // Spurs Women,44,1441,1,@michaelfleming5999,"How much did you say we ""stole"" , I mean pay her for",1,Tottenham Hotspur Women
Think fast 😂 // Spurs Women,42,2202,1,@tsthemagnet1645,Yells 3 and headers it right add her face 😂,0,Tottenham Hotspur Women
Double speed ⏩⏱️ // Spurs Women,26,597,1,@BrodieBrandon-n3o,"Come on, you spurs",0,Tottenham Hotspur Women
On set with admin 🤳,55,965,1,@A2activetrap,COMW ON YOU SPURS 🩵🤍,0,Tottenham Hotspur Women
The Coin Fork Challenge returns 😂🍴 // Spurs Women,66,1359,3,@sambren429,situ,0,Tottenham Hotspur Women
The Coin Fork Challenge returns 😂🍴 // Spurs Women,66,1359,3,@Wobbler.exe1,it's the funniest thing i have seen today😂,4,Tottenham Hotspur Women
The Coin Fork Challenge returns 😂🍴 // Spurs Women,66,1359,3,@regalnomad_,Do spurs reply,4,Tottenham Hotspur Women
A hat-trick for the memory books 💫 // Spurs Women,76,1278,1,@lycanoftheunderworldselene,And this season she didn't get any goals in the WSL.This is down to how the manager had us play.Players not used to their strengths.Needs a big improvement next season or it'll be our last in the WSL.,1,Tottenham Hotspur Women
A very special day in the life with Martha Thomas 🎬 // Spurs Women,77,1184,1,@attgig,Woah. Serious twins.,0,Tottenham Hotspur Women
What does it feel like to score a goal? ⚽ // Spurs Women,64,1426,1,@hackercps,Bit jealous of the number of hat tricks 😅,3,Tottenham Hotspur Women
Recreate that photo... 📸 // Spurs Women,65,1790,1,@StickAroundBennett,Too much doing anything but winning football matches,1,Tottenham Hotspur Women
Vibessss 🎉 // Spurs Women,46,1586,1,@StickAroundBennett,Too much energy wasted with stupid training celebrations = no wins in competitions. Bravo girls...,0,Tottenham Hotspur Women
Taking it back to the last training session of the season ⏮️ // Spurs Women,28,967,1,@AngelSmith-b9n,me too love them,0,Tottenham Hotspur Women
Lenna Gunning-Williams pens new deal ✍️ // Spurs Women,73,641,6,@BaileyJunior10,My baller ❤ always got your back lenna,0,Tottenham Hotspur Women
Lenna Gunning-Williams pens new deal ✍️ // Spurs Women,73,641,6,@panjinyimbiri5831,❤❤,1,Tottenham Hotspur Women
Lenna Gunning-Williams pens new deal ✍️ // Spurs Women,73,641,6,@Tooneyandlessirusso-y6e,I wish she came to arsenal,1,Tottenham Hotspur Women
Lenna Gunning-Williams pens new deal ✍️ // Spurs Women,73,641,6,@AvaHardy-c7h,❤,1,Tottenham Hotspur Women
Lenna Gunning-Williams pens new deal ✍️ // Spurs Women,73,641,6,@IsobelleBolus,So happy 💙,1,Tottenham Hotspur Women
Lenna Gunning-Williams pens new deal ✍️ // Spurs Women,73,641,6,@DaeSpurs,🎉🎉🎉🎉,4,Tottenham Hotspur Women
Bethany England doing what she does best 🔥 // Spurs Women,49,879,1,@citizengane,다음 시즌에도 멋진 득점 부탁해요,0,Tottenham Hotspur Women
Highlights: Everton 1-1 Spurs 🍿 // Spurs Women,58,1010,1,@StickAroundBennett,10 games no wins. Bravo,0,Tottenham Hotspur Women
Highlights: Everton 1-1 Spurs 🍿 // Women's Super League,11,283,1,@citizengane,"thanks for your hard work this season
see you",0,Tottenham Hotspur Women
That's a wrap on this season 🎬 // Spurs Women,89,2228,1,@AngelSmith-b9n,love you spurs ❤️,0,Tottenham Hotspur Women
One last push 💪 // Tottenham Hotspur Women,36,692,3,@citizengane,one to go,0,Tottenham Hotspur Women
One last push 💪 // Tottenham Hotspur Women,36,692,3,@hackercps,Making those cross bar bangers look easy 😮,0,Tottenham Hotspur Women
Charli receives a special present 🫶 // Spurs Women,272,10310,1,@WOSOfan-ET7-AR23,Charlis so cute and respectful❤❤❤❤❤,1,Tottenham Hotspur Women
Women's Football Awards 🎬 // Spurs Women,62,1382,1,@Mickyvandevanforlife,Aw everyone looks so pretty,3,Tottenham Hotspur Women
Highlights: Spurs 0-1 Chelsea 🍿 // Women's Super League,19,721,2,@citizengane,i like win i like football but i like spurs more,0,Tottenham Hotspur Women
Highlights: Spurs 0-1 Chelsea 🍿 // Women's Super League,19,721,2,@sassiqueen1200,"such a shame to not get a point, but over the past few games it's looking like we're slowly getting some form back. love this team <3",1,Tottenham Hotspur Women
Highlights: Spurs 0-1 Chelsea 🍿 // Spurs Women,84,1194,3,@StickAroundBennett,10 matches and counting. Useless,0,Tottenham Hotspur Women
Highlights: Spurs 0-1 Chelsea 🍿 // Spurs Women,84,1194,3,@Mrmemegod69,"I went to this game, I got my shirt signed by Bethany England, and Ashleigh. Amazing game.",2,Tottenham Hotspur Women
Highlights: Spurs 0-1 Chelsea 🍿 // Spurs Women,84,1194,3,@jamiebryce8017,Beth I made u a key ring and I came to the match but u didn’t come to my side so I couldn’t give it to u 😢,4,Tottenham Hotspur Women
Inside Spurs: Bethany England 🫡 // Tottenham Hotspur Women,36,427,4,@jamiebryce8017,Beth I made u a key ring and I came to the match but u didn’t come to my side so I couldn’t give it to u 😢,0,Tottenham Hotspur Women
Inside Spurs: Bethany England 🫡 // Tottenham Hotspur Women,36,427,4,@NBP722,Such a great captain!! COYS!!!,0,Tottenham Hotspur Women
Inside Spurs: Bethany England 🫡 // Tottenham Hotspur Women,36,427,4,@Алмазбеку.Баястан,WoW ❤❤❤❤ Beth England we love you,1,Tottenham Hotspur Women
Inside Spurs: Bethany England 🫡 // Tottenham Hotspur Women,36,427,4,@857noel,Lovely interview,1,Tottenham Hotspur Women
Bethany on Chelsea 💬 // Spurs Women,84,2274,2,@jackplug9586,"Beth, always lovely ❤☺️",0,Tottenham Hotspur Women
Bethany on Chelsea 💬 // Spurs Women,84,2274,2,@Read1Player1,Almost cried when I saw Bethany Yesterday cos she was the striker we had when I started supporting Chelsea Women,0,Tottenham Hotspur Women
End of Season awards 🏆 // Spurs Women,72,1020,1,@Tottenham_girl21,Love alllll of em,2,Tottenham Hotspur Women
Preparations for Chelsea 🏟️ // Tottenham Hotspur Women,36,659,3,@TemitopeMatthew-fd3gl,👏👏👏,0,Tottenham Hotspur Women
Preparations for Chelsea 🏟️ // Tottenham Hotspur Women,36,659,3,@citizengane,QUIZ: Who was the only field player to wear long sleeves during outdoor training?,0,Tottenham Hotspur Women
Preparations for Chelsea 🏟️ // Tottenham Hotspur Women,36,659,3,@lycanoftheunderworldselene,If only they could hit the back of the net in gameplay like they do in training.,0,Tottenham Hotspur Women
Highlights: Liverpool 2-2 Spurs 🍿 // Women's Super League,16,548,1,@citizengane,"All the players were sharp
In particular, Oroz was everywhere the team needed her
and Holdt was excellent as a centre midfielder",0,Tottenham Hotspur Women
Focus on Liverpool 🔜 // Tottenham Hotspur Women,33,734,2,@citizengane,captain on the bridge! finally 100% Spurs,0,Tottenham Hotspur Women
Focus on Liverpool 🔜 // Tottenham Hotspur Women,33,734,2,@hackercps,"Would like Olga to get a run of games before end of season. Feel like she can push another level this summer if she can get some match sharpness, dunno.",2,Tottenham Hotspur Women
ELLA MORRIS 🔥 // Spurs Women,48,1413,1,@IsobelleBolus,So proud of her ! What a great goal 💙,4,Tottenham Hotspur Women
Highlights: Spurs 2-3 Aston Villa // Women's Super League,14,474,4,@sassiqueen1200,ELLA MORRIS!!!!!,0,Tottenham Hotspur Women
Highlights: Spurs 2-3 Aston Villa // Women's Super League,14,474,4,@TemitopeMatthew-fd3gl,👏👏👏,0,Tottenham Hotspur Women
Highlights: Spurs 2-3 Aston Villa // Women's Super League,14,474,4,@citizengane,"naz morris good goal and summanen unbelievable pass
coys next time!",1,Tottenham Hotspur Women
Highlights: Spurs 2-3 Aston Villa // Women's Super League,14,474,4,@tottenhamhotspurfp,It's been an awful season for both men and women's teams. Next season we do better. Up the spurs,0,Tottenham Hotspur Women
Thank you 🤍 // Spurs Women,117,2032,1,@citizengane,"thank you all players for your hard work
rest well and stay strong",2,Tottenham Hotspur Women
Pre-match hype songs 🔈 // Spurs Women,189,7042,4,@Алмазбеку.Баястан,Oooh Bethany England is here❤❤❤,1,Tottenham Hotspur Women
Pre-match hype songs 🔈 // Spurs Women,189,7042,4,@Stand663,"I would’ve thought it would be “We are the Champions” by Queen. 

But….",0,Tottenham Hotspur Women
Pre-match hype songs 🔈 // Spurs Women,189,7042,4,@natrisp6809,Goes off to YouTube to search them all up…. 👀 🎵,1,Tottenham Hotspur Women
Pre-match hype songs 🔈 // Spurs Women,189,7042,4,@hackercps,This is the playlist for a relaxing bath 😂,2,Tottenham Hotspur Women
Inside Spurs: Lize Kop 🧤 // Tottenham Hotspur Women,23,433,2,@TemitopeMatthew-fd3gl,👏👏👏,0,Tottenham Hotspur Women
Inside Spurs: Lize Kop 🧤 // Tottenham Hotspur Women,23,433,2,@ServingMyJesus,We seem to play music chairs with our keepers.  Will Becky be coming back now that Eleanor has signed a new contract?  I like that Lze is passionate about playing for us.  I want us to have a great squad challenging for top 4.  And hopefully get to another final next season.,1,Tottenham Hotspur Women
Fast training legs 💨 // Spurs Women,85,5860,1,@ShazziBoiPlays,COME ON SPURS,2,Tottenham Hotspur Women
Hitting the gym 🔋 // Tottenham Hotspur Women,52,1148,1,@citizengane,"""I'm trainin' in the rain, Just trainin' in the rain.""",2,Tottenham Hotspur Women
Heeps is going nowhere ✍️ // Spurs Women,117,1891,3,@liya9790,"So proud, an excellent goalie with a bright future ahead, well done Eleanor 👊🤍",0,Tottenham Hotspur Women
Heeps is going nowhere ✍️ // Spurs Women,117,1891,3,@d1splishysplashy,first comment🎉🎉,2,Tottenham Hotspur Women
Heeps is going nowhere ✍️ // Spurs Women,117,1891,3,@Mickyvandevanforlife,"I am so happy 
COYS 🤍💙⚽️",0,Tottenham Hotspur Women
One year ago ⏮️ // Spurs Women,109,3860,11,@citizengane,once again in wembley,0,Tottenham Hotspur Women
One year ago ⏮️ // Spurs Women,109,3860,11,@Tottenham_girl21,I was there ❤❤,3,Tottenham Hotspur Women
Matildas support 🇦🇺 // Spurs Women,87,1296,1,@WOSOfan-ET7-AR23,Love these girls❤❤❤❤,1,Tottenham Hotspur Women
Back to business 💪 // Tottenham Hotspur Women return to training,39,872,1,@citizengane,Back to win COYS,1,Tottenham Hotspur Women
Training intensifies ⏭️ // Spurs Women,168,3120,1,@Алмазбеку.Баястан,Where's Bethany England???,2,Tottenham Hotspur Women
Eleanor with the assist 🤣 // Spurs Women,92,11586,1,@StickAroundBennett,This training session shows why they don't win matches. total joke,3,Tottenham Hotspur Women
Alphabet Challenge 😂 // Spurs Women,261,13329,2,@zeinabmabrook8218,Super funny,0,Tottenham Hotspur Women
Alphabet Challenge 😂 // Spurs Women,261,13329,2,@Edfortnight,"Come on girl that made me laugh 
😅😅😅😅😅😅😅😅😅😅😅😅😅😅😅😂😂😅😂😂😂😂😂 😂😂😂",3,Tottenham Hotspur Women
WHAT. A. WORLDIE 💥 // Spurs Women,101,1868,2,@FromBeautycameaSpear,What a wonder ❤,0,Tottenham Hotspur Women
WHAT. A. WORLDIE 💥 // Spurs Women,101,1868,2,@sqlenovo,goosebumps!!,4,Tottenham Hotspur Women
Who's who? 😂 // Spurs Women,76,1458,1,@WOSOfan-ET7-AR23,The little laughs and weezes 😂😂😂,0,Tottenham Hotspur Women
"The worst one yet, surely? 🤢 // Spurs Women",74,1312,1,@hackercps,Heard of it but never seen it. 😮 kind of interested in trying it or is it really that awful lol,2,Tottenham Hotspur Women
Cheers 😆 // Spurs Women,66,1516,2,@StickAroundBennett,Less time drinking sugary drinks and more time training to actually win a match for once would be a good idea.,1,Tottenham Hotspur Women
Cheers 😆 // Spurs Women,66,1516,2,@Crypto_dxd,Drinking it through the nose is crazy 😭,1,Tottenham Hotspur Women
POV: Back of the net 💥 // Spurs Women,85,2860,1,@rosasefton7810,cmon girls,0,Tottenham Hotspur Women
Lenna tries a Swedish delicacy 😋 // Spurs Women,90,2452,1,@adriannurse5245,Swedish anchovies as a confectionery😂😂.. Swedish sours..😂😂,0,Tottenham Hotspur Women
Spurs Snacks // 🇸🇪 Sweden vs England 🏴󠁧󠁢󠁥󠁮󠁧󠁿 // Tottenham Hotspur Women,463,22904,34,@Renado009,Jamie dodger looks like it would taste like hallongrotta,0,Tottenham Hotspur Women
Spurs Snacks // 🇸🇪 Sweden vs England 🏴󠁧󠁢󠁥󠁮󠁧󠁿 // Tottenham Hotspur Women,463,22904,34,@abbelind1033,Jack from Jj,0,Tottenham Hotspur Women
Spurs Snacks // 🇸🇪 Sweden vs England 🏴󠁧󠁢󠁥󠁮󠁧󠁿 // Tottenham Hotspur Women,463,22904,34,@izam9063,This was funny.,0,Tottenham Hotspur Women
Spurs Snacks // 🇸🇪 Sweden vs England 🏴󠁧󠁢󠁥󠁮󠁧󠁿 // Tottenham Hotspur Women,463,22904,34,@erikstenviken2652,She dont like djungelvrål. She cant be a real swede :),4,Tottenham Hotspur Women
Spurs Snacks // 🇸🇪 Sweden vs England 🏴󠁧󠁢󠁥󠁮󠁧󠁿 // Tottenham Hotspur Women,463,22904,34,@reallivebluescat,Disagrace that there were no swedish chocolate bars on here,6,Tottenham Hotspur Women
Spurs Snacks // 🇸🇪 Sweden vs England 🏴󠁧󠁢󠁥󠁮󠁧󠁿 // Tottenham Hotspur Women,463,22904,34,@mimmijarkestig937,"i have seen the brithis girl in a tv series before, it was about a boy and she was his bestfriend and they played in the same school soccer team.",3,Tottenham Hotspur Women
Spurs Snacks // 🇸🇪 Sweden vs England 🏴󠁧󠁢󠁥󠁮󠁧󠁿 // Tottenham Hotspur Women,463,22904,34,@marcuspettersson4707,Djungelvrål 👌🏻,17,Tottenham Hotspur Women
Spurs Snacks // 🇸🇪 Sweden vs England 🏴󠁧󠁢󠁥󠁮󠁧󠁿 // Tottenham Hotspur Women,463,22904,34,@Jonovski90,Why is the Swedish girl lying? Those are not called: chokladboll… We have another namn for it…. 😂😂😂😂,12,Tottenham Hotspur Women
Spurs Snacks // 🇸🇪 Sweden vs England 🏴󠁧󠁢󠁥󠁮󠁧󠁿 // Tottenham Hotspur Women,463,22904,34,@BestFootballHD10,Jamie Johnson,4,Tottenham Hotspur Women
Spurs Snacks // 🇸🇪 Sweden vs England 🏴󠁧󠁢󠁥󠁮󠁧󠁿 // Tottenham Hotspur Women,463,22904,34,@Tooneyandlessirusso-y6e,These two should have a podcast together. And I agree with Lenna dairy milk is the best,6,Tottenham Hotspur Women
Spurs Snacks // 🇸🇪 Sweden vs England 🏴󠁧󠁢󠁥󠁮󠁧󠁿 // Tottenham Hotspur Women,463,22904,34,@Eddvard90,"""Chokladboll""

No it's wienerbrööd",7,Tottenham Hotspur Women
Spurs Snacks // 🇸🇪 Sweden vs England 🏴󠁧󠁢󠁥󠁮󠁧󠁿 // Tottenham Hotspur Women,463,22904,34,@ulvpals3037,Trocadero😂,0,Tottenham Hotspur Women
Spurs Snacks // 🇸🇪 Sweden vs England 🏴󠁧󠁢󠁥󠁮󠁧󠁿 // Tottenham Hotspur Women,463,22904,34,@857noel,These two are so funny,13,Tottenham Hotspur Women
Spurs Snacks // 🇸🇪 Sweden vs England 🏴󠁧󠁢󠁥󠁮󠁧󠁿 // Tottenham Hotspur Women,463,22904,34,@Cheddarhead7,2 women that deserve much more playtime!,32,Tottenham Hotspur Women
Spurs Snacks // 🇸🇪 Sweden vs England 🏴󠁧󠁢󠁥󠁮󠁧󠁿 // Tottenham Hotspur Women,463,22904,34,@SalsaSniper,Lenna should try surstromming.  It helps clear blocked sinuses.,10,Tottenham Hotspur Women
Spurs Snacks // 🇸🇪 Sweden vs England 🏴󠁧󠁢󠁥󠁮󠁧󠁿 // Tottenham Hotspur Women,463,22904,34,@sassiqueen1200,name a better duo,9,Tottenham Hotspur Women
Spurs Snacks // 🇸🇪 Sweden vs England 🏴󠁧󠁢󠁥󠁮󠁧󠁿 // Tottenham Hotspur Women,463,22904,34,@manget66,Matilda needs to ask Guro Reiten about the Irn bru! 😂😊,1,Tottenham Hotspur Women
Highlights: Leicester City 1-1 Spurs // Women's Super League,18,386,1,@citizengane,COYS! Mighty Oroz,0,Tottenham Hotspur Women
Preparations in full-swing 💪 // Spurs Women,100,2376,1,@rasyadsatria5788,Nice🎉,0,Tottenham Hotspur Women
Game mode 👊 // Tottenham Hotspur Women,38,690,2,@hackercps,"Who is the best creative player you think? Maybe yeet a pass, get some sisu not tissue finishing or something.",0,Tottenham Hotspur Women
Game mode 👊 // Tottenham Hotspur Women,38,690,2,@sassiqueen1200,<3,0,Tottenham Hotspur Women
Fully focused 🔋 // Spurs Women,50,696,1,@BrandonMulligan-v6p,come on you spurs,1,Tottenham Hotspur Women
Olivia Holdt makes her directorial debut 🎥 // Spurs Women,92,992,1,@SalsaSniper,Its a winner in the next Cannes film festival.,0,Tottenham Hotspur Women
Balloon challenge 🎈 // Spurs Women,95,1219,3,@scotdragon5998,This is the reason why we losing men and wm teams,0,Tottenham Hotspur Women
Balloon challenge 🎈 // Spurs Women,95,1219,3,@hackercps,This looks fun 😂,0,Tottenham Hotspur Women
Balloon challenge 🎈 // Spurs Women,95,1219,3,@Matteblak,Lol they're getting pretty creative with these ideas,1,Tottenham Hotspur Women
Jess Naz 😮‍💨😮‍💨😮‍💨 // Spurs Women,62,1567,2,@citizengane,Naz the Chef,0,Tottenham Hotspur Women
Jess Naz 😮‍💨😮‍💨😮‍💨 // Spurs Women,62,1567,2,@Abdz-d3o,"no comments on a spurs video?
COYS",2,Tottenham Hotspur Women
We had some very special guests at training ☺️ // Spurs Women,71,1033,1,@Oaks32,Yes spurs COYS,2,Tottenham Hotspur Women
What do your teammates call you? 📣 // Spurs Women,95,1391,3,@Tooneyandlessirusso-y6e,The way Lenna gets called gatwick is funny,0,Tottenham Hotspur Women
What do your teammates call you? 📣 // Spurs Women,95,1391,3,@faith4lifee,Is the girl who’s nickname is Len named Lena because that’s my name and my nickname is LenLen,0,Tottenham Hotspur Women
Training ahead of Brighton 💪 // Tottenham Hotspur Women,48,1018,1,@lycanoftheunderworldselene,Where's Beth?,3,Tottenham Hotspur Women
"We aren't crying, you're crying 🥹 / Admin Lenna",103,1516,2,@Elliekerr10,I have the same dream but for italy,0,Tottenham Hotspur Women
"We aren't crying, you're crying 🥹 / Admin Lenna",103,1516,2,@WOSOfan-ET7-AR23,This is so cute ❤❤❤,0,Tottenham Hotspur Women
“This is a sensitive topic” 💔 / Admin Lenna,81,1004,1,@Pichael0621,Prove them wrong Lenna!,0,Tottenham Hotspur Women
"""I'd obviously be on my ukulele"" 🎵 / Lenna Gunning-Williams replies to YOUR comments / Admin Lenna",102,2091,6,@PorterStats3,Theo Chapman and now Lenna Gunning-Williams. Jamie Johnson XI would be mad now. (Elena Cole is doing decent too),0,Tottenham Hotspur Women
"""I'd obviously be on my ukulele"" 🎵 / Lenna Gunning-Williams replies to YOUR comments / Admin Lenna",102,2091,6,@Tooneyandlessirusso-y6e,She said she’s far from a goalkeeper but when she was in Jamie Johnson she played in goal,0,Tottenham Hotspur Women
"""I'd obviously be on my ukulele"" 🎵 / Lenna Gunning-Williams replies to YOUR comments / Admin Lenna",102,2091,6,@ameliefleming9839,New Charli and Lenna podcast coming soon??,1,Tottenham Hotspur Women
"""I'd obviously be on my ukulele"" 🎵 / Lenna Gunning-Williams replies to YOUR comments / Admin Lenna",102,2091,6,@jacobbernstein,A Lenna and Charli podcast would be coldddd,7,Tottenham Hotspur Women
"""I'd obviously be on my ukulele"" 🎵 / Lenna Gunning-Williams replies to YOUR comments / Admin Lenna",102,2091,6,@ServingMyJesus,"I will need a support artist when I go on tour.  How about your awesome band being my support?  That is my dream.  Any way, I enjoyed your little video and hope to be there when you score that WSL goal and do your WSL celebration.  My be it will be the winner against Chelsea at the TH Stadium!",0,Tottenham Hotspur Women
"""I'd obviously be on my ukulele"" 🎵 / Lenna Gunning-Williams replies to YOUR comments / Admin Lenna",102,2091,6,@brazilianana,she's such a cutie! love having her on the team 🤍,2,Tottenham Hotspur Women
Graham returns to the pitch // Tottenham Hotspur Women,41,789,4,@Pichael0621,Just did a knee slide seeing this lfg,0,Tottenham Hotspur Women
Graham returns to the pitch // Tottenham Hotspur Women,41,789,4,@jascunnington,Yes Kit!!!,0,Tottenham Hotspur Women
Graham returns to the pitch // Tottenham Hotspur Women,41,789,4,@hackercps,Is Olga leaving for Hammarby? 😓,0,Tottenham Hotspur Women
Graham returns to the pitch // Tottenham Hotspur Women,41,789,4,@jared213,SO glad to have Kit back! one of my fav players in the world,0,Tottenham Hotspur Women
Graham officially back on the pitch // Spurs Women,52,700,2,@MajaSandvik,❤❤,1,Tottenham Hotspur Women
Graham officially back on the pitch // Spurs Women,52,700,2,@MajaSandvik,❤❤,1,Tottenham Hotspur Women
Which team-mate would you let your friend date?  🤔 // Bethany's question,67,1015,4,@OllieL819,Love you girls too cute ❤,3,Tottenham Hotspur Women
Which team-mate would you let your friend date?  🤔 // Bethany's question,67,1015,4,@OllieL819,What about Ash,2,Tottenham Hotspur Women
Which team-mate would you let your friend date?  🤔 // Bethany's question,67,1015,4,@SalsaSniper,Do any prefer players on the men’s team?,1,Tottenham Hotspur Women
INTERNATIONAL PLAYERS RETURN // SPURS WOMEN TRAINING,44,1408,1,@Mickyvandevanforlife,Come on you spurs,0,Tottenham Hotspur Women
GOALS ⚽ // TOTTENHAM HOTSPUR WOMEN,81,2051,3,@richietavarez1200,Aaawww that’s cute 🥰,0,Tottenham Hotspur Women
GOALS ⚽ // TOTTENHAM HOTSPUR WOMEN,81,2051,3,@간장-s4l,I can beat them,1,Tottenham Hotspur Women
GOALS ⚽ // TOTTENHAM HOTSPUR WOMEN,81,2051,3,@ESAMS01,what is that trim 😭😭,1,Tottenham Hotspur Women
BEHIND THE SCENES IN THE GYM AND ON THE PITCH // TOTTENHAM HOTSPUR WOMEN,44,915,4,@Matteblak,It's quiet without the Aussies,0,Tottenham Hotspur Women
BEHIND THE SCENES IN THE GYM AND ON THE PITCH // TOTTENHAM HOTSPUR WOMEN,44,915,4,@lycanoftheunderworldselene,Beth should've been in the England squad.,1,Tottenham Hotspur Women
BEHIND THE SCENES IN THE GYM AND ON THE PITCH // TOTTENHAM HOTSPUR WOMEN,44,915,4,@hackercps,"Could we get a Soccer AM style top bins practice, think it would be fun",1,Tottenham Hotspur Women
Highlights: Arsenal 5-0 Spurs // Women's Super League,22,481,4,@lycanoftheunderworldselene,Manager has no idea how to use his players.,0,Tottenham Hotspur Women
Highlights: Arsenal 5-0 Spurs // Women's Super League,22,481,4,@Stand663,I don’t think the Spurs management are serious about the Womens game.,1,Tottenham Hotspur Women
Highlights: Arsenal 5-0 Spurs // Women's Super League,22,481,4,@tottenhamhotspurfp,"Simply not good enough, losing to a rival by that much is disappointing",5,Tottenham Hotspur Women
PREPARING FOR NORTH LONDON DERBY // SPURS WOMEN TRAINING,55,1543,3,@lycanoftheunderworldselene,Need to be really sharp against Arsenal this weekend.,1,Tottenham Hotspur Women
PREPARING FOR NORTH LONDON DERBY // SPURS WOMEN TRAINING,55,1543,3,@Cheddarhead7,Glad to see Eveliina back training!,0,Tottenham Hotspur Women
HEIGHT SCARE 😱 // VR WALK THE PLANK // TOTTENHAM HOTSPUR WOMEN,101,2040,6,@flyaway6671,Levy so stingy he won't even buy them the latest headset,1,Tottenham Hotspur Women
HEIGHT SCARE 😱 // VR WALK THE PLANK // TOTTENHAM HOTSPUR WOMEN,101,2040,6,@etowngti,"""This is what I do on the streets of London"" 😂",2,Tottenham Hotspur Women
HEIGHT SCARE 😱 // VR WALK THE PLANK // TOTTENHAM HOTSPUR WOMEN,101,2040,6,@857noel,"Brilliant,love this",0,Tottenham Hotspur Women
HEIGHT SCARE 😱 // VR WALK THE PLANK // TOTTENHAM HOTSPUR WOMEN,101,2040,6,@brazilianana,no cause that giant spider scared me as well lmao,1,Tottenham Hotspur Women
HEIGHT SCARE 😱 // VR WALK THE PLANK // TOTTENHAM HOTSPUR WOMEN,101,2040,6,@SalsaSniper,You can damage your ACL with a misstep,1,Tottenham Hotspur Women
What song describes you? // Ella's Question 🎤,384,7395,4,@tedcruzinusa,Yes Molly!,0,Tottenham Hotspur Women
What song describes you? // Ella's Question 🎤,384,7395,4,@testisot6929,Chelsea!,0,Tottenham Hotspur Women
What song describes you? // Ella's Question 🎤,384,7395,4,@lillieamner1782,Happy birthday I watched the game on Sunday I scored in my match today and sunday,2,Tottenham Hotspur Women
What song describes you? // Ella's Question 🎤,384,7395,4,@attgig,Happy birthday 🎉,1,Tottenham Hotspur Women
WSL Highlights: Spurs 1-0 Manchester United,16,616,4,@Chiri-j8x,Funniest admin😅,0,Tottenham Hotspur Women
WSL Highlights: Spurs 1-0 Manchester United,16,616,4,@Matteblak,Title is wrong. Man united 1 - 0 Spurs,1,Tottenham Hotspur Women
WSL Highlights: Spurs 1-0 Manchester United,16,616,4,@thehellyousay,fix your title,2,Tottenham Hotspur Women
Happy to be home 🏡  // Tottenham Hotspur Stadium,120,1267,2,@rosasefton7810,❤,0,Tottenham Hotspur Women
Happy to be home 🏡  // Tottenham Hotspur Stadium,120,1267,2,@daisyrowell4739,"Can you please pin I'm your biggest fan please 
C
O
Y
S",0,Tottenham Hotspur Women
Lenna's question 🎤  // What's your favourite thing about yourself?,278,6565,4,@DexterAndrew-y5c,JACK JAMIE JOHNSON,3,Tottenham Hotspur Women
Lenna's question 🎤  // What's your favourite thing about yourself?,278,6565,4,@lukephillips2521,This was wholesome ❤,2,Tottenham Hotspur Women
Lenna's question 🎤  // What's your favourite thing about yourself?,278,6565,4,@daisyrowell4739,"Can you pin me i love spurs all day every day 
C
O
Y
S",2,Tottenham Hotspur Women
FA CUP HIGHLIGHTS: EVERTON 2-0 SPURS,29,1000,2,@Matteblak,This was a tough match to watch. Was hoping the spurs would pave the way to the final like last year.,0,Tottenham Hotspur Women
FA CUP HIGHLIGHTS: EVERTON 2-0 SPURS,29,1000,2,@AlexJEvans,"Evertons first goal, Nilden is alongside Gago at start of clip and then is 10 yards behind her when she scores. Both their goals down to poor play and defending. Why play a weaker side in the cup?",0,Tottenham Hotspur Women
JOSEFINE RYBRINK'S FIRST SESSION // SPURS WOMEN TRAINING,61,1719,2,@TheRealist2025,When will there be signings for the men's team?,0,Tottenham Hotspur Women
JOSEFINE RYBRINK'S FIRST SESSION // SPURS WOMEN TRAINING,61,1719,2,@TheTiger_TheWolf,"Let's go again and pick up another win,
 COYS 🤍",4,Tottenham Hotspur Women
MATCHDAY MOMENTS ✨ // LAST-MINUTE VICTORY CELEBRATION // TOTTENHAM HOTSPUR WOMEN,48,929,3,@NBP722,COYS!!!,1,Tottenham Hotspur Women
MATCHDAY MOMENTS ✨ // LAST-MINUTE VICTORY CELEBRATION // TOTTENHAM HOTSPUR WOMEN,48,929,3,@archsomniaASMR,A camera not covered in rain!!,0,Tottenham Hotspur Women
MATCHDAY MOMENTS ✨ // LAST-MINUTE VICTORY CELEBRATION // TOTTENHAM HOTSPUR WOMEN,48,929,3,@rekakeresztes1792,Csiki was class 🇭🇺,0,Tottenham Hotspur Women
✨ Under the lights ✨ // Spurs vs Manchester United,69,993,3,@daisyrowell4739,"Pls pin i love youse ao much pls pin 
C
O
Y
S",0,Tottenham Hotspur Women
✨ Under the lights ✨ // Spurs vs Manchester United,69,993,3,@Gaming-sport435,VAMOSSS!!!!!!!!,1,Tottenham Hotspur Women
✨ Under the lights ✨ // Spurs vs Manchester United,69,993,3,@Merrylegz,COME ON YOU SPURS!!,1,Tottenham Hotspur Women
HOLDT STOPPAGE TIME WINNER ON DEBUT 🔥 // HIGHLIGHTS: CRYSTAL PALACE 2-3 SPURS,36,614,2,@Learnwithgrant,might want to get a camera lens cover lol,0,Tottenham Hotspur Women
HOLDT STOPPAGE TIME WINNER ON DEBUT 🔥 // HIGHLIGHTS: CRYSTAL PALACE 2-3 SPURS,36,614,2,@Mickyvandevanforlife,COYS,2,Tottenham Hotspur Women
"The goals against Palace 🔥 // Header, header, free-kick ☄️  // Tottenham Hotspur Women",93,1197,1,@lycanoftheunderworldselene,She has to be in the squad for the Euros,3,Tottenham Hotspur Women
EXCLUSIVE INTERVIEW: NEW SIGNING JOSEFINE RYBRINK 🤍,43,865,2,@bungaIowbill,A permanent deal for 3.5 months?? Surely there's some option to extend it at least,0,Tottenham Hotspur Women
EXCLUSIVE INTERVIEW: NEW SIGNING JOSEFINE RYBRINK 🤍,43,865,2,@Schizomanicman,Er... signed to the end of the 2024/25 season? So... Back up until the end of the season???? HUH!? WHAT!?? Why can't this be done for the men's team!???????,1,Tottenham Hotspur Women
"Signed, sealed and ready to deliver ✍️ // Welcome, Josefine Rybrink 🤍",95,920,1,@naturalcauses6193,"When we said we needed signings, we meant for the men’s team.  I wish her the best, but the men are going to be in the championship next year Daniel!",3,Tottenham Hotspur Women
“That’s the first time I’ve ever seen a blanket made out of my face!” - Bethany England 😁,135,2267,3,@hayleyleadbitter6459,"We love you, Tottenham we do we love you Tottenham we do we love you Tottenham we do oh Tottenham we love you❤❤",0,Tottenham Hotspur Women
“That’s the first time I’ve ever seen a blanket made out of my face!” - Bethany England 😁,135,2267,3,@hayleyleadbitter6459,Tottenham Hotspur women you’re better than Arsenal if you think you’re not you are and that’s me in that short. I love you Tottenham Hotspur.,2,Tottenham Hotspur Women
🎦 A closer look at Kop's debut! 🧤,68,787,1,@rosasefton7810,COYSSSSS! And some brill saves too!!,1,Tottenham Hotspur Women
SPURS START 2025 WITH VICTORY OVER THE FOXES  // WSL HIGHLIGHTS: SPURS 1-0 LEICESTER CITY,25,513,3,@nadaduo1765,Tottenham & Orient have a beautiful relationship ❤💙,0,Tottenham Hotspur Women
SPURS START 2025 WITH VICTORY OVER THE FOXES  // WSL HIGHLIGHTS: SPURS 1-0 LEICESTER CITY,25,513,3,@GazMic100,Doing better than the fella's,0,Tottenham Hotspur Women
SPURS START 2025 WITH VICTORY OVER THE FOXES  // WSL HIGHLIGHTS: SPURS 1-0 LEICESTER CITY,25,513,3,@zacrobinson355,A scrappy win but a win. Well played girls,2,Tottenham Hotspur Women
What's your go to coffee order? ☕ // Matilda Vinberg's question //,118,1956,3,@Rose-o3f5r,It’s Jack from Jamie Jonson,1,Tottenham Hotspur Women
What's your go to coffee order? ☕ // Matilda Vinberg's question //,118,1956,3,@hanneleuotinen4016,"Jes Summanen, juuri näin💪😍",1,Tottenham Hotspur Women
Behind The Scenes: Signing Goalkeeper Lize Kop 🎥 | Tottenham Hotspur Women,35,817,4,@peter6092,Good performance in her first match. Welcome Lize 👍,0,Tottenham Hotspur Women
Behind The Scenes: Signing Goalkeeper Lize Kop 🎥 | Tottenham Hotspur Women,35,817,4,@RespecTheLevYT,Go on then Lize do us proud 🇳🇱🇳🇱🇳🇱,2,Tottenham Hotspur Women
Behind The Scenes: Signing Goalkeeper Lize Kop 🎥 | Tottenham Hotspur Women,35,817,4,@Ohwhenthespurs4,Very confused on our GK positioning. No clear no. 1 is either good or a disaster lol.,0,Tottenham Hotspur Women
Behind The Scenes: Signing Goalkeeper Lize Kop 🎥 | Tottenham Hotspur Women,35,817,4,@redmisery,"Wonderful video for the great Dutch goalie!
Greetings from an Indonesian in California,
-red.",1,Tottenham Hotspur Women
Vlog: Lize Kop’s first time meeting the team 📹 #spurs #football #training,84,901,3,@SergioBello-h4q,Hola lize que linda eres ❤,0,Tottenham Hotspur Women
Vlog: Lize Kop’s first time meeting the team 📹 #spurs #football #training,84,901,3,@RoostersAreVeryCool,COYS,0,Tottenham Hotspur Women
Vlog: Lize Kop’s first time meeting the team 📹 #spurs #football #training,84,901,3,@lycanoftheunderworldselene,Welcome to the family.COYS,0,Tottenham Hotspur Women
KOP'S FIRST TRAINING SESSION // TOTTENHAM HOTSPUR WOMEN,85,1781,2,@uxeeecute,darts is a civilised game,0,Tottenham Hotspur Women
KOP'S FIRST TRAINING SESSION // TOTTENHAM HOTSPUR WOMEN,85,1781,2,@YTeldar,Welcome Lize!! COYS!!,0,Tottenham Hotspur Women
LIZE KOP'S FIRST INTERVIEW // TOTTENHAM HOTSPUR,59,986,1,@lycanoftheunderworldselene,Let's hope Robert rotates the keepers regularly.,1,Tottenham Hotspur Women
Kop'd a good one 🤍 // New Signing Lize Kop,57,641,1,@jonahwaititi,Another keeper? We had Votkiva and didn't use her😅,3,Tottenham Hotspur Women
England and Summanen raising that Ya Ya Ya  #goalscorers #trend,115,4328,2,@hayleyleadbitter6459,"Yes, Beth and Evelina",1,Tottenham Hotspur Women
England and Summanen raising that Ya Ya Ya  #goalscorers #trend,115,4328,2,@OllieL819,Yes Beth,1,Tottenham Hotspur Women
Hayley Raso's question of the day 🤔 // What's your favourite colour? 🩷,901,20534,6,@redmisery,Hayley Raso being her radiant self 🌷🌸🩷,2,Tottenham Hotspur Women
Hayley Raso's question of the day 🤔 // What's your favourite colour? 🩷,901,20534,6,@thegeneral6045,Sage Green can do no wrong,3,Tottenham Hotspur Women
Hayley Raso's question of the day 🤔 // What's your favourite colour? 🩷,901,20534,6,@eightyeight.1048,"Sage Green chick is pretty, though .",0,Tottenham Hotspur Women
Hayley Raso's question of the day 🤔 // What's your favourite colour? 🩷,901,20534,6,@TheKingTicksy,Is that jack Marshall from Jamie Johnson or am I tripping 😂,3,Tottenham Hotspur Women
Hayley Raso's question of the day 🤔 // What's your favourite colour? 🩷,901,20534,6,@MortonCollins-p2p,Jack Marshall said sage green,2,Tottenham Hotspur Women
Training: Olivia Holdt settles into life at Spurs // Tottenham Hotspur Women,64,1829,5,@Taecoconut,COYS!!!! 😊,0,Tottenham Hotspur Women
Training: Olivia Holdt settles into life at Spurs // Tottenham Hotspur Women,64,1829,5,@hackercps,Squad is packed. Hope the staff have this planned right for the rest of the season.,0,Tottenham Hotspur Women
Training: Olivia Holdt settles into life at Spurs // Tottenham Hotspur Women,64,1829,5,@lycanoftheunderworldselene,Who's gonna be her bestie?,0,Tottenham Hotspur Women
Training: Olivia Holdt settles into life at Spurs // Tottenham Hotspur Women,64,1829,5,@jadee._2007.,COME ON YOU SPURS,0,Tottenham Hotspur Women
Training: Olivia Holdt settles into life at Spurs // Tottenham Hotspur Women,64,1829,5,@sassiqueen1200,coys!! ready for sunday,0,Tottenham Hotspur Women
SIGNING DAY VLOG: FOLLOW OLIVIA HOLDT ON HER FIRST DAY AT SPURS 🤳,124,1795,1,@VFMikkel.GRØNMAGI,I love u and Gustav Isaksen❤❤❤,0,Tottenham Hotspur Women
BEHIND THE SCENES: SIGNING FOOTBALLER OLIVIA HOLDT // TOTTENHAM HOTSPUR WOMEN,114,2880,4,@Spinsaweb,Another 3 month virus for Moore ? 😮😂😂,0,Tottenham Hotspur Women
BEHIND THE SCENES: SIGNING FOOTBALLER OLIVIA HOLDT // TOTTENHAM HOTSPUR WOMEN,114,2880,4,@ServingMyJesus,Looks like she already IS a Spurs player.  Cannot wait to see her in action.,1,Tottenham Hotspur Women
BEHIND THE SCENES: SIGNING FOOTBALLER OLIVIA HOLDT // TOTTENHAM HOTSPUR WOMEN,114,2880,4,@lycanoftheunderworldselene,"Hope she doesn't end up a bench warmer,and Robert plays her",3,Tottenham Hotspur Women
BEHIND THE SCENES: SIGNING FOOTBALLER OLIVIA HOLDT // TOTTENHAM HOTSPUR WOMEN,114,2880,4,@itsjesseb,lessgoooooooooooooo,0,Tottenham Hotspur Women
NEW SIGNING OLIVIA HOLDT'S FIRST INTERVIEW // TOTTENHAM HOTSPUR WOMEN,103,1585,10,@emiofnnc,BALLERRRR,0,Tottenham Hotspur Women
NEW SIGNING OLIVIA HOLDT'S FIRST INTERVIEW // TOTTENHAM HOTSPUR WOMEN,103,1585,10,@hamidsoltani2260,BOSS.           🌹,0,Tottenham Hotspur Women
NEW SIGNING OLIVIA HOLDT'S FIRST INTERVIEW // TOTTENHAM HOTSPUR WOMEN,103,1585,10,@macarthurlungan7332,holy molly 😮,0,Tottenham Hotspur Women
NEW SIGNING OLIVIA HOLDT'S FIRST INTERVIEW // TOTTENHAM HOTSPUR WOMEN,103,1585,10,@857noel,Wishing her all the very best,0,Tottenham Hotspur Women
NEW SIGNING OLIVIA HOLDT'S FIRST INTERVIEW // TOTTENHAM HOTSPUR WOMEN,103,1585,10,@josephplaysgames-u2s,at least the fans stand behind the womens team when they are losing instead of booing,0,Tottenham Hotspur Women
NEW SIGNING OLIVIA HOLDT'S FIRST INTERVIEW // TOTTENHAM HOTSPUR WOMEN,103,1585,10,@peter6092,Welcome Olivia. Great team to play for xx,1,Tottenham Hotspur Women
NEW SIGNING OLIVIA HOLDT'S FIRST INTERVIEW // TOTTENHAM HOTSPUR WOMEN,103,1585,10,@lycanoftheunderworldselene,Welcome to the family Olivia.,0,Tottenham Hotspur Women
NEW SIGNING OLIVIA HOLDT'S FIRST INTERVIEW // TOTTENHAM HOTSPUR WOMEN,103,1585,10,@613and802,Excellent signing!,0,Tottenham Hotspur Women
NEW SIGNING OLIVIA HOLDT'S FIRST INTERVIEW // TOTTENHAM HOTSPUR WOMEN,103,1585,10,@Matteblak,Solid pickup from Rosengard!,2,Tottenham Hotspur Women
NEW SIGNING OLIVIA HOLDT'S FIRST INTERVIEW // TOTTENHAM HOTSPUR WOMEN,103,1585,10,@jascunnington,🙌 🙌,1,Tottenham Hotspur Women
"NEW YEAR, NEW SIGNING // OLIVIA HOLDT 🤩 // TOTTENHAM HOTSPUR WOMEN",74,731,1,@danielbaldyy,W 🔥,2,Tottenham Hotspur Women
ULTRA COMPETITIVE WARM-UP GAME 😅 // TOTTENHAM HOTSPUR WOMEN,171,2401,2,@grahammorgan8045,😂COYS love what you are doing !!,3,Tottenham Hotspur Women
POST-CHRISTMAS TRAINING SESSION // TOTTENHAM HOTSPUR WOMEN,73,2817,7,@lycanoftheunderworldselene,Ayanes' back.,1,Tottenham Hotspur Women
POST-CHRISTMAS TRAINING SESSION // TOTTENHAM HOTSPUR WOMEN,73,2817,7,@eric_toomuch,Funny girls!,0,Tottenham Hotspur Women
POST-CHRISTMAS TRAINING SESSION // TOTTENHAM HOTSPUR WOMEN,73,2817,7,@Matteblak,2025 here we go! 🎉,0,Tottenham Hotspur Women
POST-CHRISTMAS TRAINING SESSION // TOTTENHAM HOTSPUR WOMEN,73,2817,7,@613and802,Ella ❤,0,Tottenham Hotspur Women
POST-CHRISTMAS TRAINING SESSION // TOTTENHAM HOTSPUR WOMEN,73,2817,7,@TheTiger_TheWolf,"That's an awesome training session definitely builds up teamwork, COYS 🤍",0,Tottenham Hotspur Women
POST-CHRISTMAS TRAINING SESSION // TOTTENHAM HOTSPUR WOMEN,73,2817,7,@jadee._2007.,maite 🔥🔥🔥🔥,0,Tottenham Hotspur Women
WHAT'S YOUR NEW YEAR'S RESOLUTION? ✨,1191,26920,9,@BenJefferson-m5s,Bethany England’s resolution is fabulous 😍,1,Tottenham Hotspur Women
WHAT'S YOUR NEW YEAR'S RESOLUTION? ✨,1191,26920,9,@user-ph3mo7tl9y,❤❤❤❤❤🌹👑🌹🌹🌹🌹🌹🌹😊😊,1,Tottenham Hotspur Women
WHAT'S YOUR NEW YEAR'S RESOLUTION? ✨,1191,26920,9,@CahillJosh,Seeing Beth in a Spurs shirt just isn’t right,1,Tottenham Hotspur Women
WHAT'S YOUR NEW YEAR'S RESOLUTION? ✨,1191,26920,9,@imthesportygirl2,I was watching u play man city...,3,Tottenham Hotspur Women
WHAT'S YOUR NEW YEAR'S RESOLUTION? ✨,1191,26920,9,@Spurskid12345,Spot the best team in the world come on you spurs,2,Tottenham Hotspur Women
WHAT'S YOUR NEW YEAR'S RESOLUTION? ✨,1191,26920,9,@adebimpeadeniyi4334,Happy New year's,2,Tottenham Hotspur Women
WHAT'S YOUR NEW YEAR'S RESOLUTION? ✨,1191,26920,9,@Tottenham_girl21,These girls ❤❤❤,5,Tottenham Hotspur Women
EVERY GOAL OF 2024 🔥 // TOTTENHAM HOTSPUR WOMEN,29,530,1,@sassiqueen1200,COYS,0,Tottenham Hotspur Women
Most satisfying finishes of 2024 ✨ // Tottenham Hotspur Women #Goals #Football #Spurs,87,1481,1,@Mickyvandevanforlife,🤍💙🤍💙🤍💙🤍💙🤍,0,Tottenham Hotspur Women
ARRIVING BACK AFTER CHRISTMAS 🎄 // TOTTENHAM HOTSPURS WOMEN,180,2021,8,@Taecoconut,Wellllccccooommmeeee bacccckkkk,0,Tottenham Hotspur Women
ARRIVING BACK AFTER CHRISTMAS 🎄 // TOTTENHAM HOTSPURS WOMEN,180,2021,8,@gaming-gingerbreadman,Bit rude arent they?😂,1,Tottenham Hotspur Women
EVERY GOAL OF 2024/25 SO FAR // TOTTENHAM HOTSPUR WOMEN,31,330,1,@emiljarengrim2536,Every time Spurs score an angel gets its wings! 👼,1,Tottenham Hotspur Women
WHO WILL BE SQUID GAME MARBLE CHAMPION? // TOTTENHAM HOTSPUR,73,1216,4,@NBP722,COYS,0,Tottenham Hotspur Women
WHO WILL BE SQUID GAME MARBLE CHAMPION? // TOTTENHAM HOTSPUR,73,1216,4,@JohnnyKnoxville985,She took a better fall than Neymar,1,Tottenham Hotspur Women
WHO WILL BE SQUID GAME MARBLE CHAMPION? // TOTTENHAM HOTSPUR,73,1216,4,@Matteblak,Imagine grace clinton there,0,Tottenham Hotspur Women
WHO WILL BE SQUID GAME MARBLE CHAMPION? // TOTTENHAM HOTSPUR,73,1216,4,@brazilianana,"katelin was so dramatic, i love it hahah",3,Tottenham Hotspur Women
A HISTORIC WIN IN THE WSL // ON THIS DAY IN 2023 // TOTTENHAM HOTSPUR,209,5321,7,@Mickyvandevanforlife,One of the best games I’ve been to,0,Tottenham Hotspur Women
A HISTORIC WIN IN THE WSL // ON THIS DAY IN 2023 // TOTTENHAM HOTSPUR,209,5321,7,@markgoldsworthy7178,Quality of the opposition is terrible,1,Tottenham Hotspur Women
A HISTORIC WIN IN THE WSL // ON THIS DAY IN 2023 // TOTTENHAM HOTSPUR,209,5321,7,@liya9790,One of my favourites COYS 🤍🤍,2,Tottenham Hotspur Women
A HISTORIC WIN IN THE WSL // ON THIS DAY IN 2023 // TOTTENHAM HOTSPUR,209,5321,7,@Dirkus17,"That is a really, really *really* good goal.",7,Tottenham Hotspur Women
A HISTORIC WIN IN THE WSL // ON THIS DAY IN 2023 // TOTTENHAM HOTSPUR,209,5321,7,@danielbriggs6482,Abysmal,1,Tottenham Hotspur Women
A HISTORIC WIN IN THE WSL // ON THIS DAY IN 2023 // TOTTENHAM HOTSPUR,209,5321,7,@aaron-dg9rr,wow,2,Tottenham Hotspur Women
A HISTORIC WIN IN THE WSL // ON THIS DAY IN 2023 // TOTTENHAM HOTSPUR,209,5321,7,@Costello-smith,Great play ended in a great finish. COYS 🤍,5,Tottenham Hotspur Women
Clinical from our captain 🫡,71,1135,2,@hayleyleadbitter6459,"Oh Bethany England, oh Bethany England, well done Beth🫶🫶🫶🫶🫶🫶🫶",0,Tottenham Hotspur Women
Clinical from our captain 🫡,71,1135,2,@Costello-smith,COYS 🤍,0,Tottenham Hotspur Women
"ROCK, PAPER, SCISSORS // TRAINING DRILL // TOTTENHAM HOTSPUR",124,1876,1,@Green-je1jz,Hayley content = Like,0,Tottenham Hotspur Women
GEARING UP FOR BRIGHTON // TRAINING // TOTTENHAM HOTSPUR,71,1737,5,@ShannonCarewBreaux,RASO. ❤,0,Tottenham Hotspur Women
GEARING UP FOR BRIGHTON // TRAINING // TOTTENHAM HOTSPUR,71,1737,5,@eric_toomuch,Yawn!,0,Tottenham Hotspur Women
GEARING UP FOR BRIGHTON // TRAINING // TOTTENHAM HOTSPUR,71,1737,5,@OllieL819,Come On Coys Let’s Beat Brighton I am coming to Crawley town tomorrow come on spurs,0,Tottenham Hotspur Women
GEARING UP FOR BRIGHTON // TRAINING // TOTTENHAM HOTSPUR,71,1737,5,@sassiqueen1200,lenna just chilling 😭,0,Tottenham Hotspur Women
GEARING UP FOR BRIGHTON // TRAINING // TOTTENHAM HOTSPUR,71,1737,5,@TheTiger_TheWolf,"Keep up the awesome training and I can't wait for the next game, COYS 🤍",0,Tottenham Hotspur Women
QUALIFICATION SECURED IN WOMEN'S LEAGUE CUP // HIGHLIGHTS: PALACE 0-2 // TOTTENHAM HOTSPUR,58,876,2,@hackercps,Salty Palace commentary 😂,3,Tottenham Hotspur Women
QUALIFICATION SECURED IN WOMEN'S LEAGUE CUP // HIGHLIGHTS: PALACE 0-2 // TOTTENHAM HOTSPUR,58,876,2,@tottenhamhotspurfp,Picking up good results lately. Lets keep this momentum. Come on you spurs !,2,Tottenham Hotspur Women
As far as debut goals go... 🚀,82,1254,1,@OctaveMirbeau,Lovely finish!,2,Tottenham Hotspur Women
ENGLAND AT THE DOUBLE // HIGHLIGHTS: SPURS 2-1 EVERTON // TOTTENHAM HOTSPUR WOMEN,30,562,5,@LacsiraxAriscal,Still unclear what that pen was called for. Glad we beat our bogey team but felt a dodgy way to do it,1,Tottenham Hotspur Women
PLAYERS REVEAL THIER TOP ARTISTS OF 2024 🎧 // TOTTENHAM HOTSPUR WOMEN,252,4641,1,@attgig,Kids mess up the playlist 😂,2,Tottenham Hotspur Women
INTERNATIONAL SPURS RETURN TO FACE EVERTON // TRAINING // TOTTENHAM HOTSPUR WOMEN,51,1139,1,@TheTiger_TheWolf,"Let's go again on Sunday and do it the Spurs way, COYS 🤍",1,Tottenham Hotspur Women
COFFEE ORDER: CHAI LATTE WITH OAT MILK ☕ // LENNA GUNNING-WILLIAMS,73,1912,3,@imatwgm,Is she the person from Jamie Johnson,1,Tottenham Hotspur Women
COFFEE ORDER: CHAI LATTE WITH OAT MILK ☕ // LENNA GUNNING-WILLIAMS,73,1912,3,@bareflavourreviews4840,🤦‍♂️,2,Tottenham Hotspur Women
HAYLEY RASO JOINS IN WITH FAIR PLAY FOOTBALL PROGRAMME FOR CHILDREN WITH DISABILITIES #IDPWD 🫶,70,1179,6,@jayfilmer2594,"Makes me proud to be an Aussie, good on ya Ras. So glad you chose our club.",2,Tottenham Hotspur Women
HAYLEY RASO JOINS IN WITH FAIR PLAY FOOTBALL PROGRAMME FOR CHILDREN WITH DISABILITIES #IDPWD 🫶,70,1179,6,@jadee._2007.,"What an incredible role model, footballer, and human being",1,Tottenham Hotspur Women
HAYLEY RASO JOINS IN WITH FAIR PLAY FOOTBALL PROGRAMME FOR CHILDREN WITH DISABILITIES #IDPWD 🫶,70,1179,6,@mjbxxv,"Ras, the biggest babe, the biggest heart, the brightest star. So proud. 🇦🇺 🎀 💫 💚💛",4,Tottenham Hotspur Women
HAYLEY RASO JOINS IN WITH FAIR PLAY FOOTBALL PROGRAMME FOR CHILDREN WITH DISABILITIES #IDPWD 🫶,70,1179,6,@Matteblak,Hayley is awesome,4,Tottenham Hotspur Women
GOING HARD IN THE GYM // TRAIN WITH TOTTENHAM HOTSPUR WOMEN,46,1204,5,@NBP722,COYS!!!,1,Tottenham Hotspur Women
GOING HARD IN THE GYM // TRAIN WITH TOTTENHAM HOTSPUR WOMEN,46,1204,5,@eric_toomuch,"All these gym training videos are nice, but try winning some actual games - that would be better!",0,Tottenham Hotspur Women
GOING HARD IN THE GYM // TRAIN WITH TOTTENHAM HOTSPUR WOMEN,46,1204,5,@nynthes,lets go,1,Tottenham Hotspur Women
MEETING EMMA HAYES AT TOTTENHAM HOTSPUR TRAINING GROUND // #USWNT #football #spurs,155,3348,6,@MickeyBlue-eyes,Unit,0,Tottenham Hotspur Women
MEETING EMMA HAYES AT TOTTENHAM HOTSPUR TRAINING GROUND // #USWNT #football #spurs,155,3348,6,@AE27010,Size of that,1,Tottenham Hotspur Women
MEETING EMMA HAYES AT TOTTENHAM HOTSPUR TRAINING GROUND // #USWNT #football #spurs,155,3348,6,@AJfromthePOD_online,COYS TTID,0,Tottenham Hotspur Women
MEETING EMMA HAYES AT TOTTENHAM HOTSPUR TRAINING GROUND // #USWNT #football #spurs,155,3348,6,@johnmacaroni105,She used to be a Spurs season ticket holder.,1,Tottenham Hotspur Women
MEETING EMMA HAYES AT TOTTENHAM HOTSPUR TRAINING GROUND // #USWNT #football #spurs,155,3348,6,@Costello-smith,First,0,Tottenham Hotspur Women
CAN THEY UNDERSTAND EACH OTHER?  🤔 // LANGUAGE BARRIER: LUANA AND ANNA // TOTTENHAM HOTSPUR WOMEN,82,1408,3,@sassiqueen1200,now pls do this with the swedes vs the finns,2,Tottenham Hotspur Women
CAN THEY UNDERSTAND EACH OTHER?  🤔 // LANGUAGE BARRIER: LUANA AND ANNA // TOTTENHAM HOTSPUR WOMEN,82,1408,3,@sassiqueen1200,i loooove this,0,Tottenham Hotspur Women
CAN THEY UNDERSTAND EACH OTHER?  🤔 // LANGUAGE BARRIER: LUANA AND ANNA // TOTTENHAM HOTSPUR WOMEN,82,1408,3,@zo7034,Thank god for the brilliant English language that brings the world together. Truly the greatest language.,2,Tottenham Hotspur Women
MATCHDAY MOMENTS: UNBELIEVABLE GOAL IN WIN OVER ASTON VILLA // TOTTENHAM HOTSPUR WOMEN,41,832,1,@jadee._2007.,COYS,1,Tottenham Hotspur Women
THE PERFECT GOAL // 40-YARD #SCREAMER BY EVELIINA SUMMANEN,158,3779,8,@Thebaron8t1,🤦‍♂️ the goalie was having a nap,0,Tottenham Hotspur Women
THE PERFECT GOAL // 40-YARD #SCREAMER BY EVELIINA SUMMANEN,158,3779,8,@Chief_Brody,Look at those packed stands!,1,Tottenham Hotspur Women
THE PERFECT GOAL // 40-YARD #SCREAMER BY EVELIINA SUMMANEN,158,3779,8,@smudge9188,Great shot,0,Tottenham Hotspur Women
THE PERFECT GOAL // 40-YARD #SCREAMER BY EVELIINA SUMMANEN,158,3779,8,@CarolFranklin-v6w,Fabulous strike,1,Tottenham Hotspur Women
THE PERFECT GOAL // 40-YARD #SCREAMER BY EVELIINA SUMMANEN,158,3779,8,@supakimmo,Cabooooooom🎉,0,Tottenham Hotspur Women
THE PERFECT GOAL // 40-YARD #SCREAMER BY EVELIINA SUMMANEN,158,3779,8,@radar670,Magnificent 😻😻😻,0,Tottenham Hotspur Women
THE PERFECT GOAL // 40-YARD #SCREAMER BY EVELIINA SUMMANEN,158,3779,8,@darkjedi7,Kiss Tooney Please,0,Tottenham Hotspur Women
THE PERFECT GOAL // 40-YARD #SCREAMER BY EVELIINA SUMMANEN,158,3779,8,@underwaterwatermelon45,tottenham first,1,Tottenham Hotspur Women
SUMMANEN'S 40-YARD SCREAMER // HIGHLIGHTS: SPURS 1-0 ASTON VILLA // TOTTENHAM HOTSPUR WOMEN,96,4134,9,@mikeymcmikeface5599,"Hyvä, Eveliina!!!",1,Tottenham Hotspur Women
SUMMANEN'S 40-YARD SCREAMER // HIGHLIGHTS: SPURS 1-0 ASTON VILLA // TOTTENHAM HOTSPUR WOMEN,96,4134,9,@tigertony2716,Great Finnish,2,Tottenham Hotspur Women
SUMMANEN'S 40-YARD SCREAMER // HIGHLIGHTS: SPURS 1-0 ASTON VILLA // TOTTENHAM HOTSPUR WOMEN,96,4134,9,@patrickforde7684,Lots and Lots and Lots of empty seats . Again ..... Women's game definitely gaining popularity  .,0,Tottenham Hotspur Women
SUMMANEN'S 40-YARD SCREAMER // HIGHLIGHTS: SPURS 1-0 ASTON VILLA // TOTTENHAM HOTSPUR WOMEN,96,4134,9,@peejayq,Wow 🤩 what a hoalt,0,Tottenham Hotspur Women
SUMMANEN'S 40-YARD SCREAMER // HIGHLIGHTS: SPURS 1-0 ASTON VILLA // TOTTENHAM HOTSPUR WOMEN,96,4134,9,@Matteblak,Fantastic shot!!!,4,Tottenham Hotspur Women
SUMMANEN'S 40-YARD SCREAMER // HIGHLIGHTS: SPURS 1-0 ASTON VILLA // TOTTENHAM HOTSPUR WOMEN,96,4134,9,@Schizomanicman,"What a goal! Gascoigne-esque! Might as well give that goal of the season now, nothing will top that!",1,Tottenham Hotspur Women
SUMMANEN'S 40-YARD SCREAMER // HIGHLIGHTS: SPURS 1-0 ASTON VILLA // TOTTENHAM HOTSPUR WOMEN,96,4134,9,@TheTiger_TheWolf,That is the goal of November right there 🤍,9,Tottenham Hotspur Women
ICY TRAINING CONDITIONS AHEAD OF LEAGUE CUP VS VILLA // TOTTENHAM HOTSPUR WOMEN,71,2321,2,@ShannonCarewBreaux,Hayley!! ❤ 🎀,0,Tottenham Hotspur Women
ICY TRAINING CONDITIONS AHEAD OF LEAGUE CUP VS VILLA // TOTTENHAM HOTSPUR WOMEN,71,2321,2,@abdulmalikkoiki,"It's nice to see 👀 Spurs supporting their women's team with all the facilities. It has come a long way and long, may it be!",1,Tottenham Hotspur Women
REACTING TO THE COLD #WINTER // TOTTENHAM HOTSPUR WOMEN,316,3958,3,@riittarankinen4749,"We have a saying: Finnish summer is short, but only little bit of snow.",5,Tottenham Hotspur Women
REACTING TO THE COLD #WINTER // TOTTENHAM HOTSPUR WOMEN,316,3958,3,@timothytimotez8865,It's NOT😂😂,4,Tottenham Hotspur Women
REACTING TO THE COLD #WINTER // TOTTENHAM HOTSPUR WOMEN,316,3958,3,@riittarankinen4749,A bit like summer in Finland,6,Tottenham Hotspur Women
RASO MAKES BEELINE FOR FANS WITH RIBBONS 🤍🎀 #womensfooball #HayleyRaso #Matildas,124,1501,1,@darkjedi7,Raso Legend 🔥,1,Tottenham Hotspur Women
TRAINING: NORTH LONDON DERBY PREP // TOTTENHAM HOTSPUR WOMEN,93,2865,5,@sainttongpha3980,Finally 0:3....,2,Tottenham Hotspur Women
TRAINING: NORTH LONDON DERBY PREP // TOTTENHAM HOTSPUR WOMEN,93,2865,5,@TranCeFORM3R,"Let’s do it ladies, bring it home keep it home.",0,Tottenham Hotspur Women
TRAINING: NORTH LONDON DERBY PREP // TOTTENHAM HOTSPUR WOMEN,93,2865,5,@hackercps,Just my imagination or does Clare train exceptionally well?,0,Tottenham Hotspur Women
TRAINING: NORTH LONDON DERBY PREP // TOTTENHAM HOTSPUR WOMEN,93,2865,5,@TheTiger_TheWolf,"Let's go tomorrow ladies, another win and 3 points at the Tottenham Hotspur Stadium, COYS 🤍",0,Tottenham Hotspur Women
TRAINING: NORTH LONDON DERBY PREP // TOTTENHAM HOTSPUR WOMEN,93,2865,5,@FromBeautycameaSpear,"""Oh, how i want to be in that number when the SPURS go matching in"" ❤❤",1,Tottenham Hotspur Women
"THE BEST THING ABOUT DERBY GAMES // WINNING, ATMOSPHERE, ENERGY, BATTLES // TOTTENHAM HOTSPUR WOMEN",207,4375,11,@OllieL819,Raso Raso Raso Oi Oi,0,Tottenham Hotspur Women
"THE BEST THING ABOUT DERBY GAMES // WINNING, ATMOSPHERE, ENERGY, BATTLES // TOTTENHAM HOTSPUR WOMEN",207,4375,11,@chardonnaylouisewhite7253,❤,0,Tottenham Hotspur Women
"THE BEST THING ABOUT DERBY GAMES // WINNING, ATMOSPHERE, ENERGY, BATTLES // TOTTENHAM HOTSPUR WOMEN",207,4375,11,@kyleesims3847,Spurs aren't winning there  crying,1,Tottenham Hotspur Women
"THE BEST THING ABOUT DERBY GAMES // WINNING, ATMOSPHERE, ENERGY, BATTLES // TOTTENHAM HOTSPUR WOMEN",207,4375,11,@kyleesims3847,Boo spurs,0,Tottenham Hotspur Women
"THE BEST THING ABOUT DERBY GAMES // WINNING, ATMOSPHERE, ENERGY, BATTLES // TOTTENHAM HOTSPUR WOMEN",207,4375,11,@Arsenal_LionessEditz,North london is red ❤,1,Tottenham Hotspur Women
"THE BEST THING ABOUT DERBY GAMES // WINNING, ATMOSPHERE, ENERGY, BATTLES // TOTTENHAM HOTSPUR WOMEN",207,4375,11,@mizanmohammad1331,Hala madrid,0,Tottenham Hotspur Women
"THE BEST THING ABOUT DERBY GAMES // WINNING, ATMOSPHERE, ENERGY, BATTLES // TOTTENHAM HOTSPUR WOMEN",207,4375,11,@AFACLAN,Arsenal on top,1,Tottenham Hotspur Women
"THE BEST THING ABOUT DERBY GAMES // WINNING, ATMOSPHERE, ENERGY, BATTLES // TOTTENHAM HOTSPUR WOMEN",207,4375,11,@honestchilufya6274,The pose 28 at the end 😭❤️,3,Tottenham Hotspur Women
"THE BEST THING ABOUT DERBY GAMES // WINNING, ATMOSPHERE, ENERGY, BATTLES // TOTTENHAM HOTSPUR WOMEN",207,4375,11,@FromBeautycameaSpear,"""Atmosphere"" ❤❤❤",1,Tottenham Hotspur Women
"THE BEST THING ABOUT DERBY GAMES // WINNING, ATMOSPHERE, ENERGY, BATTLES // TOTTENHAM HOTSPUR WOMEN",207,4375,11,@NinoDinella,"Women Tottenham is very strong, good luck on you're next games spurs!😊",2,Tottenham Hotspur Women
"THE BEST THING ABOUT DERBY GAMES // WINNING, ATMOSPHERE, ENERGY, BATTLES // TOTTENHAM HOTSPUR WOMEN",207,4375,11,@wendymckenzie2141,Well your not gonna win,3,Tottenham Hotspur Women
BTS: RASO & HUNT'S FIRST STADIUM VISIT // TOTTENHAM HOTSPUR WOMEN,79,2241,5,@TranCeFORM3R,"Raso is a treasure, I hope she sticks around with Tottenham for a while.",0,Tottenham Hotspur Women
BTS: RASO & HUNT'S FIRST STADIUM VISIT // TOTTENHAM HOTSPUR WOMEN,79,2241,5,@Schizomanicman,"Tottenham fans and loud, are not two things that go together very often!",0,Tottenham Hotspur Women
BTS: RASO & HUNT'S FIRST STADIUM VISIT // TOTTENHAM HOTSPUR WOMEN,79,2241,5,@tottenhamhotspurfp,"Looking forward to the NLD, all the best ladies. COYS 🤍",0,Tottenham Hotspur Women
BTS: RASO & HUNT'S FIRST STADIUM VISIT // TOTTENHAM HOTSPUR WOMEN,79,2241,5,@OllieL819,The New girls need experience,2,Tottenham Hotspur Women
BTS: RASO & HUNT'S FIRST STADIUM VISIT // TOTTENHAM HOTSPUR WOMEN,79,2241,5,@liya9790,COYS 🤍,1,Tottenham Hotspur Women
WE ARE #COYS 🤍 // ARRIVAL FASHION // TOTTENHAM HOTSPUR WOMEN,109,1666,1,@samueldjc24,Love this 🤍🤍 COYS,1,Tottenham Hotspur Women
BTS OF OUR 2024/25 SQUAD PHOTO // TOTTENHAM HOTSPUR WOMEN,76,1957,3,@lloydy68,I might be wrong here ...... but have any of the Spurs women actually congratulated the men's team for winning the Europa league? It's strange 🤔,0,Tottenham Hotspur Women
BTS OF OUR 2024/25 SQUAD PHOTO // TOTTENHAM HOTSPUR WOMEN,76,1957,3,@millyhardy3054,Raso❤,0,Tottenham Hotspur Women
BTS OF OUR 2024/25 SQUAD PHOTO // TOTTENHAM HOTSPUR WOMEN,76,1957,3,@OllieL819,Kit is Back Yes,1,Tottenham Hotspur Women
FOOTBALLERS SINGING A CAPPELLA // BRUNO MARS SING-A-LONG // TOTTENHAM HOTSPUR WOMEN,138,2474,3,@christieagnesiaong9403,Rasssssooo,1,Tottenham Hotspur Women
FOOTBALLERS SINGING A CAPPELLA // BRUNO MARS SING-A-LONG // TOTTENHAM HOTSPUR WOMEN,138,2474,3,@spurseditss,tilly sat there has me dying😭 i love her,2,Tottenham Hotspur Women
FOOTBALLERS SINGING A CAPPELLA // BRUNO MARS SING-A-LONG // TOTTENHAM HOTSPUR WOMEN,138,2474,3,@darkjedi7,Maite Oroz ❤,3,Tottenham Hotspur Women
BECKY SPENCER ON SIGNING NEW CONTRACT WITH SPURS #WSL #FOOTBALL #KEEPER,70,1174,2,@Tottenham_girl21,Love you becks❤❤,3,Tottenham Hotspur Women
SOME RIVALRIES HIT DIFFERENT 👊 // NORTH LONDON DERBY - TICKETS AVAILABLE 🎟️,91,894,2,@indianastones6032,"Come on girls, ya got this!!",1,Tottenham Hotspur Women
SOME RIVALRIES HIT DIFFERENT 👊 // NORTH LONDON DERBY - TICKETS AVAILABLE 🎟️,91,894,2,@FromBeautycameaSpear,Can't wait ❤❤❤,1,Tottenham Hotspur Women
LONDON DERBY WIN // HIGHLIGHTS: SPURS 2-1 WEST HAM // TOTTENHAM HOTSPUR WOMEN,38,1492,7,@hgcvhu-tw1rp,Well done girls. COYS🎉🎉🎉🎉,0,Tottenham Hotspur Women
LONDON DERBY WIN // HIGHLIGHTS: SPURS 2-1 WEST HAM // TOTTENHAM HOTSPUR WOMEN,38,1492,7,@eric_toomuch,More middle of the table nonsense!,0,Tottenham Hotspur Women
LONDON DERBY WIN // HIGHLIGHTS: SPURS 2-1 WEST HAM // TOTTENHAM HOTSPUR WOMEN,38,1492,7,@jamestierney4596,Great win that referee was horrendous,0,Tottenham Hotspur Women
LONDON DERBY WIN // HIGHLIGHTS: SPURS 2-1 WEST HAM // TOTTENHAM HOTSPUR WOMEN,38,1492,7,@NBP722,COYS!!!! Let's go!!,0,Tottenham Hotspur Women
LONDON DERBY WIN // HIGHLIGHTS: SPURS 2-1 WEST HAM // TOTTENHAM HOTSPUR WOMEN,38,1492,7,@jocee569,Great win!,0,Tottenham Hotspur Women
GOT EEEMMMM 🎃 #HALLOWEEN #SCARE,195,2907,3,@AlexJEvans,Kit ?,1,Tottenham Hotspur Women
GOT EEEMMMM 🎃 #HALLOWEEN #SCARE,195,2907,3,@AshPadmaraj,Who is under the mask?,0,Tottenham Hotspur Women
GOT EEEMMMM 🎃 #HALLOWEEN #SCARE,195,2907,3,@Costello-smith,“ You look pretty.” 😂😂,1,Tottenham Hotspur Women
THE BEST HALLOWEEN SCARE FROM LAST SEASON... SORRY BOSS 😅 // TOTTENHAM HOTSPUR WOMEN,73,970,3,@Matteblak,Omg poor Robert 😂,0,Tottenham Hotspur Women
THE BEST HALLOWEEN SCARE FROM LAST SEASON... SORRY BOSS 😅 // TOTTENHAM HOTSPUR WOMEN,73,970,3,@kjasalewjathan,😂😂😂😂😂😂,0,Tottenham Hotspur Women
THE BEST HALLOWEEN SCARE FROM LAST SEASON... SORRY BOSS 😅 // TOTTENHAM HOTSPUR WOMEN,73,970,3,@lycanoftheunderworldselene,Has to be Molly,0,Tottenham Hotspur Women
PLAYERS RETURN FROM INTERNATIONAL DUTY // TOTTENHAM HOTSPUR WOMEN,56,1702,2,@zivadavid4680,Did Hayley say g’day?? So cute 😭😂,0,Tottenham Hotspur Women
PLAYERS RETURN FROM INTERNATIONAL DUTY // TOTTENHAM HOTSPUR WOMEN,56,1702,2,@jonahwaititi,Can anyone explain why raso and oroz aren't playing?,0,Tottenham Hotspur Women
WHAT'S IN THE BOX: HALLOWEEN EDITION 🎃 // TOTTENHAM HOTSPUR WOMEN,105,2628,4,@emiljarengrim2536,I have a feeling that Anna is beginning to have second thoughts about signing for Spurs!!😂,2,Tottenham Hotspur Women
WHAT'S IN THE BOX: HALLOWEEN EDITION 🎃 // TOTTENHAM HOTSPUR WOMEN,105,2628,4,@OllieL819,You guys are so funny and cute ❤😂,1,Tottenham Hotspur Women
WHAT'S IN THE BOX: HALLOWEEN EDITION 🎃 // TOTTENHAM HOTSPUR WOMEN,105,2628,4,@etowngti,This is too much 😂😂😂 love it!,2,Tottenham Hotspur Women
WHAT'S IN THE BOX: HALLOWEEN EDITION 🎃 // TOTTENHAM HOTSPUR WOMEN,105,2628,4,@brazilianana,"""ohh.. that's a feet!"" too good hahah",5,Tottenham Hotspur Women
WANG AND RASO RETURN TO THE TRAINING PITCH // TOTTENHAM HOTSPUR WOMEN,56,1231,4,@Matteblak,They're injured?,0,Tottenham Hotspur Women
WANG AND RASO RETURN TO THE TRAINING PITCH // TOTTENHAM HOTSPUR WOMEN,56,1231,4,@jascunnington,COYS let’s go Raso!!!,0,Tottenham Hotspur Women
WANG AND RASO RETURN TO THE TRAINING PITCH // TOTTENHAM HOTSPUR WOMEN,56,1231,4,@timothyhills3194,❤for the spurs woman 🫵💪👍⚽️⚽️⚽️,0,Tottenham Hotspur Women
WANG AND RASO RETURN TO THE TRAINING PITCH // TOTTENHAM HOTSPUR WOMEN,56,1231,4,@NBP722,COYS!!!!,0,Tottenham Hotspur Women
SHUANG WANG BACK IN TRAINING 🤩 // TOTTENHAM HOTSPUR WOMEN,357,11400,3,@CristianoRonaldo-o2i8d,Welcome back,2,Tottenham Hotspur Women
SHUANG WANG BACK IN TRAINING 🤩 // TOTTENHAM HOTSPUR WOMEN,357,11400,3,@Tottenham_girl21,Welcome backkkkkk❤❤,2,Tottenham Hotspur Women
SHUANG WANG BACK IN TRAINING 🤩 // TOTTENHAM HOTSPUR WOMEN,357,11400,3,@darkjedi7,Maite who?,3,Tottenham Hotspur Women
EVELIINA SUMMANEN'S FREE-KICK 🌟 // TOTTENHAM HOTSPUR WOMEN,91,2394,3,@Mickyvandevanforlife,She has scored some bangers this season,1,Tottenham Hotspur Women
EVELIINA SUMMANEN'S FREE-KICK 🌟 // TOTTENHAM HOTSPUR WOMEN,91,2394,3,@AdamSu-lt7wy,Women😂,0,Tottenham Hotspur Women
AMANDA NILDEN SHOOTS FROM DISTANCE // TOTTENHAM HOTSPUR WOMEN,71,1343,1,@mrRice59,Worst goalkeeper ever,2,Tottenham Hotspur Women
HIGHLIGHTS: CHELSEA 5-2 SPURS // WOMEN'S SUPER LEAGUE // TOTTENHAM HOTSPUR WOMEN,15,713,4,@Stand663,"Spurs need to spend money on the Womens football team, if you want to win the WSL, cups  and play in the Champions league etc etc.",2,Tottenham Hotspur Women
HIGHLIGHTS: CHELSEA 5-2 SPURS // WOMEN'S SUPER LEAGUE // TOTTENHAM HOTSPUR WOMEN,15,713,4,@darkjedi7,Maite Oroz is injured (soft tissue) and will miss several matches,0,Tottenham Hotspur Women
THAT'S DEFINITELY A FOUL 🟨 // TOTTENHAM HOTSPUR WOMEN,202,10769,4,@OllieL819,Can you leave ash Alone,1,Tottenham Hotspur Women
THAT'S DEFINITELY A FOUL 🟨 // TOTTENHAM HOTSPUR WOMEN,202,10769,4,@timothytimotez8865,Warm hug at the end ❤😊,1,Tottenham Hotspur Women
THAT'S DEFINITELY A FOUL 🟨 // TOTTENHAM HOTSPUR WOMEN,202,10769,4,@Lucid04739,Scouse trim,1,Tottenham Hotspur Women
THAT'S DEFINITELY A FOUL 🟨 // TOTTENHAM HOTSPUR WOMEN,202,10769,4,@DeanRussell-s2r,Up the spurs,1,Tottenham Hotspur Women
MULTI-SPORT TRAINING SESSION // PREPARING FOR CHELSEA // TOTTENHAM HOTSPUR WOMEN,71,1959,2,@Matteblak,"Spurs and Aston Villa were my two big picks this season. So far, the Spurs women's players have been absolutely crushing it!!!",1,Tottenham Hotspur Women
MULTI-SPORT TRAINING SESSION // PREPARING FOR CHELSEA // TOTTENHAM HOTSPUR WOMEN,71,1959,2,@TheTiger_TheWolf,Let's go give chelsa everything that we have C0YS 🤍,1,Tottenham Hotspur Women
GOALKEEPER BECKY SPENCER SAVES // TOTTENHAM HOTSPUR WOMEN,112,2187,1,@janerose2505,what a save ❤,1,Tottenham Hotspur Women
HIGHLIGHTS: MAN UTD 3-0 SPURS // TOTTENHAM HOTSPUR WOMEN,25,1400,1,@darkjedi7,Just stop it,0,Tottenham Hotspur Women
ARRIVED IN MANCHESTER! // COYS // MAN UTD VS SPURS,122,1919,2,@Tottenham_girl21,Unlucky today girls ❤❤❤,3,Tottenham Hotspur Women
ARRIVED IN MANCHESTER! // COYS // MAN UTD VS SPURS,122,1919,2,@darkjedi7,Hope that Maite will perform better,2,Tottenham Hotspur Women
"""I LOVE HOW CARING THE TEAM IS"" // FAVOURITE THINGS ABOUT THE SQUAD // TOTTENHAM HOTSPUR WOMEN",600,12093,9,@Green-je1jz,Yeeah!! Raso content❤❤❤,0,Tottenham Hotspur Women
"""I LOVE HOW CARING THE TEAM IS"" // FAVOURITE THINGS ABOUT THE SQUAD // TOTTENHAM HOTSPUR WOMEN",600,12093,9,@ReaganLowe-q8g,❤❤❤❤❤❤❤,1,Tottenham Hotspur Women
"""I LOVE HOW CARING THE TEAM IS"" // FAVOURITE THINGS ABOUT THE SQUAD // TOTTENHAM HOTSPUR WOMEN",600,12093,9,@darkjedi7,No Maite?,1,Tottenham Hotspur Women
"""I LOVE HOW CARING THE TEAM IS"" // FAVOURITE THINGS ABOUT THE SQUAD // TOTTENHAM HOTSPUR WOMEN",600,12093,9,@TheChosenOne42513,I love the bond they share together we are proud of Tottenham 🤍🤍,2,Tottenham Hotspur Women
"""I LOVE HOW CARING THE TEAM IS"" // FAVOURITE THINGS ABOUT THE SQUAD // TOTTENHAM HOTSPUR WOMEN",600,12093,9,@TheChosenOne42513,I love the friendship and relationship between Tottenham women soccer 🤍🤍,1,Tottenham Hotspur Women
"""I LOVE HOW CARING THE TEAM IS"" // FAVOURITE THINGS ABOUT THE SQUAD // TOTTENHAM HOTSPUR WOMEN",600,12093,9,@Tottenham_girl21,Love this squad ❤❤❤❤❤❤,3,Tottenham Hotspur Women
"""I LOVE HOW CARING THE TEAM IS"" // FAVOURITE THINGS ABOUT THE SQUAD // TOTTENHAM HOTSPUR WOMEN",600,12093,9,@GINGERBREADBOY24,Sorry I’m a gunner 😅,5,Tottenham Hotspur Women
"""HALF-TIME HAIRDRESSER, HALF-TIME FOOTBALLER"" - OLGA AHTINEN // TOTTENHAM HOTSPUR WOMEN",725,13224,9,@Yourdailyleaf,I love thesponsor😂,0,Tottenham Hotspur Women
"""HALF-TIME HAIRDRESSER, HALF-TIME FOOTBALLER"" - OLGA AHTINEN // TOTTENHAM HOTSPUR WOMEN",725,13224,9,@FrankoRalic,Arsenal ❤,0,Tottenham Hotspur Women
"""HALF-TIME HAIRDRESSER, HALF-TIME FOOTBALLER"" - OLGA AHTINEN // TOTTENHAM HOTSPUR WOMEN",725,13224,9,@FrankoRalic,Arsenal❤,0,Tottenham Hotspur Women
"""HALF-TIME HAIRDRESSER, HALF-TIME FOOTBALLER"" - OLGA AHTINEN // TOTTENHAM HOTSPUR WOMEN",725,13224,9,@Simpson124,Is that jack marshall ❤,6,Tottenham Hotspur Women
"""HALF-TIME HAIRDRESSER, HALF-TIME FOOTBALLER"" - OLGA AHTINEN // TOTTENHAM HOTSPUR WOMEN",725,13224,9,@Tottenham_girl21,“I’m NoT bUiLt FoR tHiS”-hayley rasso,3,Tottenham Hotspur Women
"""HALF-TIME HAIRDRESSER, HALF-TIME FOOTBALLER"" - OLGA AHTINEN // TOTTENHAM HOTSPUR WOMEN",725,13224,9,@pingusneeze5872,Id die to meet you girls,1,Tottenham Hotspur Women
"""HALF-TIME HAIRDRESSER, HALF-TIME FOOTBALLER"" - OLGA AHTINEN // TOTTENHAM HOTSPUR WOMEN",725,13224,9,@timothytimotez8865,"Beautiful 😊and multi talented❤ 
I wish I get my self a blonde wife 😊",2,Tottenham Hotspur Women
"""HALF-TIME HAIRDRESSER, HALF-TIME FOOTBALLER"" - OLGA AHTINEN // TOTTENHAM HOTSPUR WOMEN",725,13224,9,@hackercps,Our squad is so shiny 😂 🫶,7,Tottenham Hotspur Women
WET WEATHER TRAINING 🌧️ // GETTING READY FOR MAN UTD // TOTTENHAM HOTSPUR WOMEN,70,2194,3,@Matteblak,They're off to a great start this season!,0,Tottenham Hotspur Women
WET WEATHER TRAINING 🌧️ // GETTING READY FOR MAN UTD // TOTTENHAM HOTSPUR WOMEN,70,2194,3,@jocee569,Such great insight.  COYS.,2,Tottenham Hotspur Women
WET WEATHER TRAINING 🌧️ // GETTING READY FOR MAN UTD // TOTTENHAM HOTSPUR WOMEN,70,2194,3,@VeinteFutbol2,Love longer training videos like this,5,Tottenham Hotspur Women
WSL HIGHLIGHTS: SPURS 2-3 LIVERPOOL // NARROW DEFEAT IN 5-GOAL GAME // TOTTENHAM HOTSPUR WOMEN,14,383,2,@Tottenham_girl21,Never a pen but we go again onto the next one COYS❤️❤️,0,Tottenham Hotspur Women
WSL HIGHLIGHTS: SPURS 2-3 LIVERPOOL // NARROW DEFEAT IN 5-GOAL GAME // TOTTENHAM HOTSPUR WOMEN,14,383,2,@Cheddarhead7,"Never a pen or a freekick, unlucky this time",0,Tottenham Hotspur Women
PREPARING FOR LIVERPOOL // TRAINING // TOTTENHAM HOTSPUR WOMEN,58,1367,3,@NBP722,COYS!!!,0,Tottenham Hotspur Women
PREPARING FOR LIVERPOOL // TRAINING // TOTTENHAM HOTSPUR WOMEN,58,1367,3,@darkjedi7,Maite Oroz need to improve,0,Tottenham Hotspur Women
PREPARING FOR LIVERPOOL // TRAINING // TOTTENHAM HOTSPUR WOMEN,58,1367,3,@jascunnington,Let’s go!!!!,0,Tottenham Hotspur Women
HER TEAMMATES' REACTION WHEN SHE SCORED 🤗 // LUANA BUHLER'S FIRST GOAL FOR TOTTENHAM HOTSPUR WOMEN,126,2702,2,@nigelponder8121,Please pay us the same. Oh,0,Tottenham Hotspur Women
HER TEAMMATES' REACTION WHEN SHE SCORED 🤗 // LUANA BUHLER'S FIRST GOAL FOR TOTTENHAM HOTSPUR WOMEN,126,2702,2,@KevinBroadbent,Wow look at all them fans going wild 😂,2,Tottenham Hotspur Women
BUHLER AND NAZ GOALS IN LEAGUE CUP VICTORY // HIGHLIGHTS: CHARLTON 1-2 SPURS,54,1082,1,@ServingMyJesus,"I saw so much quality in the Spurs' play in the first half.  However, the second half was very much an equal contest.  The great thing is the team fought to the end.",0,Tottenham Hotspur Women
"WHEN ADMIN RECORDS ON DOUBLE SPEED 🏃‍♀️ // MORNING, TEAM 👋",159,1701,2,@Matildas_fan07,"The Aussie girls all coming in at the same time is cute, good luck tomorrow girls ❤❤",3,Tottenham Hotspur Women
"WHEN ADMIN RECORDS ON DOUBLE SPEED 🏃‍♀️ // MORNING, TEAM 👋",159,1701,2,@Tottenham_girl21,Ready for tomorrow girls❤❤,0,Tottenham Hotspur Women
MATCHDAY MOMENTS: VILLA PARK // SPURS SECURE LATE POINT AGAINST ASTON VILLA,38,694,3,@sassiqueen1200,"oh my god, i love this team a lot <3",3,Tottenham Hotspur Women
MATCHDAY MOMENTS: VILLA PARK // SPURS SECURE LATE POINT AGAINST ASTON VILLA,38,694,3,@brazilianana,so much resilience in order to keep fighting for that point 🤍,2,Tottenham Hotspur Women
LATE ENGLAND EQUALISER LEVELS SCORE AT VILLA PARK // WSL HIGHLIGHTS: ASTON VILLA 2-2 SPURS,47,865,4,@ThomasBodlos,Jawohl Aston Villa 😊👍⚽️,0,Tottenham Hotspur Women
LATE ENGLAND EQUALISER LEVELS SCORE AT VILLA PARK // WSL HIGHLIGHTS: ASTON VILLA 2-2 SPURS,47,865,4,@jonahwaititi,"Oroz couldn't handle the midfield battle, but I'm sure she is gonna improve. Over that, too many passing errors. Let's improve! COYS!",2,Tottenham Hotspur Women
AUTUMN TRAINING PRE-VILLA // TOTTENHAM HOTSPUR WOMEN,75,1562,3,@NBP722,COYS!!!!,0,Tottenham Hotspur Women
AUTUMN TRAINING PRE-VILLA // TOTTENHAM HOTSPUR WOMEN,75,1562,3,@BethanyScott-pi6rz,I love the women's football team I hope there win aston villa on Sunday ❤❤,3,Tottenham Hotspur Women
AUTUMN TRAINING PRE-VILLA // TOTTENHAM HOTSPUR WOMEN,75,1562,3,@TheTiger_TheWolf,Great start to the WSL and we go again on Sunday and picking up Max points C0YS 🤍,0,Tottenham Hotspur Women
PLAYERS ASKED: FAVOURITE MOVIE LINES 🎬🎥 // TOTTENHAM HOTSPUR WOMEN,465,12334,6,@spursforever92,❤,0,Tottenham Hotspur Women
PLAYERS ASKED: FAVOURITE MOVIE LINES 🎬🎥 // TOTTENHAM HOTSPUR WOMEN,465,12334,6,@AllTimeXI-710,"""Pivot"" 😂😂",1,Tottenham Hotspur Women
PLAYERS ASKED: FAVOURITE MOVIE LINES 🎬🎥 // TOTTENHAM HOTSPUR WOMEN,465,12334,6,@lukephillips2521,Oh we don't get to here Celine's answers to these questions anymore :(,8,Tottenham Hotspur Women
PLAYERS ASKED: FAVOURITE MOVIE LINES 🎬🎥 // TOTTENHAM HOTSPUR WOMEN,465,12334,6,@SamBettison,Why so serious 😈😈😈,3,Tottenham Hotspur Women
PLAYERS ASKED: FAVOURITE MOVIE LINES 🎬🎥 // TOTTENHAM HOTSPUR WOMEN,465,12334,6,@honestchilufya6274,Notting hill and the dark knight ❤️,3,Tottenham Hotspur Women
RASO CAM 🎥 // HIGHLIGHTS FROM HAYLEY RASO'S SPURS DEBUT // TOTTENHAM HOTSPUR WOMEN,112,2707,17,@learnimplementshare3431,My fave female footballer,0,Tottenham Hotspur Women
RASO CAM 🎥 // HIGHLIGHTS FROM HAYLEY RASO'S SPURS DEBUT // TOTTENHAM HOTSPUR WOMEN,112,2707,17,@alvarolozano711,raso watch one t-shirt like Barcelona and play on fire.,1,Tottenham Hotspur Women
RASO CAM 🎥 // HIGHLIGHTS FROM HAYLEY RASO'S SPURS DEBUT // TOTTENHAM HOTSPUR WOMEN,112,2707,17,@jadee._2007.,"RASO RASO RASO
OI OI OI",1,Tottenham Hotspur Women
RASO CAM 🎥 // HIGHLIGHTS FROM HAYLEY RASO'S SPURS DEBUT // TOTTENHAM HOTSPUR WOMEN,112,2707,17,@JasonPhippsProducer,"Great talent, electric - she will surely impress this season",5,Tottenham Hotspur Women
RASO CAM 🎥 // HIGHLIGHTS FROM HAYLEY RASO'S SPURS DEBUT // TOTTENHAM HOTSPUR WOMEN,112,2707,17,@superyid2010,Baller!,1,Tottenham Hotspur Women
RASO CAM 🎥 // HIGHLIGHTS FROM HAYLEY RASO'S SPURS DEBUT // TOTTENHAM HOTSPUR WOMEN,112,2707,17,@williamvorstelman2151,Haley is a tough pocket rocket!,4,Tottenham Hotspur Women
RASO CAM 🎥 // HIGHLIGHTS FROM HAYLEY RASO'S SPURS DEBUT // TOTTENHAM HOTSPUR WOMEN,112,2707,17,@franciscoarzaga4384,Who is she,0,Tottenham Hotspur Women
RASO CAM 🎥 // HIGHLIGHTS FROM HAYLEY RASO'S SPURS DEBUT // TOTTENHAM HOTSPUR WOMEN,112,2707,17,@djgreeny1,Very Impressive. Work loaD AND SKILL,5,Tottenham Hotspur Women
RASO CAM 🎥 // HIGHLIGHTS FROM HAYLEY RASO'S SPURS DEBUT // TOTTENHAM HOTSPUR WOMEN,112,2707,17,@highlandersteve9953,"The urge to say ""we're winning the lot"" after one big win against a promoted side. Almost irresistible. But WOW our new signings have impressed. They could really be the difference makers this season.",12,Tottenham Hotspur Women
RASO CAM 🎥 // HIGHLIGHTS FROM HAYLEY RASO'S SPURS DEBUT // TOTTENHAM HOTSPUR WOMEN,112,2707,17,@ServingMyJesus,"The BBC pundits seem to be wrong about us lacking depth.  Hayley Raso seems to be able to attack and support our defenders.  Admittedly, this is only game one of the season.  But I  hope that all our players continue in the way that they have started.  COYS!",5,Tottenham Hotspur Women
RASO CAM 🎥 // HIGHLIGHTS FROM HAYLEY RASO'S SPURS DEBUT // TOTTENHAM HOTSPUR WOMEN,112,2707,17,@darkjedi7,"She's play very differently than during with Real Madrid...
She looks very free and spacious here, whereas in Madrid opponents cut her dribbling line right away",7,Tottenham Hotspur Women
FIRE GOALS 🔥 FIRE VIBES 🔥 // SPURS 4-0 PALACE // TOTTENHAM HOTSPUR WOMEN,112,1437,3,@tudoriuliannita4172,I could do that and I’m 9,0,Tottenham Hotspur Women
FIRE GOALS 🔥 FIRE VIBES 🔥 // SPURS 4-0 PALACE // TOTTENHAM HOTSPUR WOMEN,112,1437,3,@Tottenham_girl21,I was there❤❤❤❤❤,1,Tottenham Hotspur Women
HIGHLIGHTS: FOUR-GOAL THRILLER IN WOMEN'S SUPER LEAGUE OPENER // TOTTENHAM HOTSPUR WOMEN,176,5718,11,@NBP722,COYS!!!!!!!!!!!,0,Tottenham Hotspur Women
HIGHLIGHTS: FOUR-GOAL THRILLER IN WOMEN'S SUPER LEAGUE OPENER // TOTTENHAM HOTSPUR WOMEN,176,5718,11,@paulstevens9087,Aussie Man City supporter but always a fan of Hayley Rasso. Love her.,1,Tottenham Hotspur Women
HIGHLIGHTS: FOUR-GOAL THRILLER IN WOMEN'S SUPER LEAGUE OPENER // TOTTENHAM HOTSPUR WOMEN,176,5718,11,@jmurray2018,Super Ash deserves an England call up,0,Tottenham Hotspur Women
HIGHLIGHTS: FOUR-GOAL THRILLER IN WOMEN'S SUPER LEAGUE OPENER // TOTTENHAM HOTSPUR WOMEN,176,5718,11,@nevillemignot1681,COYS!!..........The Aussie Spurs Fan,2,Tottenham Hotspur Women
HIGHLIGHTS: FOUR-GOAL THRILLER IN WOMEN'S SUPER LEAGUE OPENER // TOTTENHAM HOTSPUR WOMEN,176,5718,11,@AdstarAPAD,Grats from Australia Raso on your debut goal..,3,Tottenham Hotspur Women
HIGHLIGHTS: FOUR-GOAL THRILLER IN WOMEN'S SUPER LEAGUE OPENER // TOTTENHAM HOTSPUR WOMEN,176,5718,11,@TranCeFORM3R,Welcome Haley.,6,Tottenham Hotspur Women
HIGHLIGHTS: FOUR-GOAL THRILLER IN WOMEN'S SUPER LEAGUE OPENER // TOTTENHAM HOTSPUR WOMEN,176,5718,11,@jocee569,Brilliant weekend.  Well done!,3,Tottenham Hotspur Women
HIGHLIGHTS: FOUR-GOAL THRILLER IN WOMEN'S SUPER LEAGUE OPENER // TOTTENHAM HOTSPUR WOMEN,176,5718,11,@micahharris9164,Great debuts from Raso and Maite. COYS!,9,Tottenham Hotspur Women
HIGHLIGHTS: FOUR-GOAL THRILLER IN WOMEN'S SUPER LEAGUE OPENER // TOTTENHAM HOTSPUR WOMEN,176,5718,11,@YeetusMcfartland,Absolutely mint goals!,8,Tottenham Hotspur Women
HIGHLIGHTS: FOUR-GOAL THRILLER IN WOMEN'S SUPER LEAGUE OPENER // TOTTENHAM HOTSPUR WOMEN,176,5718,11,@ServingMyJesus,It was a pleasure to be present for this sweeping victory.  COYS!,14,Tottenham Hotspur Women
HIGHLIGHTS: FOUR-GOAL THRILLER IN WOMEN'S SUPER LEAGUE OPENER // TOTTENHAM HOTSPUR WOMEN,176,5718,11,@rebeccamolloy1936,Fantastic game and a great result,9,Tottenham Hotspur Women
HEAD COACH ROBERT VILAHAMN PREVIEWS THE 2024/25 SEASON // TOTTENHAM HOTSPUR WOMEN,57,811,5,@wallballman8,Such a joy to have mens and women’s first team coaches who are excellent human beings alongside their coaching prowess,0,Tottenham Hotspur Women
HEAD COACH ROBERT VILAHAMN PREVIEWS THE 2024/25 SEASON // TOTTENHAM HOTSPUR WOMEN,57,811,5,@mjbxxv,That’s right. Everybody knows and loves Hayley Raso. 🎀✨💫 LFG!,2,Tottenham Hotspur Women
HEAD COACH ROBERT VILAHAMN PREVIEWS THE 2024/25 SEASON // TOTTENHAM HOTSPUR WOMEN,57,811,5,@jocee569,Brilliant to learn more about Robert. Legend.,2,Tottenham Hotspur Women
HEAD COACH ROBERT VILAHAMN PREVIEWS THE 2024/25 SEASON // TOTTENHAM HOTSPUR WOMEN,57,811,5,@jascunnington,Love this content,3,Tottenham Hotspur Women
HEAD COACH ROBERT VILAHAMN PREVIEWS THE 2024/25 SEASON // TOTTENHAM HOTSPUR WOMEN,57,811,5,@liya9790,COYS 🤍🤍🤍,1,Tottenham Hotspur Women
LET THE WSL SEASON COMMENCE 🔥 // TOTTENHAM HOTSPUR WOMEN,103,912,3,@darkjedi7,Vamoss Maite #10 🔥,0,Tottenham Hotspur Women
LET THE WSL SEASON COMMENCE 🔥 // TOTTENHAM HOTSPUR WOMEN,103,912,3,@Tottenham_girl21,I’m gonna be there ❤❤❤❤,1,Tottenham Hotspur Women
FULL SQUAD TRAINING AHEAD OF WSL OPENER // PREPARING FOR PALACE // TOTTENHAM HOTSPUR WOMEN,107,2231,4,@zivadavid4680,My queens 🤍,0,Tottenham Hotspur Women
FULL SQUAD TRAINING AHEAD OF WSL OPENER // PREPARING FOR PALACE // TOTTENHAM HOTSPUR WOMEN,107,2231,4,@darkjedi7,Where can foreign audience watch?,2,Tottenham Hotspur Women
FULL SQUAD TRAINING AHEAD OF WSL OPENER // PREPARING FOR PALACE // TOTTENHAM HOTSPUR WOMEN,107,2231,4,@urmom5146,COYSSSS,0,Tottenham Hotspur Women
WE ARE EXCITED // WSL SEASON STARTS SOON // TOTTENHAM HOTSPUR WOMEN,135,1770,4,@hollie2086,See you today girls 💙🤍,0,Tottenham Hotspur Women
WE ARE EXCITED // WSL SEASON STARTS SOON // TOTTENHAM HOTSPUR WOMEN,135,1770,4,@darkjedi7,Maite soy Spanglish 😍😍,0,Tottenham Hotspur Women
WE ARE EXCITED // WSL SEASON STARTS SOON // TOTTENHAM HOTSPUR WOMEN,135,1770,4,@jonahwaititi,"We got a good and improved squad, let's goo",1,Tottenham Hotspur Women
WE ARE EXCITED // WSL SEASON STARTS SOON // TOTTENHAM HOTSPUR WOMEN,135,1770,4,@jamestierney4596,Coys🤍💙,1,Tottenham Hotspur Women
F1 DRIVE LONDON CHALLENGE WITH ABBI PULLING // VR5 SIMULATOR // TOTTENHAM HOTSPUR WOMEN,103,2526,5,@NigelMansnail,👌,0,Tottenham Hotspur Women
F1 DRIVE LONDON CHALLENGE WITH ABBI PULLING // VR5 SIMULATOR // TOTTENHAM HOTSPUR WOMEN,103,2526,5,@mjbxxv,Charlie you are stunning.. 🥹😍,1,Tottenham Hotspur Women
F1 DRIVE LONDON CHALLENGE WITH ABBI PULLING // VR5 SIMULATOR // TOTTENHAM HOTSPUR WOMEN,103,2526,5,@VanNguyen-wq1ly,Maite content pls?,1,Tottenham Hotspur Women
F1 DRIVE LONDON CHALLENGE WITH ABBI PULLING // VR5 SIMULATOR // TOTTENHAM HOTSPUR WOMEN,103,2526,5,@jascunnington,Are you supposed to change gear? 😂😂😂 Brilliant,3,Tottenham Hotspur Women
F1 DRIVE LONDON CHALLENGE WITH ABBI PULLING // VR5 SIMULATOR // TOTTENHAM HOTSPUR WOMEN,103,2526,5,@jonahwaititi,Keep up the great content! COYS🎉,1,Tottenham Hotspur Women
BTS: MEDIA ACCESS DAY // WSL SEASON 2024/25 // TOTTENHAM HOTSPUR WOMEN,129,2478,1,@Matteblak,6 days to go!,2,Tottenham Hotspur Women
"VAMOS! 🔥 | HOLA, MAITE 🤍",123,1460,1,@anthonyjoseph5686,Jeez! Spurs women aren’t playing about. After we lost those two players (Celine and the Manchester United loanee) I thought we would have a terrible season. Seems like Levy is putting his money where his mouth is. COYS!!,3,Tottenham Hotspur Women
MAITE OROZ SIGNS FOR SPURS - EXCLUSIVE INTERVIEW // TOTTENHAM HOTSPUR WOMEN,109,1778,12,@anthonyjoseph5686,Didn’t know anything about Maite before the signing. Saw her in the first game against Crystal Palace and she bossed the midfield. What a player! Her and Raso will be the key for us challenging for the league.,2,Tottenham Hotspur Women
MAITE OROZ SIGNS FOR SPURS - EXCLUSIVE INTERVIEW // TOTTENHAM HOTSPUR WOMEN,109,1778,12,@Plague64,"The best of success to Maite! The teacher in Real Madrid left a footprint of good Futbol, I hope you take care of her.",0,Tottenham Hotspur Women
MAITE OROZ SIGNS FOR SPURS - EXCLUSIVE INTERVIEW // TOTTENHAM HOTSPUR WOMEN,109,1778,12,@alvarolozano711,"mucha suerte en tu nuevo equipo, te lo mereces.",2,Tottenham Hotspur Women
MAITE OROZ SIGNS FOR SPURS - EXCLUSIVE INTERVIEW // TOTTENHAM HOTSPUR WOMEN,109,1778,12,@nicoles_handle,"y'know what, we're so massive",1,Tottenham Hotspur Women
MAITE OROZ SIGNS FOR SPURS - EXCLUSIVE INTERVIEW // TOTTENHAM HOTSPUR WOMEN,109,1778,12,@darkjedi7,Would love to see her alongside Raso 🔥,1,Tottenham Hotspur Women
MAITE OROZ SIGNS FOR SPURS - EXCLUSIVE INTERVIEW // TOTTENHAM HOTSPUR WOMEN,109,1778,12,@pujanggaunlimited,Coys,0,Tottenham Hotspur Women
MAITE OROZ SIGNS FOR SPURS - EXCLUSIVE INTERVIEW // TOTTENHAM HOTSPUR WOMEN,109,1778,12,@jocee569,Welcome!  COYS,1,Tottenham Hotspur Women
MAITE OROZ SIGNS FOR SPURS - EXCLUSIVE INTERVIEW // TOTTENHAM HOTSPUR WOMEN,109,1778,12,@xaviagui7036,"Vaya crack de fichaje, Oroz es pura magia!!!! a disfrutarla Spursss",3,Tottenham Hotspur Women
MAITE OROZ SIGNS FOR SPURS - EXCLUSIVE INTERVIEW // TOTTENHAM HOTSPUR WOMEN,109,1778,12,@Tenn1ng,Bienvenido a nuestro club,0,Tottenham Hotspur Women
MAITE OROZ SIGNS FOR SPURS - EXCLUSIVE INTERVIEW // TOTTENHAM HOTSPUR WOMEN,109,1778,12,@VanNguyen-wq1ly,"not gonna lie, after we lose Grace and Celine i thought we are getting weaker but now i dont know, maybe this season will be fun to watch",8,Tottenham Hotspur Women
MAITE OROZ SIGNS FOR SPURS - EXCLUSIVE INTERVIEW // TOTTENHAM HOTSPUR WOMEN,109,1778,12,@jascunnington,Exciting times ! COYS,0,Tottenham Hotspur Women
MAITE OROZ SIGNS FOR SPURS - EXCLUSIVE INTERVIEW // TOTTENHAM HOTSPUR WOMEN,109,1778,12,@Tottenham_girl21,Happy for u to be here ❤❤ COYS,1,Tottenham Hotspur Women
FC 25 RATINGS REVEALED // PLAYERS HUNT FOR THEIR NEW FC 25 ITEMS // TOTTENHAM HOTSPUR WOMEN,207,5101,6,@OscarOrtiz-w2h,⚽,1,Tottenham Hotspur Women
FC 25 RATINGS REVEALED // PLAYERS HUNT FOR THEIR NEW FC 25 ITEMS // TOTTENHAM HOTSPUR WOMEN,207,5101,6,@somekindausernamehere,😂💙 love it,0,Tottenham Hotspur Women
FC 25 RATINGS REVEALED // PLAYERS HUNT FOR THEIR NEW FC 25 ITEMS // TOTTENHAM HOTSPUR WOMEN,207,5101,6,@hackercps,Hope everyone got their swag for participation 😅,2,Tottenham Hotspur Women
FC 25 RATINGS REVEALED // PLAYERS HUNT FOR THEIR NEW FC 25 ITEMS // TOTTENHAM HOTSPUR WOMEN,207,5101,6,@jamestierney4596,They need to change that picture of Bethany she’s still in a Chelsea shirt,8,Tottenham Hotspur Women
FC 25 RATINGS REVEALED // PLAYERS HUNT FOR THEIR NEW FC 25 ITEMS // TOTTENHAM HOTSPUR WOMEN,207,5101,6,@liya9790,COYS 🤍🤍🤍,1,Tottenham Hotspur Women
FC 25 RATINGS REVEALED // PLAYERS HUNT FOR THEIR NEW FC 25 ITEMS // TOTTENHAM HOTSPUR WOMEN,207,5101,6,@tottenhamhotspurfp,Fantastic stuff to see. COYS COYS ❤,2,Tottenham Hotspur Women
THE ULTIMATE SUPPORTER!!! // SIDELINE CELEBRATIONS,125,2642,2,@Ríl3y-xedits,Mens football is better,0,Tottenham Hotspur Women
THE ULTIMATE SUPPORTER!!! // SIDELINE CELEBRATIONS,125,2642,2,@Ríl3y-xedits,Male version,1,Tottenham Hotspur Women
TRAINING: NEW SIGNING FOCUS // TOTTENHAM HOTSPUR WOMEN,83,1950,5,@tottenhamhotspurfp,Another deep FA cup run please 😊,0,Tottenham Hotspur Women
TRAINING: NEW SIGNING FOCUS // TOTTENHAM HOTSPUR WOMEN,83,1950,5,@TheTiger_TheWolf,This squad is something special and the positive and happy vibes make a team stronger and more united,1,Tottenham Hotspur Women
TRAINING: NEW SIGNING FOCUS // TOTTENHAM HOTSPUR WOMEN,83,1950,5,@mjbxxv,"Love this. And LOVE Raso, but video team could you please invest in some image stabilizer or at the very least a gimbal, before we get sick from motion sickness. - COYS fan / videographer 🙏🏽💙🤍",4,Tottenham Hotspur Women
TRAINING: NEW SIGNING FOCUS // TOTTENHAM HOTSPUR WOMEN,83,1950,5,@sassiqueen1200,team❤,0,Tottenham Hotspur Women
TRAINING: NEW SIGNING FOCUS // TOTTENHAM HOTSPUR WOMEN,83,1950,5,@jascunnington,We’re going to another level this season! COYS,2,Tottenham Hotspur Women
EXCLUSIVE INTERVIEW: KATELIN TALBERT // NEW SIGNING // TOTTENHAM HOTSPUR WOMEN,63,1015,6,@fongxiong4640,Anit gonna lie if I was a coach for usa womens I'll select u to start any day. U have the passion to be great just need opportunities,0,Tottenham Hotspur Women
EXCLUSIVE INTERVIEW: KATELIN TALBERT // NEW SIGNING // TOTTENHAM HOTSPUR WOMEN,63,1015,6,@nicoles_handle,welcome Katelin! 🤍,0,Tottenham Hotspur Women
EXCLUSIVE INTERVIEW: KATELIN TALBERT // NEW SIGNING // TOTTENHAM HOTSPUR WOMEN,63,1015,6,@albert5274,As a Humboldt State University alumni covering her games was phenomenal she will make the USWNT I just know it.,3,Tottenham Hotspur Women
EXCLUSIVE INTERVIEW: KATELIN TALBERT // NEW SIGNING // TOTTENHAM HOTSPUR WOMEN,63,1015,6,@peter6092,Welcome Katelin. It's going to be a great season 😃,1,Tottenham Hotspur Women
EXCLUSIVE INTERVIEW: KATELIN TALBERT // NEW SIGNING // TOTTENHAM HOTSPUR WOMEN,63,1015,6,@philipwatts9033,"Up The Spurs .
Enjoy",1,Tottenham Hotspur Women
EXCLUSIVE INTERVIEW: KATELIN TALBERT // NEW SIGNING // TOTTENHAM HOTSPUR WOMEN,63,1015,6,@TheTiger_TheWolf,Welcome to the club Katelin Talbert 🤍,2,Tottenham Hotspur Women
ADDING TALBERT TO THE GK UNION 🧤🇺🇸✍️ // TOTTENHAM HOTSPUR SIGNING - KATELIN TALBERT,95,1144,1,@lycanoftheunderworldselene,A development loan signing,0,Tottenham Hotspur Women
BEHIND THE SCENES OF ANNA CSIKI SIGNING FOR SPURS 📹,68,1150,1,@Cheddarhead7,She seems lovely,4,Tottenham Hotspur Women
EXCLUSIVE INTERVIEW: ANNA CSIKI // TOTTENHAM HOTSPUR WOMEN,72,969,4,@bungaIowbill,coys,0,Tottenham Hotspur Women
EXCLUSIVE INTERVIEW: ANNA CSIKI // TOTTENHAM HOTSPUR WOMEN,72,969,4,@jmurray2018,"It’s gonna be different this year, welcome Anna you’re gonna be great for us……
I still miss grace  😮",0,Tottenham Hotspur Women
EXCLUSIVE INTERVIEW: ANNA CSIKI // TOTTENHAM HOTSPUR WOMEN,72,969,4,@sh0t0kan,"eh
Seems like a desperation move by the Swedish manager poaching from his country's football clubs. Matilda Nilden would have been a great addition but I take what we can get. 
Won't be surprise if we fight off relegation the season.",0,Tottenham Hotspur Women
EXCLUSIVE INTERVIEW: ANNA CSIKI // TOTTENHAM HOTSPUR WOMEN,72,969,4,@susjkaxxx9465,Welcome to the best club of London,2,Tottenham Hotspur Women
"NEW PLAYER REVEAL // SZIA, ANNA CSIKI! 👋 // TOTTENHAM HOTSPUR WOMEN",146,1569,6,@Elliekerr10,"Love you guys, my dream is to play for spurs ,and hopefully I will make it one day",1,Tottenham Hotspur Women
"NEW PLAYER REVEAL // SZIA, ANNA CSIKI! 👋 // TOTTENHAM HOTSPUR WOMEN",146,1569,6,@friedrichstraussler,"Hopp, egy magyar hölgy a Spurs-ben!",5,Tottenham Hotspur Women
TRAINING: HAYLEY RASO’S FIRST SESSION WITH THE SQUAD // TOTTENHAM HOTSPUR WOMEN,170,6045,5,@mahlonrhoades4509,I never wanted to be a Spurs fan but as an Aussie I guess I now have to be... (as well as Ausenal and Chelsea...),0,Tottenham Hotspur Women
TRAINING: HAYLEY RASO’S FIRST SESSION WITH THE SQUAD // TOTTENHAM HOTSPUR WOMEN,170,6045,5,@jourdyfaith562,WE LOVE THIS KIND OF CONTENT 🥹😍😍😍,0,Tottenham Hotspur Women
TRAINING: HAYLEY RASO’S FIRST SESSION WITH THE SQUAD // TOTTENHAM HOTSPUR WOMEN,170,6045,5,@elizajj,Hello! Im enjoying the vids. Could I suggest you put the names of people on the screen when there’s a close up? Will help new fans get to know the players ❤,0,Tottenham Hotspur Women
TRAINING: HAYLEY RASO’S FIRST SESSION WITH THE SQUAD // TOTTENHAM HOTSPUR WOMEN,170,6045,5,@mjbxxv,🎀🔥,1,Tottenham Hotspur Women
TRAINING: HAYLEY RASO’S FIRST SESSION WITH THE SQUAD // TOTTENHAM HOTSPUR WOMEN,170,6045,5,@TheTiger_TheWolf,I'm looking forward to the new season and what new heights they can reach COYS 🤍,3,Tottenham Hotspur Women
GO BEHIND THE SCENES OF HAYLEY RASO'S SIGNING // TOTTENHAM HOTSPUR WOMEN,96,1853,12,@BigCarso,Nice! Tottenham should be a lot stronger with her. And capturing the Aussie audience too,1,Tottenham Hotspur Women
GO BEHIND THE SCENES OF HAYLEY RASO'S SIGNING // TOTTENHAM HOTSPUR WOMEN,96,1853,12,@fitzroy001,After Arsenal I now have to follow a 2nd Aussie team. Looking forward to seeing what you do,0,Tottenham Hotspur Women
GO BEHIND THE SCENES OF HAYLEY RASO'S SIGNING // TOTTENHAM HOTSPUR WOMEN,96,1853,12,@TranCeFORM3R,"Welcome Hayley, you look good in the kit but prefer you in green and gold though. Heres to a good season lets go.",5,Tottenham Hotspur Women
GO BEHIND THE SCENES OF HAYLEY RASO'S SIGNING // TOTTENHAM HOTSPUR WOMEN,96,1853,12,@Matteblak,So happy to see her back in the WSL. Tottenham is a great fit for her.,6,Tottenham Hotspur Women
GO BEHIND THE SCENES OF HAYLEY RASO'S SIGNING // TOTTENHAM HOTSPUR WOMEN,96,1853,12,@lycanoftheunderworldselene,Hope Robert gives her a lot of game time,4,Tottenham Hotspur Women
EXCLUSIVE INTERVIEW: HAYLEY RASO // NEW SIGNING // TOTTENHAM HOTSPUR WOMEN,225,4198,12,@TranCeFORM3R,i have no issues with haley in the league lets go honey.,0,Tottenham Hotspur Women
EXCLUSIVE INTERVIEW: HAYLEY RASO // NEW SIGNING // TOTTENHAM HOTSPUR WOMEN,225,4198,12,@JazzFunk22,🤍😘🤍💪🏽,1,Tottenham Hotspur Women
EXCLUSIVE INTERVIEW: HAYLEY RASO // NEW SIGNING // TOTTENHAM HOTSPUR WOMEN,225,4198,12,@geoffers91,Fantastic to have you back in the WSL. welcome home. ❤,1,Tottenham Hotspur Women
EXCLUSIVE INTERVIEW: HAYLEY RASO // NEW SIGNING // TOTTENHAM HOTSPUR WOMEN,225,4198,12,@palaneproductions7357,My favourite Matilda.Great signing.,1,Tottenham Hotspur Women
EXCLUSIVE INTERVIEW: HAYLEY RASO // NEW SIGNING // TOTTENHAM HOTSPUR WOMEN,225,4198,12,@lycanoftheunderworldselene,We're happy to have you with us.Welcome to the lilly white family.,2,Tottenham Hotspur Women
EXCLUSIVE INTERVIEW: HAYLEY RASO // NEW SIGNING // TOTTENHAM HOTSPUR WOMEN,225,4198,12,@sonorsonor5125,"Welcome Hayley! Fellow Spurs fans, Hayley is a ripping player for our Aussie National Team! Go get them Hayley!",5,Tottenham Hotspur Women
EXCLUSIVE INTERVIEW: HAYLEY RASO // NEW SIGNING // TOTTENHAM HOTSPUR WOMEN,225,4198,12,@TranCeFORM3R,"Another one, well if you could play through the middle girl yeah 😊",3,Tottenham Hotspur Women
EXCLUSIVE INTERVIEW: HAYLEY RASO // NEW SIGNING // TOTTENHAM HOTSPUR WOMEN,225,4198,12,@Gracie-5609,Three Aussies!!! Can’t wait to see her play in the wsl again!,7,Tottenham Hotspur Women
EXCLUSIVE INTERVIEW: HAYLEY RASO // NEW SIGNING // TOTTENHAM HOTSPUR WOMEN,225,4198,12,@Matteblak,Three Aussies!!! Triple Threat!!!,5,Tottenham Hotspur Women
EXCLUSIVE INTERVIEW: HAYLEY RASO // NEW SIGNING // TOTTENHAM HOTSPUR WOMEN,225,4198,12,@TheTiger_TheWolf,Welcome to the club Hayley Raso and i can't wait for the new season to start COYS 🤍,4,Tottenham Hotspur Women
A RASO-INSPIRED STORY // PLAYER REVEAL: HAYLEY RASO // TOTTENHAM HOTSPUR WOMEN,71,853,9,@soccerprophet6495,Cool Video for a super cool player COYS,1,Tottenham Hotspur Women
A RASO-INSPIRED STORY // PLAYER REVEAL: HAYLEY RASO // TOTTENHAM HOTSPUR WOMEN,71,853,9,@lycanoftheunderworldselene,Sad to see that Celin Bizet is going to UNTD though.,0,Tottenham Hotspur Women
A RASO-INSPIRED STORY // PLAYER REVEAL: HAYLEY RASO // TOTTENHAM HOTSPUR WOMEN,71,853,9,@IOSALive,"Tottenham Hotspur Women, nice content keep up the amazing work",1,Tottenham Hotspur Women
A RASO-INSPIRED STORY // PLAYER REVEAL: HAYLEY RASO // TOTTENHAM HOTSPUR WOMEN,71,853,9,@djhterra,that’s some great summer recruiting!!,1,Tottenham Hotspur Women
A RASO-INSPIRED STORY // PLAYER REVEAL: HAYLEY RASO // TOTTENHAM HOTSPUR WOMEN,71,853,9,@TheTiger_TheWolf,Welcome to the club Hayley Raso 🤍,2,Tottenham Hotspur Women
A RASO-INSPIRED STORY // PLAYER REVEAL: HAYLEY RASO // TOTTENHAM HOTSPUR WOMEN,71,853,9,@IOSALive,"Tottenham Hotspur Women, cool video dude",1,Tottenham Hotspur Women
A RASO-INSPIRED STORY // PLAYER REVEAL: HAYLEY RASO // TOTTENHAM HOTSPUR WOMEN,71,853,9,@Viatoca5678,I’m so happy because I’m a Tottenham fan,2,Tottenham Hotspur Women
A RASO-INSPIRED STORY // PLAYER REVEAL: HAYLEY RASO // TOTTENHAM HOTSPUR WOMEN,71,853,9,@IOSALive,"Tottenham Hotspur Women, nice content keep it up dude",2,Tottenham Hotspur Women
A RASO-INSPIRED STORY // PLAYER REVEAL: HAYLEY RASO // TOTTENHAM HOTSPUR WOMEN,71,853,9,@shanatakarmaker,OMG OMG OMG OMG OMG RASO IS JOINING SPURS WOMEN,5,Tottenham Hotspur Women
SUNSHINE SESSIONS AT HOTSPUR WAY // TRAINING // TOTTENHAM HOTSPUR WOMEN,52,1128,3,@Stand663,Why not start the women football season in the summer after the mens. Better weather means more crowds and more revenue.,0,Tottenham Hotspur Women
FINISH THE LYRIC 🎤 // SING ALONG // TOTTENHAM HOTSPUR WOMEN,824,36624,6,@ollydawkins-rf1do,Arsenal 4 life north London for ever,0,Tottenham Hotspur Women
FINISH THE LYRIC 🎤 // SING ALONG // TOTTENHAM HOTSPUR WOMEN,824,36624,6,@mikeykeddie5122,This the men’s team?,4,Tottenham Hotspur Women
FINISH THE LYRIC 🎤 // SING ALONG // TOTTENHAM HOTSPUR WOMEN,824,36624,6,@gbramwell,Arsenal on top,2,Tottenham Hotspur Women
FINISH THE LYRIC 🎤 // SING ALONG // TOTTENHAM HOTSPUR WOMEN,824,36624,6,@sandrapatriciaoriguarios4589,Ayane is so funny!,1,Tottenham Hotspur Women
FINISH THE LYRIC 🎤 // SING ALONG // TOTTENHAM HOTSPUR WOMEN,824,36624,6,@Kinetic_kombat,first,2,Tottenham Hotspur Women
DOGS MAKE THE WORLD A BETTER PLACE 🐶🥹 #AllDogsMatter,259,2105,2,@magicaltimes-wz2if,There the best while mean humans suck....,0,Tottenham Hotspur Women
DOGS MAKE THE WORLD A BETTER PLACE 🐶🥹 #AllDogsMatter,259,2105,2,@IMWeira,Let them know you love them. They let us know how they feel.,1,Tottenham Hotspur Women
WHAT DO ENGLISH PEOPLE BARBECUE? 🍔,193,3344,3,@apostatecactus5355,VEGGIES! Technically correct 😂,2,Tottenham Hotspur Women
WHAT DO ENGLISH PEOPLE BARBECUE? 🍔,193,3344,3,@pingusneeze5872,UP WITH SPURS AND UP WUTH WOMEN,2,Tottenham Hotspur Women
WHAT DO ENGLISH PEOPLE BARBECUE? 🍔,193,3344,3,@spurseditss,firsttt!! matilda and olga are such vibes. love u guys sm,3,Tottenham Hotspur Women
VLOG: MATILDA VINBERG // BEHIND THE SCENES AT SPURS' PRE-SEASON CAMP,175,4052,10,@TA-wg9oi,Well done Tilly...and all the Tillies....🦘 COYS,0,Tottenham Hotspur Women
VLOG: MATILDA VINBERG // BEHIND THE SCENES AT SPURS' PRE-SEASON CAMP,175,4052,10,@emilnilsson9017,I love this consept! Plz do this again love the BTS,4,Tottenham Hotspur Women
VLOG: MATILDA VINBERG // BEHIND THE SCENES AT SPURS' PRE-SEASON CAMP,175,4052,10,@jmurray2018,Wish we still had Grace 😕,2,Tottenham Hotspur Women
VLOG: MATILDA VINBERG // BEHIND THE SCENES AT SPURS' PRE-SEASON CAMP,175,4052,10,@Blacc-ej6zg,Lovely 😍 COYS 🤍,2,Tottenham Hotspur Women
VLOG: MATILDA VINBERG // BEHIND THE SCENES AT SPURS' PRE-SEASON CAMP,175,4052,10,@callumhammett241,Great to see behind the scenes!,3,Tottenham Hotspur Women
VLOG: MATILDA VINBERG // BEHIND THE SCENES AT SPURS' PRE-SEASON CAMP,175,4052,10,@lilly_2833,"Love this, nice to see how together the team feels :)",5,Tottenham Hotspur Women
VLOG: MATILDA VINBERG // BEHIND THE SCENES AT SPURS' PRE-SEASON CAMP,175,4052,10,@simonsays4993,"Cool video! ""Wedges"" 😅 Love it!",2,Tottenham Hotspur Women
VLOG: MATILDA VINBERG // BEHIND THE SCENES AT SPURS' PRE-SEASON CAMP,175,4052,10,@jocee569,Great video. So nice to see some behind the scenes experiences.,5,Tottenham Hotspur Women
VLOG: MATILDA VINBERG // BEHIND THE SCENES AT SPURS' PRE-SEASON CAMP,175,4052,10,@jenniferalexander6658,Stop ✋🏻 she’s so cute 😭 it’s so sweet just listening to her,11,Tottenham Hotspur Women
VLOG: MATILDA VINBERG // BEHIND THE SCENES AT SPURS' PRE-SEASON CAMP,175,4052,10,@jenniferalexander6658,COYS 🤍,5,Tottenham Hotspur Women
DINNER FITS. VERY MINDFUL. VERY DEMURE.,136,1844,2,@Gracie-5609,Makes me so happy to see charli with an Aussie at Tottenham😃,1,Tottenham Hotspur Women
DINNER FITS. VERY MINDFUL. VERY DEMURE.,136,1844,2,@BLAH-b5u,There's lots I could say to that but I won't. Just incase Keir Starmer throws me in jail for 4 years,0,Tottenham Hotspur Women
WANG SHUANG 🆚 KIT GRAHAM // PLAYER POINT OF VIEW,102,1295,1,@IsobellaWoodiwiss,lol😅,0,Tottenham Hotspur Women
POV: KIT-CAM // TRAIN WITH KIT GRAHAM // TOTTENHAM HOTSPUR WOMEN,63,924,4,@zivadavid4680,This video style is *chef’s kiss*,0,Tottenham Hotspur Women
POV: KIT-CAM // TRAIN WITH KIT GRAHAM // TOTTENHAM HOTSPUR WOMEN,63,924,4,@TheTiger_TheWolf,I love the idea of allowing one of the players to record training gets a better insight on what training is truly like 🤍,2,Tottenham Hotspur Women
POV: KIT-CAM // TRAIN WITH KIT GRAHAM // TOTTENHAM HOTSPUR WOMEN,63,924,4,@OllieL819,Everyone Loves you ❤,4,Tottenham Hotspur Women
POV: KIT-CAM // TRAIN WITH KIT GRAHAM // TOTTENHAM HOTSPUR WOMEN,63,924,4,@OllieL819,Come On Spurs Women You are the best,4,Tottenham Hotspur Women
PRE-SEASON CAMP TRAINING // MATCHDAY MINUS ONE // TOTTENHAM HOTSPUR WOMEN,70,1496,5,@lycanoftheunderworldselene,Bring on Southampton tomorrow.,2,Tottenham Hotspur Women
PRE-SEASON CAMP TRAINING // MATCHDAY MINUS ONE // TOTTENHAM HOTSPUR WOMEN,70,1496,5,@jmurray2018,I miss Grace,4,Tottenham Hotspur Women
PRE-SEASON CAMP TRAINING // MATCHDAY MINUS ONE // TOTTENHAM HOTSPUR WOMEN,70,1496,5,@MiinMiin19,COYS,2,Tottenham Hotspur Women
WHAT THREE FAMOUS PEOPLE WOULD YOU WANT AT A DINNER PARTY❓ // TOTTENHAM HOTSPUR WOMEN,254,4777,4,@hayleyleadbitter6459,"If I went to a party, I would invite Bethany England, Ashley Neville Charlie Grant Hayley Raso and Lena Gunning Williams",0,Tottenham Hotspur Women
WHAT THREE FAMOUS PEOPLE WOULD YOU WANT AT A DINNER PARTY❓ // TOTTENHAM HOTSPUR WOMEN,254,4777,4,@sandrapatriciaoriguarios4589,Celin has good music taste!,2,Tottenham Hotspur Women
WHAT THREE FAMOUS PEOPLE WOULD YOU WANT AT A DINNER PARTY❓ // TOTTENHAM HOTSPUR WOMEN,254,4777,4,@SalsaSniper,Queen and Bourdain are dead,0,Tottenham Hotspur Women
WHAT THREE FAMOUS PEOPLE WOULD YOU WANT AT A DINNER PARTY❓ // TOTTENHAM HOTSPUR WOMEN,254,4777,4,@spurseditss,if celin said grace i would’ve broke down. best duo ever,5,Tottenham Hotspur Women
STARTING THE SESSION ON FORM 👌 // PRE-SEASON CAMP // TOTTENHAM HOTSPUR WOMEN,150,2808,4,@Viatoca5678,I love you guys ❤,0,Tottenham Hotspur Women
STARTING THE SESSION ON FORM 👌 // PRE-SEASON CAMP // TOTTENHAM HOTSPUR WOMEN,150,2808,4,@fc_footy,Let's make this a great season! 🤍⚽️,0,Tottenham Hotspur Women
STARTING THE SESSION ON FORM 👌 // PRE-SEASON CAMP // TOTTENHAM HOTSPUR WOMEN,150,2808,4,@HenryFogden-r7o,COYS 💙🤍,1,Tottenham Hotspur Women
STARTING THE SESSION ON FORM 👌 // PRE-SEASON CAMP // TOTTENHAM HOTSPUR WOMEN,150,2808,4,@TheTiger_TheWolf,COYS 🤍,1,Tottenham Hotspur Women
BEHIND THE SCENES SIGNING DAY WITH MATILDAS STAR CLARE HUNT,117,2123,12,@palaneproductions7357,She can teach the other girls to play cricket as well!,0,Tottenham Hotspur Women
BEHIND THE SCENES SIGNING DAY WITH MATILDAS STAR CLARE HUNT,117,2123,12,@itsjesseb,Yeahhhhhhh Clare,0,Tottenham Hotspur Women
BEHIND THE SCENES SIGNING DAY WITH MATILDAS STAR CLARE HUNT,117,2123,12,@Taecoconut,Welcome Clare!!! 😊,1,Tottenham Hotspur Women
BEHIND THE SCENES SIGNING DAY WITH MATILDAS STAR CLARE HUNT,117,2123,12,@sonorsonor5125,She is a ripper player for the Matildas and now she plays for Spurs! Awesome! Another Aussie coming over to join our great club!,2,Tottenham Hotspur Women
BEHIND THE SCENES SIGNING DAY WITH MATILDAS STAR CLARE HUNT,117,2123,12,@Mm2caylus,Goo clare bear,0,Tottenham Hotspur Women
BEHIND THE SCENES SIGNING DAY WITH MATILDAS STAR CLARE HUNT,117,2123,12,@micheleminer9499,Doesn't Grant play for Spurs.?,0,Tottenham Hotspur Women
BEHIND THE SCENES SIGNING DAY WITH MATILDAS STAR CLARE HUNT,117,2123,12,@VoClan23,"Aussie, Aussie, Aussie",1,Tottenham Hotspur Women
BEHIND THE SCENES SIGNING DAY WITH MATILDAS STAR CLARE HUNT,117,2123,12,@jeffstevens4262,Welcome to the club Clare. Here's to some great times ahead for this season and beyond.  COYS!!!  🙋‍♂,2,Tottenham Hotspur Women
BEHIND THE SCENES SIGNING DAY WITH MATILDAS STAR CLARE HUNT,117,2123,12,@Matteblak,So awesome she's in the WSL now. She is going to make a huge difference in the play style,4,Tottenham Hotspur Women
BEHIND THE SCENES SIGNING DAY WITH MATILDAS STAR CLARE HUNT,117,2123,12,@tingan961,welcome 🤍,2,Tottenham Hotspur Women
BEHIND THE SCENES SIGNING DAY WITH MATILDAS STAR CLARE HUNT,117,2123,12,@TheTiger_TheWolf,Welcome to the club Clare Hunt and let's do it the spurs way 🤍,3,Tottenham Hotspur Women
BEHIND THE SCENES SIGNING DAY WITH MATILDAS STAR CLARE HUNT,117,2123,12,@jascunnington,🎉🎉🎉🎉🎉,2,Tottenham Hotspur Women
CLARE HUNT FIRST TOTTENHAM HOTSPUR INTERVIEW,142,2043,6,@andrewbarley557,Go Clare! Love seeing the Australian Spurs connection grow 🇦🇺🤍 she’s been great for the Matildas,3,Tottenham Hotspur Women
CLARE HUNT FIRST TOTTENHAM HOTSPUR INTERVIEW,142,2043,6,@TranCeFORM3R,Congrats on the signing. Welcome to one of the biggest clubs in sport.,2,Tottenham Hotspur Women
CLARE HUNT FIRST TOTTENHAM HOTSPUR INTERVIEW,142,2043,6,@ServingMyJesus,Welcome to THFC Women.  See you on the pitch.,6,Tottenham Hotspur Women
CLARE HUNT FIRST TOTTENHAM HOTSPUR INTERVIEW,142,2043,6,@Bad.BadLeroyBrown,"go kido, party hardy, enjoy",2,Tottenham Hotspur Women
CLARE HUNT FIRST TOTTENHAM HOTSPUR INTERVIEW,142,2043,6,@TheTiger_TheWolf,Welcome to the club Clare and I can't wait to see what you bring to the game 🤍,8,Tottenham Hotspur Women
CLARE HUNT FIRST TOTTENHAM HOTSPUR INTERVIEW,142,2043,6,@SalsaSniper,She'll do better than Raygun,3,Tottenham Hotspur Women
MATILDAS 🤝 SPURS // NEW SIGNING - CLARE HUNT // TOTTENHAM HOTSPUR WOMEN,121,1212,4,@Mm2caylus,❤❤❤,0,Tottenham Hotspur Women
MATILDAS 🤝 SPURS // NEW SIGNING - CLARE HUNT // TOTTENHAM HOTSPUR WOMEN,121,1212,4,@Blacc-ej6zg,Welcome 🤗 COYS,0,Tottenham Hotspur Women
MATILDAS 🤝 SPURS // NEW SIGNING - CLARE HUNT // TOTTENHAM HOTSPUR WOMEN,121,1212,4,@RelOKeefe,Superb!!,0,Tottenham Hotspur Women
MATILDAS 🤝 SPURS // NEW SIGNING - CLARE HUNT // TOTTENHAM HOTSPUR WOMEN,121,1212,4,@Gracie-5609,Another Aussie in the wsl!!! Charli has a new Aussie bestie,3,Tottenham Hotspur Women
"NEVER FORGET OUR FIRST NLD WIN - THANK YOU, BÁRA 👏 👏 // FAREWELL COMPILATION // BARBORA VOTÍKOVÁ",118,6675,3,@SybillePowery,Spuds,0,Tottenham Hotspur Women
"NEVER FORGET OUR FIRST NLD WIN - THANK YOU, BÁRA 👏 👏 // FAREWELL COMPILATION // BARBORA VOTÍKOVÁ",118,6675,3,@SybillePowery,Arsenal,1,Tottenham Hotspur Women
"NEVER FORGET OUR FIRST NLD WIN - THANK YOU, BÁRA 👏 👏 // FAREWELL COMPILATION // BARBORA VOTÍKOVÁ",118,6675,3,@Merrylegz,She is a good keeper !,3,Tottenham Hotspur Women
SWEDISH DUO ACING THE BOX JUMP 👊 // TOTTENHAM HOTSPUR WOMEN,185,3173,2,@gabrielrenato9151,The weather is very good in this sound of Unwritten 🤍💙,1,Tottenham Hotspur Women
SWEDISH DUO ACING THE BOX JUMP 👊 // TOTTENHAM HOTSPUR WOMEN,185,3173,2,@BethanyScott-pi6rz,Hey i missed you all so much ❤,1,Tottenham Hotspur Women
CHARLI GRANT RETURNS TO TRAINING 🇦🇺👊 // TOTTENHAM HOTSPUR WOMEN,105,2481,5,@TA-wg9oi,She should have been part of the Tillies.......Go get em Charli! 🦘,0,Tottenham Hotspur Women
CHARLI GRANT RETURNS TO TRAINING 🇦🇺👊 // TOTTENHAM HOTSPUR WOMEN,105,2481,5,@Matteblak,Spurs looking solid for next season!,0,Tottenham Hotspur Women
CHARLI GRANT RETURNS TO TRAINING 🇦🇺👊 // TOTTENHAM HOTSPUR WOMEN,105,2481,5,@joelthegrim,COYS🎉,0,Tottenham Hotspur Women
CHARLI GRANT RETURNS TO TRAINING 🇦🇺👊 // TOTTENHAM HOTSPUR WOMEN,105,2481,5,@hackercps,"Training session looks really focused, good vid",0,Tottenham Hotspur Women
CHARLI GRANT RETURNS TO TRAINING 🇦🇺👊 // TOTTENHAM HOTSPUR WOMEN,105,2481,5,@jocee569,COYS!,3,Tottenham Hotspur Women
ROXANNE BURPEE CHALLENGE 🥵 // PRE-SEASON WORKOUTS // TOTTENHAM HOTSPUR WOMEN,116,3637,2,@trashcanmilltown,Spurs are the best team of all time ❤❤❤❤❤😊😊,0,Tottenham Hotspur Women
ROXANNE BURPEE CHALLENGE 🥵 // PRE-SEASON WORKOUTS // TOTTENHAM HOTSPUR WOMEN,116,3637,2,@Tottenham_girl21,I think my team needs to do this ❤❤,0,Tottenham Hotspur Women
DANCE BATTLE 🪩 // WHO WOULD YOU CHOOSE? // TOTTENHAM HOTSPUR WOMEN,239,2634,5,@NatashaKena,😂😂❤,0,Tottenham Hotspur Women
DANCE BATTLE 🪩 // WHO WOULD YOU CHOOSE? // TOTTENHAM HOTSPUR WOMEN,239,2634,5,@TheChosenOne42513,I pick celin ❤❤,0,Tottenham Hotspur Women
DANCE BATTLE 🪩 // WHO WOULD YOU CHOOSE? // TOTTENHAM HOTSPUR WOMEN,239,2634,5,@Lionessesfan793,Celin has got moves,0,Tottenham Hotspur Women
DANCE BATTLE 🪩 // WHO WOULD YOU CHOOSE? // TOTTENHAM HOTSPUR WOMEN,239,2634,5,@MimiFinch-u1w,Lol😂😂😂😂,0,Tottenham Hotspur Women
DANCE BATTLE 🪩 // WHO WOULD YOU CHOOSE? // TOTTENHAM HOTSPUR WOMEN,239,2634,5,@madsclarkson9920,😂😂,0,Tottenham Hotspur Women
PRE-SEASON WORK RAMPS UP AT HOTSPUR WAY // TRAINING // TOTTENHAM HOTSPUR WOMEN,88,2650,10,@sarafoss4818,Get Grace back😣,0,Tottenham Hotspur Women
PRE-SEASON WORK RAMPS UP AT HOTSPUR WAY // TRAINING // TOTTENHAM HOTSPUR WOMEN,88,2650,10,@Arsenal_LionessEditz,Grace belongs at spurs,0,Tottenham Hotspur Women
PRE-SEASON WORK RAMPS UP AT HOTSPUR WAY // TRAINING // TOTTENHAM HOTSPUR WOMEN,88,2650,10,@big..377,No new signings and no Grace. What a disappointment. Spurs don't you want to get into Champions League?,2,Tottenham Hotspur Women
PRE-SEASON WORK RAMPS UP AT HOTSPUR WAY // TRAINING // TOTTENHAM HOTSPUR WOMEN,88,2650,10,@pujanggaunlimited,Coys,0,Tottenham Hotspur Women
PRE-SEASON WORK RAMPS UP AT HOTSPUR WAY // TRAINING // TOTTENHAM HOTSPUR WOMEN,88,2650,10,@TheTiger_TheWolf,This is their season to win the WSL COYS 🤍,0,Tottenham Hotspur Women
PRE-SEASON WORK RAMPS UP AT HOTSPUR WAY // TRAINING // TOTTENHAM HOTSPUR WOMEN,88,2650,10,@lycanoftheunderworldselene,Gutted Grace isn't with us this season.,5,Tottenham Hotspur Women
PRE-SEASON WORK RAMPS UP AT HOTSPUR WAY // TRAINING // TOTTENHAM HOTSPUR WOMEN,88,2650,10,@lincolngonmanmiller7996,Coys,0,Tottenham Hotspur Women
SPEED & AGILITY TESTING - PRE-SEASON // TOTTENHAM HOTSPUR WOMEN,143,2089,1,@mrsh5597,WOW,0,Tottenham Hotspur Women
LENNA TO THE RESCUE ‼️ // SAVING FROGS 🐸 // TOTTENHAM HOTSPUR WOMEN,440,7623,6,@TheChosenOne42513,Tottenham must save the frog 🤍🤍,0,Tottenham Hotspur Women
LENNA TO THE RESCUE ‼️ // SAVING FROGS 🐸 // TOTTENHAM HOTSPUR WOMEN,440,7623,6,@djanboiz7827,Thats the girl from jamie Johnson 😂😂,4,Tottenham Hotspur Women
LENNA TO THE RESCUE ‼️ // SAVING FROGS 🐸 // TOTTENHAM HOTSPUR WOMEN,440,7623,6,@AgentLynch616,That means your in a healthy place,2,Tottenham Hotspur Women
LENNA TO THE RESCUE ‼️ // SAVING FROGS 🐸 // TOTTENHAM HOTSPUR WOMEN,440,7623,6,@Tottenham_girl21,I would be terrified ❤❤,1,Tottenham Hotspur Women
LENNA TO THE RESCUE ‼️ // SAVING FROGS 🐸 // TOTTENHAM HOTSPUR WOMEN,440,7623,6,@samueldjc24,Wholesome 🤍,6,Tottenham Hotspur Women
CAMCORDER DIARIES: PRE-SEASON WITH SPURS WOMEN // INSIDE HOTSPUR WAY,105,2059,4,@Marabout75,✨🤍COYSW🐓🇲🇺N15,0,Tottenham Hotspur Women
CAMCORDER DIARIES: PRE-SEASON WITH SPURS WOMEN // INSIDE HOTSPUR WAY,105,2059,4,@etowngti,So ready for this season!!! 🙌,2,Tottenham Hotspur Women
CAMCORDER DIARIES: PRE-SEASON WITH SPURS WOMEN // INSIDE HOTSPUR WAY,105,2059,4,@fc_footy,COYS 🤍💯⚽️,1,Tottenham Hotspur Women
CAMCORDER DIARIES: PRE-SEASON WITH SPURS WOMEN // INSIDE HOTSPUR WAY,105,2059,4,@Tottenham_girl21,This the start of a great season to come ❤❤,3,Tottenham Hotspur Women
ROBERT VILAHAMN SIGNS NEW CONTRACT FOR SPURS // INTERVIEW // TOTTENHAM HOTSPUR INTERVIEW,69,874,6,@ollewall,"Great news! Last season was an improvment and the trip to Wembley was special, despite the result...",1,Tottenham Hotspur Women
ROBERT VILAHAMN SIGNS NEW CONTRACT FOR SPURS // INTERVIEW // TOTTENHAM HOTSPUR INTERVIEW,69,874,6,@zo7034,"King Robert, thank you for choosing Spurs and thank you for staying. I'm getting a ST this year thanks to the exciting football you have brought to us. Thank you",2,Tottenham Hotspur Women
ROBERT VILAHAMN SIGNS NEW CONTRACT FOR SPURS // INTERVIEW // TOTTENHAM HOTSPUR INTERVIEW,69,874,6,@TheTiger_TheWolf,I'm so glad his resigned a new contract as he has so much more to give and last season was only the beginning and look how far they got under him in his first reign 🤍,2,Tottenham Hotspur Women
ROBERT VILAHAMN SIGNS NEW CONTRACT FOR SPURS // INTERVIEW // TOTTENHAM HOTSPUR INTERVIEW,69,874,6,@tvgcmma9215,Brilliant news coys,0,Tottenham Hotspur Women
ROBERT VILAHAMN SIGNS NEW CONTRACT FOR SPURS // INTERVIEW // TOTTENHAM HOTSPUR INTERVIEW,69,874,6,@jascunnington,"Excellent news, very much deserved COYS",2,Tottenham Hotspur Women
ROBERT VILAHAMN SIGNS NEW CONTRACT FOR SPURS // INTERVIEW // TOTTENHAM HOTSPUR INTERVIEW,69,874,6,@liya9790,"Excellent manager, can’t wait to see what he does next with this special team, COYS 🤍🤍🤍🤍",5,Tottenham Hotspur Women
DREW SPENCE SIGNS NEW DEAL FOR SPURS // EXCLUSIVE INTERVIEW // TOTTENHAM HOTSPUR WOMEN,46,555,4,@jmurray2018,I love Drew ❤,0,Tottenham Hotspur Women
DREW SPENCE SIGNS NEW DEAL FOR SPURS // EXCLUSIVE INTERVIEW // TOTTENHAM HOTSPUR WOMEN,46,555,4,@TheTiger_TheWolf,I'm super happy she's resigned as she's one incredible talent and has so much more to give 🤍,2,Tottenham Hotspur Women
DREW SPENCE SIGNS NEW DEAL FOR SPURS // EXCLUSIVE INTERVIEW // TOTTENHAM HOTSPUR WOMEN,46,555,4,@sassiqueen1200,🤍🤍🤍 so happy she’s staying,2,Tottenham Hotspur Women
BEHIND-THE-SCENES OF A NEW PLAYER MEDICAL // ELLA MORRIS SIGNS FOR TOTTENHAM HOTSPUR WOMEN,52,779,4,@franciscoarzaga4384,Horrible music,0,Tottenham Hotspur Women
BEHIND-THE-SCENES OF A NEW PLAYER MEDICAL // ELLA MORRIS SIGNS FOR TOTTENHAM HOTSPUR WOMEN,52,779,4,@Matteblak,Excited for the upcoming season!,0,Tottenham Hotspur Women
BEHIND-THE-SCENES OF A NEW PLAYER MEDICAL // ELLA MORRIS SIGNS FOR TOTTENHAM HOTSPUR WOMEN,52,779,4,@liya9790,"Best of luck Ella, can’t wait to see you play! 🤍🤍🤍",0,Tottenham Hotspur Women
BEHIND-THE-SCENES OF A NEW PLAYER MEDICAL // ELLA MORRIS SIGNS FOR TOTTENHAM HOTSPUR WOMEN,52,779,4,@fc_footy,First here! Great to have you at the club Ella! 🤍🙌🤩,3,Tottenham Hotspur Women
EXCLUSIVE INTERVIEW WITH ELLA MORRIS // NEW SIGNING // TOTTENHAM HOTSPUR WOMEN,60,814,2,@AgentLynch616,Welcome. COYS,1,Tottenham Hotspur Women
EXCLUSIVE INTERVIEW WITH ELLA MORRIS // NEW SIGNING // TOTTENHAM HOTSPUR WOMEN,60,814,2,@TheTiger_TheWolf,Welcome to the club Ella Morris 🤍,1,Tottenham Hotspur Women
NEW SIGNING // ELLA MORRIS. SPURS PLAYER. // TOTTENHAM HOTSPUR WOMEN,113,1077,4,@Matteblak,Next season is going to be lit,0,Tottenham Hotspur Women
NEW SIGNING // ELLA MORRIS. SPURS PLAYER. // TOTTENHAM HOTSPUR WOMEN,113,1077,4,@CorinaSilva-o1v,Let us go! Coysss❤,1,Tottenham Hotspur Women
NEW SIGNING // ELLA MORRIS. SPURS PLAYER. // TOTTENHAM HOTSPUR WOMEN,113,1077,4,@ripxdoc,LETS GO 🎉❤,1,Tottenham Hotspur Women
NEW SIGNING // ELLA MORRIS. SPURS PLAYER. // TOTTENHAM HOTSPUR WOMEN,113,1077,4,@spurseditss,welcome ella! can’t wait to see you have a taste at the WSL next season!!🤍 coyssss,1,Tottenham Hotspur Women
BETHANY ENGLAND BUZZING FOR PRE-SEASON 🙌 // TOTTENHAM HOTSPUR WOMEN,290,17114,11,@daveeastcott9323,🤦‍♂️,0,Tottenham Hotspur Women
BETHANY ENGLAND BUZZING FOR PRE-SEASON 🙌 // TOTTENHAM HOTSPUR WOMEN,290,17114,11,@davidstevenson2030,Haaland ?,0,Tottenham Hotspur Women
BETHANY ENGLAND BUZZING FOR PRE-SEASON 🙌 // TOTTENHAM HOTSPUR WOMEN,290,17114,11,@jameswelsh2621,What a joke,0,Tottenham Hotspur Women
BETHANY ENGLAND BUZZING FOR PRE-SEASON 🙌 // TOTTENHAM HOTSPUR WOMEN,290,17114,11,@Jjjajsjsjjsjshshaus,Fukin front wheel skids,0,Tottenham Hotspur Women
BETHANY ENGLAND BUZZING FOR PRE-SEASON 🙌 // TOTTENHAM HOTSPUR WOMEN,290,17114,11,@MARIUS2776,Still stronger than bryan gil,1,Tottenham Hotspur Women
BETHANY ENGLAND BUZZING FOR PRE-SEASON 🙌 // TOTTENHAM HOTSPUR WOMEN,290,17114,11,@crboxing1868,Grim,0,Tottenham Hotspur Women
BETHANY ENGLAND BUZZING FOR PRE-SEASON 🙌 // TOTTENHAM HOTSPUR WOMEN,290,17114,11,@Simon37423,Proper stud,2,Tottenham Hotspur Women
BETHANY ENGLAND BUZZING FOR PRE-SEASON 🙌 // TOTTENHAM HOTSPUR WOMEN,290,17114,11,@ianmaund5223,Molly mcgann innit ?,1,Tottenham Hotspur Women
BETHANY ENGLAND BUZZING FOR PRE-SEASON 🙌 // TOTTENHAM HOTSPUR WOMEN,290,17114,11,@babyj5184,Man,0,Tottenham Hotspur Women
BETHANY ENGLAND BUZZING FOR PRE-SEASON 🙌 // TOTTENHAM HOTSPUR WOMEN,290,17114,11,@nickbeard1718,Who is this new man ?,10,Tottenham Hotspur Women
BETHANY ENGLAND BUZZING FOR PRE-SEASON 🙌 // TOTTENHAM HOTSPUR WOMEN,290,17114,11,@z06dave,Never heard of him,3,Tottenham Hotspur Women
DAY ONE OF PRE-SEASON AT HOTSPUR WAY // THE START OF SPURS' 2024/25 SEASON,82,1486,9,@CorinaSilva-o1v,Come on you Spurs ❤❤,0,Tottenham Hotspur Women
DAY ONE OF PRE-SEASON AT HOTSPUR WAY // THE START OF SPURS' 2024/25 SEASON,82,1486,9,@joelthegrim,COYS🎉🎉🎉,0,Tottenham Hotspur Women
DAY ONE OF PRE-SEASON AT HOTSPUR WAY // THE START OF SPURS' 2024/25 SEASON,82,1486,9,@lennyjames1200,"Beth is a beast, you go girl",0,Tottenham Hotspur Women
DAY ONE OF PRE-SEASON AT HOTSPUR WAY // THE START OF SPURS' 2024/25 SEASON,82,1486,9,@Tottenham_girl21,I told grace clinton too sign for Spurs at the England game,9,Tottenham Hotspur Women
DAY ONE OF PRE-SEASON AT HOTSPUR WAY // THE START OF SPURS' 2024/25 SEASON,82,1486,9,@aijeonline8574,Whose the player in the thumbnail - she doesn’t seem to play,0,Tottenham Hotspur Women
DAY ONE OF PRE-SEASON AT HOTSPUR WAY // THE START OF SPURS' 2024/25 SEASON,82,1486,9,@tottenhamhotspurfp,Come on ladies. ❤❤,0,Tottenham Hotspur Women
DAY ONE OF PRE-SEASON AT HOTSPUR WAY // THE START OF SPURS' 2024/25 SEASON,82,1486,9,@sassiqueen1200,CMONNNN TOTTENHAM,1,Tottenham Hotspur Women
DAY ONE OF PRE-SEASON AT HOTSPUR WAY // THE START OF SPURS' 2024/25 SEASON,82,1486,9,@unknownnnx17.sophie,First,0,Tottenham Hotspur Women
"""WE'RE HAPPY TO BE BACK // PRE-SEASON HAS BEGUN! // TOTTENHAM HOTSPUR WOMEN",126,2249,2,@liya9790,Can’t wait for this season COYS 🤍🤍🤍,0,Tottenham Hotspur Women
"""WE'RE HAPPY TO BE BACK // PRE-SEASON HAS BEGUN! // TOTTENHAM HOTSPUR WOMEN",126,2249,2,@Salmaanmedian,Happy to be back❤,1,Tottenham Hotspur Women
"""MAKING PROGRESS"" // ONE YEAR WITH ROBERT VILAHAMN ✨ // TOTTENHAM HOTSPUR WOMEN",72,442,1,@Arsenal_LionessEditz,Please buy Grace Clinton she's so happy at spurs,0,Tottenham Hotspur Women
AMANDA NILDÉN SIGNS FOR SPURS WOMEN // SIGNING INTERVIEW // TOTTENHAM HOTSPUR WOMEN,113,1566,9,@sandrapatriciaoriguarios4589,"She has some resemblance to Fridolina Rolfo, the way she speaks is quite similar to Frido's. Are they cousins? 😅😅
Nice she is staying at Spurs. Hope she and the club have a great season!",0,Tottenham Hotspur Women
AMANDA NILDÉN SIGNS FOR SPURS WOMEN // SIGNING INTERVIEW // TOTTENHAM HOTSPUR WOMEN,113,1566,9,@zo7034,Grace too then?,1,Tottenham Hotspur Women
AMANDA NILDÉN SIGNS FOR SPURS WOMEN // SIGNING INTERVIEW // TOTTENHAM HOTSPUR WOMEN,113,1566,9,@ServingMyJesus,I am so glad that she is staying.  She is a magnificent player who inspires.  Now to get Grace Clinton permanently.,5,Tottenham Hotspur Women
AMANDA NILDÉN SIGNS FOR SPURS WOMEN // SIGNING INTERVIEW // TOTTENHAM HOTSPUR WOMEN,113,1566,9,@morlar,"Nildén, Neville and Grant is a excellent full back trio for us.",8,Tottenham Hotspur Women
WHEN ADMIN DROPS THE PHONE 👀📲,198,4906,7,@richieschmitz-x4d,Coys❤,1,Tottenham Hotspur Women
WHEN ADMIN DROPS THE PHONE 👀📲,198,4906,7,@katedobson297,COYS,1,Tottenham Hotspur Women
WHEN ADMIN DROPS THE PHONE 👀📲,198,4906,7,@ShadrickMuyengu,You look beautiful ♥️❤,0,Tottenham Hotspur Women
WHEN ADMIN DROPS THE PHONE 👀📲,198,4906,7,@Fabgenshin,Who??,1,Tottenham Hotspur Women
WHEN ADMIN DROPS THE PHONE 👀📲,198,4906,7,@Tottenham_girl21,I was so gassed when I heard the news❤❤,2,Tottenham Hotspur Women
WHEN ADMIN DROPS THE PHONE 👀📲,198,4906,7,@spurseditss,yes amandaaaaa!! just need grace now come on pls sign her permanently it will mean the worlddd🤍🤍,6,Tottenham Hotspur Women
WHEN YOU OVERTHINK❓🤣 // MOLLY & EVELIINA // TOTTENHAM HOTSPUR WOMEN,171,2726,2,@OllieL819,No Boo The Women are Nice,0,Tottenham Hotspur Women
WHEN YOU OVERTHINK❓🤣 // MOLLY & EVELIINA // TOTTENHAM HOTSPUR WOMEN,171,2726,2,@andrewthompson1617,Booooooo,0,Tottenham Hotspur Women
STEAL THE SHOW 📺 // INTRODUCING OUR 2024/25 AWAY KIT // TOTTENHAM HOTSPUR WOMEN,111,1543,2,@Sabeer147,Olga 😍,0,Tottenham Hotspur Women
STEAL THE SHOW 📺 // INTRODUCING OUR 2024/25 AWAY KIT // TOTTENHAM HOTSPUR WOMEN,111,1543,2,@Jackson_lewis_williams,Is it on Nike today or Tottenham app??,2,Tottenham Hotspur Women
Football team or girl band? 🎤⚽️🤣,118,2150,4,@joelthegrim,😂,0,Tottenham Hotspur Women
Football team or girl band? 🎤⚽️🤣,118,2150,4,@sntzksworld,molly was so done with her 😂,0,Tottenham Hotspur Women
Football team or girl band? 🎤⚽️🤣,118,2150,4,@spurseditss,love these girls sm js let grace stay pleaseeeee i’ll do anything,6,Tottenham Hotspur Women
Football team or girl band? 🎤⚽️🤣,118,2150,4,@ripxdoc,i love this team lmao,2,Tottenham Hotspur Women
LIP SYNC BATTLES // 2023/24 SEASON BLOOPERS // TOTTENHAM HOTSPUR WOMEN,167,3884,3,@fc_footy,This was actually hilarious! What a great club! 😂🤍,1,Tottenham Hotspur Women
LIP SYNC BATTLES // 2023/24 SEASON BLOOPERS // TOTTENHAM HOTSPUR WOMEN,167,3884,3,@ServingMyJesus,This is a team and a family.  May it last a very long time.  Unity can win titles.,3,Tottenham Hotspur Women
LIP SYNC BATTLES // 2023/24 SEASON BLOOPERS // TOTTENHAM HOTSPUR WOMEN,167,3884,3,@zo7034,"Never made the cut? 

THIS is the cut",6,Tottenham Hotspur Women
BOX-TO-BOX GOAL // MATILDA VINBERG // TOTTENHAM HOTSPUR WOMEN,106,2899,2,@sassiqueen1200,OUR GIRLS!!!,1,Tottenham Hotspur Women
BOX-TO-BOX GOAL // MATILDA VINBERG // TOTTENHAM HOTSPUR WOMEN,106,2899,2,@madsclarkson9920,Naz assist goes crazy !!,3,Tottenham Hotspur Women
ONE MONTH SINCE FA CUP FINAL // DISPOSABLE CAMERA PICS 📸 // TOTTENHAM HOTSPUR WOMEN,73,1223,1,@fc_footy,Amazing! The pictures look great! ⚽️🤍,1,Tottenham Hotspur Women
BETHANY ENGLAND SCORES GOALS 🤩 // ENGLAND HIGHLIGHTS 2023/24 // TOTTENHAM HOTSPUR WOMEN,153,2841,9,@AngelValdez-nl3sl,Spurs men are better,0,Tottenham Hotspur Women
BETHANY ENGLAND SCORES GOALS 🤩 // ENGLAND HIGHLIGHTS 2023/24 // TOTTENHAM HOTSPUR WOMEN,153,2841,9,@BethanyScott-pi6rz,I love tottenham women's ❤,0,Tottenham Hotspur Women
BETHANY ENGLAND SCORES GOALS 🤩 // ENGLAND HIGHLIGHTS 2023/24 // TOTTENHAM HOTSPUR WOMEN,153,2841,9,@chardonnaylouisewhite7253,❤,2,Tottenham Hotspur Women
BETHANY ENGLAND SCORES GOALS 🤩 // ENGLAND HIGHLIGHTS 2023/24 // TOTTENHAM HOTSPUR WOMEN,153,2841,9,@jmurray2018,Now there’s an England I could watch all day not like that mid table team that played Iceland,2,Tottenham Hotspur Women
BETHANY ENGLAND SCORES GOALS 🤩 // ENGLAND HIGHLIGHTS 2023/24 // TOTTENHAM HOTSPUR WOMEN,153,2841,9,@Oskm6,First comment btw love you spurs❤❤❤,1,Tottenham Hotspur Women
WHAT'S YOUR FAVOURITE MEME? // OUCH CHARLI 😂 // TOTTENHAM HOTSPUR WOMEN,1642,104473,24,@Jayson-xd6vc,Wait Jack for Jamie Johnson is a Pro?!,1,Tottenham Hotspur Women
WHAT'S YOUR FAVOURITE MEME? // OUCH CHARLI 😂 // TOTTENHAM HOTSPUR WOMEN,1642,104473,24,@ervinjonuzi4854,Can I pet that dawg,1,Tottenham Hotspur Women
WHAT'S YOUR FAVOURITE MEME? // OUCH CHARLI 😂 // TOTTENHAM HOTSPUR WOMEN,1642,104473,24,@FinleyDore,Arsenal,1,Tottenham Hotspur Women
WHAT'S YOUR FAVOURITE MEME? // OUCH CHARLI 😂 // TOTTENHAM HOTSPUR WOMEN,1642,104473,24,@Viv-pjofan,CAN I PET DAT DAAAWG,1,Tottenham Hotspur Women
WHAT'S YOUR FAVOURITE MEME? // OUCH CHARLI 😂 // TOTTENHAM HOTSPUR WOMEN,1642,104473,24,@Ellajack-yw5lw,Can I pet that dwag,1,Tottenham Hotspur Women
WHAT'S YOUR FAVOURITE MEME? // OUCH CHARLI 😂 // TOTTENHAM HOTSPUR WOMEN,1642,104473,24,@WilliamP-h1n,Coys,1,Tottenham Hotspur Women
WHAT'S YOUR FAVOURITE MEME? // OUCH CHARLI 😂 // TOTTENHAM HOTSPUR WOMEN,1642,104473,24,@LH7voetballer,I have the power for the 1000 likes,2,Tottenham Hotspur Women
WHAT'S YOUR FAVOURITE MEME? // OUCH CHARLI 😂 // TOTTENHAM HOTSPUR WOMEN,1642,104473,24,@wokenyt8452,I support totenham,1,Tottenham Hotspur Women
WHAT'S YOUR FAVOURITE MEME? // OUCH CHARLI 😂 // TOTTENHAM HOTSPUR WOMEN,1642,104473,24,@APOaandre,Can I pet that dawg,1,Tottenham Hotspur Women
WHAT'S YOUR FAVOURITE MEME? // OUCH CHARLI 😂 // TOTTENHAM HOTSPUR WOMEN,1642,104473,24,@HarryMyles-td1pf,Come on you spurs son❤❤❤,1,Tottenham Hotspur Women
WHAT'S YOUR FAVOURITE MEME? // OUCH CHARLI 😂 // TOTTENHAM HOTSPUR WOMEN,1642,104473,24,@georgiaplays-AFL,Charlie grant🩷🩷🩷 Aussies on top,1,Tottenham Hotspur Women
WHAT'S YOUR FAVOURITE MEME? // OUCH CHARLI 😂 // TOTTENHAM HOTSPUR WOMEN,1642,104473,24,@lucienbaiye2124,Jack Mitchell,1,Tottenham Hotspur Women
WHAT'S YOUR FAVOURITE MEME? // OUCH CHARLI 😂 // TOTTENHAM HOTSPUR WOMEN,1642,104473,24,@ClementineSwainson-hf1mg,Jack from jamie johnson,2,Tottenham Hotspur Women
WHAT'S YOUR FAVOURITE MEME? // OUCH CHARLI 😂 // TOTTENHAM HOTSPUR WOMEN,1642,104473,24,@mahra18649,I swear they sound like my elementary Irish teachers,1,Tottenham Hotspur Women
WHAT'S YOUR FAVOURITE MEME? // OUCH CHARLI 😂 // TOTTENHAM HOTSPUR WOMEN,1642,104473,24,@thef1guy88,My name is Charlie 😂,1,Tottenham Hotspur Women
WHAT'S YOUR FAVOURITE MEME? // OUCH CHARLI 😂 // TOTTENHAM HOTSPUR WOMEN,1642,104473,24,@ILove5iveGuys,CAN I PET THAT DAWG?,10,Tottenham Hotspur Women
WHAT'S YOUR FAVOURITE MEME? // OUCH CHARLI 😂 // TOTTENHAM HOTSPUR WOMEN,1642,104473,24,@HabeebBaruwa,"Jamie Johnson cast member
No one knows why this is top comment",11,Tottenham Hotspur Women
WHAT'S YOUR FAVOURITE MEME? // OUCH CHARLI 😂 // TOTTENHAM HOTSPUR WOMEN,1642,104473,24,@PeggyManu-l8e,Only 2 comments,1,Tottenham Hotspur Women
WHAT'S YOUR FAVOURITE MEME? // OUCH CHARLI 😂 // TOTTENHAM HOTSPUR WOMEN,1642,104473,24,@FrankFootballking,Spurs let’s goooooo,4,Tottenham Hotspur Women
WHAT'S YOUR FAVOURITE MEME? // OUCH CHARLI 😂 // TOTTENHAM HOTSPUR WOMEN,1642,104473,24,@BethanyScott-pi6rz,There are all funny 😂😂❤❤,15,Tottenham Hotspur Women
EVERY GOAL OF 2023/24 // TOTTENHAM HOTSPUR WOMEN,71,1158,4,@nkennaokoye1336,"That Nld celebration from Martha Thomas...
Looks iconic",0,Tottenham Hotspur Women
EVERY GOAL OF 2023/24 // TOTTENHAM HOTSPUR WOMEN,71,1158,4,@NBP722,Well done this season ladies!!  COYS!!!,2,Tottenham Hotspur Women
EVERY GOAL OF 2023/24 // TOTTENHAM HOTSPUR WOMEN,71,1158,4,@sassiqueen1200,what a season this has been to witness as a fan....love these players...love this team. COYS. rest up and we'll see you again late september <3,2,Tottenham Hotspur Women
EVERY GOAL OF 2023/24 // TOTTENHAM HOTSPUR WOMEN,71,1158,4,@liya9790,Congrats on an amazing season ladies! 🤍🤍🤍,2,Tottenham Hotspur Women
JESS NAZ COOKING GOALS // 2023/24 PLAYER HIGHLIGHTS // TOTTENHAM HOTSPUR WOMEN,37,1212,2,@franciscoarzaga4384,Who is she? Former cook ?,0,Tottenham Hotspur Women
JESS NAZ COOKING GOALS // 2023/24 PLAYER HIGHLIGHTS // TOTTENHAM HOTSPUR WOMEN,37,1212,2,@Sabeer147,"Jezz Nas is 💎.
Not only goals videos upload important passes , assists , tackling of players of us 🤍
COYS",4,Tottenham Hotspur Women
STAR FORWARD SIGNS NEW DEAL // NEW CONTRACT: JESSICA NAZ // TOTTENHAM HOTSPUR WOMEN,49,608,8,@Greeny1308,Well done Jess thouroughly deserved.,0,Tottenham Hotspur Women
STAR FORWARD SIGNS NEW DEAL // NEW CONTRACT: JESSICA NAZ // TOTTENHAM HOTSPUR WOMEN,49,608,8,@Tottenham_girl21,Let her cook for another season ❤❤,0,Tottenham Hotspur Women
STAR FORWARD SIGNS NEW DEAL // NEW CONTRACT: JESSICA NAZ // TOTTENHAM HOTSPUR WOMEN,49,608,8,@ServingMyJesus,That is fantastic news.  There is only one Jessie Naz...,0,Tottenham Hotspur Women
STAR FORWARD SIGNS NEW DEAL // NEW CONTRACT: JESSICA NAZ // TOTTENHAM HOTSPUR WOMEN,49,608,8,@user_use_her,She s from Arsenal btw... Ur welcome,0,Tottenham Hotspur Women
STAR FORWARD SIGNS NEW DEAL // NEW CONTRACT: JESSICA NAZ // TOTTENHAM HOTSPUR WOMEN,49,608,8,@spurseditss,GET INNNNN COYSSSSS NOW WE JUST NEED TO GET GRACE TO PUT PEN ON PAPER,7,Tottenham Hotspur Women
HERE FOR THE MEMES 🤣 // BETHANY ENGLAND // TOTTENHAM HOTSPUR WOMEN,687,28763,13,@Vaston_Bs,Can you tell him she is too good on eafc,0,Tottenham Hotspur Women
HERE FOR THE MEMES 🤣 // BETHANY ENGLAND // TOTTENHAM HOTSPUR WOMEN,687,28763,13,@luvsauge,"whats up brother, tuesday tuesday",1,Tottenham Hotspur Women
HERE FOR THE MEMES 🤣 // BETHANY ENGLAND // TOTTENHAM HOTSPUR WOMEN,687,28763,13,@tommysherman7155,Barnsley born and bred,1,Tottenham Hotspur Women
HERE FOR THE MEMES 🤣 // BETHANY ENGLAND // TOTTENHAM HOTSPUR WOMEN,687,28763,13,@I2Afootball,Wow man this sheikh was just doing a interview and now he has become a meme very sad man,1,Tottenham Hotspur Women
HERE FOR THE MEMES 🤣 // BETHANY ENGLAND // TOTTENHAM HOTSPUR WOMEN,687,28763,13,@Lenboy45edits,The way she is so confident,4,Tottenham Hotspur Women
HERE FOR THE MEMES 🤣 // BETHANY ENGLAND // TOTTENHAM HOTSPUR WOMEN,687,28763,13,@AuroraEley,I support arsenal srry 😂😂,2,Tottenham Hotspur Women
HERE FOR THE MEMES 🤣 // BETHANY ENGLAND // TOTTENHAM HOTSPUR WOMEN,687,28763,13,@B4sicyt,😐,1,Tottenham Hotspur Women
HERE FOR THE MEMES 🤣 // BETHANY ENGLAND // TOTTENHAM HOTSPUR WOMEN,687,28763,13,@biggee2537,Your all mad as 🤪,2,Tottenham Hotspur Women
HERE FOR THE MEMES 🤣 // BETHANY ENGLAND // TOTTENHAM HOTSPUR WOMEN,687,28763,13,@Tottenham_girl21,Yess Beth❤❤😂😂,8,Tottenham Hotspur Women
HERE FOR THE MEMES 🤣 // BETHANY ENGLAND // TOTTENHAM HOTSPUR WOMEN,687,28763,13,@Merrylegz,GO SPURS WOMEN!!!,13,Tottenham Hotspur Women
CELIN BIZET // GOAL CELEBRATIONS 🤜 // TOTTENHAM HOTSPUR WOMEN,247,5060,5,@Mickyvandevanforlife,Miss her,2,Tottenham Hotspur Women
CELIN BIZET // GOAL CELEBRATIONS 🤜 // TOTTENHAM HOTSPUR WOMEN,247,5060,5,@sandrapatriciaoriguarios4589,Amazing player! Celebs are so cool!,3,Tottenham Hotspur Women
CELIN BIZET // GOAL CELEBRATIONS 🤜 // TOTTENHAM HOTSPUR WOMEN,247,5060,5,@liya9790,👑,2,Tottenham Hotspur Women
CELIN BIZET // GOAL CELEBRATIONS 🤜 // TOTTENHAM HOTSPUR WOMEN,247,5060,5,@lunakim1021,❤,3,Tottenham Hotspur Women
CELIN BIZET // GOAL CELEBRATIONS 🤜 // TOTTENHAM HOTSPUR WOMEN,247,5060,5,@LozzyPezza,A Great Football Player 😁😁😁🫶🏻🙏🏻💫👍🏻👍🏻👏🏻👏🏻🤟🏻👊🏻,4,Tottenham Hotspur Women
TOTTENHAM HOTSPUR 3-1 WEST HAM // MATCHDAY UNCUT // BEHIND THE SCENES AT TOTTENHAM HOTSPUR STADIUM,94,1950,9,@jess0894,"I was here watching this for my birthday, I’m so proud of u girls! 3-1 was amazing and I can’t believe I watched my first ever football game and Tottenham win! COYSS",1,Tottenham Hotspur Women
TOTTENHAM HOTSPUR 3-1 WEST HAM // MATCHDAY UNCUT // BEHIND THE SCENES AT TOTTENHAM HOTSPUR STADIUM,94,1950,9,@mikerochburns4104,Celebrating to all 7 fans in the stadium.,0,Tottenham Hotspur Women
TOTTENHAM HOTSPUR 3-1 WEST HAM // MATCHDAY UNCUT // BEHIND THE SCENES AT TOTTENHAM HOTSPUR STADIUM,94,1950,9,@sassiqueen1200,"LET'S GOOOOO, COYS <3",0,Tottenham Hotspur Women
TOTTENHAM HOTSPUR 3-1 WEST HAM // MATCHDAY UNCUT // BEHIND THE SCENES AT TOTTENHAM HOTSPUR STADIUM,94,1950,9,@garywallace8521,"We need to sign Clinton,she’s been the one to make things tick. Sorely missed at the cup final.",1,Tottenham Hotspur Women
TOTTENHAM HOTSPUR 3-1 WEST HAM // MATCHDAY UNCUT // BEHIND THE SCENES AT TOTTENHAM HOTSPUR STADIUM,94,1950,9,@Warriors..570,Myself a big fan of Tottenham from Asia. Japan and Korea are my favourite.if sign some players from either Japan or korea in spurs women team i would be more happy.,1,Tottenham Hotspur Women
TOTTENHAM HOTSPUR 3-1 WEST HAM // MATCHDAY UNCUT // BEHIND THE SCENES AT TOTTENHAM HOTSPUR STADIUM,94,1950,9,@liya9790,"Congrats ladies, can’t wait for next season! 🤍🤍",0,Tottenham Hotspur Women
TOTTENHAM HOTSPUR 3-1 WEST HAM // MATCHDAY UNCUT // BEHIND THE SCENES AT TOTTENHAM HOTSPUR STADIUM,94,1950,9,@jocee569,"Have greatly enjoyed following the team through these videos. Please continue. Congrats to the team, and COYS.",4,Tottenham Hotspur Women
TOTTENHAM HOTSPUR 3-1 WEST HAM // MATCHDAY UNCUT // BEHIND THE SCENES AT TOTTENHAM HOTSPUR STADIUM,94,1950,9,@lilly_2833,This team 💕,1,Tottenham Hotspur Women
TOTTENHAM HOTSPUR 3-1 WEST HAM // MATCHDAY UNCUT // BEHIND THE SCENES AT TOTTENHAM HOTSPUR STADIUM,94,1950,9,@Tottenham_girl21,Great season girls❤❤,2,Tottenham Hotspur Women
GOAL OF THE SEASON ⚽️ // MARTHA THOMAS SCORING NORTH LONDON DERBY WINNER // TOTTENHAM HOTSPUR WOMEN,138,2873,7,@fraouimadjid1886,rien de spécial,0,Tottenham Hotspur Women
GOAL OF THE SEASON ⚽️ // MARTHA THOMAS SCORING NORTH LONDON DERBY WINNER // TOTTENHAM HOTSPUR WOMEN,138,2873,7,@Sabeer147,"There is so many good goals than this.
Idk 
Why we are obsessed with rivalry.when we started comparing 

Small clubs will do that .
If we have to be great club we have to be stop these silly things.",1,Tottenham Hotspur Women
GOAL OF THE SEASON ⚽️ // MARTHA THOMAS SCORING NORTH LONDON DERBY WINNER // TOTTENHAM HOTSPUR WOMEN,138,2873,7,@LozzyPezza,The assist & build up was better but a goal is a goal at the end of the day & it was against Our London rivals 😁😁😁🫶🏻🙏🏻💫👍🏻👍🏻🤟🏻👏🏻👏🏻👊🏻,3,Tottenham Hotspur Women
GOAL OF THE SEASON ⚽️ // MARTHA THOMAS SCORING NORTH LONDON DERBY WINNER // TOTTENHAM HOTSPUR WOMEN,138,2873,7,@epa0090,Boring.,1,Tottenham Hotspur Women
GOAL OF THE SEASON ⚽️ // MARTHA THOMAS SCORING NORTH LONDON DERBY WINNER // TOTTENHAM HOTSPUR WOMEN,138,2873,7,@Sausage1958,What a dull goal.,4,Tottenham Hotspur Women
THRILLING GOALS IN LONDON DERBY VICTORY // HIGHLIGHTS: SPURS 3-1 WEST HAM // TOTTENHAM HOTSPUR WOMEN,110,2411,6,@saf2450,watching that third goal in person was incredible! well done girls!,2,Tottenham Hotspur Women
THRILLING GOALS IN LONDON DERBY VICTORY // HIGHLIGHTS: SPURS 3-1 WEST HAM // TOTTENHAM HOTSPUR WOMEN,110,2411,6,@jeffstevens4262,"I love what the Spurs girls have done this season and I'm looking forward to the next one which we can really build on, better & stronger. COYS!!!  🙋‍♂",3,Tottenham Hotspur Women
THRILLING GOALS IN LONDON DERBY VICTORY // HIGHLIGHTS: SPURS 3-1 WEST HAM // TOTTENHAM HOTSPUR WOMEN,110,2411,6,@TranCeFORM3R,So happy to see Charlie Grant on the first 11,2,Tottenham Hotspur Women
THRILLING GOALS IN LONDON DERBY VICTORY // HIGHLIGHTS: SPURS 3-1 WEST HAM // TOTTENHAM HOTSPUR WOMEN,110,2411,6,@zo7034,"Absolutely loved going to this one, especially the post match awards and half lap of appreciation.

But when will Season Tickets be available for next season?",2,Tottenham Hotspur Women
THRILLING GOALS IN LONDON DERBY VICTORY // HIGHLIGHTS: SPURS 3-1 WEST HAM // TOTTENHAM HOTSPUR WOMEN,110,2411,6,@Tottenham_girl21,Yes girls ❤❤,1,Tottenham Hotspur Women
"""I'M SO HAPPY TO BE HERE"" - JESSICA NAZ // TOTTENHAM HOTSPUR WOMEN",153,2412,7,@davidmcgeoch9387,Well done ⚪️👍,0,Tottenham Hotspur Women
"""I'M SO HAPPY TO BE HERE"" - JESSICA NAZ // TOTTENHAM HOTSPUR WOMEN",153,2412,7,@CharlotteBeveridge-lv3ch,Jess has been cooking all season! coys ⚽️ 🤍 💙,4,Tottenham Hotspur Women
"""I'M SO HAPPY TO BE HERE"" - JESSICA NAZ // TOTTENHAM HOTSPUR WOMEN",153,2412,7,@lunakim1021,❤,1,Tottenham Hotspur Women
"""I'M SO HAPPY TO BE HERE"" - JESSICA NAZ // TOTTENHAM HOTSPUR WOMEN",153,2412,7,@Tottenham_girl21,Jess 🔛🔝❤❤,4,Tottenham Hotspur Women
"""I'M SO HAPPY TO BE HERE"" - JESSICA NAZ // TOTTENHAM HOTSPUR WOMEN",153,2412,7,@chardonnaylouisewhite7253,What a baller ❤,1,Tottenham Hotspur Women
"""I'M SO HAPPY TO BE HERE"" - JESSICA NAZ // TOTTENHAM HOTSPUR WOMEN",153,2412,7,@unknownnnx17.sophie,What an amazing jess,4,Tottenham Hotspur Women
"""I'M SO HAPPY TO BE HERE"" - JESSICA NAZ // TOTTENHAM HOTSPUR WOMEN",153,2412,7,@vspurstv6013,What a baller,7,Tottenham Hotspur Women
LAST TRAINING WEEK OF 2023/2024 // TOTTENHAM HOTSPUR WOMEN,59,1434,3,@ServingMyJesus,"Can we keep Amanda and Grace, please?  We need them both.",3,Tottenham Hotspur Women
LAST TRAINING WEEK OF 2023/2024 // TOTTENHAM HOTSPUR WOMEN,59,1434,3,@Tottenham_girl21,Cmon girls let’s go out there and finish the season with a bang ❤❤,1,Tottenham Hotspur Women
LAST TRAINING WEEK OF 2023/2024 // TOTTENHAM HOTSPUR WOMEN,59,1434,3,@TheTiger_TheWolf,"Last home game of the season at the greatest football stadium in the football today, Tottenham Hotspur Stadium. Let's pick up the final 3 points COYS 🤍",3,Tottenham Hotspur Women
CELIN BIZET SKILL 🔥 // TOTTENHAM HOTSPUR WOMEN,365,16948,5,@anesublessingchawonza2118,Savage 😂,1,Tottenham Hotspur Women
CELIN BIZET SKILL 🔥 // TOTTENHAM HOTSPUR WOMEN,365,16948,5,@ScarlAGrecords,"Celine p,oh Jeuss Christ a motto bye dude",0,Tottenham Hotspur Women
CELIN BIZET SKILL 🔥 // TOTTENHAM HOTSPUR WOMEN,365,16948,5,@sandrapatriciaoriguarios4589,Erin pushes Celin and Celin is like: you pushed me? Take this!,2,Tottenham Hotspur Women
CELIN BIZET SKILL 🔥 // TOTTENHAM HOTSPUR WOMEN,365,16948,5,@chardonnaylouisewhite7253,cELIN IS AMAZING,4,Tottenham Hotspur Women
CELIN BIZET SKILL 🔥 // TOTTENHAM HOTSPUR WOMEN,365,16948,5,@omanduhuislife3367,Epic😮👏👊,2,Tottenham Hotspur Women
NARROW DEFEAT IN LONDON DERBY // HIGHLIGHTS: SPURS 0-1 CHELSEA // WOMEN'S SUPER LEAGUE,24,1068,3,@tottenhamhotspurfp,"Up the spurs. 🤍🤍 
We go again next time",0,Tottenham Hotspur Women
NARROW DEFEAT IN LONDON DERBY // HIGHLIGHTS: SPURS 0-1 CHELSEA // WOMEN'S SUPER LEAGUE,24,1068,3,@ThomasBodlos,Tottenham 😂😂😂😂😂😂😂😂😂😂😂😂😂😂😂😂😂😂😂😂😂😂😂😂😂😂😂😂😂😂😂😂😂😂😂😂😂😂😂😂😂😂😂😂😂😂😂😂😂😂😂😂😂😂😂😂😂😂😂😂😂😂,0,Tottenham Hotspur Women
THIS IS JUST THE BEGINNING 🤍 // TOTTENHAM HOTSPUR WOMEN,227,3210,12,@hayleyleadbitter6459,I love you Tottenham women I love you so much😂😊,2,Tottenham Hotspur Women
THIS IS JUST THE BEGINNING 🤍 // TOTTENHAM HOTSPUR WOMEN,227,3210,12,@LozzyPezza,Well Done Girls 🫶🏻🙏🏻💫👍🏻👍🏻🤟🏻👏🏻👏🏻👊🏻COYS next season,1,Tottenham Hotspur Women
THIS IS JUST THE BEGINNING 🤍 // TOTTENHAM HOTSPUR WOMEN,227,3210,12,@HDgodfrey,"Loving the growth and the group. Keep up the hard work, girls! I am so proud to be a SPURS supporter when I watch you.",1,Tottenham Hotspur Women
THIS IS JUST THE BEGINNING 🤍 // TOTTENHAM HOTSPUR WOMEN,227,3210,12,@chardonnaylouisewhite7253,A true captain ❤,1,Tottenham Hotspur Women
THIS IS JUST THE BEGINNING 🤍 // TOTTENHAM HOTSPUR WOMEN,227,3210,12,@lorduxzweedstoned5075,"M proud of u all.
Victory wont come easy.Its a journey.Learn from it n b better.
NOBODY EXPECTED THT U WOULD B IN THE FINAL BUT U ALL DID IT.
MAJOR N MASSIVE ACHIVEMENT.❤❤❤

❤❤❤",4,Tottenham Hotspur Women
THIS IS JUST THE BEGINNING 🤍 // TOTTENHAM HOTSPUR WOMEN,227,3210,12,@lenworth11,Beautiful ... Great girls !! Feeĺ very proud of them .. the way they express themselves shows their true beauty & strength & somehow is something bigger than winning or losing. I was there & they played so well .. THIS gives a very special start to my day !!,4,Tottenham Hotspur Women
THIS IS JUST THE BEGINNING 🤍 // TOTTENHAM HOTSPUR WOMEN,227,3210,12,@sandrapatriciaoriguarios4589,First time at Wembley and hopefully the first of many! Go Spurs!,3,Tottenham Hotspur Women
THIS IS JUST THE BEGINNING 🤍 // TOTTENHAM HOTSPUR WOMEN,227,3210,12,@Gamingspurs,It’s a shame we lost but we did well to even get there,6,Tottenham Hotspur Women
THIS IS JUST THE BEGINNING 🤍 // TOTTENHAM HOTSPUR WOMEN,227,3210,12,@BethanyScott-pi6rz,Unlucky girls ❤,4,Tottenham Hotspur Women
THIS IS JUST THE BEGINNING 🤍 // TOTTENHAM HOTSPUR WOMEN,227,3210,12,@NBP722,COYS!,4,Tottenham Hotspur Women
THIS IS JUST THE BEGINNING 🤍 // TOTTENHAM HOTSPUR WOMEN,227,3210,12,@spurseditss,unfortunate loss girls i was there till full time because we came so far no way im leaving early and it was only my 2nd time at wembley cannot wait to see what big robert v has got in him next season also SIGN GRACEEEEE,5,Tottenham Hotspur Women
THIS IS JUST THE BEGINNING 🤍 // TOTTENHAM HOTSPUR WOMEN,227,3210,12,@sophiamossacosta7870,"It was an unlucky loss ,you came so far🥰",7,Tottenham Hotspur Women
⏪ MARTHA THOMAS' FIRST GOAL FOR SPURS AGAINST CHELSEA 🔥 // TOTTENHAM HOTSPUR WOMEN,67,949,3,@hollie2086,🎉🎉🎉🎉,0,Tottenham Hotspur Women
⏪ MARTHA THOMAS' FIRST GOAL FOR SPURS AGAINST CHELSEA 🔥 // TOTTENHAM HOTSPUR WOMEN,67,949,3,@elenuzzaaaa,😊,4,Tottenham Hotspur Women
⏪ MARTHA THOMAS' FIRST GOAL FOR SPURS AGAINST CHELSEA 🔥 // TOTTENHAM HOTSPUR WOMEN,67,949,3,@BethanyScott-pi6rz,What a goal from thomas ❤,4,Tottenham Hotspur Women
FA CUP FINAL HIGHLIGHTS // MAN UTD 4-0 TOTTENHAM HOTSPUR WOMEN,79,4706,12,@seweratas,0 shots on target is embarrassing,1,Tottenham Hotspur Women
FA CUP FINAL HIGHLIGHTS // MAN UTD 4-0 TOTTENHAM HOTSPUR WOMEN,79,4706,12,@ThomasBodlos,Tottenham 😂😂😂😂😂😂😂😂😂😂😂😂😂😂😂😂😂😂😂😂😂😂😂😂😂😂😂😂😂😂😂😂😂😂😂😂😂😂😂😂😂😂😂😂😂😂😂😂😂😂😂😂😂😂😂😂😂😂😂😂😂😂😂😂😂,1,Tottenham Hotspur Women
FA CUP FINAL HIGHLIGHTS // MAN UTD 4-0 TOTTENHAM HOTSPUR WOMEN,79,4706,12,@alanwood4968,"Jeezy Peeps show this to Manchester United men, if this doesn't inspire them nothing will.",1,Tottenham Hotspur Women
FA CUP FINAL HIGHLIGHTS // MAN UTD 4-0 TOTTENHAM HOTSPUR WOMEN,79,4706,12,@hermanoshaapopi9856,STILL LOVE YOU ALL WE GO AGAIN ❤,1,Tottenham Hotspur Women
FA CUP FINAL HIGHLIGHTS // MAN UTD 4-0 TOTTENHAM HOTSPUR WOMEN,79,4706,12,@Tottenham_girl21,Unlucky girls we’ll be back next year ❤❤❤,2,Tottenham Hotspur Women
FA CUP FINAL HIGHLIGHTS // MAN UTD 4-0 TOTTENHAM HOTSPUR WOMEN,79,4706,12,@Paddywack-w3q,"Congs great effort Toone,williams and Gacia",2,Tottenham Hotspur Women
FA CUP FINAL HIGHLIGHTS // MAN UTD 4-0 TOTTENHAM HOTSPUR WOMEN,79,4706,12,@lloydy68,"Two teams who were promoted at the same time look light years apart, too many average players in our squad.",3,Tottenham Hotspur Women
FA CUP FINAL HIGHLIGHTS // MAN UTD 4-0 TOTTENHAM HOTSPUR WOMEN,79,4706,12,@JohnFrenzy,"It's not the end, it's new beginning.",9,Tottenham Hotspur Women
FA CUP FINAL HIGHLIGHTS // MAN UTD 4-0 TOTTENHAM HOTSPUR WOMEN,79,4706,12,@zo7034,"Getting to an FA Cup Final in the first year of this rebuild is an achievement in itself. The girls have done themselves, the club and the fans proud. The atmosphere was electric throughout and this is an amazing foundational year to build from. COYS",15,Tottenham Hotspur Women
FA CUP FINAL HIGHLIGHTS // MAN UTD 4-0 TOTTENHAM HOTSPUR WOMEN,79,4706,12,@E.......1971,"Proud of you! 
COYS!",12,Tottenham Hotspur Women
FA CUP FINAL HIGHLIGHTS // MAN UTD 4-0 TOTTENHAM HOTSPUR WOMEN,79,4706,12,@jocee569,Still so proud.  Great season.  COYS.,19,Tottenham Hotspur Women
THE ROUTE TO WEMBLEY // FA CUP FINAL // TOTTENHAM HOTSPUR WOMEN,115,1731,8,@Guddu-ff2pw,❤❤ nice 👍,0,Tottenham Hotspur Women
THE ROUTE TO WEMBLEY // FA CUP FINAL // TOTTENHAM HOTSPUR WOMEN,115,1731,8,@leonrogers8568,"Unlucky, Super Tottenham. You did us proud. Keep your heads up high. You are all so strong ❤❤❤❤",0,Tottenham Hotspur Women
THE ROUTE TO WEMBLEY // FA CUP FINAL // TOTTENHAM HOTSPUR WOMEN,115,1731,8,@BethanyScott-pi6rz,I was cry because you lose ❤❤😢😢,0,Tottenham Hotspur Women
THE ROUTE TO WEMBLEY // FA CUP FINAL // TOTTENHAM HOTSPUR WOMEN,115,1731,8,@Tottenham_girl21,Unlucky girls❤❤ we will win it next year,1,Tottenham Hotspur Women
THE ROUTE TO WEMBLEY // FA CUP FINAL // TOTTENHAM HOTSPUR WOMEN,115,1731,8,@teamtempest844,White shorts like the men.,0,Tottenham Hotspur Women
THE ROUTE TO WEMBLEY // FA CUP FINAL // TOTTENHAM HOTSPUR WOMEN,115,1731,8,@adamber4088,Come on spurs,0,Tottenham Hotspur Women
THE ROUTE TO WEMBLEY // FA CUP FINAL // TOTTENHAM HOTSPUR WOMEN,115,1731,8,@spurseditss,COYS in box park rn gonna go in the stadium soon🤍🤍,1,Tottenham Hotspur Women
THE ROUTE TO WEMBLEY // FA CUP FINAL // TOTTENHAM HOTSPUR WOMEN,115,1731,8,@KatelynBroom-fd4wb,COYS,0,Tottenham Hotspur Women
ASHLEIGH NEVILLE ON PROMOTION TO FA CUP FINAL // INSIDE SPURS // TOTTENHAM HOTSPUR WOMEN,50,1220,7,@leonrogers8568,"I'm so proud of you, Girls! Not the result we wanted but you all showed great fight and determination. Keep your heads up and keep fighting! I love you so much, Super Tottenham! ❤❤",0,Tottenham Hotspur Women
ASHLEIGH NEVILLE ON PROMOTION TO FA CUP FINAL // INSIDE SPURS // TOTTENHAM HOTSPUR WOMEN,50,1220,7,@KitzlerM.Dietrich,This dude's questions are rather for a toddler. Not serious,0,Tottenham Hotspur Women
ASHLEIGH NEVILLE ON PROMOTION TO FA CUP FINAL // INSIDE SPURS // TOTTENHAM HOTSPUR WOMEN,50,1220,7,@franciscoarzaga4384,Why is she trying to look like a man,0,Tottenham Hotspur Women
ASHLEIGH NEVILLE ON PROMOTION TO FA CUP FINAL // INSIDE SPURS // TOTTENHAM HOTSPUR WOMEN,50,1220,7,@indianastones6032,"Listen to Beth Englands team talk... ""Play the game, not the occassion"". Good luck ladies!!",1,Tottenham Hotspur Women
ASHLEIGH NEVILLE ON PROMOTION TO FA CUP FINAL // INSIDE SPURS // TOTTENHAM HOTSPUR WOMEN,50,1220,7,@ServingMyJesus,Ash Neville plays with so much passion for us.  She IS a THFC player.,2,Tottenham Hotspur Women
ASHLEIGH NEVILLE ON PROMOTION TO FA CUP FINAL // INSIDE SPURS // TOTTENHAM HOTSPUR WOMEN,50,1220,7,@RebeccaJackson-o3t,She is a legend and huge part of spurs history x,4,Tottenham Hotspur Women
OUR PART IN HISTORY 🤍 // TOTTENHAM HOTSPUR WOMEN,167,1406,4,@berlin6061,COYSW🎉🎉🎉,3,Tottenham Hotspur Women
OUR PART IN HISTORY 🤍 // TOTTENHAM HOTSPUR WOMEN,167,1406,4,@chardonnaylouisewhite7253,Come on bring it home,3,Tottenham Hotspur Women
OUR PART IN HISTORY 🤍 // TOTTENHAM HOTSPUR WOMEN,167,1406,4,@Tottenham_girl21,Let’s go out there and win this ❤️❤️❤️,5,Tottenham Hotspur Women
OUR PART IN HISTORY 🤍 // TOTTENHAM HOTSPUR WOMEN,167,1406,4,@almorgan68,Cmon girls show the men's first team how's it's done,6,Tottenham Hotspur Women
ROBERT VILAHAMN'S MESSAGE TO THE FANS 🤍 // FA CUP FINAL // TOTTENHAM HOTSPUR WOMEN,81,1075,1,@Tottenham_girl21,I won’t be cheering as loud bc I’m sat in the united end 😢😢,3,Tottenham Hotspur Women
EXCLUSIVE INTERVIEW AHEAD OF FA CUP FINAL // ROBERT VILAHAMN // TOTTENHAM HOTSPUR WOMEN,51,612,6,@ESPirits87,Robert seems like a very humble and nice guy.,2,Tottenham Hotspur Women
EXCLUSIVE INTERVIEW AHEAD OF FA CUP FINAL // ROBERT VILAHAMN // TOTTENHAM HOTSPUR WOMEN,51,612,6,@indianastones6032,"""Play the game, not the occassion."" Beth England. Words to play by!",3,Tottenham Hotspur Women
EXCLUSIVE INTERVIEW AHEAD OF FA CUP FINAL // ROBERT VILAHAMN // TOTTENHAM HOTSPUR WOMEN,51,612,6,@ServingMyJesus,"I really hope that he is allowed to sign Amanda Nilden and Grace Clinton permenantly.  They are a part of this great team that Robert Vilahan is making.  Amanda can play in the final but unfortunately Grace can only watch from the sidelines.  I feel for Grace, but next year, as one of ours, she can help Spurs to greater things.",3,Tottenham Hotspur Women
SPURSBOX 📺 // OUR JOURNEY TO THE FA CUP FINAL // TOTTENHAM HOTSPUR WOMEN,194,5024,22,@SimonDover,"Great team, great players. Some of my favourites. You might have won it, but for an angry Tooney.
But she was angry because of last year. Lesson there.",0,Tottenham Hotspur Women
SPURSBOX 📺 // OUR JOURNEY TO THE FA CUP FINAL // TOTTENHAM HOTSPUR WOMEN,194,5024,22,@chardonnaylouisewhite7253,❤,0,Tottenham Hotspur Women
SPURSBOX 📺 // OUR JOURNEY TO THE FA CUP FINAL // TOTTENHAM HOTSPUR WOMEN,194,5024,22,@Bushra096,my first time hearing amy voice 😭 it’s so soft don’t match her image,0,Tottenham Hotspur Women
SPURSBOX 📺 // OUR JOURNEY TO THE FA CUP FINAL // TOTTENHAM HOTSPUR WOMEN,194,5024,22,@trappinaintdeadyourjustsca5506,Damn the eye candy on show 3 from the first 1 from the second squad,0,Tottenham Hotspur Women
SPURSBOX 📺 // OUR JOURNEY TO THE FA CUP FINAL // TOTTENHAM HOTSPUR WOMEN,194,5024,22,@neil_g78,"Win, lose or draw  these girls have been fantastic for our club this season and proud of each and every one of them...history makers",2,Tottenham Hotspur Women
SPURSBOX 📺 // OUR JOURNEY TO THE FA CUP FINAL // TOTTENHAM HOTSPUR WOMEN,194,5024,22,@lycanoftheunderworldselene,"Spurs are on their way to Wembley 
The oppositions net will explode 
No one can stop them 
The girls of Tottenham 
The girls from Brisbane Road",1,Tottenham Hotspur Women
SPURSBOX 📺 // OUR JOURNEY TO THE FA CUP FINAL // TOTTENHAM HOTSPUR WOMEN,194,5024,22,@indianastones6032,"Good luck ladies!! Remember what beth said ""play the game, not the occassion!"" .",1,Tottenham Hotspur Women
SPURSBOX 📺 // OUR JOURNEY TO THE FA CUP FINAL // TOTTENHAM HOTSPUR WOMEN,194,5024,22,@Greeny1308,"It's been a fantastic journey. One more stop to go. COYS, bring it home on Sunday.
We've shown that we can match, even beat united.",1,Tottenham Hotspur Women
SPURSBOX 📺 // OUR JOURNEY TO THE FA CUP FINAL // TOTTENHAM HOTSPUR WOMEN,194,5024,22,@KPVTHEJUDGMENTDAYWWE,COYS,1,Tottenham Hotspur Women
SPURSBOX 📺 // OUR JOURNEY TO THE FA CUP FINAL // TOTTENHAM HOTSPUR WOMEN,194,5024,22,@DAW50N237,"You can just sense the togetherness in the group, it’s been a long season but the way this group has grown has been a joy to see, can’t wait to be there in attendance on Sunday to hopefully watch some more history being made",2,Tottenham Hotspur Women
SPURSBOX 📺 // OUR JOURNEY TO THE FA CUP FINAL // TOTTENHAM HOTSPUR WOMEN,194,5024,22,@tabbycats8745,Good luck ❤,1,Tottenham Hotspur Women
SPURSBOX 📺 // OUR JOURNEY TO THE FA CUP FINAL // TOTTENHAM HOTSPUR WOMEN,194,5024,22,@aimee3063,I love these girls so much!! COYS,1,Tottenham Hotspur Women
SPURSBOX 📺 // OUR JOURNEY TO THE FA CUP FINAL // TOTTENHAM HOTSPUR WOMEN,194,5024,22,@robbpatterson6796,"""This is my club, my one and only club"". COYS",0,Tottenham Hotspur Women
SPURSBOX 📺 // OUR JOURNEY TO THE FA CUP FINAL // TOTTENHAM HOTSPUR WOMEN,194,5024,22,@peterhutton3864,C.O.Y.S.,3,Tottenham Hotspur Women
SPURSBOX 📺 // OUR JOURNEY TO THE FA CUP FINAL // TOTTENHAM HOTSPUR WOMEN,194,5024,22,@brazilianana,"""oh, we're watching them score, are we?"" these girls are too much 🤣🤣",12,Tottenham Hotspur Women
SPURSBOX 📺 // OUR JOURNEY TO THE FA CUP FINAL // TOTTENHAM HOTSPUR WOMEN,194,5024,22,@alyssarachelle9935,What a journey 🤍,3,Tottenham Hotspur Women
SPURSBOX 📺 // OUR JOURNEY TO THE FA CUP FINAL // TOTTENHAM HOTSPUR WOMEN,194,5024,22,@OllieL819,Thank you putting us in the final Robert,5,Tottenham Hotspur Women
SPURSBOX 📺 // OUR JOURNEY TO THE FA CUP FINAL // TOTTENHAM HOTSPUR WOMEN,194,5024,22,@oomjigim,"Honestly just love this from the girls, you can see and feel the pride in how far we've come on this journey❤❤",4,Tottenham Hotspur Women
SPURSBOX 📺 // OUR JOURNEY TO THE FA CUP FINAL // TOTTENHAM HOTSPUR WOMEN,194,5024,22,@Tottenham_girl21,This squad has come so far and are going to go one more step COYS ❤❤❤❤,7,Tottenham Hotspur Women
SPURSBOX 📺 // OUR JOURNEY TO THE FA CUP FINAL // TOTTENHAM HOTSPUR WOMEN,194,5024,22,@TheTiger_TheWolf,Spurs are going to Wembley and they'll be winning the game COYS 🤍,5,Tottenham Hotspur Women
IS LIFE EVER A STRAIGHT LINE? // HSBC FOOTBALL // TOTTENHAM HOTSPUR WOMEN,78,953,1,@zo7034,why yall gotta get so close to their faces? I can hear them fine from here,4,Tottenham Hotspur Women
RELIVING FA CUP EXPERIENCES // EMILY WESTWOOD // TOTTENHAM HOTSPUR,33,575,1,@ServingMyJesus,It helps to have FA Cup winners there to help our women get over any nerves that they may have.,1,Tottenham Hotspur Women
CREATING OUR FA CUP FINAL PLAYLIST 🎤🎧 // TOTTENHAM HOTSPUR WOMEN,198,4642,4,@madsclarkson9920,Jess the 🐐,0,Tottenham Hotspur Women
CREATING OUR FA CUP FINAL PLAYLIST 🎤🎧 // TOTTENHAM HOTSPUR WOMEN,198,4642,4,@sainTvV,No one cares,0,Tottenham Hotspur Women
CREATING OUR FA CUP FINAL PLAYLIST 🎤🎧 // TOTTENHAM HOTSPUR WOMEN,198,4642,4,@sammyb1651,Football has officially become absurd.,2,Tottenham Hotspur Women
WEMBLEY PREP IS UNDERWAY // BEHIND-THE-SCENES TOTTENHAM HOTSPUR WOMEN,111,1812,3,@Sabeer147,"🤍 come on you spurs
Olga 😍",1,Tottenham Hotspur Women
WEMBLEY PREP IS UNDERWAY // BEHIND-THE-SCENES TOTTENHAM HOTSPUR WOMEN,111,1812,3,@leonrogers8568,"C'mon, Tottenham! 5 days to go. I'll be there cheering you on! Let's go, Girls! ❤❤❤",4,Tottenham Hotspur Women
WEMBLEY PREP IS UNDERWAY // BEHIND-THE-SCENES TOTTENHAM HOTSPUR WOMEN,111,1812,3,@spurseditss,row 25 behind the goal in a women’s fa cup final at wembley is such a dream🤍 i’ve got a sign saying “there’s only one beffy england” and my brother has one saying “we’ve got super martha thomas” COME ON GIRLSSSS WEVE GOT THIS ILL CRY IF WE WIN AND ILL CRY IF WE LOSE,3,Tottenham Hotspur Women
WHAT ADVICE WOULD YOU GIVE TO YOUR YOUNGER SELF? // TOTTENHAM HOTSPUR WOMEN,134,3173,1,@Sabeer147,Everything happens for a reason 🤍,3,Tottenham Hotspur Women
GRASSROOTS TO WEMBLEY // BROXBOURNE AND BEYOND // OUR HISTORY TOTTENHAM HOTSPUR WOMEN,227,4063,18,@stevefeltner8181,"Great video. Thanks for doing it. What a team! Win Orr lose, worthy of wearing the badge.",0,Tottenham Hotspur Women
GRASSROOTS TO WEMBLEY // BROXBOURNE AND BEYOND // OUR HISTORY TOTTENHAM HOTSPUR WOMEN,227,4063,18,@waterthecan,MASSIVE kudos to spurs for making this. good luck sunday!,0,Tottenham Hotspur Women
GRASSROOTS TO WEMBLEY // BROXBOURNE AND BEYOND // OUR HISTORY TOTTENHAM HOTSPUR WOMEN,227,4063,18,@jayceyc2817,"Love it & proud, as a fan, to be part of this journey...See you Sunday COYS COYSW!!!!",0,Tottenham Hotspur Women
GRASSROOTS TO WEMBLEY // BROXBOURNE AND BEYOND // OUR HISTORY TOTTENHAM HOTSPUR WOMEN,227,4063,18,@DarrellGregory,Will the club start awarding legacy numbers to the Women's team?,3,Tottenham Hotspur Women
GRASSROOTS TO WEMBLEY // BROXBOURNE AND BEYOND // OUR HISTORY TOTTENHAM HOTSPUR WOMEN,227,4063,18,@sassiqueen1200,i did not come here to cry,1,Tottenham Hotspur Women
GRASSROOTS TO WEMBLEY // BROXBOURNE AND BEYOND // OUR HISTORY TOTTENHAM HOTSPUR WOMEN,227,4063,18,@abdulmalikkoiki,"As a Chelsea fans, i enjoyed the documentary of this great club and can ONLY wish them goodluck in the FA Cup on Sunday. I will for ONCE in my life supporting you guys and goodluck Spurs!",4,Tottenham Hotspur Women
GRASSROOTS TO WEMBLEY // BROXBOURNE AND BEYOND // OUR HISTORY TOTTENHAM HOTSPUR WOMEN,227,4063,18,@stephenomenal29,Show the men how it’s done.!🎉,2,Tottenham Hotspur Women
GRASSROOTS TO WEMBLEY // BROXBOURNE AND BEYOND // OUR HISTORY TOTTENHAM HOTSPUR WOMEN,227,4063,18,@chiarabozzarello8974,COYS🤍,4,Tottenham Hotspur Women
GRASSROOTS TO WEMBLEY // BROXBOURNE AND BEYOND // OUR HISTORY TOTTENHAM HOTSPUR WOMEN,227,4063,18,@RebeccaJackson-o3t,What a powerful documentary. X,2,Tottenham Hotspur Women
GRASSROOTS TO WEMBLEY // BROXBOURNE AND BEYOND // OUR HISTORY TOTTENHAM HOTSPUR WOMEN,227,4063,18,@phooey,Fascinating insight. Will be there at Wembley supporting the girls! Up the Spurs!,2,Tottenham Hotspur Women
GRASSROOTS TO WEMBLEY // BROXBOURNE AND BEYOND // OUR HISTORY TOTTENHAM HOTSPUR WOMEN,227,4063,18,@Schizomanicman,"Many years ago, I used to watch Spurs ladies from the comfort of my back garden! 

Fascinating video, and very much appreciated! COME ON YOU SPURS!!",10,Tottenham Hotspur Women
GRASSROOTS TO WEMBLEY // BROXBOURNE AND BEYOND // OUR HISTORY TOTTENHAM HOTSPUR WOMEN,227,4063,18,@StickAroundBennett,Spurs women putting the men to shame,4,Tottenham Hotspur Women
GRASSROOTS TO WEMBLEY // BROXBOURNE AND BEYOND // OUR HISTORY TOTTENHAM HOTSPUR WOMEN,227,4063,18,@spurseditss,come on girls i can’t wait for sunday i’m thereeee aaaaahh,7,Tottenham Hotspur Women
GRASSROOTS TO WEMBLEY // BROXBOURNE AND BEYOND // OUR HISTORY TOTTENHAM HOTSPUR WOMEN,227,4063,18,@Tottenham_girl21,The first time but not the last ❤❤,2,Tottenham Hotspur Women
GRASSROOTS TO WEMBLEY // BROXBOURNE AND BEYOND // OUR HISTORY TOTTENHAM HOTSPUR WOMEN,227,4063,18,@zo7034,"1. Brilliant video

2. Thank you for putting it up on Spursplay also, rather than putting it on there like 2 days late.",2,Tottenham Hotspur Women
GRASSROOTS TO WEMBLEY // BROXBOURNE AND BEYOND // OUR HISTORY TOTTENHAM HOTSPUR WOMEN,227,4063,18,@Spazzy_man,Come on ladies,4,Tottenham Hotspur Women
THE COMEBACK GOALS // SPENCE + ENGLAND // TOTTENHAM HOTSPUR WOMEN,109,2829,7,@spurseditss,i’ll be there supporting the girls on sunday COYS🤍💙,3,Tottenham Hotspur Women
THE COMEBACK GOALS // SPENCE + ENGLAND // TOTTENHAM HOTSPUR WOMEN,109,2829,7,@BenjiIngham,COYS! ❤,3,Tottenham Hotspur Women
FIGHT BACK EARNS SPURS A POINT // EVERTON 2-2 SPURS // WSL HIGHLIGHTS // TOTTENHAM HOTSPUR WOMEN,45,1512,7,@Marabout75,Good fightback my Women...✨🤍COYSW🐓🇲🇺N15,0,Tottenham Hotspur Women
FIGHT BACK EARNS SPURS A POINT // EVERTON 2-2 SPURS // WSL HIGHLIGHTS // TOTTENHAM HOTSPUR WOMEN,45,1512,7,@GuyJames,"Everton are just not technically good enough to play out like that, they've got caught so many times this season. Almost every manager thinks they are Pep though and forces their team to do it.",0,Tottenham Hotspur Women
FIGHT BACK EARNS SPURS A POINT // EVERTON 2-2 SPURS // WSL HIGHLIGHTS // TOTTENHAM HOTSPUR WOMEN,45,1512,7,@HDgodfrey,Good job gang,1,Tottenham Hotspur Women
FIGHT BACK EARNS SPURS A POINT // EVERTON 2-2 SPURS // WSL HIGHLIGHTS // TOTTENHAM HOTSPUR WOMEN,45,1512,7,@TranCeFORM3R,we are wining the cup,1,Tottenham Hotspur Women
FIGHT BACK EARNS SPURS A POINT // EVERTON 2-2 SPURS // WSL HIGHLIGHTS // TOTTENHAM HOTSPUR WOMEN,45,1512,7,@TranCeFORM3R,much love for the Spurs womens ❤❤❤ Coys in the final.,4,Tottenham Hotspur Women
FIGHT BACK EARNS SPURS A POINT // EVERTON 2-2 SPURS // WSL HIGHLIGHTS // TOTTENHAM HOTSPUR WOMEN,45,1512,7,@Alfred75817,🔥💯,1,Tottenham Hotspur Women
FIGHT BACK EARNS SPURS A POINT // EVERTON 2-2 SPURS // WSL HIGHLIGHTS // TOTTENHAM HOTSPUR WOMEN,45,1512,7,@TheTiger_TheWolf,That's how you make a comeback and a statement that they're ready to fight in the finals COYS 🤍,2,Tottenham Hotspur Women
“SHE’S A MODERN DAY WOMAN” // GRACE CLINTON & CELIN BIZET - PALS // TOTTENHAM HOTSPUR WOMEN,802,26593,54,@AngelSmith-b9n,love these too,0,Tottenham Hotspur Women
“SHE’S A MODERN DAY WOMAN” // GRACE CLINTON & CELIN BIZET - PALS // TOTTENHAM HOTSPUR WOMEN,802,26593,54,@lilasayers9298,PETITION FOR GRACE AND CELIN PODCAST,0,Tottenham Hotspur Women
“SHE’S A MODERN DAY WOMAN” // GRACE CLINTON & CELIN BIZET - PALS // TOTTENHAM HOTSPUR WOMEN,802,26593,54,@Valentine_Chinenye,My. Celin can actually sing 💯❤️,2,Tottenham Hotspur Women
“SHE’S A MODERN DAY WOMAN” // GRACE CLINTON & CELIN BIZET - PALS // TOTTENHAM HOTSPUR WOMEN,802,26593,54,@Nitin-nd8iv,I AM PERFECTION,1,Tottenham Hotspur Women
“SHE’S A MODERN DAY WOMAN” // GRACE CLINTON & CELIN BIZET - PALS // TOTTENHAM HOTSPUR WOMEN,802,26593,54,@trappinaintdeadyourjustsca5506,Cutting shapes una two snacks 😋 🤩,0,Tottenham Hotspur Women
“SHE’S A MODERN DAY WOMAN” // GRACE CLINTON & CELIN BIZET - PALS // TOTTENHAM HOTSPUR WOMEN,802,26593,54,@ServingMyJesus,Celin Bizet would have been ideal to do lead vocals on the song that I had written for their F A Cup final song.,1,Tottenham Hotspur Women
“SHE’S A MODERN DAY WOMAN” // GRACE CLINTON & CELIN BIZET - PALS // TOTTENHAM HOTSPUR WOMEN,802,26593,54,@ServingMyJesus,This is why Grace Clinton is a Spurs player and must stay with us for next season.  Celin Bizet has gelled with the team.  You would have thought that she had been part of the team for at least five years.,0,Tottenham Hotspur Women
“SHE’S A MODERN DAY WOMAN” // GRACE CLINTON & CELIN BIZET - PALS // TOTTENHAM HOTSPUR WOMEN,802,26593,54,@GodAtum,Grace will be recalled next season,1,Tottenham Hotspur Women
“SHE’S A MODERN DAY WOMAN” // GRACE CLINTON & CELIN BIZET - PALS // TOTTENHAM HOTSPUR WOMEN,802,26593,54,@Calonkonglo,😂😂,0,Tottenham Hotspur Women
“SHE’S A MODERN DAY WOMAN” // GRACE CLINTON & CELIN BIZET - PALS // TOTTENHAM HOTSPUR WOMEN,802,26593,54,@xvariabledesign,How does this vid help women's game?,0,Tottenham Hotspur Women
“SHE’S A MODERN DAY WOMAN” // GRACE CLINTON & CELIN BIZET - PALS // TOTTENHAM HOTSPUR WOMEN,802,26593,54,@max-nm6qx,"""SPORTS RELIGION RELIGIOUS SPORTS ""BY PROF WALTER VEITH AND MARTIN SMITH POWERFUL WATCH UNMISSABLE TRUTH 🎥 ❤",0,Tottenham Hotspur Women
“SHE’S A MODERN DAY WOMAN” // GRACE CLINTON & CELIN BIZET - PALS // TOTTENHAM HOTSPUR WOMEN,802,26593,54,@joebirdwelljr629,Love their friendship....,0,Tottenham Hotspur Women
“SHE’S A MODERN DAY WOMAN” // GRACE CLINTON & CELIN BIZET - PALS // TOTTENHAM HOTSPUR WOMEN,802,26593,54,@belensibio,they're so fun together 😭🤍,4,Tottenham Hotspur Women
“SHE’S A MODERN DAY WOMAN” // GRACE CLINTON & CELIN BIZET - PALS // TOTTENHAM HOTSPUR WOMEN,802,26593,54,@amplesamples75,BFFs ❤,1,Tottenham Hotspur Women
“SHE’S A MODERN DAY WOMAN” // GRACE CLINTON & CELIN BIZET - PALS // TOTTENHAM HOTSPUR WOMEN,802,26593,54,@FootballFamous264,Underrated duo,5,Tottenham Hotspur Women
“SHE’S A MODERN DAY WOMAN” // GRACE CLINTON & CELIN BIZET - PALS // TOTTENHAM HOTSPUR WOMEN,802,26593,54,@leeadler8401,"Gotta agree with a few on here. If it is at all possible, we have to sign Grace permantley",1,Tottenham Hotspur Women
“SHE’S A MODERN DAY WOMAN” // GRACE CLINTON & CELIN BIZET - PALS // TOTTENHAM HOTSPUR WOMEN,802,26593,54,@alansmithee8831,"I saw Celin in videos before the Arsenal match at home and commented at the time that she was like the spark of life for the team. No surprise to me they won, from the team spirit displayed beforehand. She reminds me a bit of Midge Purce, my favourite US player from the last couple of years (get well soon Midge).
Grace is a great young talent and I commented before that I reckoned Ella Toone should ""adopt"" her as a pal, assuming she goes back to Manchester United, now that Alessia Russo is at Arsenal.",2,Tottenham Hotspur Women
“SHE’S A MODERN DAY WOMAN” // GRACE CLINTON & CELIN BIZET - PALS // TOTTENHAM HOTSPUR WOMEN,802,26593,54,@For_Cruyff_Sake,Could you please get the team a karaoke bar 😂,1,Tottenham Hotspur Women
“SHE’S A MODERN DAY WOMAN” // GRACE CLINTON & CELIN BIZET - PALS // TOTTENHAM HOTSPUR WOMEN,802,26593,54,@zo7034,Might be my two favourite Tottenham players ever in terms of personality. Such an entertaining duo both on and off pitch.,24,Tottenham Hotspur Women
“SHE’S A MODERN DAY WOMAN” // GRACE CLINTON & CELIN BIZET - PALS // TOTTENHAM HOTSPUR WOMEN,802,26593,54,@jmurray2018,Fave lady’s ev’s,0,Tottenham Hotspur Women
“SHE’S A MODERN DAY WOMAN” // GRACE CLINTON & CELIN BIZET - PALS // TOTTENHAM HOTSPUR WOMEN,802,26593,54,@etowngti,These two could do anything and I'd watch and laugh along 😂 now let's keep Grace!!!,20,Tottenham Hotspur Women
“SHE’S A MODERN DAY WOMAN” // GRACE CLINTON & CELIN BIZET - PALS // TOTTENHAM HOTSPUR WOMEN,802,26593,54,@slipperyhand,So..they dont like p€nis?,0,Tottenham Hotspur Women
“SHE’S A MODERN DAY WOMAN” // GRACE CLINTON & CELIN BIZET - PALS // TOTTENHAM HOTSPUR WOMEN,802,26593,54,@brazilianana,celin has such a gorgeous voice!! i'd love to hear her singing for real hahah,44,Tottenham Hotspur Women
“SHE’S A MODERN DAY WOMAN” // GRACE CLINTON & CELIN BIZET - PALS // TOTTENHAM HOTSPUR WOMEN,802,26593,54,@Arsenal_LionessEditz,Even as an Arsenal fan I will be so sad if Grace goes back to united 😢,6,Tottenham Hotspur Women
“SHE’S A MODERN DAY WOMAN” // GRACE CLINTON & CELIN BIZET - PALS // TOTTENHAM HOTSPUR WOMEN,802,26593,54,@857noel,Love these two ♥,4,Tottenham Hotspur Women
“SHE’S A MODERN DAY WOMAN” // GRACE CLINTON & CELIN BIZET - PALS // TOTTENHAM HOTSPUR WOMEN,802,26593,54,@morlar,So good friends that Grace need to sign a permanent transfer,7,Tottenham Hotspur Women
“SHE’S A MODERN DAY WOMAN” // GRACE CLINTON & CELIN BIZET - PALS // TOTTENHAM HOTSPUR WOMEN,802,26593,54,@louisedavies7985,💙🤍,0,Tottenham Hotspur Women
“SHE’S A MODERN DAY WOMAN” // GRACE CLINTON & CELIN BIZET - PALS // TOTTENHAM HOTSPUR WOMEN,802,26593,54,@chiarabozzarello8974,We cannot split these two cmon,6,Tottenham Hotspur Women
“SHE’S A MODERN DAY WOMAN” // GRACE CLINTON & CELIN BIZET - PALS // TOTTENHAM HOTSPUR WOMEN,802,26593,54,@Cheddarhead7,Sign Grace permanently Levy!,10,Tottenham Hotspur Women
“SHE’S A MODERN DAY WOMAN” // GRACE CLINTON & CELIN BIZET - PALS // TOTTENHAM HOTSPUR WOMEN,802,26593,54,@spurseditss,"these two crack me up😂 they are both hilarioussss love you guys 🤍
also grace please sign a permanent deal you look better in lily white once a yiddo always a yiddo",23,Tottenham Hotspur Women
“SHE’S A MODERN DAY WOMAN” // GRACE CLINTON & CELIN BIZET - PALS // TOTTENHAM HOTSPUR WOMEN,802,26593,54,@sassiqueen1200,🤍💙,0,Tottenham Hotspur Women
“SHE’S A MODERN DAY WOMAN” // GRACE CLINTON & CELIN BIZET - PALS // TOTTENHAM HOTSPUR WOMEN,802,26593,54,@lycanoftheunderworldselene,Please sign for us at the end of the season Grace.You look better in white...Red doesn't suit you.,0,Tottenham Hotspur Women
TRAINING RAMPS UP AHEAD OF EVERTON IN THE WSL // TOTTENHAM HOTSPUR WOMEN,93,2038,3,@RanbeerRanjan,Now only the ladies can save the current season!!,0,Tottenham Hotspur Women
TRAINING RAMPS UP AHEAD OF EVERTON IN THE WSL // TOTTENHAM HOTSPUR WOMEN,93,2038,3,@Tottenham_girl21,Grace and celine in sink 😂😂,1,Tottenham Hotspur Women
TRAINING RAMPS UP AHEAD OF EVERTON IN THE WSL // TOTTENHAM HOTSPUR WOMEN,93,2038,3,@jocee569,Brilliant to have this access.  Thank you again!,0,Tottenham Hotspur Women
DANCING INTO TRAINING // GYM HYPE // TOTTENHAM HOTSPUR WOMEN,288,7681,5,@HDgodfrey,Love you guys! Thanks for the great vibes!,1,Tottenham Hotspur Women
DANCING INTO TRAINING // GYM HYPE // TOTTENHAM HOTSPUR WOMEN,288,7681,5,@chardonnaylouisewhite7253,They have such a good bond. You can see that on the pitch as well,2,Tottenham Hotspur Women
DANCING INTO TRAINING // GYM HYPE // TOTTENHAM HOTSPUR WOMEN,288,7681,5,@sandrapatriciaoriguarios4589,Vinberg and Charli are such good vibes!,2,Tottenham Hotspur Women
DANCING INTO TRAINING // GYM HYPE // TOTTENHAM HOTSPUR WOMEN,288,7681,5,@Matildas_fan07,BAHAHA CHARLI I LOVE THAT DANCING,1,Tottenham Hotspur Women
DANCING INTO TRAINING // GYM HYPE // TOTTENHAM HOTSPUR WOMEN,288,7681,5,@BethanyScott-pi6rz,She good dance ❤😂,2,Tottenham Hotspur Women
JESS NAZ THIS SEASON 🥣🔥 // GOALS // TOTTENHAM HOTSPUR WOMEN,123,2095,8,@Lilbabybro.,COYS,0,Tottenham Hotspur Women
JESS NAZ THIS SEASON 🥣🔥 // GOALS // TOTTENHAM HOTSPUR WOMEN,123,2095,8,@fc_footy,A really skilful footballer! COYS 🤍💫,0,Tottenham Hotspur Women
JESS NAZ THIS SEASON 🥣🔥 // GOALS // TOTTENHAM HOTSPUR WOMEN,123,2095,8,@jeromefraser7322,Getting better all the time,0,Tottenham Hotspur Women
JESS NAZ THIS SEASON 🥣🔥 // GOALS // TOTTENHAM HOTSPUR WOMEN,123,2095,8,@Tottenham_girl21,Just such a creative player ❤❤,2,Tottenham Hotspur Women
JESS NAZ THIS SEASON 🥣🔥 // GOALS // TOTTENHAM HOTSPUR WOMEN,123,2095,8,@ripxdoc,🔥🔥🔥,1,Tottenham Hotspur Women
JESS NAZ THIS SEASON 🥣🔥 // GOALS // TOTTENHAM HOTSPUR WOMEN,123,2095,8,@345gqmes,Let her cook 🥣,3,Tottenham Hotspur Women
JESS NAZ THIS SEASON 🥣🔥 // GOALS // TOTTENHAM HOTSPUR WOMEN,123,2095,8,@Sabeer147,What a player,2,Tottenham Hotspur Women
JESS NAZ THIS SEASON 🥣🔥 // GOALS // TOTTENHAM HOTSPUR WOMEN,123,2095,8,@spurseditss,unbelievable,1,Tottenham Hotspur Women
BETHANY ENGLAND EQUALISER SECURES POINT IN WSL // HIGHLIGHTS: SPURS 1-1 BRIGHTON,51,953,5,@EFP__98,Big beth england 🐐,0,Tottenham Hotspur Women
BETHANY ENGLAND EQUALISER SECURES POINT IN WSL // HIGHLIGHTS: SPURS 1-1 BRIGHTON,51,953,5,@Tottenham_girl21,I had this game on my laptop and the men’s game on my tv 😂😂 well played girls,2,Tottenham Hotspur Women
BETHANY ENGLAND EQUALISER SECURES POINT IN WSL // HIGHLIGHTS: SPURS 1-1 BRIGHTON,51,953,5,@Marabout75,✨🤍COYSW🐓N15🇲🇺,1,Tottenham Hotspur Women
BETHANY ENGLAND EQUALISER SECURES POINT IN WSL // HIGHLIGHTS: SPURS 1-1 BRIGHTON,51,953,5,@TheTiger_TheWolf,Great work ladies and you did yourselves and the fans proud for trying to get the win COYS 🤍,5,Tottenham Hotspur Women
WHO WOULD PLAY YOU IN A MOVIE ABOUT YOURSELF 🎬 // TOTTENHAM HOTSPUR WOMEN,547,15366,16,@seanmick6134,It’s the career thieves 😂,0,Tottenham Hotspur Women
WHO WOULD PLAY YOU IN A MOVIE ABOUT YOURSELF 🎬 // TOTTENHAM HOTSPUR WOMEN,547,15366,16,@knoxfv6,The second one is from Jamie Johnson too right,1,Tottenham Hotspur Women
WHO WOULD PLAY YOU IN A MOVIE ABOUT YOURSELF 🎬 // TOTTENHAM HOTSPUR WOMEN,547,15366,16,@hollylikespepsi,coolest bi accepting football team of all? 💙💙💙,0,Tottenham Hotspur Women
WHO WOULD PLAY YOU IN A MOVIE ABOUT YOURSELF 🎬 // TOTTENHAM HOTSPUR WOMEN,547,15366,16,@russellmcgowan9369,women team full of lesbians nhahahahahhahahahahhahaha,0,Tottenham Hotspur Women
WHO WOULD PLAY YOU IN A MOVIE ABOUT YOURSELF 🎬 // TOTTENHAM HOTSPUR WOMEN,547,15366,16,@Tottenham_girl21,Beth in the background just waiting for her turn and she looked like she was going to burst out laughing 😂 😂😂,12,Tottenham Hotspur Women
WHO WOULD PLAY YOU IN A MOVIE ABOUT YOURSELF 🎬 // TOTTENHAM HOTSPUR WOMEN,547,15366,16,@spurseditss,‘alan off hangover’ grace kills me😭🫶🏻,2,Tottenham Hotspur Women
WHO WOULD PLAY YOU IN A MOVIE ABOUT YOURSELF 🎬 // TOTTENHAM HOTSPUR WOMEN,547,15366,16,@chardonnaylouisewhite7253,Amanda seyfried- See the similarity,7,Tottenham Hotspur Women
WHO WOULD PLAY YOU IN A MOVIE ABOUT YOURSELF 🎬 // TOTTENHAM HOTSPUR WOMEN,547,15366,16,@jmurray2018,Alan from the hangover yup that’s a G.O.A.T. Mic drop,5,Tottenham Hotspur Women
WHO WOULD PLAY YOU IN A MOVIE ABOUT YOURSELF 🎬 // TOTTENHAM HOTSPUR WOMEN,547,15366,16,@BethanyScott-pi6rz,Good luck in the final tottenham women's ❤ Tracy breaker is good one 😂❤,0,Tottenham Hotspur Women
WHO WOULD PLAY YOU IN A MOVIE ABOUT YOURSELF 🎬 // TOTTENHAM HOTSPUR WOMEN,547,15366,16,@ripxdoc,Tracy Beaker is a banging answer love that 😂,7,Tottenham Hotspur Women
WHO WOULD PLAY YOU IN A MOVIE ABOUT YOURSELF 🎬 // TOTTENHAM HOTSPUR WOMEN,547,15366,16,@Alexis-h4o8j,Is lena jack from Jamie Johnson 🤔,5,Tottenham Hotspur Women
BEHIND-THE-SCENES AT TRAINING AHEAD OF BRIGHTON // TOTTENHAM HOTSPUR WOMEN,107,2325,13,@LukasOulehla,❤❤❤❤❤❤❤❤❤❤⚽⚽⚽⚽⚽⚽⚽🏆🏆🏆🏆🏆☝️☝️☝️☝️☝️☝️☝️☝️☝️,0,Tottenham Hotspur Women
BEHIND-THE-SCENES AT TRAINING AHEAD OF BRIGHTON // TOTTENHAM HOTSPUR WOMEN,107,2325,13,@LukasOulehla,My Girls Keep Moving Forward ♥️⚽,0,Tottenham Hotspur Women
BEHIND-THE-SCENES AT TRAINING AHEAD OF BRIGHTON // TOTTENHAM HOTSPUR WOMEN,107,2325,13,@ThomasBodlos,Hahaha Tottenham für Niederlagen und Unentschieden 😂😂😂😂😂😂😂😂😂😂😂😂😂😂😂😂😂😂😂😂😂😂😂😂😂😂😂😂😂😂😂😂😂😂😂😂😂😂😂😂😂😂😂😂😂😂😂😂😂😂😂😂😂😂😂😂😂😂😂😂😂😂😂😂😂😂😂😂😂😂😂😂,0,Tottenham Hotspur Women
BEHIND-THE-SCENES AT TRAINING AHEAD OF BRIGHTON // TOTTENHAM HOTSPUR WOMEN,107,2325,13,@herbieabroad,"I'm off to see this on Sunday, looking forward to it.  And means I won't have to watch the men getting stuffed by Woolwich Wanderers!  Bit stupid scheduling them at exactly the same time though.",0,Tottenham Hotspur Women
BEHIND-THE-SCENES AT TRAINING AHEAD OF BRIGHTON // TOTTENHAM HOTSPUR WOMEN,107,2325,13,@MisterGee1968,Great video - I think I miss training MORE than playing !!   Miss the banter too....,0,Tottenham Hotspur Women
BEHIND-THE-SCENES AT TRAINING AHEAD OF BRIGHTON // TOTTENHAM HOTSPUR WOMEN,107,2325,13,@hajoos.8360,This warm-up-coach-job is really privileged. All those pretty players dance to his piping....,0,Tottenham Hotspur Women
BEHIND-THE-SCENES AT TRAINING AHEAD OF BRIGHTON // TOTTENHAM HOTSPUR WOMEN,107,2325,13,@Sabeer147,0:00 Olga 😍,0,Tottenham Hotspur Women
BEHIND-THE-SCENES AT TRAINING AHEAD OF BRIGHTON // TOTTENHAM HOTSPUR WOMEN,107,2325,13,@Sabeer147,Keeper is impressive.keep it up COYS,0,Tottenham Hotspur Women
BEHIND-THE-SCENES AT TRAINING AHEAD OF BRIGHTON // TOTTENHAM HOTSPUR WOMEN,107,2325,13,@Cheddarhead7,Congrats Eleanor on her new contract,0,Tottenham Hotspur Women
BEHIND-THE-SCENES AT TRAINING AHEAD OF BRIGHTON // TOTTENHAM HOTSPUR WOMEN,107,2325,13,@ESPirits87,Vinberg is an interesting new player,0,Tottenham Hotspur Women
BEHIND-THE-SCENES AT TRAINING AHEAD OF BRIGHTON // TOTTENHAM HOTSPUR WOMEN,107,2325,13,@jmurray2018,Awesome training ladies let’s hope the referees get just as good training so they don’t allow last minute illegal equalisers like they did for Man U,1,Tottenham Hotspur Women
BEHIND-THE-SCENES AT TRAINING AHEAD OF BRIGHTON // TOTTENHAM HOTSPUR WOMEN,107,2325,13,@zo7034,"1 hour later and still not on your own dedicated video platform, why have spursplay if you dont upload the videos to it?",3,Tottenham Hotspur Women
BEHIND-THE-SCENES AT TRAINING AHEAD OF BRIGHTON // TOTTENHAM HOTSPUR WOMEN,107,2325,13,@jocee569,"It is so great to see this inside access. Thanks for sharing, and COYS!",6,Tottenham Hotspur Women
"WOTSAPNIN GIRL, YOU ALRIGHT // TOTTENHAM HOTSPUR WOMEN",522,12057,15,@bluecrow_75,aww olga said ”I don’t want to” in Swedish so cute,2,Tottenham Hotspur Women
"WOTSAPNIN GIRL, YOU ALRIGHT // TOTTENHAM HOTSPUR WOMEN",522,12057,15,@madeleinestone6210,"This is so cuuute I can’t stop watching haha Kit, Shuang and Barbora killed me 😂",2,Tottenham Hotspur Women
"WOTSAPNIN GIRL, YOU ALRIGHT // TOTTENHAM HOTSPUR WOMEN",522,12057,15,@HDgodfrey,"From across the Pond,  ""how you doin?""",1,Tottenham Hotspur Women
"WOTSAPNIN GIRL, YOU ALRIGHT // TOTTENHAM HOTSPUR WOMEN",522,12057,15,@Tottenham_girl21,The laughter after everyones is so wholesome 😂😂,8,Tottenham Hotspur Women
"WOTSAPNIN GIRL, YOU ALRIGHT // TOTTENHAM HOTSPUR WOMEN",522,12057,15,@archietwine122,Come on spurs,2,Tottenham Hotspur Women
"WOTSAPNIN GIRL, YOU ALRIGHT // TOTTENHAM HOTSPUR WOMEN",522,12057,15,@ripxdoc,"😂😂😂
the less syllables in the words the better",8,Tottenham Hotspur Women
"WOTSAPNIN GIRL, YOU ALRIGHT // TOTTENHAM HOTSPUR WOMEN",522,12057,15,@Sabeer147,"What's happening Olga ,are you alright?😅",10,Tottenham Hotspur Women
"WOTSAPNIN GIRL, YOU ALRIGHT // TOTTENHAM HOTSPUR WOMEN",522,12057,15,@spurseditss,"‘beth save me’ had me dying love olga so much😭🫶🏻
i’d love to see grace do this with her scouse accent it would be so cute🫶🏻🫶🏻",25,Tottenham Hotspur Women
HIGHLIGHTS: MAN UTD 2-2 SPURS // POINTS SHARED IN WSL CLASH // TOTTENHAM HOTSPUR WOMEN,57,1420,9,@jmurray2018,Check out that foul for the equalizer. No justice in soccer,1,Tottenham Hotspur Women
HIGHLIGHTS: MAN UTD 2-2 SPURS // POINTS SHARED IN WSL CLASH // TOTTENHAM HOTSPUR WOMEN,57,1420,9,@danielbaldyy,Not our women team conceding from set pieces too 😭,0,Tottenham Hotspur Women
HIGHLIGHTS: MAN UTD 2-2 SPURS // POINTS SHARED IN WSL CLASH // TOTTENHAM HOTSPUR WOMEN,57,1420,9,@Tottenham_girl21,"Unlucky girls ❤❤❤ we will beat them in the final
👇if we will win at Wembley",4,Tottenham Hotspur Women
HIGHLIGHTS: MAN UTD 2-2 SPURS // POINTS SHARED IN WSL CLASH // TOTTENHAM HOTSPUR WOMEN,57,1420,9,@Marabout75,✨🤍COYSW🐓N15🇲🇺,0,Tottenham Hotspur Women
HIGHLIGHTS: MAN UTD 2-2 SPURS // POINTS SHARED IN WSL CLASH // TOTTENHAM HOTSPUR WOMEN,57,1420,9,@BethanyScott-pi6rz,❤❤,0,Tottenham Hotspur Women
TEAM TRAINING POST FA CUP SEMI-FINAL WIN // TOTTENHAM HOTSPUR WOMEN,93,2404,8,@etowngti,Please sign Grace Clinton permanently...I am begging 😭,4,Tottenham Hotspur Women
TEAM TRAINING POST FA CUP SEMI-FINAL WIN // TOTTENHAM HOTSPUR WOMEN,93,2404,8,@zo7034,24/25 Season Tickets when?,3,Tottenham Hotspur Women
TEAM TRAINING POST FA CUP SEMI-FINAL WIN // TOTTENHAM HOTSPUR WOMEN,93,2404,8,@Sabeer147,0:09 Olga 😍,3,Tottenham Hotspur Women
TEAM TRAINING POST FA CUP SEMI-FINAL WIN // TOTTENHAM HOTSPUR WOMEN,93,2404,8,@Sabeer147,4:09 💥😍 Olga,2,Tottenham Hotspur Women
TEAM TRAINING POST FA CUP SEMI-FINAL WIN // TOTTENHAM HOTSPUR WOMEN,93,2404,8,@Sabeer147,1:58 😁😍,2,Tottenham Hotspur Women
TEAM TRAINING POST FA CUP SEMI-FINAL WIN // TOTTENHAM HOTSPUR WOMEN,93,2404,8,@TheTiger_TheWolf,Having to face Man United women next is a perfect way to test ourselves against them before the 12th of May and see what their weakness are and come up with a perfect gameplan. COYS 🤍,6,Tottenham Hotspur Women
THE DEBRIEF // GOALSCORERS NAZ AND THOMAS BREAK DOWN HISTORIC FA CUP SEMI-FINAL WIN // SPURS WOMEN,58,915,10,@taptap5269,Love love Spurs Women. Really exciting to watch.,0,Tottenham Hotspur Women
THE DEBRIEF // GOALSCORERS NAZ AND THOMAS BREAK DOWN HISTORIC FA CUP SEMI-FINAL WIN // SPURS WOMEN,58,915,10,@MartaComplex,"Can’t wait to see somebody new win the FA Cup. It’s great for women’s football in this country that the usual monopoly is broken up - at least a little. Just wish I could go to Wembley in person, but will be watching from home. Good luck girls!",2,Tottenham Hotspur Women
THE DEBRIEF // GOALSCORERS NAZ AND THOMAS BREAK DOWN HISTORIC FA CUP SEMI-FINAL WIN // SPURS WOMEN,58,915,10,@TheTiger_TheWolf,"Spurs women have done incredible to turn it around this season and put themselves in a great position in the WSL table and they play with heart, passion and fought for the win on Sunday and both speeches from manager and Bethany definitely helped to keep the team in the right mindset and to make every effort count",0,Tottenham Hotspur Women
THE DEBRIEF // GOALSCORERS NAZ AND THOMAS BREAK DOWN HISTORIC FA CUP SEMI-FINAL WIN // SPURS WOMEN,58,915,10,@lycanoftheunderworldselene,Gutted for Grace Clinton that she's not going to be able to play in the final as she's on loan from Untd.Hopefully she'll be allowed to sign with us for next season.,1,Tottenham Hotspur Women
THE DEBRIEF // GOALSCORERS NAZ AND THOMAS BREAK DOWN HISTORIC FA CUP SEMI-FINAL WIN // SPURS WOMEN,58,915,10,@shanatakarmaker,Reupload?,0,Tottenham Hotspur Women
THE DEBRIEF // GOALSCORERS NAZ AND THOMAS BREAK DOWN HISTORIC FA CUP SEMI-FINAL WIN // SPURS WOMEN,58,915,10,@Pensologo,Parabéns spurs ladies...boa sorte no final em Wembley. Vamos spurs ladies 🦵💪🫰,1,Tottenham Hotspur Women
BIG GAME PLAYER // MARTHA THOMAS SCORING AT TOTTENHAM HOTSPUR STADIUM,187,4424,7,@hayleyleadbitter6459,"Good job, Martha",1,Tottenham Hotspur Women
BIG GAME PLAYER // MARTHA THOMAS SCORING AT TOTTENHAM HOTSPUR STADIUM,187,4424,7,@MrBajoo40,Amazing,1,Tottenham Hotspur Women
BIG GAME PLAYER // MARTHA THOMAS SCORING AT TOTTENHAM HOTSPUR STADIUM,187,4424,7,@chardonnaylouisewhite7253,what a player,1,Tottenham Hotspur Women
BIG GAME PLAYER // MARTHA THOMAS SCORING AT TOTTENHAM HOTSPUR STADIUM,187,4424,7,@Just_an_Inchidenttt,Woah! Great job!,1,Tottenham Hotspur Women
BIG GAME PLAYER // MARTHA THOMAS SCORING AT TOTTENHAM HOTSPUR STADIUM,187,4424,7,@EthanGuntherCallanduxe-oy3kh,Brilliant❤,1,Tottenham Hotspur Women
BIG GAME PLAYER // MARTHA THOMAS SCORING AT TOTTENHAM HOTSPUR STADIUM,187,4424,7,@Gamingspurs,I was there in the south stand,3,Tottenham Hotspur Women
SPURS ARE ON THEIR WAY TO WEMBLEY // MATCHDAY UNCUT // TOTTENHAM HOTSPUR WOMEN,236,6904,32,@chardonnaylouisewhite7253,"one of the best games i have seen for a while 
COYS - Let's bring it home",0,Tottenham Hotspur Women
SPURS ARE ON THEIR WAY TO WEMBLEY // MATCHDAY UNCUT // TOTTENHAM HOTSPUR WOMEN,236,6904,32,@Paul-ek3yr,At least the womans team made it to the Final.....what did the men do?...,0,Tottenham Hotspur Women
SPURS ARE ON THEIR WAY TO WEMBLEY // MATCHDAY UNCUT // TOTTENHAM HOTSPUR WOMEN,236,6904,32,@jesi6486,We keep on the improvements going like this we’ll soon start competing for WSL and get WCL football 😤  Coys!,0,Tottenham Hotspur Women
SPURS ARE ON THEIR WAY TO WEMBLEY // MATCHDAY UNCUT // TOTTENHAM HOTSPUR WOMEN,236,6904,32,@jesi6486,UP THE SPURS🗣️🗣️⚪️⚪️⚪️,0,Tottenham Hotspur Women
SPURS ARE ON THEIR WAY TO WEMBLEY // MATCHDAY UNCUT // TOTTENHAM HOTSPUR WOMEN,236,6904,32,@sharoneverett8064,"So good, in Australia, but always a spurs fan,bring home the silver, love your work, oh, and say g'day to Ange😊",0,Tottenham Hotspur Women
SPURS ARE ON THEIR WAY TO WEMBLEY // MATCHDAY UNCUT // TOTTENHAM HOTSPUR WOMEN,236,6904,32,@KPVTHEJUDGMENTDAYWWE,🎉🎉🎉🎉 CONGRATULATIONS TO OUR SPURS LADIES ON GETTING TO THE WOMEN'S FA CUP FINAL I'M SO PROUD OF THE LADIES COYS LET'S do this,0,Tottenham Hotspur Women
SPURS ARE ON THEIR WAY TO WEMBLEY // MATCHDAY UNCUT // TOTTENHAM HOTSPUR WOMEN,236,6904,32,@DarrellGregory,And the Spurs go marching on. 💙,2,Tottenham Hotspur Women
SPURS ARE ON THEIR WAY TO WEMBLEY // MATCHDAY UNCUT // TOTTENHAM HOTSPUR WOMEN,236,6904,32,@jocee569,Fabulous win!! Congrats. COYS,1,Tottenham Hotspur Women
SPURS ARE ON THEIR WAY TO WEMBLEY // MATCHDAY UNCUT // TOTTENHAM HOTSPUR WOMEN,236,6904,32,@Marabout75,"✨🤍COYSW🐓N15🇲🇺...
Grace Clinton will be a big miss in final",0,Tottenham Hotspur Women
SPURS ARE ON THEIR WAY TO WEMBLEY // MATCHDAY UNCUT // TOTTENHAM HOTSPUR WOMEN,236,6904,32,@big..377,"Brilliant, if we were more clinical could have got 6 or 7 goals. Well done ladies, lets win at Wembley now.",0,Tottenham Hotspur Women
SPURS ARE ON THEIR WAY TO WEMBLEY // MATCHDAY UNCUT // TOTTENHAM HOTSPUR WOMEN,236,6904,32,@Tottenham_girl21,Let’s go win this thing (anyone with spare tickets beg let me have them) what inspirations you girls are ❤❤❤,0,Tottenham Hotspur Women
SPURS ARE ON THEIR WAY TO WEMBLEY // MATCHDAY UNCUT // TOTTENHAM HOTSPUR WOMEN,236,6904,32,@TheTiger_TheWolf,That's why bethany England is our captain as she's so motivational and knows exactly what this teams to do and they delivered COYS 🤍,9,Tottenham Hotspur Women
SPURS ARE ON THEIR WAY TO WEMBLEY // MATCHDAY UNCUT // TOTTENHAM HOTSPUR WOMEN,236,6904,32,@dannyesse3043,Free Palestine 🇵🇸,1,Tottenham Hotspur Women
SPURS ARE ON THEIR WAY TO WEMBLEY // MATCHDAY UNCUT // TOTTENHAM HOTSPUR WOMEN,236,6904,32,@RAJ-Jamcal,"Congrats ladies 👏👏👏👏
COYS, COYS, COYS",0,Tottenham Hotspur Women
SPURS ARE ON THEIR WAY TO WEMBLEY // MATCHDAY UNCUT // TOTTENHAM HOTSPUR WOMEN,236,6904,32,@TranCeFORM3R,"Congrats ladies, you are a strong group of players. You already made history lets go one further.",3,Tottenham Hotspur Women
SPURS ARE ON THEIR WAY TO WEMBLEY // MATCHDAY UNCUT // TOTTENHAM HOTSPUR WOMEN,236,6904,32,@phooey,"so proud of the girls!. Cannot wait to see them at Wembley!. Bought my tickets months ago, on the off chance!. Wow! Little did i know! 😆.C'mon You Spurs!!!",2,Tottenham Hotspur Women
SPURS ARE ON THEIR WAY TO WEMBLEY // MATCHDAY UNCUT // TOTTENHAM HOTSPUR WOMEN,236,6904,32,@spurseditss,i’ve got tickets to the finalll i cannot waitttt grace should get to play we need to sign her permanently i also went to the game on sunday my first ever womens game and what a game it was COYS LETS GO AND WIN THIS THING💙🤍🫶🏻,6,Tottenham Hotspur Women
SPURS ARE ON THEIR WAY TO WEMBLEY // MATCHDAY UNCUT // TOTTENHAM HOTSPUR WOMEN,236,6904,32,@zo7034,"Been to WHL games since it was WHL. One of the best games I've been to there, hoping to be able to get tickets for the final.",5,Tottenham Hotspur Women
SPURS ARE ON THEIR WAY TO WEMBLEY // MATCHDAY UNCUT // TOTTENHAM HOTSPUR WOMEN,236,6904,32,@jenniferalexander6658,I AM SO EXCITED COYS 🤍💙,5,Tottenham Hotspur Women
SPURS ARE ON THEIR WAY TO WEMBLEY // MATCHDAY UNCUT // TOTTENHAM HOTSPUR WOMEN,236,6904,32,@jmurray2018,"The greatest spurs day of my life since Mora’s goals in the champions league. 
Grace’s composure, Naz’s fake out in making Leicester believe she was tired, Englands leadership, the awesome impact of my fave player Charlotte and Neville was the G.O..A.T. Neville was my MVP. What an awesome day. 
Sucks that Grace won’t be in the final, she deserves to be there and should get a medal either way.. I wish she was ours permanently.",16,Tottenham Hotspur Women
ONE WORD TO DESCRIBE OUR FA CUP FINAL WIN ✨ // TOTTENHAM HOTSPUR WOMEN,442,11824,19,@Ggoat124,At least 1 Tottenham squad can win a trophy 😂,0,Tottenham Hotspur Women
ONE WORD TO DESCRIBE OUR FA CUP FINAL WIN ✨ // TOTTENHAM HOTSPUR WOMEN,442,11824,19,@Lenboy45edits,No one is aloud to like cuz I made it 300 likes,0,Tottenham Hotspur Women
ONE WORD TO DESCRIBE OUR FA CUP FINAL WIN ✨ // TOTTENHAM HOTSPUR WOMEN,442,11824,19,@MbuyiseloJuniorNgceke-25,Amy:Historic.,0,Tottenham Hotspur Women
ONE WORD TO DESCRIBE OUR FA CUP FINAL WIN ✨ // TOTTENHAM HOTSPUR WOMEN,442,11824,19,@brakprofitu3919,the botlers,0,Tottenham Hotspur Women
ONE WORD TO DESCRIBE OUR FA CUP FINAL WIN ✨ // TOTTENHAM HOTSPUR WOMEN,442,11824,19,@Ryokidinho,tottenham won a trophy before Kane did😂,2,Tottenham Hotspur Women
ONE WORD TO DESCRIBE OUR FA CUP FINAL WIN ✨ // TOTTENHAM HOTSPUR WOMEN,442,11824,19,@RebeccaJackson-o3t,"Amazing. Poor grace though, such a part of the success without the reward of playing the final x",0,Tottenham Hotspur Women
ONE WORD TO DESCRIBE OUR FA CUP FINAL WIN ✨ // TOTTENHAM HOTSPUR WOMEN,442,11824,19,@The_Villa_lad,The only way totanham can win a trophy,0,Tottenham Hotspur Women
ONE WORD TO DESCRIBE OUR FA CUP FINAL WIN ✨ // TOTTENHAM HOTSPUR WOMEN,442,11824,19,@lycanoftheunderworldselene,So gutted for Grace as she won't be able to play.,1,Tottenham Hotspur Women
ONE WORD TO DESCRIBE OUR FA CUP FINAL WIN ✨ // TOTTENHAM HOTSPUR WOMEN,442,11824,19,@heath2879,They finally won a trophy,0,Tottenham Hotspur Women
ONE WORD TO DESCRIBE OUR FA CUP FINAL WIN ✨ // TOTTENHAM HOTSPUR WOMEN,442,11824,19,@spurseditss,celin is so real❤ grace is so cuteeee😍🫶🏻,6,Tottenham Hotspur Women
ONE WORD TO DESCRIBE OUR FA CUP FINAL WIN ✨ // TOTTENHAM HOTSPUR WOMEN,442,11824,19,@Calsav-yq1kq,Thought that was the semi,1,Tottenham Hotspur Women
ONE WORD TO DESCRIBE OUR FA CUP FINAL WIN ✨ // TOTTENHAM HOTSPUR WOMEN,442,11824,19,@BethanyScott-pi6rz,I love tottenham women team❤,6,Tottenham Hotspur Women
ONE WORD TO DESCRIBE OUR FA CUP FINAL WIN ✨ // TOTTENHAM HOTSPUR WOMEN,442,11824,19,@Tottenham_girl21,"Celin”EveRy pOsiTivE woRd iN thIs wOrlD”😂❤
Love this team❤",14,Tottenham Hotspur Women
THE SPEECH THAT HELPED GET US TO WEMBLEY // INSPIRATIONAL TALK // TOTTENHAM HOTSPUR WOMEN,282,3391,13,@unknownnnx17.sophie,❤❤❤my fav team,0,Tottenham Hotspur Women
THE SPEECH THAT HELPED GET US TO WEMBLEY // INSPIRATIONAL TALK // TOTTENHAM HOTSPUR WOMEN,282,3391,13,@chardonnaylouisewhite7253,Should see more of this. This pep talk worked well,0,Tottenham Hotspur Women
THE SPEECH THAT HELPED GET US TO WEMBLEY // INSPIRATIONAL TALK // TOTTENHAM HOTSPUR WOMEN,282,3391,13,@timothytimotez8865,We should see more of this,1,Tottenham Hotspur Women
THE SPEECH THAT HELPED GET US TO WEMBLEY // INSPIRATIONAL TALK // TOTTENHAM HOTSPUR WOMEN,282,3391,13,@LozzyPezza,Go get them at Wembley! COYS Ladies 🫶🏻🙏🏻💫👍🏻👍🏻👏🏻👏🏻💪🏻🤟🏻👊🏻😁😁😁🤗,0,Tottenham Hotspur Women
THE SPEECH THAT HELPED GET US TO WEMBLEY // INSPIRATIONAL TALK // TOTTENHAM HOTSPUR WOMEN,282,3391,13,@indianastones6032,Go on girls! The mighty spurs are off to wembley!!,5,Tottenham Hotspur Women
THE SPEECH THAT HELPED GET US TO WEMBLEY // INSPIRATIONAL TALK // TOTTENHAM HOTSPUR WOMEN,282,3391,13,@BethanyScott-pi6rz,Well done girls ❤,3,Tottenham Hotspur Women
THE SPEECH THAT HELPED GET US TO WEMBLEY // INSPIRATIONAL TALK // TOTTENHAM HOTSPUR WOMEN,282,3391,13,@moussacissebayeniassdiaryd4413,"🇸🇳🇸🇳🇸🇳🇸🇳 Papa matar Sarr 
❤❤",1,Tottenham Hotspur Women
THE SPEECH THAT HELPED GET US TO WEMBLEY // INSPIRATIONAL TALK // TOTTENHAM HOTSPUR WOMEN,282,3391,13,@alex-c01,"Thanks to Beth England who saw my sign which said, “Beth England will you marry me?” See you at Wembley!!! COYS 💙🤍💙🤍💙🤍",2,Tottenham Hotspur Women
THE SPEECH THAT HELPED GET US TO WEMBLEY // INSPIRATIONAL TALK // TOTTENHAM HOTSPUR WOMEN,282,3391,13,@spurseditss,"i love how passionate beth is she’s such a good captain can’t wait to see these girls make history at the final i will be there watching COME ON YOU SPURS💙🤍
edit: thank you beth grace and becky for all waving at me at the game yesterday don’t think i’ve ever shouted grace so loud in my life absolutely gutted that she can’t play in the final",6,Tottenham Hotspur Women
THE SPEECH THAT HELPED GET US TO WEMBLEY // INSPIRATIONAL TALK // TOTTENHAM HOTSPUR WOMEN,282,3391,13,@Tottenham_girl21,The pep talk worked out really good 😂❤,8,Tottenham Hotspur Women
THE SPEECH THAT HELPED GET US TO WEMBLEY // INSPIRATIONAL TALK // TOTTENHAM HOTSPUR WOMEN,282,3391,13,@Just_an_Inchidenttt,You got this!!,3,Tottenham Hotspur Women
SPURS REACH FA CUP FINAL // TOTTENHAM HOTSPUR 2-1 LEICESTER CITY // WOMEN'S FA CUP HIGHLIGHTS,228,26011,32,@Eltratocon,I was at the game sat behind the goalkeeper and it was epic how they won,0,Tottenham Hotspur Women
SPURS REACH FA CUP FINAL // TOTTENHAM HOTSPUR 2-1 LEICESTER CITY // WOMEN'S FA CUP HIGHLIGHTS,228,26011,32,@adinmad6976,Totenham is guy,0,Tottenham Hotspur Women
SPURS REACH FA CUP FINAL // TOTTENHAM HOTSPUR 2-1 LEICESTER CITY // WOMEN'S FA CUP HIGHLIGHTS,228,26011,32,@jesi6486,Naz is HER 😤,0,Tottenham Hotspur Women
SPURS REACH FA CUP FINAL // TOTTENHAM HOTSPUR 2-1 LEICESTER CITY // WOMEN'S FA CUP HIGHLIGHTS,228,26011,32,@Marabout75,✨🤍COYSW🐓N15🇲🇺,0,Tottenham Hotspur Women
SPURS REACH FA CUP FINAL // TOTTENHAM HOTSPUR 2-1 LEICESTER CITY // WOMEN'S FA CUP HIGHLIGHTS,228,26011,32,@radiata88,🏆🤍🙏,2,Tottenham Hotspur Women
SPURS REACH FA CUP FINAL // TOTTENHAM HOTSPUR 2-1 LEICESTER CITY // WOMEN'S FA CUP HIGHLIGHTS,228,26011,32,@NBP722,I hope they can pull off what the men’s team couldn’t.,2,Tottenham Hotspur Women
SPURS REACH FA CUP FINAL // TOTTENHAM HOTSPUR 2-1 LEICESTER CITY // WOMEN'S FA CUP HIGHLIGHTS,228,26011,32,@samgray1065,Did the camera change angle after the first goal or are the highlights not in order?,1,Tottenham Hotspur Women
SPURS REACH FA CUP FINAL // TOTTENHAM HOTSPUR 2-1 LEICESTER CITY // WOMEN'S FA CUP HIGHLIGHTS,228,26011,32,@nicoles_handle,nooo i wanted to see martha's celebration D:,1,Tottenham Hotspur Women
SPURS REACH FA CUP FINAL // TOTTENHAM HOTSPUR 2-1 LEICESTER CITY // WOMEN'S FA CUP HIGHLIGHTS,228,26011,32,@nicoles_handle,0:39 immense save my word,2,Tottenham Hotspur Women
SPURS REACH FA CUP FINAL // TOTTENHAM HOTSPUR 2-1 LEICESTER CITY // WOMEN'S FA CUP HIGHLIGHTS,228,26011,32,@OllieL819,Well Played Girls Keep it Up Let’s Get The Fa Cup trophy 🎉❤,1,Tottenham Hotspur Women
SPURS REACH FA CUP FINAL // TOTTENHAM HOTSPUR 2-1 LEICESTER CITY // WOMEN'S FA CUP HIGHLIGHTS,228,26011,32,@Joeyj3dy,This was the first match I'd ever taken my daughter to and what a first match it was!,3,Tottenham Hotspur Women
SPURS REACH FA CUP FINAL // TOTTENHAM HOTSPUR 2-1 LEICESTER CITY // WOMEN'S FA CUP HIGHLIGHTS,228,26011,32,@Miaaaaaaaaaaaaaaaaaaa,"Was at the game !! The first goal was long awaited, the last goal was what I needed , I was screaming and soo happy !! Well done girlsss",3,Tottenham Hotspur Women
SPURS REACH FA CUP FINAL // TOTTENHAM HOTSPUR 2-1 LEICESTER CITY // WOMEN'S FA CUP HIGHLIGHTS,228,26011,32,@spurseditss,"i screamed as loud as i could when martha scored and at the full time whistle but thank you so much grace,beth and becky for all waving at me your all so sweet 🫶🏻",6,Tottenham Hotspur Women
SPURS REACH FA CUP FINAL // TOTTENHAM HOTSPUR 2-1 LEICESTER CITY // WOMEN'S FA CUP HIGHLIGHTS,228,26011,32,@NiRudraws,"That first goal for us was massive, but that second goal was something else. Just priceless",18,Tottenham Hotspur Women
SPURS REACH FA CUP FINAL // TOTTENHAM HOTSPUR 2-1 LEICESTER CITY // WOMEN'S FA CUP HIGHLIGHTS,228,26011,32,@jmurray2018,"Once again Girls are better than boys. Awesome job, what a way to show the men’s team how to do it. 
Ashleigh your the greatest Neville I’ve ever known you owned that game a true MVP",9,Tottenham Hotspur Women
SPURS REACH FA CUP FINAL // TOTTENHAM HOTSPUR 2-1 LEICESTER CITY // WOMEN'S FA CUP HIGHLIGHTS,228,26011,32,@TheTiger_TheWolf,Spurs are on their way to Wembley and watching this and seeing Martha goal brought me to tears and gave me goosebumps COYS 🤍,7,Tottenham Hotspur Women
SPURS REACH FA CUP FINAL // TOTTENHAM HOTSPUR 2-1 LEICESTER CITY // WOMEN'S FA CUP HIGHLIGHTS,228,26011,32,@Calsav-yq1kq,The woman so it before spurs do,1,Tottenham Hotspur Women
SPURS REACH FA CUP FINAL // TOTTENHAM HOTSPUR 2-1 LEICESTER CITY // WOMEN'S FA CUP HIGHLIGHTS,228,26011,32,@danielbaldyy,Hoping we win in final🏆🥇,12,Tottenham Hotspur Women
SEE YOU SOON WEMBLEY // DRESSING ROOM CELEBRATIONS // FA CUP // TOTTENHAM HOTSPUR WOMEN,659,18297,47,@Ruby_807,My friend would love this,0,Tottenham Hotspur Women
SEE YOU SOON WEMBLEY // DRESSING ROOM CELEBRATIONS // FA CUP // TOTTENHAM HOTSPUR WOMEN,659,18297,47,@FootballFamous264,"COME ON UNITED 


TOONEYYYYYYYYYYYYYY",2,Tottenham Hotspur Women
SEE YOU SOON WEMBLEY // DRESSING ROOM CELEBRATIONS // FA CUP // TOTTENHAM HOTSPUR WOMEN,659,18297,47,@abdelchahid2949,ايها المسلمون حذار من الوان rainbow ذات الحمولة المثلية..,0,Tottenham Hotspur Women
SEE YOU SOON WEMBLEY // DRESSING ROOM CELEBRATIONS // FA CUP // TOTTENHAM HOTSPUR WOMEN,659,18297,47,@adriannurse5245,COYS…!!❤is💙🇧🇧💙,0,Tottenham Hotspur Women
SEE YOU SOON WEMBLEY // DRESSING ROOM CELEBRATIONS // FA CUP // TOTTENHAM HOTSPUR WOMEN,659,18297,47,@PingPong-bn6it,COME ON YOU SPURS,0,Tottenham Hotspur Women
SEE YOU SOON WEMBLEY // DRESSING ROOM CELEBRATIONS // FA CUP // TOTTENHAM HOTSPUR WOMEN,659,18297,47,@lycanoftheunderworldselene,Is there a longer version of this video?,0,Tottenham Hotspur Women
SEE YOU SOON WEMBLEY // DRESSING ROOM CELEBRATIONS // FA CUP // TOTTENHAM HOTSPUR WOMEN,659,18297,47,@chardonnaylouisewhite7253,"lets go and win it 
COYS",0,Tottenham Hotspur Women
SEE YOU SOON WEMBLEY // DRESSING ROOM CELEBRATIONS // FA CUP // TOTTENHAM HOTSPUR WOMEN,659,18297,47,@DoiyVuhjug,COYS🎉🎉🎉🎉🎉😊😊😊,0,Tottenham Hotspur Women
SEE YOU SOON WEMBLEY // DRESSING ROOM CELEBRATIONS // FA CUP // TOTTENHAM HOTSPUR WOMEN,659,18297,47,@samlongden834,Well done grace Clinton you will b awesome when u come back to united I support united but well done for getting to the final girls,0,Tottenham Hotspur Women
SEE YOU SOON WEMBLEY // DRESSING ROOM CELEBRATIONS // FA CUP // TOTTENHAM HOTSPUR WOMEN,659,18297,47,@KippaxDan,Under 11s team would beat this lot.,0,Tottenham Hotspur Women
SEE YOU SOON WEMBLEY // DRESSING ROOM CELEBRATIONS // FA CUP // TOTTENHAM HOTSPUR WOMEN,659,18297,47,@theahan,"Really proud of you, let's make history again",0,Tottenham Hotspur Women
SEE YOU SOON WEMBLEY // DRESSING ROOM CELEBRATIONS // FA CUP // TOTTENHAM HOTSPUR WOMEN,659,18297,47,@stephengreen215,Nice one...😊,0,Tottenham Hotspur Women
SEE YOU SOON WEMBLEY // DRESSING ROOM CELEBRATIONS // FA CUP // TOTTENHAM HOTSPUR WOMEN,659,18297,47,@Chel.saqxnn,Up the spurs,0,Tottenham Hotspur Women
SEE YOU SOON WEMBLEY // DRESSING ROOM CELEBRATIONS // FA CUP // TOTTENHAM HOTSPUR WOMEN,659,18297,47,@SpursMalayali,Yaay...just one more to go! COYS!,0,Tottenham Hotspur Women
SEE YOU SOON WEMBLEY // DRESSING ROOM CELEBRATIONS // FA CUP // TOTTENHAM HOTSPUR WOMEN,659,18297,47,@alex-c01,"Come On You Spurs, I was there and you played amazing. My first Spurs Women game and first game at The Tottenham Hotspur Stadium. You made me so proud. And I believe that we can win this. See you at Wembley!!! COYS 💙🤍. Celebrate tonight girls",1,Tottenham Hotspur Women
SEE YOU SOON WEMBLEY // DRESSING ROOM CELEBRATIONS // FA CUP // TOTTENHAM HOTSPUR WOMEN,659,18297,47,@pauly741,such a shame grace clinton who helped us get there can’t play in the final against her parent club,1,Tottenham Hotspur Women
SEE YOU SOON WEMBLEY // DRESSING ROOM CELEBRATIONS // FA CUP // TOTTENHAM HOTSPUR WOMEN,659,18297,47,@danielbaldyy,I'd save this celebration for the win in the final but still well done to all of them 👍🤍,0,Tottenham Hotspur Women
SEE YOU SOON WEMBLEY // DRESSING ROOM CELEBRATIONS // FA CUP // TOTTENHAM HOTSPUR WOMEN,659,18297,47,@aimee3063,THISS TEAMMMMM🤍🤍🤍🤍🤍,0,Tottenham Hotspur Women
SEE YOU SOON WEMBLEY // DRESSING ROOM CELEBRATIONS // FA CUP // TOTTENHAM HOTSPUR WOMEN,659,18297,47,@BethanyScott-pi6rz,Well done ❤,1,Tottenham Hotspur Women
SEE YOU SOON WEMBLEY // DRESSING ROOM CELEBRATIONS // FA CUP // TOTTENHAM HOTSPUR WOMEN,659,18297,47,@NiRudraws,🎉🎉🎉,0,Tottenham Hotspur Women
SEE YOU SOON WEMBLEY // DRESSING ROOM CELEBRATIONS // FA CUP // TOTTENHAM HOTSPUR WOMEN,659,18297,47,@sjomange,what lovely girls good luck in the finals,0,Tottenham Hotspur Women
SEE YOU SOON WEMBLEY // DRESSING ROOM CELEBRATIONS // FA CUP // TOTTENHAM HOTSPUR WOMEN,659,18297,47,@Mk7-p7o,Feminism/lezza,0,Tottenham Hotspur Women
SEE YOU SOON WEMBLEY // DRESSING ROOM CELEBRATIONS // FA CUP // TOTTENHAM HOTSPUR WOMEN,659,18297,47,@Mk7-p7o,Go wash the dishes,1,Tottenham Hotspur Women
SEE YOU SOON WEMBLEY // DRESSING ROOM CELEBRATIONS // FA CUP // TOTTENHAM HOTSPUR WOMEN,659,18297,47,@indianastones6032,Well done girls! Proud of ya all!,4,Tottenham Hotspur Women
SEE YOU SOON WEMBLEY // DRESSING ROOM CELEBRATIONS // FA CUP // TOTTENHAM HOTSPUR WOMEN,659,18297,47,@StevenHutch-c8b,Absolutely pathetic,1,Tottenham Hotspur Women
SEE YOU SOON WEMBLEY // DRESSING ROOM CELEBRATIONS // FA CUP // TOTTENHAM HOTSPUR WOMEN,659,18297,47,@physxco18,Congrats ladies!! #COYS,7,Tottenham Hotspur Women
SEE YOU SOON WEMBLEY // DRESSING ROOM CELEBRATIONS // FA CUP // TOTTENHAM HOTSPUR WOMEN,659,18297,47,@spurseditss,"LETS WIN IT COME ON GIRLS
THANK U SO MUCH FOR WAVING AT ME GRACE I LOVE YOU ALL SO MUCH 
COYS",4,Tottenham Hotspur Women
SEE YOU SOON WEMBLEY // DRESSING ROOM CELEBRATIONS // FA CUP // TOTTENHAM HOTSPUR WOMEN,659,18297,47,@Tottenham_girl21,"Congrats girls so happy I was there
👇to beat Man U in the final (gutted Grace can’t play)",7,Tottenham Hotspur Women
SEE YOU SOON WEMBLEY // DRESSING ROOM CELEBRATIONS // FA CUP // TOTTENHAM HOTSPUR WOMEN,659,18297,47,@superiorone,😊✨,1,Tottenham Hotspur Women
SEE YOU SOON WEMBLEY // DRESSING ROOM CELEBRATIONS // FA CUP // TOTTENHAM HOTSPUR WOMEN,659,18297,47,@duncanrowe9105,Heartwarming,6,Tottenham Hotspur Women
SEE YOU SOON WEMBLEY // DRESSING ROOM CELEBRATIONS // FA CUP // TOTTENHAM HOTSPUR WOMEN,659,18297,47,@The_Prime_Bois,"COME ON YOU SPURS 

LETS WIN IT EVERYONE",10,Tottenham Hotspur Women
SEE YOU SOON WEMBLEY // DRESSING ROOM CELEBRATIONS // FA CUP // TOTTENHAM HOTSPUR WOMEN,659,18297,47,@ripxdoc,Go on!!!! Congratulations to you all!! Enjoy the big Final day when it gets here 🙌,15,Tottenham Hotspur Women
THE PITCH WALK 🏟️ // TOTTENHAM HOTSPUR STADIUM // FA CUP SEMI-FINAL,172,3105,5,@chardonnaylouisewhite7253,We are on our way to Wembley ❤,0,Tottenham Hotspur Women
THE PITCH WALK 🏟️ // TOTTENHAM HOTSPUR STADIUM // FA CUP SEMI-FINAL,172,3105,5,@big..377,Well done our ladies.. we are going to Wembley.,1,Tottenham Hotspur Women
THE PITCH WALK 🏟️ // TOTTENHAM HOTSPUR STADIUM // FA CUP SEMI-FINAL,172,3105,5,@spurseditss,IN THE STANDSS SHAHAHAH,1,Tottenham Hotspur Women
THE PITCH WALK 🏟️ // TOTTENHAM HOTSPUR STADIUM // FA CUP SEMI-FINAL,172,3105,5,@unknownnnx17.sophie,The amazing people and stadium,1,Tottenham Hotspur Women
THE PITCH WALK 🏟️ // TOTTENHAM HOTSPUR STADIUM // FA CUP SEMI-FINAL,172,3105,5,@ßimon_.08,COYS,2,Tottenham Hotspur Women
THE GOALS THAT GOT US TO THE FA CUP SEMI-FINAL // TOTTENHAM HOTSPUR WOMEN,76,1264,5,@defi_divaa,Pls win COYS,0,Tottenham Hotspur Women
THE GOALS THAT GOT US TO THE FA CUP SEMI-FINAL // TOTTENHAM HOTSPUR WOMEN,76,1264,5,@nicoles_handle,can't wait for the update 😉,0,Tottenham Hotspur Women
THE GOALS THAT GOT US TO THE FA CUP SEMI-FINAL // TOTTENHAM HOTSPUR WOMEN,76,1264,5,@daviewhatley3665,"Love watching spurs ladies,",2,Tottenham Hotspur Women
THE GOALS THAT GOT US TO THE FA CUP SEMI-FINAL // TOTTENHAM HOTSPUR WOMEN,76,1264,5,@jocee569,Come on you Spurs !,2,Tottenham Hotspur Women
THE GOALS THAT GOT US TO THE FA CUP SEMI-FINAL // TOTTENHAM HOTSPUR WOMEN,76,1264,5,@user_use_her,"Am 100% into woman football,  but what a terrible cut",0,Tottenham Hotspur Women
BEST MOTIVATIONAL QUOTE // TOTTENHAM HOTSPUR WOMEN,309,6335,6,@cuppiecupsters,These quotes are so sweet and funny! I love these videos!❤️,2,Tottenham Hotspur Women
BEST MOTIVATIONAL QUOTE // TOTTENHAM HOTSPUR WOMEN,309,6335,6,@BellaC143,Oooo I have a tattoo lol love celin,0,Tottenham Hotspur Women
BEST MOTIVATIONAL QUOTE // TOTTENHAM HOTSPUR WOMEN,309,6335,6,@kknows6260,Martha Thomas ❤,0,Tottenham Hotspur Women
BEST MOTIVATIONAL QUOTE // TOTTENHAM HOTSPUR WOMEN,309,6335,6,@Sabeer147,No rain no flowers ❤️ Olga 😍,10,Tottenham Hotspur Women
BEST MOTIVATIONAL QUOTE // TOTTENHAM HOTSPUR WOMEN,309,6335,6,@JohnFrenzy,it‘s now or never,1,Tottenham Hotspur Women
BEST MOTIVATIONAL QUOTE // TOTTENHAM HOTSPUR WOMEN,309,6335,6,@danielbaldyy,Nice 👍,2,Tottenham Hotspur Women
POSITIVITY BALL // GRACE + CELIN ARE BACK AND READY FOR FA CUP SEMI-FINAL // SPURS WOMEN,377,8083,9,@Greeny1308,"We have to, at least, try and sign Grace Clinton this summer.",1,Tottenham Hotspur Women
POSITIVITY BALL // GRACE + CELIN ARE BACK AND READY FOR FA CUP SEMI-FINAL // SPURS WOMEN,377,8083,9,@adriannurse5245,Just show the lads and share the secret pls x,1,Tottenham Hotspur Women
POSITIVITY BALL // GRACE + CELIN ARE BACK AND READY FOR FA CUP SEMI-FINAL // SPURS WOMEN,377,8083,9,@bayleighwatson2220,I love grace clinton so muchhhhhh,1,Tottenham Hotspur Women
POSITIVITY BALL // GRACE + CELIN ARE BACK AND READY FOR FA CUP SEMI-FINAL // SPURS WOMEN,377,8083,9,@spurseditss,competing for the best duo in the womens game i’ve already got my ticketttt,5,Tottenham Hotspur Women
POSITIVITY BALL // GRACE + CELIN ARE BACK AND READY FOR FA CUP SEMI-FINAL // SPURS WOMEN,377,8083,9,@ripxdoc,Grace is a baller,3,Tottenham Hotspur Women
POSITIVITY BALL // GRACE + CELIN ARE BACK AND READY FOR FA CUP SEMI-FINAL // SPURS WOMEN,377,8083,9,@Tottenham_girl21,Grace and Celin friendship is amazing COYS❤❤❤,7,Tottenham Hotspur Women
POSITIVITY BALL // GRACE + CELIN ARE BACK AND READY FOR FA CUP SEMI-FINAL // SPURS WOMEN,377,8083,9,@Random_Uploads2804,#COYS,3,Tottenham Hotspur Women
POSITIVITY BALL // GRACE + CELIN ARE BACK AND READY FOR FA CUP SEMI-FINAL // SPURS WOMEN,377,8083,9,@Just.jorja14,Love u guys so much ❤ best friends forever ❤,3,Tottenham Hotspur Women
POSITIVITY BALL // GRACE + CELIN ARE BACK AND READY FOR FA CUP SEMI-FINAL // SPURS WOMEN,377,8083,9,@Bellamckenzie01,"First, absolutely love grace and Celin❤❤❤",4,Tottenham Hotspur Women
TRAINING AHEAD OF FA CUP SEMI-FINAL // BIG TACKLES AND TOP FINISHES // TOTTENHAM HOTSPUR WOMEN,104,2289,6,@PingPong-bn6it,COYS ARE YOU HAPPY U WON 2-1,0,Tottenham Hotspur Women
TRAINING AHEAD OF FA CUP SEMI-FINAL // BIG TACKLES AND TOP FINISHES // TOTTENHAM HOTSPUR WOMEN,104,2289,6,@Gamingspurs,I’m excited for that game I’m also going too,1,Tottenham Hotspur Women
TRAINING AHEAD OF FA CUP SEMI-FINAL // BIG TACKLES AND TOP FINISHES // TOTTENHAM HOTSPUR WOMEN,104,2289,6,@MbuyiseloJuniorNgceke-25,Goodluck LILLYWHITES.,1,Tottenham Hotspur Women
TRAINING AHEAD OF FA CUP SEMI-FINAL // BIG TACKLES AND TOP FINISHES // TOTTENHAM HOTSPUR WOMEN,104,2289,6,@carm6713,😘,1,Tottenham Hotspur Women
TRAINING AHEAD OF FA CUP SEMI-FINAL // BIG TACKLES AND TOP FINISHES // TOTTENHAM HOTSPUR WOMEN,104,2289,6,@lycanoftheunderworldselene,I'm travelling up from Kent. Really looking forward to this.Ladies are looking sharp.COYS,2,Tottenham Hotspur Women
TRAINING AHEAD OF FA CUP SEMI-FINAL // BIG TACKLES AND TOP FINISHES // TOTTENHAM HOTSPUR WOMEN,104,2289,6,@TheTiger_TheWolf,"I'm so excited and ready for this Sunday game at Tottenham Hotspur stadium 12 midday kickoff. You can win this ladies
 COYS 🤍",2,Tottenham Hotspur Women
TRAINING BLOOPERS PT.1 // WALKING RACE // TOTTENHAM HOTSPUR WOMEN,228,6153,3,@timothytimotez8865,Those bum bum swaying 😊up and down,2,Tottenham Hotspur Women
TRAINING BLOOPERS PT.1 // WALKING RACE // TOTTENHAM HOTSPUR WOMEN,228,6153,3,@ViniciusJrFC,R u skibidi?,0,Tottenham Hotspur Women
TRAINING BLOOPERS PT.1 // WALKING RACE // TOTTENHAM HOTSPUR WOMEN,228,6153,3,@Footballxfn_guy,😂,3,Tottenham Hotspur Women
FA CUP SEMI-FINAL READY // HISTORY IN THE MAKING // TOTTENHAM HOTSPUR WOMEN,201,2076,11,@I2Afootball,Lost it tho 😂😂 😂,0,Tottenham Hotspur Women
FA CUP SEMI-FINAL READY // HISTORY IN THE MAKING // TOTTENHAM HOTSPUR WOMEN,201,2076,11,@martinflood3532,Mufc fa cup winners men and women 🔴⚪️⚫️⚽️⚽️⚽️,1,Tottenham Hotspur Women
FA CUP SEMI-FINAL READY // HISTORY IN THE MAKING // TOTTENHAM HOTSPUR WOMEN,201,2076,11,@chardonnaylouisewhite7253,good luck - Bring it home,1,Tottenham Hotspur Women
FA CUP SEMI-FINAL READY // HISTORY IN THE MAKING // TOTTENHAM HOTSPUR WOMEN,201,2076,11,@QueenEllyMadders,"Go onwards to Glory as the game is about Glory and we beat Man Utd as one strong family Fans Players Manager Coaches Tea Person Kit Person and so on we win together we’re there right behind you, COYSW TO DARE IS TO DO!!!!!!!!!!!!!!!!!!!!!!!!",0,Tottenham Hotspur Women
FA CUP SEMI-FINAL READY // HISTORY IN THE MAKING // TOTTENHAM HOTSPUR WOMEN,201,2076,11,@StevenHutch-c8b,Who cares seriously like watching boys under 11s just the keepers are worse,0,Tottenham Hotspur Women
FA CUP SEMI-FINAL READY // HISTORY IN THE MAKING // TOTTENHAM HOTSPUR WOMEN,201,2076,11,@alex-c01,"Glory Glory Tottenham Hotspur, Glory Glory Tottenham Hotspur, Glory Glory Tottenham Hotspur, as the spurs go marching on.",1,Tottenham Hotspur Women
FA CUP SEMI-FINAL READY // HISTORY IN THE MAKING // TOTTENHAM HOTSPUR WOMEN,201,2076,11,@alex-c01,"We love you Tottenham we do, we love you Tottenham we do, we love you Tottenham we do, oh Tottenham we love you.",1,Tottenham Hotspur Women
FA CUP SEMI-FINAL READY // HISTORY IN THE MAKING // TOTTENHAM HOTSPUR WOMEN,201,2076,11,@hanzjp16,coys ❤❤,0,Tottenham Hotspur Women
FA CUP SEMI-FINAL READY // HISTORY IN THE MAKING // TOTTENHAM HOTSPUR WOMEN,201,2076,11,@MbuyiseloJuniorNgceke-25,"Goodluck LILLYWHITES,all the best.",0,Tottenham Hotspur Women
FA CUP SEMI-FINAL READY // HISTORY IN THE MAKING // TOTTENHAM HOTSPUR WOMEN,201,2076,11,@spurseditss,CANNOT WAITTT❤ my first ever women’s game and it’s hugeeee,1,Tottenham Hotspur Women
FA CUP SEMI-FINAL READY // HISTORY IN THE MAKING // TOTTENHAM HOTSPUR WOMEN,201,2076,11,@anthonygonzalez2187,Coys,0,Tottenham Hotspur Women
MARTHA THOMAS PREVIEWS FA CUP SEMI-FINAL // EXCLUSIVE INTERVIEW // TOTTENHAM HOTSPUR WOMEN,79,821,5,@Miaaaaaaaaaaaaaaaaaaa,Well done yesterday Martha !! Watched you live and you were amazing !!,1,Tottenham Hotspur Women
MARTHA THOMAS PREVIEWS FA CUP SEMI-FINAL // EXCLUSIVE INTERVIEW // TOTTENHAM HOTSPUR WOMEN,79,821,5,@Tottenham_girl21,This squad is so connected and want to make history not just for themselves but for us fans as well ❤❤❤,2,Tottenham Hotspur Women
MARTHA THOMAS PREVIEWS FA CUP SEMI-FINAL // EXCLUSIVE INTERVIEW // TOTTENHAM HOTSPUR WOMEN,79,821,5,@TheTiger_TheWolf,"This team has shown why they want to go and win, this Sunday they'll give it all they've got and pick up another win COYS 🤍",1,Tottenham Hotspur Women
MARTHA THOMAS PREVIEWS FA CUP SEMI-FINAL // EXCLUSIVE INTERVIEW // TOTTENHAM HOTSPUR WOMEN,79,821,5,@ServingMyJesus,"I have your cup final song written...well, almost.  It will be ready for you young women to sing and record well before the final.",1,Tottenham Hotspur Women
MARTHA THOMAS PREVIEWS FA CUP SEMI-FINAL // EXCLUSIVE INTERVIEW // TOTTENHAM HOTSPUR WOMEN,79,821,5,@lincolngonmanmiller7996,Come on you spurs,1,Tottenham Hotspur Women
WE ARE HYPED 🔥 // FA CUP SEMI-FINAL COMING SOON // TOTTENHAM HOTSPUR WOMEN,150,1549,2,@seccrettt1136,rooting for you guys!!,1,Tottenham Hotspur Women
WE ARE HYPED 🔥 // FA CUP SEMI-FINAL COMING SOON // TOTTENHAM HOTSPUR WOMEN,150,1549,2,@spurseditss,i will be there i’m so excitedddd,5,Tottenham Hotspur Women
WE WANT TO BE A CLUB THAT DEVELOPS WOMEN'S FOOTBALL // ROBERT VILAHAMN // TOTTENHAM HOTSPUR WOMEN,52,624,5,@NiRudraws,Cheers to trusting our girls to do their best and will all their games.,1,Tottenham Hotspur Women
WE WANT TO BE A CLUB THAT DEVELOPS WOMEN'S FOOTBALL // ROBERT VILAHAMN // TOTTENHAM HOTSPUR WOMEN,52,624,5,@sassiqueen1200,TEAM <3,1,Tottenham Hotspur Women
WE WANT TO BE A CLUB THAT DEVELOPS WOMEN'S FOOTBALL // ROBERT VILAHAMN // TOTTENHAM HOTSPUR WOMEN,52,624,5,@TheTiger_TheWolf,This team of incredible talented ladies will go in on Sunday and do exactly what they did in their recent game against Leicester City and win the game and go onto Wembley COYS 🤍,3,Tottenham Hotspur Women
WE WANT TO BE A CLUB THAT DEVELOPS WOMEN'S FOOTBALL // ROBERT VILAHAMN // TOTTENHAM HOTSPUR WOMEN,52,624,5,@violin245,Beating City and have Leicester?? ya they'll be in the final.,2,Tottenham Hotspur Women
WE WANT TO BE A CLUB THAT DEVELOPS WOMEN'S FOOTBALL // ROBERT VILAHAMN // TOTTENHAM HOTSPUR WOMEN,52,624,5,@zo7034,Would love for all half time interviews to be put on YT and Spursplay,4,Tottenham Hotspur Women
MARTHA THOMAS BACK IN FULL TRAINING // GEARING UP FOR FA CUP SEMI-FINAL // TOTTENHAM HOTSPUR WOMEN,49,863,3,@Daveportime,"I'm not a Tottenham fan, but I hope they win the FA CUP, they are one of the teams that most deserves to win.",0,Tottenham Hotspur Women
MARTHA THOMAS BACK IN FULL TRAINING // GEARING UP FOR FA CUP SEMI-FINAL // TOTTENHAM HOTSPUR WOMEN,49,863,3,@RanbeerRanjan,Good Luck Ladies !!! COYS !!✊👊,0,Tottenham Hotspur Women
MARTHA THOMAS BACK IN FULL TRAINING // GEARING UP FOR FA CUP SEMI-FINAL // TOTTENHAM HOTSPUR WOMEN,49,863,3,@jmurray2018,Good luck ladies I’ll be there cheering you on,0,Tottenham Hotspur Women
STARTER OR DESSERT // WHAT WOULD YOU PICK? // TOTTENHAM HOTSPUR WOMEN,265,5331,3,@indianastones6032,"Good luck at wembley, girls!!",0,Tottenham Hotspur Women
STARTER OR DESSERT // WHAT WOULD YOU PICK? // TOTTENHAM HOTSPUR WOMEN,265,5331,3,@RebeccaJackson-o3t,Depends on the cuisine,5,Tottenham Hotspur Women
F1 AUSTRALIA SIMULATOR CHALLENGE // TOTTENHAM HOTSPUR WOMEN,308,8353,9,@ellamiller-ce1wi,them calling each other rat is so funny,11,Tottenham Hotspur Women
F1 AUSTRALIA SIMULATOR CHALLENGE // TOTTENHAM HOTSPUR WOMEN,308,8353,9,@tessakearney961,It’s so weird because I’m from Melbourne and my house is very close to that course and the primary school I went to is just next to it 😂😅,2,Tottenham Hotspur Women
F1 AUSTRALIA SIMULATOR CHALLENGE // TOTTENHAM HOTSPUR WOMEN,308,8353,9,@danielbaldyy,Yeah it's actually quite tricky to control,4,Tottenham Hotspur Women
F1 AUSTRALIA SIMULATOR CHALLENGE // TOTTENHAM HOTSPUR WOMEN,308,8353,9,@etowngti,Grace was born to race NASCAR instead of F1 😂 She could go on the grass all she wants!,11,Tottenham Hotspur Women
F1 AUSTRALIA SIMULATOR CHALLENGE // TOTTENHAM HOTSPUR WOMEN,308,8353,9,@ServingMyJesus,"This is what we need.  This is TEAM SPIRIT at it best.  Grace Clinton is now a Spurs player.  We all have to persaude her to stay with us.  Amanda Nilden has strengthen our defence and we have to persuade her to stay, too.  Here is the makings of a squad that could soon challenge the Manchesters, Chelsea and Arsenal.  For that to happen, this squad MUST stay together for at another 3 seasons.  Only bringing players to strenthen our team.",1,Tottenham Hotspur Women
F1 AUSTRALIA SIMULATOR CHALLENGE // TOTTENHAM HOTSPUR WOMEN,308,8353,9,@zo7034,Celine and Grace are such a fun friendship. Hope Grace stays.,14,Tottenham Hotspur Women
F1 AUSTRALIA SIMULATOR CHALLENGE // TOTTENHAM HOTSPUR WOMEN,308,8353,9,@Stand663,That’s really cool. I would love to be driving.,2,Tottenham Hotspur Women
F1 AUSTRALIA SIMULATOR CHALLENGE // TOTTENHAM HOTSPUR WOMEN,308,8353,9,@Cheddarhead7,Sign Grace permanently!,31,Tottenham Hotspur Women
THE BLINDFOLD CHALLENGE 🏉😂 // TOTTENHAM HOTSPUR,356,7074,4,@JackPalfrey178,Arsenal are better,0,Tottenham Hotspur Women
THE BLINDFOLD CHALLENGE 🏉😂 // TOTTENHAM HOTSPUR,356,7074,4,@Sabeer147,😂,1,Tottenham Hotspur Women
THE BLINDFOLD CHALLENGE 🏉😂 // TOTTENHAM HOTSPUR,356,7074,4,@mrben1051,Lol coys😊,1,Tottenham Hotspur Women
THE BLINDFOLD CHALLENGE 🏉😂 // TOTTENHAM HOTSPUR,356,7074,4,@TherealofficialYT,LoL COYS,1,Tottenham Hotspur Women
SPURS SNACKS - FINLAND VS ENGLAND // LIQUORICE OR JAM ROLY POLY? // TOTTENHAM HOTSPUR,1146,57398,52,@flexfootballfc,Clinton's reactions are everything,0,Tottenham Hotspur Women
SPURS SNACKS - FINLAND VS ENGLAND // LIQUORICE OR JAM ROLY POLY? // TOTTENHAM HOTSPUR,1146,57398,52,@trappinaintdeadyourjustsca5506,Them 2 in the middle proper eye candy,1,Tottenham Hotspur Women
SPURS SNACKS - FINLAND VS ENGLAND // LIQUORICE OR JAM ROLY POLY? // TOTTENHAM HOTSPUR,1146,57398,52,@SlendisFi_Universe,Brits seem to be quite picky... Shame.,1,Tottenham Hotspur Women
SPURS SNACKS - FINLAND VS ENGLAND // LIQUORICE OR JAM ROLY POLY? // TOTTENHAM HOTSPUR,1146,57398,52,@timvendace75,"Hey, now even put a text on the screen which product you are tasting at any time! thank you!
Gf 🇫🇮❤ you are lovely",0,Tottenham Hotspur Women
SPURS SNACKS - FINLAND VS ENGLAND // LIQUORICE OR JAM ROLY POLY? // TOTTENHAM HOTSPUR,1146,57398,52,@FNX23-i2t,Panisin koko tiimiä!,0,Tottenham Hotspur Women
SPURS SNACKS - FINLAND VS ENGLAND // LIQUORICE OR JAM ROLY POLY? // TOTTENHAM HOTSPUR,1146,57398,52,@ssr-p1n,"I'm surprised they brought out reindeer jerky, it's one of my favorite snacks. I just have them in a bowl often.",0,Tottenham Hotspur Women
SPURS SNACKS - FINLAND VS ENGLAND // LIQUORICE OR JAM ROLY POLY? // TOTTENHAM HOTSPUR,1146,57398,52,@mariannejtv2730,9:31 Eveliina is so right,0,Tottenham Hotspur Women
SPURS SNACKS - FINLAND VS ENGLAND // LIQUORICE OR JAM ROLY POLY? // TOTTENHAM HOTSPUR,1146,57398,52,@Kuuj12,Love to see some finnish content,0,Tottenham Hotspur Women
SPURS SNACKS - FINLAND VS ENGLAND // LIQUORICE OR JAM ROLY POLY? // TOTTENHAM HOTSPUR,1146,57398,52,@kommunisticamperkommunisti8,After this im convinced that english People are just picky.,2,Tottenham Hotspur Women
SPURS SNACKS - FINLAND VS ENGLAND // LIQUORICE OR JAM ROLY POLY? // TOTTENHAM HOTSPUR,1146,57398,52,@rhyspinn4716,Grace just eating everything 😂,0,Tottenham Hotspur Women
SPURS SNACKS - FINLAND VS ENGLAND // LIQUORICE OR JAM ROLY POLY? // TOTTENHAM HOTSPUR,1146,57398,52,@sandelalexandru3812,only one british girl,0,Tottenham Hotspur Women
SPURS SNACKS - FINLAND VS ENGLAND // LIQUORICE OR JAM ROLY POLY? // TOTTENHAM HOTSPUR,1146,57398,52,@Finngas,"'Its not vinegar, it's pickled onion' Thank good you allright in footie luv. What you reckon them pickled onions are sinked in? 😂",7,Tottenham Hotspur Women
SPURS SNACKS - FINLAND VS ENGLAND // LIQUORICE OR JAM ROLY POLY? // TOTTENHAM HOTSPUR,1146,57398,52,@rehellinen23,I love the Finns' reaction when licorice and marianne sweets are broght to the table.,4,Tottenham Hotspur Women
SPURS SNACKS - FINLAND VS ENGLAND // LIQUORICE OR JAM ROLY POLY? // TOTTENHAM HOTSPUR,1146,57398,52,@Brettcorbett7,Grace munching everything but anyone else wants extra proper kicks off hahaha,0,Tottenham Hotspur Women
SPURS SNACKS - FINLAND VS ENGLAND // LIQUORICE OR JAM ROLY POLY? // TOTTENHAM HOTSPUR,1146,57398,52,@fatmaaljufry4656,❤❤❤,0,Tottenham Hotspur Women
SPURS SNACKS - FINLAND VS ENGLAND // LIQUORICE OR JAM ROLY POLY? // TOTTENHAM HOTSPUR,1146,57398,52,@sebastianbuche2315,Olga is adorable ❤ they are all so good together,8,Tottenham Hotspur Women
SPURS SNACKS - FINLAND VS ENGLAND // LIQUORICE OR JAM ROLY POLY? // TOTTENHAM HOTSPUR,1146,57398,52,@unknownentity8256,"9:03 ""not bad"" ""6"" *Proceeds to snatch another one right after* yee you ain't foolin' nobody. Marianne is 10/10.",11,Tottenham Hotspur Women
SPURS SNACKS - FINLAND VS ENGLAND // LIQUORICE OR JAM ROLY POLY? // TOTTENHAM HOTSPUR,1146,57398,52,@unknownentity8256,5:50 I bet a korvapuusti would beat that raisin bun 100-0,42,Tottenham Hotspur Women
SPURS SNACKS - FINLAND VS ENGLAND // LIQUORICE OR JAM ROLY POLY? // TOTTENHAM HOTSPUR,1146,57398,52,@unknownentity8256,"0:33 Meanwhile very commonly Brits enjoy biscuits and crackers that have no flavour either, and Näkki is not meant to be eaten bland, it's a base carb, like a tortilla.",14,Tottenham Hotspur Women
SPURS SNACKS - FINLAND VS ENGLAND // LIQUORICE OR JAM ROLY POLY? // TOTTENHAM HOTSPUR,1146,57398,52,@vekkerson,So well done video but someone in the editing put the background music too loud,2,Tottenham Hotspur Women
SPURS SNACKS - FINLAND VS ENGLAND // LIQUORICE OR JAM ROLY POLY? // TOTTENHAM HOTSPUR,1146,57398,52,@thedudefromrobloxx,"I have to say marianne is more of a tea party kind of candy, I've never heard of anyone eatin them casually",4,Tottenham Hotspur Women
SPURS SNACKS - FINLAND VS ENGLAND // LIQUORICE OR JAM ROLY POLY? // TOTTENHAM HOTSPUR,1146,57398,52,@User90-x2l,The chewing is ptting me of😂,0,Tottenham Hotspur Women
SPURS SNACKS - FINLAND VS ENGLAND // LIQUORICE OR JAM ROLY POLY? // TOTTENHAM HOTSPUR,1146,57398,52,@RRautsi,salmiakki syyää vikisemättä saatana,0,Tottenham Hotspur Women
SPURS SNACKS - FINLAND VS ENGLAND // LIQUORICE OR JAM ROLY POLY? // TOTTENHAM HOTSPUR,1146,57398,52,@aveliska8966,"Finnish content finally, suomi perskele",57,Tottenham Hotspur Women
SPURS SNACKS - FINLAND VS ENGLAND // LIQUORICE OR JAM ROLY POLY? // TOTTENHAM HOTSPUR,1146,57398,52,@MayaJ1,Grace is so flipping funny 😂😂😂,22,Tottenham Hotspur Women
SPURS SNACKS - FINLAND VS ENGLAND // LIQUORICE OR JAM ROLY POLY? // TOTTENHAM HOTSPUR,1146,57398,52,@taptap5269,Im starting to fall in love with this team. 🤍,0,Tottenham Hotspur Women
SPURS SNACKS - FINLAND VS ENGLAND // LIQUORICE OR JAM ROLY POLY? // TOTTENHAM HOTSPUR,1146,57398,52,@etowngti,This team is so charismatic and fun to watch! COYS!,18,Tottenham Hotspur Women
SPURS SNACKS - FINLAND VS ENGLAND // LIQUORICE OR JAM ROLY POLY? // TOTTENHAM HOTSPUR,1146,57398,52,@TheTiger_TheWolf,"I agree with grace, never change the custard cream as they're my favourite",3,Tottenham Hotspur Women
SPURS SNACKS - FINLAND VS ENGLAND // LIQUORICE OR JAM ROLY POLY? // TOTTENHAM HOTSPUR,1146,57398,52,@857noel,Grace is so funny,1,Tottenham Hotspur Women
SPURS SNACKS - FINLAND VS ENGLAND // LIQUORICE OR JAM ROLY POLY? // TOTTENHAM HOTSPUR,1146,57398,52,@Char_m_p,Grace just eating everything 😂,76,Tottenham Hotspur Women
SPURS SNACKS - FINLAND VS ENGLAND // LIQUORICE OR JAM ROLY POLY? // TOTTENHAM HOTSPUR,1146,57398,52,@sassiqueen1200,grace is me wanting to eat all english snacks lol,4,Tottenham Hotspur Women
SPURS SNACKS - FINLAND VS ENGLAND // LIQUORICE OR JAM ROLY POLY? // TOTTENHAM HOTSPUR,1146,57398,52,@sassiqueen1200,love my team <333,0,Tottenham Hotspur Women
SPURS SNACKS - FINLAND VS ENGLAND // LIQUORICE OR JAM ROLY POLY? // TOTTENHAM HOTSPUR,1146,57398,52,@Sabeer147,Olga 😍,3,Tottenham Hotspur Women
SPURS SNACKS - FINLAND VS ENGLAND // LIQUORICE OR JAM ROLY POLY? // TOTTENHAM HOTSPUR,1146,57398,52,@lilly_2833,"Love these kinds of vids, pls keep them coming, :) Good luck against leicester COYS!",2,Tottenham Hotspur Women
SPURS SNACKS - FINLAND VS ENGLAND // LIQUORICE OR JAM ROLY POLY? // TOTTENHAM HOTSPUR,1146,57398,52,@For_Cruyff_Sake,It would be nice if you included the names of the snacks or a picture of the packaging. I wanna try that Finnish licorice 😅,24,Tottenham Hotspur Women
SPURS SNACKS - FINLAND VS ENGLAND // LIQUORICE OR JAM ROLY POLY? // TOTTENHAM HOTSPUR,1146,57398,52,@siirimiettinen6149,Been wating for some Finnish content for soo long,31,Tottenham Hotspur Women
SPURS SNACKS - FINLAND VS ENGLAND // LIQUORICE OR JAM ROLY POLY? // TOTTENHAM HOTSPUR,1146,57398,52,@GoldmineVideoLoot,"Get those Finland girls on the transfer list, if you cannot appreciate the refined excellence of pickled onion Monster Munch you don't get to stay in England 😛",6,Tottenham Hotspur Women
SPURS SNACKS - FINLAND VS ENGLAND // LIQUORICE OR JAM ROLY POLY? // TOTTENHAM HOTSPUR,1146,57398,52,@bungaIowbill,9:40 lol,8,Tottenham Hotspur Women
SPURS SNACKS - FINLAND VS ENGLAND // LIQUORICE OR JAM ROLY POLY? // TOTTENHAM HOTSPUR,1146,57398,52,@jmurray2018,These videos are the greatest,6,Tottenham Hotspur Women
SPURS SNACKS - FINLAND VS ENGLAND // LIQUORICE OR JAM ROLY POLY? // TOTTENHAM HOTSPUR,1146,57398,52,@violin245,Grace Clinton looks like the kind of player who after practice is asking other players wants to run a 10k together.,102,Tottenham Hotspur Women
SPURS SNACKS - FINLAND VS ENGLAND // LIQUORICE OR JAM ROLY POLY? // TOTTENHAM HOTSPUR,1146,57398,52,@Cheddarhead7,I love our Finnish contingent,42,Tottenham Hotspur Women
ROLL INTO TOTTENHAM HOTSPUR STADIUM 🏟️ // FA CUP SEMI-FINAL 14 APRIL // CELIN BIZET + PANDA 🐼,302,4367,16,@chardonnaylouisewhite7253,"Come om girls 
Bring it home",0,Tottenham Hotspur Women
ROLL INTO TOTTENHAM HOTSPUR STADIUM 🏟️ // FA CUP SEMI-FINAL 14 APRIL // CELIN BIZET + PANDA 🐼,302,4367,16,@lukebattams5600,The Joy's of being a spurs fan from Leicestershire,0,Tottenham Hotspur Women
ROLL INTO TOTTENHAM HOTSPUR STADIUM 🏟️ // FA CUP SEMI-FINAL 14 APRIL // CELIN BIZET + PANDA 🐼,302,4367,16,@dorcasnwokoma3508,COME ON LEICESTER!,0,Tottenham Hotspur Women
ROLL INTO TOTTENHAM HOTSPUR STADIUM 🏟️ // FA CUP SEMI-FINAL 14 APRIL // CELIN BIZET + PANDA 🐼,302,4367,16,@AimeeSavage-j7j,We are Tothenamham super Tothenamham super spurs grow the,0,Tottenham Hotspur Women
ROLL INTO TOTTENHAM HOTSPUR STADIUM 🏟️ // FA CUP SEMI-FINAL 14 APRIL // CELIN BIZET + PANDA 🐼,302,4367,16,@ShadrickMuyengu,"Good luck to my lovely spurs, love you",2,Tottenham Hotspur Women
ROLL INTO TOTTENHAM HOTSPUR STADIUM 🏟️ // FA CUP SEMI-FINAL 14 APRIL // CELIN BIZET + PANDA 🐼,302,4367,16,@sakinaabdulfatahu7149,CoYs ❤,1,Tottenham Hotspur Women
ROLL INTO TOTTENHAM HOTSPUR STADIUM 🏟️ // FA CUP SEMI-FINAL 14 APRIL // CELIN BIZET + PANDA 🐼,302,4367,16,@RAJ-Jamcal,"The ways she pronounced SPURS in ""Come On You Spurs"" sounds SPURSY 😂😂😂

COYS, COYS, COYS",10,Tottenham Hotspur Women
ROLL INTO TOTTENHAM HOTSPUR STADIUM 🏟️ // FA CUP SEMI-FINAL 14 APRIL // CELIN BIZET + PANDA 🐼,302,4367,16,@Nameno242,cant wait COYS,1,Tottenham Hotspur Women
ROLL INTO TOTTENHAM HOTSPUR STADIUM 🏟️ // FA CUP SEMI-FINAL 14 APRIL // CELIN BIZET + PANDA 🐼,302,4367,16,@lycanoftheunderworldselene,Booked mine,1,Tottenham Hotspur Women
ROLL INTO TOTTENHAM HOTSPUR STADIUM 🏟️ // FA CUP SEMI-FINAL 14 APRIL // CELIN BIZET + PANDA 🐼,302,4367,16,@spurseditss,i’ll be thereeee got my tickets the day they went on sale i cannot wait 🎉!!,1,Tottenham Hotspur Women
ROLL INTO TOTTENHAM HOTSPUR STADIUM 🏟️ // FA CUP SEMI-FINAL 14 APRIL // CELIN BIZET + PANDA 🐼,302,4367,16,@Tottenham_girl21,I’m going 🎉🎉,2,Tottenham Hotspur Women
ROLL INTO TOTTENHAM HOTSPUR STADIUM 🏟️ // FA CUP SEMI-FINAL 14 APRIL // CELIN BIZET + PANDA 🐼,302,4367,16,@AJfromthePOD_online,COYS,2,Tottenham Hotspur Women
ROLL INTO TOTTENHAM HOTSPUR STADIUM 🏟️ // FA CUP SEMI-FINAL 14 APRIL // CELIN BIZET + PANDA 🐼,302,4367,16,@Adelelov3r,CMON YOU SPURS,8,Tottenham Hotspur Women
WHEN YOU GET CHEATED OUT OF THE EASTER EGG HUNT! // GRACE CLINTON,319,4884,2,@RebeccaJackson-o3t,#justiceforgrace poor love looked so sad,2,Tottenham Hotspur Women
WHEN YOU GET CHEATED OUT OF THE EASTER EGG HUNT! // GRACE CLINTON,319,4884,2,@Footballxfn_guy,😂,0,Tottenham Hotspur Women
INSIDE TRAINING // AGILITY GAMES AND FOCUS ON TOUCH // TOTTENHAM HOTSPUR,100,2136,7,@jesi6486,"Leicester Semi Final is a must win, the girls deserve to go Wembley🤍💙",0,Tottenham Hotspur Women
INSIDE TRAINING // AGILITY GAMES AND FOCUS ON TOUCH // TOTTENHAM HOTSPUR,100,2136,7,@Sabeer147,"0:39 Olga 😍
Love you",0,Tottenham Hotspur Women
INSIDE TRAINING // AGILITY GAMES AND FOCUS ON TOUCH // TOTTENHAM HOTSPUR,100,2136,7,@jordandbbrewer8794,Amazing ✊🏽 💝😋,0,Tottenham Hotspur Women
INSIDE TRAINING // AGILITY GAMES AND FOCUS ON TOUCH // TOTTENHAM HOTSPUR,100,2136,7,@zo7034,Another day another video not uploaded to Spurs Play. What's the point in have a platform where people can watch Tottenham videos if you don't even put the videos up there. How hard is it to schedule uploads to two places simultaneously?,3,Tottenham Hotspur Women
INSIDE TRAINING // AGILITY GAMES AND FOCUS ON TOUCH // TOTTENHAM HOTSPUR,100,2136,7,@gideonofori2308,come babes you are can do it. let go 🎉❤❤,1,Tottenham Hotspur Women
SERIOUSLY COMPETITIVE EASTER EGG HUNT // WATCH FULL VIDEO ON YOUTUBE CHANNEL,160,2001,1,@Jst_taim,First,0,Tottenham Hotspur Women
EASTER EGG HUNT TURNS INTO CHAOS 🐣 // TOTTENHAM HOTSPUR WOMEN,890,25776,23,@LexieBraham,Grace and her OWN INITIATIVE 😂😂😂,0,Tottenham Hotspur Women
EASTER EGG HUNT TURNS INTO CHAOS 🐣 // TOTTENHAM HOTSPUR WOMEN,890,25776,23,@kaziiqbal7257,Y’all I have such a crush on Grace,1,Tottenham Hotspur Women
EASTER EGG HUNT TURNS INTO CHAOS 🐣 // TOTTENHAM HOTSPUR WOMEN,890,25776,23,@lloydgreen6413,It is so funny grace can you say hi to  me please,0,Tottenham Hotspur Women
EASTER EGG HUNT TURNS INTO CHAOS 🐣 // TOTTENHAM HOTSPUR WOMEN,890,25776,23,@jesi6486,Not Petz robbing Grace😭😭😭,11,Tottenham Hotspur Women
EASTER EGG HUNT TURNS INTO CHAOS 🐣 // TOTTENHAM HOTSPUR WOMEN,890,25776,23,@oomjigim,🤣🤣🤣 love these ladies so much with their good vibes and bag of laughs😂😂,2,Tottenham Hotspur Women
EASTER EGG HUNT TURNS INTO CHAOS 🐣 // TOTTENHAM HOTSPUR WOMEN,890,25776,23,@HDgodfrey,"Fun content from the team of my heart. Doesn't get much better! Keep up the great work, girls. We are behind you 100%!",7,Tottenham Hotspur Women
EASTER EGG HUNT TURNS INTO CHAOS 🐣 // TOTTENHAM HOTSPUR WOMEN,890,25776,23,@Bellamckenzie01,Grace is such an icon 💫💫💫❤️,7,Tottenham Hotspur Women
EASTER EGG HUNT TURNS INTO CHAOS 🐣 // TOTTENHAM HOTSPUR WOMEN,890,25776,23,@Greengreyfrog,loooool,0,Tottenham Hotspur Women
EASTER EGG HUNT TURNS INTO CHAOS 🐣 // TOTTENHAM HOTSPUR WOMEN,890,25776,23,@Char_m_p,Like a little... RAT 😂😂,32,Tottenham Hotspur Women
EASTER EGG HUNT TURNS INTO CHAOS 🐣 // TOTTENHAM HOTSPUR WOMEN,890,25776,23,@peternut358,Incredible players 😂😂😂,1,Tottenham Hotspur Women
EASTER EGG HUNT TURNS INTO CHAOS 🐣 // TOTTENHAM HOTSPUR WOMEN,890,25776,23,@zo7034,"7 hours and still not on Spursplay, what a joke",1,Tottenham Hotspur Women
EASTER EGG HUNT TURNS INTO CHAOS 🐣 // TOTTENHAM HOTSPUR WOMEN,890,25776,23,@etowngti,These videos are the best 😂,3,Tottenham Hotspur Women
EASTER EGG HUNT TURNS INTO CHAOS 🐣 // TOTTENHAM HOTSPUR WOMEN,890,25776,23,@jeffstevens4262,"Thanks girls, watching you all chasing eggs was so much fun!!  🙋‍♂",1,Tottenham Hotspur Women
EASTER EGG HUNT TURNS INTO CHAOS 🐣 // TOTTENHAM HOTSPUR WOMEN,890,25776,23,@shanatakarmaker,Grace did the “bye bye” looksmaxxing thing OMG 😭😭,39,Tottenham Hotspur Women
EASTER EGG HUNT TURNS INTO CHAOS 🐣 // TOTTENHAM HOTSPUR WOMEN,890,25776,23,@will6668,Sneeky Petz ... very sneeky .. lol ...,5,Tottenham Hotspur Women
EASTER EGG HUNT TURNS INTO CHAOS 🐣 // TOTTENHAM HOTSPUR WOMEN,890,25776,23,@barriemohammedlamin9599,Wang is a winner,5,Tottenham Hotspur Women
EASTER EGG HUNT TURNS INTO CHAOS 🐣 // TOTTENHAM HOTSPUR WOMEN,890,25776,23,@highlandersteve9953,Grace taking back her egg was absolutely brilliant,92,Tottenham Hotspur Women
EASTER EGG HUNT TURNS INTO CHAOS 🐣 // TOTTENHAM HOTSPUR WOMEN,890,25776,23,@jmurray2018,Love a video that’s full of Grace.,11,Tottenham Hotspur Women
EASTER EGG HUNT TURNS INTO CHAOS 🐣 // TOTTENHAM HOTSPUR WOMEN,890,25776,23,@striker_l_23,Graces monologue 😂,50,Tottenham Hotspur Women
EASTER EGG HUNT TURNS INTO CHAOS 🐣 // TOTTENHAM HOTSPUR WOMEN,890,25776,23,@brazilianana,grace is such a menace 😭😭😭,94,Tottenham Hotspur Women
"WHAT'S YOUR FAVOURITE BOARD GAME? // PUZZLES, MONOPOLY AND LUDO // SPURS WOMEN",494,14764,8,@chardonnaylouisewhite7253,Monopoly 100%,0,Tottenham Hotspur Women
"WHAT'S YOUR FAVOURITE BOARD GAME? // PUZZLES, MONOPOLY AND LUDO // SPURS WOMEN",494,14764,8,@CharlieDaniel-hi8hl,Come on you spursssssssssssssss !😊,0,Tottenham Hotspur Women
"WHAT'S YOUR FAVOURITE BOARD GAME? // PUZZLES, MONOPOLY AND LUDO // SPURS WOMEN",494,14764,8,@Stand663,Poker.,0,Tottenham Hotspur Women
"WHAT'S YOUR FAVOURITE BOARD GAME? // PUZZLES, MONOPOLY AND LUDO // SPURS WOMEN",494,14764,8,@charliesixsmith-z2p,Jamie Johnson,0,Tottenham Hotspur Women
"WHAT'S YOUR FAVOURITE BOARD GAME? // PUZZLES, MONOPOLY AND LUDO // SPURS WOMEN",494,14764,8,@HarrisWalz24,The bottle,1,Tottenham Hotspur Women
"WHAT'S YOUR FAVOURITE BOARD GAME? // PUZZLES, MONOPOLY AND LUDO // SPURS WOMEN",494,14764,8,@markmurray567,Hungry hippos,1,Tottenham Hotspur Women
"WHAT'S YOUR FAVOURITE BOARD GAME? // PUZZLES, MONOPOLY AND LUDO // SPURS WOMEN",494,14764,8,@pingusneeze5872,100% monopoly and I love spursss,4,Tottenham Hotspur Women
NOT ALL HEROES WHERE CAPES // BETHANY ENGLAND // WSL GOALSCORER // SPURS,265,6386,4,@PingPong-bn6it,Who cares its cute,3,Tottenham Hotspur Women
NOT ALL HEROES WHERE CAPES // BETHANY ENGLAND // WSL GOALSCORER // SPURS,265,6386,4,@PingPong-bn6it,So cute love that,3,Tottenham Hotspur Women
NOT ALL HEROES WHERE CAPES // BETHANY ENGLAND // WSL GOALSCORER // SPURS,265,6386,4,@indianastones6032,You failed at spelling!! Its wear and not where!!,2,Tottenham Hotspur Women
NOT ALL HEROES WHERE CAPES // BETHANY ENGLAND // WSL GOALSCORER // SPURS,265,6386,4,@RAJ-Jamcal,"""WEAR"" not ""WHERE"".... 
COYS....",2,Tottenham Hotspur Women
ENGLAND SCORES 70TH WSL GOAL // BRISTOL CITY 0-1 SPURS // WSL HIGHLIGHTS,65,1272,6,@jesi6486,COYSSS,0,Tottenham Hotspur Women
ENGLAND SCORES 70TH WSL GOAL // BRISTOL CITY 0-1 SPURS // WSL HIGHLIGHTS,65,1272,6,@tottenhamhotspurfp,Good performance from our ladies,0,Tottenham Hotspur Women
ENGLAND SCORES 70TH WSL GOAL // BRISTOL CITY 0-1 SPURS // WSL HIGHLIGHTS,65,1272,6,@GuyJames,great through ball and even better finish,0,Tottenham Hotspur Women
ENGLAND SCORES 70TH WSL GOAL // BRISTOL CITY 0-1 SPURS // WSL HIGHLIGHTS,65,1272,6,@xuguan333,王霜离进球很近了。,1,Tottenham Hotspur Women
ENGLAND SCORES 70TH WSL GOAL // BRISTOL CITY 0-1 SPURS // WSL HIGHLIGHTS,65,1272,6,@Marabout75,✨🤍COYSW🐓🇲🇺N15,1,Tottenham Hotspur Women
ENGLAND SCORES 70TH WSL GOAL // BRISTOL CITY 0-1 SPURS // WSL HIGHLIGHTS,65,1272,6,@MPortnoy2007,1:01 It took Naz 4-5 business days to take that shot,0,Tottenham Hotspur Women
CHARLI GRANT WITH THE FOOTWORK 🔥 // SPURS + MATILDAS // TRAINING HIGHLIGHTS,398,12728,6,@amelie_sc48,I love ❤️ Charli Grant! My fav player ever!,2,Tottenham Hotspur Women
CHARLI GRANT WITH THE FOOTWORK 🔥 // SPURS + MATILDAS // TRAINING HIGHLIGHTS,398,12728,6,@danielleburgess8498,My auntie works as a coach for Tottenham ladies and I got a tour around the training ground,1,Tottenham Hotspur Women
CHARLI GRANT WITH THE FOOTWORK 🔥 // SPURS + MATILDAS // TRAINING HIGHLIGHTS,398,12728,6,@Annoying_brat-t5h,Boys are better,0,Tottenham Hotspur Women
CHARLI GRANT WITH THE FOOTWORK 🔥 // SPURS + MATILDAS // TRAINING HIGHLIGHTS,398,12728,6,@Annoying_brat-t5h,L,0,Tottenham Hotspur Women
CHARLI GRANT WITH THE FOOTWORK 🔥 // SPURS + MATILDAS // TRAINING HIGHLIGHTS,398,12728,6,@Just_an_Inchidenttt,"Keep it up ladies, you got this!",1,Tottenham Hotspur Women
CHARLI GRANT WITH THE FOOTWORK 🔥 // SPURS + MATILDAS // TRAINING HIGHLIGHTS,398,12728,6,@Julia-x1q4i,"Love ur team

Also first",2,Tottenham Hotspur Women
TRAINING AHEAD OF BRISTOL CITY // FUN-FILLED WARM-UP // SPURS,93,2224,7,@jmurray2018,Love to see Ange try and manage our lady’s,1,Tottenham Hotspur Women
TRAINING AHEAD OF BRISTOL CITY // FUN-FILLED WARM-UP // SPURS,93,2224,7,@sassiqueen1200,WOOO COYS,0,Tottenham Hotspur Women
TRAINING AHEAD OF BRISTOL CITY // FUN-FILLED WARM-UP // SPURS,93,2224,7,@jesi6486,Make Grace stay! that other club absolutely DO NOT DESERVE HER! At all.,1,Tottenham Hotspur Women
TRAINING AHEAD OF BRISTOL CITY // FUN-FILLED WARM-UP // SPURS,93,2224,7,@jesi6486,This team!!🤍💙🤍,0,Tottenham Hotspur Women
TRAINING AHEAD OF BRISTOL CITY // FUN-FILLED WARM-UP // SPURS,93,2224,7,@ServingMyJesus,The players seem to get along as a unit.  There are exciting times ahead at THFC for our women.  This unit NEEDS to stay to gether for a while for the full potential to come through.,9,Tottenham Hotspur Women
WHAT MAKES YOU HAPPY? // INTERNATIONAL DAY OF HAPPINESS // SPURS,1855,63276,22,@OllieL819,"Neville is so cute how she said my family, that’s so sweet❤",3,Tottenham Hotspur Women
WHAT MAKES YOU HAPPY? // INTERNATIONAL DAY OF HAPPINESS // SPURS,1855,63276,22,@danielleburgess8498,My auntie is Vicky Jepson,1,Tottenham Hotspur Women
WHAT MAKES YOU HAPPY? // INTERNATIONAL DAY OF HAPPINESS // SPURS,1855,63276,22,@Man_united_fc,Gg Bristol City vs totnem,1,Tottenham Hotspur Women
WHAT MAKES YOU HAPPY? // INTERNATIONAL DAY OF HAPPINESS // SPURS,1855,63276,22,@tommystopics4184,Jamie Johnson,3,Tottenham Hotspur Women
WHAT MAKES YOU HAPPY? // INTERNATIONAL DAY OF HAPPINESS // SPURS,1855,63276,22,@MohamedAymaan-z5j,Isn’t one of them look like the girl on Jamie johnson,2,Tottenham Hotspur Women
WHAT MAKES YOU HAPPY? // INTERNATIONAL DAY OF HAPPINESS // SPURS,1855,63276,22,@Lottie327,When I saw her I shouted ‘’JACK “and my mum shouted back at me “where”,4,Tottenham Hotspur Women
WHAT MAKES YOU HAPPY? // INTERNATIONAL DAY OF HAPPINESS // SPURS,1855,63276,22,@mackanskills9117,Jamie johnson,4,Tottenham Hotspur Women
WHAT MAKES YOU HAPPY? // INTERNATIONAL DAY OF HAPPINESS // SPURS,1855,63276,22,@lordxavnoodlebrain2286,Very relatable from Molly there.,4,Tottenham Hotspur Women
WHAT MAKES YOU HAPPY? // INTERNATIONAL DAY OF HAPPINESS // SPURS,1855,63276,22,@bluecrow_75,Eve’s from the happiest country in the world so take notes people📝,12,Tottenham Hotspur Women
WHAT MAKES YOU HAPPY? // INTERNATIONAL DAY OF HAPPINESS // SPURS,1855,63276,22,@TaylorGoins-d1b,“Food”😂 lol couldn’t agree more 😂,22,Tottenham Hotspur Women
WHAT MAKES YOU HAPPY? // INTERNATIONAL DAY OF HAPPINESS // SPURS,1855,63276,22,@sophiasmith9138,beth england came to my skl once. me nd my mates were ecstatic,1,Tottenham Hotspur Women
WHAT MAKES YOU HAPPY? // INTERNATIONAL DAY OF HAPPINESS // SPURS,1855,63276,22,@rubyrutland258,I can’t believe spurs won to Man City on penalties,2,Tottenham Hotspur Women
WHAT MAKES YOU HAPPY? // INTERNATIONAL DAY OF HAPPINESS // SPURS,1855,63276,22,@Brooksey01,watching women pretending to be footballers makes me hysterically happy 😂😂😂,5,Tottenham Hotspur Women
WHAT MAKES YOU HAPPY? // INTERNATIONAL DAY OF HAPPINESS // SPURS,1855,63276,22,@Sabeer147,Where Olga,5,Tottenham Hotspur Women
WHAT MAKES YOU HAPPY? // INTERNATIONAL DAY OF HAPPINESS // SPURS,1855,63276,22,@RubyWythe,Awwww I love this 🥰,12,Tottenham Hotspur Women
MATILDA VINBERG TALKS ABOUT HER FIRST GOAL FOR SPURS AND CONNECTING WITH THE FANS // THE DEBRIEF,53,985,3,@bungaIowbill,"Just showing off the tech now, are we? 🤣",2,Tottenham Hotspur Women
MATILDA VINBERG TALKS ABOUT HER FIRST GOAL FOR SPURS AND CONNECTING WITH THE FANS // THE DEBRIEF,53,985,3,@jmurray2018,The ladies version of that Maddison goal against Villa. More ladies videos please love watching this teams story and how just how far they’ve come,3,Tottenham Hotspur Women
MATILDA VINBERG TALKS ABOUT HER FIRST GOAL FOR SPURS AND CONNECTING WITH THE FANS // THE DEBRIEF,53,985,3,@jeffstevens4262,I'm loving how the team are having such a decent run lately. The ladies all seem so 'together' and long may our good form continue.  🙋‍♂,6,Tottenham Hotspur Women
JESS NAZ'S PERFORMANCE ON THE BALL 🔥 // TOTTENHAM HOTSPUR,125,2456,4,@Stand663,"When you go past an opponent, keep going driving forward, and when ur within range of the goal 

SHOOT !!!",0,Tottenham Hotspur Women
JESS NAZ'S PERFORMANCE ON THE BALL 🔥 // TOTTENHAM HOTSPUR,125,2456,4,@bobbuilder3687,Girls football 🤣🤣🤣,0,Tottenham Hotspur Women
VINBERG SCORES FIRST GOAL FOR SPURS // HIGHLIGHTS: SPURS 1-0 LEICESTER CITY // WSL,93,3601,6,@nielsjunker1487,Great play and nice goal 🤗 COYS🤍💙,1,Tottenham Hotspur Women
VINBERG SCORES FIRST GOAL FOR SPURS // HIGHLIGHTS: SPURS 1-0 LEICESTER CITY // WSL,93,3601,6,@Marabout75,Great Breakaway Goal...✨🤍COYSW🐓N15🇲🇺,2,Tottenham Hotspur Women
VINBERG SCORES FIRST GOAL FOR SPURS // HIGHLIGHTS: SPURS 1-0 LEICESTER CITY // WSL,93,3601,6,@NiRudraws,Spencer is Her,1,Tottenham Hotspur Women
VINBERG SCORES FIRST GOAL FOR SPURS // HIGHLIGHTS: SPURS 1-0 LEICESTER CITY // WSL,93,3601,6,@danielbaldyy,Spencer is a good goalkeeper,2,Tottenham Hotspur Women
VINBERG SCORES FIRST GOAL FOR SPURS // HIGHLIGHTS: SPURS 1-0 LEICESTER CITY // WSL,93,3601,6,@danielbaldyy,Nice cross and nice goal,4,Tottenham Hotspur Women
VINBERG SCORES FIRST GOAL FOR SPURS // HIGHLIGHTS: SPURS 1-0 LEICESTER CITY // WSL,93,3601,6,@tottenhamhotspurfp,Good performance from the ladies. Hope to score more in the next game. Up the spurs,8,Tottenham Hotspur Women
THROWBACK TO BETHANY ENGLAND'S WONDER GOAL AGAINST LEICESTER CITY // TOTTENHAM HOTSPUR,140,1630,8,@CharlotteBeveridge-lv3ch,Good pass from Ros,1,Tottenham Hotspur Women
THROWBACK TO BETHANY ENGLAND'S WONDER GOAL AGAINST LEICESTER CITY // TOTTENHAM HOTSPUR,140,1630,8,@marcm625,It’s like watching 12yr olds play 😂,0,Tottenham Hotspur Women
THROWBACK TO BETHANY ENGLAND'S WONDER GOAL AGAINST LEICESTER CITY // TOTTENHAM HOTSPUR,140,1630,8,@charliedunning6760,What do we think of spurs sh*t what do we thonk of sh*t spurs thank u thatls alr cause we hate spurs we hate spurs we hate sours,0,Tottenham Hotspur Women
THROWBACK TO BETHANY ENGLAND'S WONDER GOAL AGAINST LEICESTER CITY // TOTTENHAM HOTSPUR,140,1630,8,@a9p528,"Women's football should have smaller goals to make it more interesting. Shot was looped and keeper would have had it easily if she wasn:t 5'2""",0,Tottenham Hotspur Women
THROWBACK TO BETHANY ENGLAND'S WONDER GOAL AGAINST LEICESTER CITY // TOTTENHAM HOTSPUR,140,1630,8,@ripxdoc,what a strike,0,Tottenham Hotspur Women
WOULD YOU RATHER? // GRACE OR CELIN FOR A DAY // TOTTENHAM HOTSPUR,1395,46827,12,@JenniferOMahony-gv5rs,sn't it lovely how well the girls get on 🏃😍😍😍😍😍😍,1,Tottenham Hotspur Women
WOULD YOU RATHER? // GRACE OR CELIN FOR A DAY // TOTTENHAM HOTSPUR,1395,46827,12,@smouncy2359,She sounds and looks the exact same from when she was in Jamie Johnson,1,Tottenham Hotspur Women
WOULD YOU RATHER? // GRACE OR CELIN FOR A DAY // TOTTENHAM HOTSPUR,1395,46827,12,@SlotGamerrr,so now we got a girl from jamie johnson,3,Tottenham Hotspur Women
WOULD YOU RATHER? // GRACE OR CELIN FOR A DAY // TOTTENHAM HOTSPUR,1395,46827,12,@pingusneeze5872,YASS MY TOTTENHAM GIRLYZZZZ,3,Tottenham Hotspur Women
WOULD YOU RATHER? // GRACE OR CELIN FOR A DAY // TOTTENHAM HOTSPUR,1395,46827,12,@Ronaldinho-e2d,Jack Marshall,3,Tottenham Hotspur Women
WOULD YOU RATHER? // GRACE OR CELIN FOR A DAY // TOTTENHAM HOTSPUR,1395,46827,12,@Ronaldinho-e2d,Jamie jonhson,2,Tottenham Hotspur Women
WOULD YOU RATHER? // GRACE OR CELIN FOR A DAY // TOTTENHAM HOTSPUR,1395,46827,12,@LukasOulehla,😂😂,1,Tottenham Hotspur Women
WOULD YOU RATHER? // GRACE OR CELIN FOR A DAY // TOTTENHAM HOTSPUR,1395,46827,12,@Gideon_naulumatuasvlogs,The girl after feline and grace was in Jamie gorge or the football show,6,Tottenham Hotspur Women
WOULD YOU RATHER? // GRACE OR CELIN FOR A DAY // TOTTENHAM HOTSPUR,1395,46827,12,@leedsutd357,Women footballers i just see a bunch of shit lezzers,0,Tottenham Hotspur Women
WOULD YOU RATHER? // GRACE OR CELIN FOR A DAY // TOTTENHAM HOTSPUR,1395,46827,12,@Just_an_Inchidenttt,Grace and celin sound like such great friends :)),11,Tottenham Hotspur Women
ALBIE THE MVP AT TRAINING 🥹 // #LOTSOFSOCKS // DOWN SYNDROME AWARENESS WEEK,562,12091,18,@PingPong-bn6it,Adorable,0,Tottenham Hotspur Women
ALBIE THE MVP AT TRAINING 🥹 // #LOTSOFSOCKS // DOWN SYNDROME AWARENESS WEEK,562,12091,18,@djgamerjkc10,We wore odd socks to school this week ❤️,0,Tottenham Hotspur Women
ALBIE THE MVP AT TRAINING 🥹 // #LOTSOFSOCKS // DOWN SYNDROME AWARENESS WEEK,562,12091,18,@pingusneeze5872,#epic kif,0,Tottenham Hotspur Women
ALBIE THE MVP AT TRAINING 🥹 // #LOTSOFSOCKS // DOWN SYNDROME AWARENESS WEEK,562,12091,18,@EastHavenWiffle,❤❤,0,Tottenham Hotspur Women
ALBIE THE MVP AT TRAINING 🥹 // #LOTSOFSOCKS // DOWN SYNDROME AWARENESS WEEK,562,12091,18,@amir.jr_11,The kid has no chance against josh zerkaa,1,Tottenham Hotspur Women
ALBIE THE MVP AT TRAINING 🥹 // #LOTSOFSOCKS // DOWN SYNDROME AWARENESS WEEK,562,12091,18,@amir.jr_11,So cute.. the girls obviously 🙄(help me pls i have been single for way to long),0,Tottenham Hotspur Women
ALBIE THE MVP AT TRAINING 🥹 // #LOTSOFSOCKS // DOWN SYNDROME AWARENESS WEEK,562,12091,18,@ksi_revel9983,Just needed a late tackle from a defender,1,Tottenham Hotspur Women
ALBIE THE MVP AT TRAINING 🥹 // #LOTSOFSOCKS // DOWN SYNDROME AWARENESS WEEK,562,12091,18,@fakedalecollier2949,To be fair he’s probably better than any spurs woman player anyway 😂,1,Tottenham Hotspur Women
ALBIE THE MVP AT TRAINING 🥹 // #LOTSOFSOCKS // DOWN SYNDROME AWARENESS WEEK,562,12091,18,@RBafc,The only thing spuds will be celebrating this season🤣🤣,4,Tottenham Hotspur Women
ALBIE THE MVP AT TRAINING 🥹 // #LOTSOFSOCKS // DOWN SYNDROME AWARENESS WEEK,562,12091,18,@Jobster1234567,Tbf she should have saved that,2,Tottenham Hotspur Women
ALBIE THE MVP AT TRAINING 🥹 // #LOTSOFSOCKS // DOWN SYNDROME AWARENESS WEEK,562,12091,18,@StickAroundBennett,She let them in. Didnt even try to save those lame shots,4,Tottenham Hotspur Women
ALBIE THE MVP AT TRAINING 🥹 // #LOTSOFSOCKS // DOWN SYNDROME AWARENESS WEEK,562,12091,18,@ripxdoc,wholesome moment 🥹,6,Tottenham Hotspur Women
FANS WATCH TRAINING AHEAD OF LEICESTER // TOTTENHAM HOTSPUR // WOMEN'S SUPER LEAGUE,117,2411,9,@Sabeer147,0:15 ta da 😊❤ Olga,0,Tottenham Hotspur Women
FANS WATCH TRAINING AHEAD OF LEICESTER // TOTTENHAM HOTSPUR // WOMEN'S SUPER LEAGUE,117,2411,9,@abdulmalikkoiki,"Am not a Spurs fans but am enjoying the growth of women's football, and seeing the relationships with the fans is great.",2,Tottenham Hotspur Women
FANS WATCH TRAINING AHEAD OF LEICESTER // TOTTENHAM HOTSPUR // WOMEN'S SUPER LEAGUE,117,2411,9,@Jham04,#COYS❤❤❤,0,Tottenham Hotspur Women
FANS WATCH TRAINING AHEAD OF LEICESTER // TOTTENHAM HOTSPUR // WOMEN'S SUPER LEAGUE,117,2411,9,@TheTiger_TheWolf,I love the positive energy from all the ladies and those are some lucky fans. Let's go again at the weekend COYS 🤍💙,4,Tottenham Hotspur Women
FANS WATCH TRAINING AHEAD OF LEICESTER // TOTTENHAM HOTSPUR // WOMEN'S SUPER LEAGUE,117,2411,9,@elenuzzaaaa,Linda Caicedo at the Spurs 🤍🫶🏼,3,Tottenham Hotspur Women
FANS WATCH TRAINING AHEAD OF LEICESTER // TOTTENHAM HOTSPUR // WOMEN'S SUPER LEAGUE,117,2411,9,@elenuzzaaaa,Spurs❤,4,Tottenham Hotspur Women
FANS WATCH TRAINING AHEAD OF LEICESTER // TOTTENHAM HOTSPUR // WOMEN'S SUPER LEAGUE,117,2411,9,@lycanoftheunderworldselene,Would love to be there and watch them train.,5,Tottenham Hotspur Women
FANS WATCH TRAINING AHEAD OF LEICESTER // TOTTENHAM HOTSPUR // WOMEN'S SUPER LEAGUE,117,2411,9,@zo7034,"Yo, why do y'all post to youtube before posting to Spursplay?

If you want people to pay for your service, you should at least upload videos to both in sync.",3,Tottenham Hotspur Women
"BECKY SPENCER TALKS PENALTY SAVES, TEAM GOALS AND GETTING TO FA CUP SEMI-FINAL // THE DEBRIEF",93,1633,7,@Taecoconut,The team were amazing !!!!!,1,Tottenham Hotspur Women
"BECKY SPENCER TALKS PENALTY SAVES, TEAM GOALS AND GETTING TO FA CUP SEMI-FINAL // THE DEBRIEF",93,1633,7,@thecockerel86,Congratulations! COYS.,1,Tottenham Hotspur Women
"BECKY SPENCER TALKS PENALTY SAVES, TEAM GOALS AND GETTING TO FA CUP SEMI-FINAL // THE DEBRIEF",93,1633,7,@indianastones6032,Well done ladies! Keep up the harder work and yall get there! Coys,1,Tottenham Hotspur Women
"BECKY SPENCER TALKS PENALTY SAVES, TEAM GOALS AND GETTING TO FA CUP SEMI-FINAL // THE DEBRIEF",93,1633,7,@For_Cruyff_Sake,"After she save chloe Kelly's lightning penalty kick, all I thought of was Rosella a couple weeks ago laughing uncontrollably after she said to Becky ""you lot don't do much "" 😂😂😂😂",9,Tottenham Hotspur Women
"BECKY SPENCER TALKS PENALTY SAVES, TEAM GOALS AND GETTING TO FA CUP SEMI-FINAL // THE DEBRIEF",93,1633,7,@zo7034,Yall forgot to upload to spursplay,1,Tottenham Hotspur Women
"BECKY SPENCER TALKS PENALTY SAVES, TEAM GOALS AND GETTING TO FA CUP SEMI-FINAL // THE DEBRIEF",93,1633,7,@paulomarroti634,"If we make it to the final, I will travel from South Africa gladly just to watch the final and back the ladies. COYS!!",6,Tottenham Hotspur Women
"BECKY SPENCER TALKS PENALTY SAVES, TEAM GOALS AND GETTING TO FA CUP SEMI-FINAL // THE DEBRIEF",93,1633,7,@HolliesHotspurs,Loving this content!!COYS,1,Tottenham Hotspur Women
ENGLAND'S EQUALISER // SPURS VS MAN CITY // FA CUP GOAL,199,3451,5,@spurseditss,see you guys there in the semis🫶🏻🫶🏻 i will be row 7 east stand left hand side of the tunnel,0,Tottenham Hotspur Women
ENGLAND'S EQUALISER // SPURS VS MAN CITY // FA CUP GOAL,199,3451,5,@ella53735,❤❤❤,1,Tottenham Hotspur Women
ENGLAND'S EQUALISER // SPURS VS MAN CITY // FA CUP GOAL,199,3451,5,@ella53735,Brilliant by Tottenham,2,Tottenham Hotspur Women
ENGLAND'S EQUALISER // SPURS VS MAN CITY // FA CUP GOAL,199,3451,5,@ella53735,Come on you Spurs,1,Tottenham Hotspur Women
ENGLAND'S EQUALISER // SPURS VS MAN CITY // FA CUP GOAL,199,3451,5,@danielforbes4t480,Shocking,0,Tottenham Hotspur Women
SPURS VS MAN CITY // MATCHDAY UNCUT // BEHIND-THE-SCENES AT HISTORIC FA CUP QUARTER-FINAL WIN,221,4668,31,@bigdrunkhunter8729,Bruh this game,1,Tottenham Hotspur Women
SPURS VS MAN CITY // MATCHDAY UNCUT // BEHIND-THE-SCENES AT HISTORIC FA CUP QUARTER-FINAL WIN,221,4668,31,@barriemohammedlamin9599,Congratulations 🎊,1,Tottenham Hotspur Women
SPURS VS MAN CITY // MATCHDAY UNCUT // BEHIND-THE-SCENES AT HISTORIC FA CUP QUARTER-FINAL WIN,221,4668,31,@elenuzzaaaa,Spencer the wall❤,2,Tottenham Hotspur Women
SPURS VS MAN CITY // MATCHDAY UNCUT // BEHIND-THE-SCENES AT HISTORIC FA CUP QUARTER-FINAL WIN,221,4668,31,,We’ve got something cooking. Have a look at the young newbies. Vinberg will be a gem. Nildén is already a fantastic wing back. COYS 💙,3,Tottenham Hotspur Women
SPURS VS MAN CITY // MATCHDAY UNCUT // BEHIND-THE-SCENES AT HISTORIC FA CUP QUARTER-FINAL WIN,221,4668,31,@radiata88,,1,Tottenham Hotspur Women
SPURS VS MAN CITY // MATCHDAY UNCUT // BEHIND-THE-SCENES AT HISTORIC FA CUP QUARTER-FINAL WIN,221,4668,31,@waterthecan,cinematic masterpiece,1,Tottenham Hotspur Women
SPURS VS MAN CITY // MATCHDAY UNCUT // BEHIND-THE-SCENES AT HISTORIC FA CUP QUARTER-FINAL WIN,221,4668,31,@bobburroughs6241,England looks like a thug.,1,Tottenham Hotspur Women
SPURS VS MAN CITY // MATCHDAY UNCUT // BEHIND-THE-SCENES AT HISTORIC FA CUP QUARTER-FINAL WIN,221,4668,31,@MartaComplex,"You can see just how important Beth is to the team throughout the video. She's a natural leader and everybody looks to her for strength and confidence, especially in a situation like this. I've always thought that she was such a brilliant player, but it's nice to see her being given the opportunity to help the team in other ways.",6,Tottenham Hotspur Women
SPURS VS MAN CITY // MATCHDAY UNCUT // BEHIND-THE-SCENES AT HISTORIC FA CUP QUARTER-FINAL WIN,221,4668,31,@chinphantom,Who won? 😜 COYS,1,Tottenham Hotspur Women
SPURS VS MAN CITY // MATCHDAY UNCUT // BEHIND-THE-SCENES AT HISTORIC FA CUP QUARTER-FINAL WIN,221,4668,31,@ros-spur98,"Well done ladies, onwards and upwards. COYS.",1,Tottenham Hotspur Women
SPURS VS MAN CITY // MATCHDAY UNCUT // BEHIND-THE-SCENES AT HISTORIC FA CUP QUARTER-FINAL WIN,221,4668,31,@hajoos.8360,Good show! Greetings from Krautland....,1,Tottenham Hotspur Women
SPURS VS MAN CITY // MATCHDAY UNCUT // BEHIND-THE-SCENES AT HISTORIC FA CUP QUARTER-FINAL WIN,221,4668,31,@trevorisles3100,This is elite content. Simply excellent.,1,Tottenham Hotspur Women
SPURS VS MAN CITY // MATCHDAY UNCUT // BEHIND-THE-SCENES AT HISTORIC FA CUP QUARTER-FINAL WIN,221,4668,31,@zo7034,"Cant comment on Spursplay, so ill have to here. This uncut was so much better than the mens one. Hearing the team talks, the players, beths incredible leadership and robert being amazing. Please make them all more like this.",19,Tottenham Hotspur Women
SPURS VS MAN CITY // MATCHDAY UNCUT // BEHIND-THE-SCENES AT HISTORIC FA CUP QUARTER-FINAL WIN,221,4668,31,@etowngti,What a match this was 🙌,2,Tottenham Hotspur Women
SPURS VS MAN CITY // MATCHDAY UNCUT // BEHIND-THE-SCENES AT HISTORIC FA CUP QUARTER-FINAL WIN,221,4668,31,@eric_toomuch,We need a team to take down Chelsea - could it be Spurs' year?  Memories of Ricky Villa and Ossie Ardiles coming back! LOL,2,Tottenham Hotspur Women
SPURS VS MAN CITY // MATCHDAY UNCUT // BEHIND-THE-SCENES AT HISTORIC FA CUP QUARTER-FINAL WIN,221,4668,31,@NiRudraws,Spencer!!! One of our own ❤❤❤,3,Tottenham Hotspur Women
SPURS VS MAN CITY // MATCHDAY UNCUT // BEHIND-THE-SCENES AT HISTORIC FA CUP QUARTER-FINAL WIN,221,4668,31,@Ian_Victa,Spencer our SAVIOUR🥳🥳😍 COYS,3,Tottenham Hotspur Women
SPURS VS MAN CITY // MATCHDAY UNCUT // BEHIND-THE-SCENES AT HISTORIC FA CUP QUARTER-FINAL WIN,221,4668,31,@Taecoconut,So proud of them!!!!,3,Tottenham Hotspur Women
SPURS VS MAN CITY // MATCHDAY UNCUT // BEHIND-THE-SCENES AT HISTORIC FA CUP QUARTER-FINAL WIN,221,4668,31,@callmedo,Let's gooooooooooooo,2,Tottenham Hotspur Women
SPURS VS MAN CITY // MATCHDAY UNCUT // BEHIND-THE-SCENES AT HISTORIC FA CUP QUARTER-FINAL WIN,221,4668,31,@alyssarachelle9935,BRING US TO WEMBLY GIRLS!!! COYS,3,Tottenham Hotspur Women
SPURS VS MAN CITY // MATCHDAY UNCUT // BEHIND-THE-SCENES AT HISTORIC FA CUP QUARTER-FINAL WIN,221,4668,31,@hackercps,Jealous you all get to hang with Vicky Jepsen. What a dream.,2,Tottenham Hotspur Women
SPURS VS MAN CITY // MATCHDAY UNCUT // BEHIND-THE-SCENES AT HISTORIC FA CUP QUARTER-FINAL WIN,221,4668,31,@jmurray2018,"Not only is she Tottenham, Beth really is ENGLAND!",19,Tottenham Hotspur Women
SPURS VS MAN CITY // MATCHDAY UNCUT // BEHIND-THE-SCENES AT HISTORIC FA CUP QUARTER-FINAL WIN,221,4668,31,@JoshSmithJ19,COYS COYS,3,Tottenham Hotspur Women
SPURS VS MAN CITY // MATCHDAY UNCUT // BEHIND-THE-SCENES AT HISTORIC FA CUP QUARTER-FINAL WIN,221,4668,31,@lycanoftheunderworldselene,"We've only gone and bloody done it.😀
COYS",5,Tottenham Hotspur Women
SPURS VS MAN CITY // MATCHDAY UNCUT // BEHIND-THE-SCENES AT HISTORIC FA CUP QUARTER-FINAL WIN,221,4668,31,@NBP722,Good push to the very end!  All it takes is one small chance for it to be flipped around.,7,Tottenham Hotspur Women
SPURS VS MAN CITY // MATCHDAY UNCUT // BEHIND-THE-SCENES AT HISTORIC FA CUP QUARTER-FINAL WIN,221,4668,31,@THFC8,COYSSSSS 🤍🤩,12,Tottenham Hotspur Women
TEAMMATES 🤍 // GOALSCORER & GOALKEEPER // SPURS,386,8667,6,@spurseditss,FEMALE VICARIO IN THE MAKING,0,Tottenham Hotspur Women
TEAMMATES 🤍 // GOALSCORER & GOALKEEPER // SPURS,386,8667,6,@gideonofori2308,This is why you need your goalkeeper,1,Tottenham Hotspur Women
TEAMMATES 🤍 // GOALSCORER & GOALKEEPER // SPURS,386,8667,6,@00MrProducer,Spurs women🥱🥱🥱  Spurs🗿🗿🗿🗿,1,Tottenham Hotspur Women
TEAMMATES 🤍 // GOALSCORER & GOALKEEPER // SPURS,386,8667,6,@ProffessorLOBE,They got the speakers up 😂,1,Tottenham Hotspur Women
TEAMMATES 🤍 // GOALSCORER & GOALKEEPER // SPURS,386,8667,6,@Just_an_Inchidenttt,love ya guysss 🫶🏻🫶🏻🫶🏻,3,Tottenham Hotspur Women
FA CUP SHOOTOUT VICTORY // TOTTENHAM HOTSPUR 4-3 MAN CITY // ADOBE WOMEN'S FA CUP QUARTER-FINAL,428,22654,46,@bobstar6837,0.21 says it all. 😂,0,Tottenham Hotspur Women
FA CUP SHOOTOUT VICTORY // TOTTENHAM HOTSPUR 4-3 MAN CITY // ADOBE WOMEN'S FA CUP QUARTER-FINAL,428,22654,46,@barrymay8269,Only to get thrashed in the final 4 - 0.,1,Tottenham Hotspur Women
FA CUP SHOOTOUT VICTORY // TOTTENHAM HOTSPUR 4-3 MAN CITY // ADOBE WOMEN'S FA CUP QUARTER-FINAL,428,22654,46,@ibk_67,Spurs first trophy 💀,1,Tottenham Hotspur Women
FA CUP SHOOTOUT VICTORY // TOTTENHAM HOTSPUR 4-3 MAN CITY // ADOBE WOMEN'S FA CUP QUARTER-FINAL,428,22654,46,@팀SA_구독,나이수,0,Tottenham Hotspur Women
FA CUP SHOOTOUT VICTORY // TOTTENHAM HOTSPUR 4-3 MAN CITY // ADOBE WOMEN'S FA CUP QUARTER-FINAL,428,22654,46,@jesi6486,AMY JAMES TURNER YOU BEAUTY! 🤌🏾🤍💙🤍 WHAT A WINNER,0,Tottenham Hotspur Women
FA CUP SHOOTOUT VICTORY // TOTTENHAM HOTSPUR 4-3 MAN CITY // ADOBE WOMEN'S FA CUP QUARTER-FINAL,428,22654,46,@karinlelengboto,This team!!💙🤍,1,Tottenham Hotspur Women
FA CUP SHOOTOUT VICTORY // TOTTENHAM HOTSPUR 4-3 MAN CITY // ADOBE WOMEN'S FA CUP QUARTER-FINAL,428,22654,46,@jaeyoenglee514,"Congrats Spurs🎉
Our warriors showed the best spirits and teamworks 👏👏
Go Go all the way to Championship 🍀",0,Tottenham Hotspur Women
FA CUP SHOOTOUT VICTORY // TOTTENHAM HOTSPUR 4-3 MAN CITY // ADOBE WOMEN'S FA CUP QUARTER-FINAL,428,22654,46,@낑꽁-n8b,👏 👏 👏 👏 👏 👏,0,Tottenham Hotspur Women
FA CUP SHOOTOUT VICTORY // TOTTENHAM HOTSPUR 4-3 MAN CITY // ADOBE WOMEN'S FA CUP QUARTER-FINAL,428,22654,46,@Marabout75,"✨🤍COYSW🐓N15🇲🇺...

Leicester in Semi finals!!!",0,Tottenham Hotspur Women
FA CUP SHOOTOUT VICTORY // TOTTENHAM HOTSPUR 4-3 MAN CITY // ADOBE WOMEN'S FA CUP QUARTER-FINAL,428,22654,46,,Robert is building 💙 have patience 💙,0,Tottenham Hotspur Women
FA CUP SHOOTOUT VICTORY // TOTTENHAM HOTSPUR 4-3 MAN CITY // ADOBE WOMEN'S FA CUP QUARTER-FINAL,428,22654,46,@danielbaldyy,"Congrats spurs girls, keep up the good performances going :)
COYSW🤍💪",0,Tottenham Hotspur Women
FA CUP SHOOTOUT VICTORY // TOTTENHAM HOTSPUR 4-3 MAN CITY // ADOBE WOMEN'S FA CUP QUARTER-FINAL,428,22654,46,@Rismann10,I fans Arsenal. But congratulations to Tottenham ❤,0,Tottenham Hotspur Women
FA CUP SHOOTOUT VICTORY // TOTTENHAM HOTSPUR 4-3 MAN CITY // ADOBE WOMEN'S FA CUP QUARTER-FINAL,428,22654,46,@sangminlee3136,Spurs Ladies🎉 Big Support from korea.❤❤❤,0,Tottenham Hotspur Women
FA CUP SHOOTOUT VICTORY // TOTTENHAM HOTSPUR 4-3 MAN CITY // ADOBE WOMEN'S FA CUP QUARTER-FINAL,428,22654,46,@전쟁과평화,This reminds me during Covid when the stadiums were all empty and you could hear the staff/coaches screaming... It's giving me the same vibe lol,0,Tottenham Hotspur Women
FA CUP SHOOTOUT VICTORY // TOTTENHAM HOTSPUR 4-3 MAN CITY // ADOBE WOMEN'S FA CUP QUARTER-FINAL,428,22654,46,@peterm7548,Brilliant!! COYS!!!!,0,Tottenham Hotspur Women
FA CUP SHOOTOUT VICTORY // TOTTENHAM HOTSPUR 4-3 MAN CITY // ADOBE WOMEN'S FA CUP QUARTER-FINAL,428,22654,46,@RAJ-Jamcal,"COYS, COYS, COYS ladies",0,Tottenham Hotspur Women
FA CUP SHOOTOUT VICTORY // TOTTENHAM HOTSPUR 4-3 MAN CITY // ADOBE WOMEN'S FA CUP QUARTER-FINAL,428,22654,46,@regod4772,Well done ladies you make us spurs fans proud .COYS,0,Tottenham Hotspur Women
FA CUP SHOOTOUT VICTORY // TOTTENHAM HOTSPUR 4-3 MAN CITY // ADOBE WOMEN'S FA CUP QUARTER-FINAL,428,22654,46,@noblerichosseiberkoh9196,"Well done ladies
Great character shown 👏🏿 
COYS 🌟 🏆",1,Tottenham Hotspur Women
FA CUP SHOOTOUT VICTORY // TOTTENHAM HOTSPUR 4-3 MAN CITY // ADOBE WOMEN'S FA CUP QUARTER-FINAL,428,22654,46,@redmisery,"💐 More flowers for Becky Spencer! Terrific saves! 💐
-red.",2,Tottenham Hotspur Women
FA CUP SHOOTOUT VICTORY // TOTTENHAM HOTSPUR 4-3 MAN CITY // ADOBE WOMEN'S FA CUP QUARTER-FINAL,428,22654,46,@Paxton-end,"C'mon Ladies, Show the Lads how to Win Silverware",2,Tottenham Hotspur Women
FA CUP SHOOTOUT VICTORY // TOTTENHAM HOTSPUR 4-3 MAN CITY // ADOBE WOMEN'S FA CUP QUARTER-FINAL,428,22654,46,@garyroe3986,Well done the yidettes.coys,0,Tottenham Hotspur Women
FA CUP SHOOTOUT VICTORY // TOTTENHAM HOTSPUR 4-3 MAN CITY // ADOBE WOMEN'S FA CUP QUARTER-FINAL,428,22654,46,@andyanderson3567,Brilliant ladies  !!!   👏👏👏👍👍👍,0,Tottenham Hotspur Women
FA CUP SHOOTOUT VICTORY // TOTTENHAM HOTSPUR 4-3 MAN CITY // ADOBE WOMEN'S FA CUP QUARTER-FINAL,428,22654,46,@indianastones6032,Well done ladies!!,0,Tottenham Hotspur Women
FA CUP SHOOTOUT VICTORY // TOTTENHAM HOTSPUR 4-3 MAN CITY // ADOBE WOMEN'S FA CUP QUARTER-FINAL,428,22654,46,@SSGZIMLee,Congratulations,0,Tottenham Hotspur Women
FA CUP SHOOTOUT VICTORY // TOTTENHAM HOTSPUR 4-3 MAN CITY // ADOBE WOMEN'S FA CUP QUARTER-FINAL,428,22654,46,@peejayq,"Well
Done ladies awesome 🤩 🥳COYS❤",1,Tottenham Hotspur Women
FA CUP SHOOTOUT VICTORY // TOTTENHAM HOTSPUR 4-3 MAN CITY // ADOBE WOMEN'S FA CUP QUARTER-FINAL,428,22654,46,@ivarkristoffersson3282,🎉❤,1,Tottenham Hotspur Women
FA CUP SHOOTOUT VICTORY // TOTTENHAM HOTSPUR 4-3 MAN CITY // ADOBE WOMEN'S FA CUP QUARTER-FINAL,428,22654,46,@satan_rex_inferorum,Off to the semifinals,2,Tottenham Hotspur Women
FA CUP SHOOTOUT VICTORY // TOTTENHAM HOTSPUR 4-3 MAN CITY // ADOBE WOMEN'S FA CUP QUARTER-FINAL,428,22654,46,@daniellageorgiou-norman2244,"i’m a spurs fan but seeing as Greenwood and Kelly are arguably the best players of the Man City women’s squad, i wasn’t expecting both of them to miss their penalties",1,Tottenham Hotspur Women
FA CUP SHOOTOUT VICTORY // TOTTENHAM HOTSPUR 4-3 MAN CITY // ADOBE WOMEN'S FA CUP QUARTER-FINAL,428,22654,46,@nickfantini6489,Trash,2,Tottenham Hotspur Women
FA CUP SHOOTOUT VICTORY // TOTTENHAM HOTSPUR 4-3 MAN CITY // ADOBE WOMEN'S FA CUP QUARTER-FINAL,428,22654,46,@irregulargamer5848,Well done the keeper and outfield pen takers.,6,Tottenham Hotspur Women
FA CUP SHOOTOUT VICTORY // TOTTENHAM HOTSPUR 4-3 MAN CITY // ADOBE WOMEN'S FA CUP QUARTER-FINAL,428,22654,46,@NiRudraws,"Yes, ladies! Well done. Making history!❤",16,Tottenham Hotspur Women
FA CUP SHOOTOUT VICTORY // TOTTENHAM HOTSPUR 4-3 MAN CITY // ADOBE WOMEN'S FA CUP QUARTER-FINAL,428,22654,46,@NBP722,COYS!!!  Well done ladies!!!,13,Tottenham Hotspur Women
FA CUP SHOOTOUT VICTORY // TOTTENHAM HOTSPUR 4-3 MAN CITY // ADOBE WOMEN'S FA CUP QUARTER-FINAL,428,22654,46,@望湖食堂,王霜加油,6,Tottenham Hotspur Women
FA CUP SHOOTOUT VICTORY // TOTTENHAM HOTSPUR 4-3 MAN CITY // ADOBE WOMEN'S FA CUP QUARTER-FINAL,428,22654,46,@lilly_2833,❤,5,Tottenham Hotspur Women
FA CUP SHOOTOUT VICTORY // TOTTENHAM HOTSPUR 4-3 MAN CITY // ADOBE WOMEN'S FA CUP QUARTER-FINAL,428,22654,46,@WhalesOfWallStreet,Legends of Tottenham right now. In years to come we will look back at these amazing foundations of a team. Very proud to see the amazing performances of the Spurs Women's team. COYS,43,Tottenham Hotspur Women
FA CUP SHOOTOUT VICTORY // TOTTENHAM HOTSPUR 4-3 MAN CITY // ADOBE WOMEN'S FA CUP QUARTER-FINAL,428,22654,46,@TheTiger_TheWolf,Watching that brought me to tears 😢 to see the heart and passion of the players and fans support yesterday. We're into the semi finals for the first time but we're be looking to go all the way COYS 🤍💙,14,Tottenham Hotspur Women
SHOOTING PRACTICE - ON TARGET // TOTTENHAM HOTSPUR,214,6280,6,@tarpular230,dodgy keeper,0,Tottenham Hotspur Women
SHOOTING PRACTICE - ON TARGET // TOTTENHAM HOTSPUR,214,6280,6,@Lionesses.fan_ofBethany,Me:Loveing the spurs❤❤,0,Tottenham Hotspur Women
SHOOTING PRACTICE - ON TARGET // TOTTENHAM HOTSPUR,214,6280,6,@stephenwarburton278,Didn't see this against arsenal  easy when no one is in front of you 😂😂,2,Tottenham Hotspur Women
SHOOTING PRACTICE - ON TARGET // TOTTENHAM HOTSPUR,214,6280,6,@Shadyshades007,2 views for a Tottenham vid is odd,0,Tottenham Hotspur Women
ARSENAL 1-0 TOTTENHAM HOTSPUR // WSL HIGHLIGHTS,22,682,2,@percyondatube,Even Tottenham Ladies are getting turned over the coals.,0,Tottenham Hotspur Women
ARSENAL 1-0 TOTTENHAM HOTSPUR // WSL HIGHLIGHTS,22,682,2,@niksterfer6sir,Cough cough * put in a transfer for trinity rodman** cough cough,0,Tottenham Hotspur Women
NORTH LONDON DERBY TRAINING // TOTTENHAM HOTSPUR,135,3167,5,@theamazinglilgio9622,was charli not training?,0,Tottenham Hotspur Women
NORTH LONDON DERBY TRAINING // TOTTENHAM HOTSPUR,135,3167,5,@vybertownevents44,The intensity is too low,0,Tottenham Hotspur Women
NORTH LONDON DERBY TRAINING // TOTTENHAM HOTSPUR,135,3167,5,@turbomovie5491,Yeahh i know we’re getting smoked tomorrow but coys,1,Tottenham Hotspur Women
NORTH LONDON DERBY TRAINING // TOTTENHAM HOTSPUR,135,3167,5,@GoldmineVideoLoot,They are so cute but will also be Tigers on the pitch. We believe you Girls. COYS,2,Tottenham Hotspur Women
NORTH LONDON DERBY TRAINING // TOTTENHAM HOTSPUR,135,3167,5,@TheTiger_TheWolf,Let's do it again ladies and it's so good to see Ashleigh Neville back in training COYS 🤍💙,2,Tottenham Hotspur Women
"BEST IMPRESSION OF  ‘EA SPORTS, IT'S IN THE GAME’ 🎤",248,7826,7,@davidmirandajr,That one girl can do the challenge everything,0,Tottenham Hotspur Women
"BEST IMPRESSION OF  ‘EA SPORTS, IT'S IN THE GAME’ 🎤",248,7826,7,@WhalesOfWallStreet,"When I used to play fifa 98 on the n64, I could never figure out these words, maybe it was the pixelated audio haha. It took about 5 years for me to understand it.",0,Tottenham Hotspur Women
"BEST IMPRESSION OF  ‘EA SPORTS, IT'S IN THE GAME’ 🎤",248,7826,7,@MaraJor,Kit killed it,1,Tottenham Hotspur Women
"BEST IMPRESSION OF  ‘EA SPORTS, IT'S IN THE GAME’ 🎤",248,7826,7,@unknownnnx17.sophie,The smashed it,1,Tottenham Hotspur Women
"BEST IMPRESSION OF  ‘EA SPORTS, IT'S IN THE GAME’ 🎤",248,7826,7,@lenulililinka210,Báraaaaa I want a new videooooo,1,Tottenham Hotspur Women
"BEST IMPRESSION OF  ‘EA SPORTS, IT'S IN THE GAME’ 🎤",248,7826,7,@bellajones2885,It’s ea sports to the game,0,Tottenham Hotspur Women
"BEST IMPRESSION OF  ‘EA SPORTS, IT'S IN THE GAME’ 🎤",248,7826,7,@coumbalala2776,They're killing me 😂❤,2,Tottenham Hotspur Women
F1 BAHRAIN SIMULATOR CHALLENGE // TOTTENHAM HOTSPUR DRIVING CHALLENGE,64,1234,2,@MPortnoy2007,"As a simracing and WSL fan, I had to watch this!. They all did great but kudos to Amy for following the racing line",0,Tottenham Hotspur Women
F1 BAHRAIN SIMULATOR CHALLENGE // TOTTENHAM HOTSPUR DRIVING CHALLENGE,64,1234,2,@michaelcarter983,That looks awesome,1,Tottenham Hotspur Women
"BETHANY ENGLAND VISITS SPURS CANCER PROGRAMME // ""YOU'RE THE ONES FIGHTING EVERY DAY"" 🤍",134,2213,3,@Lionesses.fan_ofBethany,Beths so sweet and cute❤❤,3,Tottenham Hotspur Women
"BETHANY ENGLAND VISITS SPURS CANCER PROGRAMME // ""YOU'RE THE ONES FIGHTING EVERY DAY"" 🤍",134,2213,3,@OllieL819,Beth you are So Sweet ❤,3,Tottenham Hotspur Women
JESS NAZ FIRING TWO GOALS PAST ARSENAL ⚡,89,1292,1,@RedBananaGuff,1st comment?,0,Tottenham Hotspur Women
NORTH LONDON DERBY WEEK // SPURS GOAL // MARTHA THOMAS,112,1601,3,@roxyfoxy9688,I was there it is such an amazing goal!!!!,1,Tottenham Hotspur Women
NORTH LONDON DERBY WEEK // SPURS GOAL // MARTHA THOMAS,112,1601,3,@leepascoe443,"I love Molly’s reaction right at the end of the clip, interacting with the crowd & just being in the moment - great stuff from the captain!",2,Tottenham Hotspur Women
NORTH LONDON DERBY WEEK // SPURS GOAL // MARTHA THOMAS,112,1601,3,@PenguinNinja-26,"Well done Thomas! I was at the game, brilliant finish and great to see it in person! COYS ⚪️❤️",1,Tottenham Hotspur Women
COULD ROSELLA AYANE MAKE IT AS A GOALKEEPER? // SPURS REACTS,129,2955,2,@raoufraouf9345,❤from Morocco,0,Tottenham Hotspur Women
COULD ROSELLA AYANE MAKE IT AS A GOALKEEPER? // SPURS REACTS,129,2955,2,@tvgcmma9215,This was so funny,2,Tottenham Hotspur Women
FISH AND CHIPS OR BANGERS AND MASH❓ // BRITISH DELICACIES 🇬🇧,140,3457,6,@tvgcmma9215,Fish and chips can’t be doing with mash potato,0,Tottenham Hotspur Women
FISH AND CHIPS OR BANGERS AND MASH❓ // BRITISH DELICACIES 🇬🇧,140,3457,6,@lenulililinka210,let Bára make a video,0,Tottenham Hotspur Women
FISH AND CHIPS OR BANGERS AND MASH❓ // BRITISH DELICACIES 🇬🇧,140,3457,6,@MyFavouriteTSAlbumIs,Sanga,0,Tottenham Hotspur Women
FISH AND CHIPS OR BANGERS AND MASH❓ // BRITISH DELICACIES 🇬🇧,140,3457,6,@asteve4914,"Most women footballers prefer fish to sausage. 

Interesting.",1,Tottenham Hotspur Women
FISH AND CHIPS OR BANGERS AND MASH❓ // BRITISH DELICACIES 🇬🇧,140,3457,6,@emilia-zz,How does this not have more like and no comments?,1,Tottenham Hotspur Women
TRAINING HARD IN THE RAIN AT HOTSPUR WAY // TOTTENHAM HOTSPUR,59,1296,1,@jascunnington,Good to see Ash back!,1,Tottenham Hotspur Women
"""GATE NOT PLATE"" // AYANE + SPENCER LOGIC // SPURS REACTS",198,8224,5,@danielleburgess8498,I was there,0,Tottenham Hotspur Women
"""GATE NOT PLATE"" // AYANE + SPENCER LOGIC // SPURS REACTS",198,8224,5,@Charlie.piper1,It was a normal save?.,0,Tottenham Hotspur Women
"""GATE NOT PLATE"" // AYANE + SPENCER LOGIC // SPURS REACTS",198,8224,5,@cjr2131,"It was a shit shot and a shit save lol and they're hyping it like it was the greatest save ever lol.... This is why womens football is so shite. And before you try and call me mysoginistic USA womens team, a world cup winning side got beat bad by a bunch of under 15s and the Australian women's national team got smashed 7-0 by a binch of children....",0,Tottenham Hotspur Women
"""GATE NOT PLATE"" // AYANE + SPENCER LOGIC // SPURS REACTS",198,8224,5,@HereicomeOz,Poor quality and pace shown there,4,Tottenham Hotspur Women
"SPURS REACTS // TOP GOALKEEPING MOMENTS //  VOTÍKOVÁ, SPENCER, AYANE",215,4709,7,@playvoltage,come back soon ros!!,0,Tottenham Hotspur Women
"SPURS REACTS // TOP GOALKEEPING MOMENTS //  VOTÍKOVÁ, SPENCER, AYANE",215,4709,7,@just.salma1583,Rosella cracked herself up at 2:26 GOLD,4,Tottenham Hotspur Women
"SPURS REACTS // TOP GOALKEEPING MOMENTS //  VOTÍKOVÁ, SPENCER, AYANE",215,4709,7,@sandrapatriciaoriguarios4589,Rosella's laughter is contagious! 🤣🤣🤣,10,Tottenham Hotspur Women
"SPURS REACTS // TOP GOALKEEPING MOMENTS //  VOTÍKOVÁ, SPENCER, AYANE",215,4709,7,@tvgcmma9215,😂😂,3,Tottenham Hotspur Women
"SPURS REACTS // TOP GOALKEEPING MOMENTS //  VOTÍKOVÁ, SPENCER, AYANE",215,4709,7,@AngryAzn,The trash talking is fantastic.,12,Tottenham Hotspur Women
"SPURS REACTS // TOP GOALKEEPING MOMENTS //  VOTÍKOVÁ, SPENCER, AYANE",215,4709,7,@kirstyf,Bara has no clue what's happening during that Andy Carroll part 😂,13,Tottenham Hotspur Women
"SPURS REACTS // TOP GOALKEEPING MOMENTS //  VOTÍKOVÁ, SPENCER, AYANE",215,4709,7,@brazilianana,"these girls are toooo funny 🤣
we need to see ayane in goal at some point now!",26,Tottenham Hotspur Women
AMY JAMES-TURNER'S FIRST EVER WSL GOAL 🙌,106,2685,2,@danielbaldyy,👏❤,0,Tottenham Hotspur Women
AMY JAMES-TURNER'S FIRST EVER WSL GOAL 🙌,106,2685,2,@unknownnnx17.sophie,Well done amy,2,Tottenham Hotspur Women
TOTTENHAM HOTSPUR 1-2 ASTON VILLA // WOMEN'S SUPER LEAGUE HIGHLIGHTS,19,1104,4,@colejohnney3057,"Shooting practice needed throughout both the Men and Women’s  first team squads, if you don’t take your chances when they come along then you may pay the price at the other end.",0,Tottenham Hotspur Women
TOTTENHAM HOTSPUR 1-2 ASTON VILLA // WOMEN'S SUPER LEAGUE HIGHLIGHTS,19,1104,4,@Daveportime,I think you have a chance against Arsenal because they will be without 5 players because of the Gold Cup and with injuries and your team won't,0,Tottenham Hotspur Women
TOTTENHAM HOTSPUR 1-2 ASTON VILLA // WOMEN'S SUPER LEAGUE HIGHLIGHTS,19,1104,4,@Marabout75,"Our style of play, passing, movement, awareness and shots on goal needs to improve...Beth England has lost it since her injury...
🤍COYSW🐓N15🇲🇺",0,Tottenham Hotspur Women
TOTTENHAM HOTSPUR 1-2 ASTON VILLA // WOMEN'S SUPER LEAGUE HIGHLIGHTS,19,1104,4,@big..377,We are playing worse.,2,Tottenham Hotspur Women
TOTTENHAM HOTSPUR WOMEN TRAINING AHEAD OF ASTON VILLA!,61,1070,4,@big..377,Another crud performance 😢,0,Tottenham Hotspur Women
TOTTENHAM HOTSPUR WOMEN TRAINING AHEAD OF ASTON VILLA!,61,1070,4,@OllieL819,I’m Coming To The Villa Match to Watch you guys I can’t wait x,0,Tottenham Hotspur Women
TOTTENHAM HOTSPUR WOMEN TRAINING AHEAD OF ASTON VILLA!,61,1070,4,@elenuzzaaaa,"My  dream Is to play in this team,I hope one day I'll get there.Go Tottenham!☺️.",3,Tottenham Hotspur Women
TOTTENHAM HOTSPUR WOMEN TRAINING AHEAD OF ASTON VILLA!,61,1070,4,@niksterfer6sir,"Coys.  Also, put a transfer in for trinity Rodman",2,Tottenham Hotspur Women
Matilda and a fan 🥹 SUCH wholesome content 🤍,1274,39495,10,@cuppiecupsters,"The Swedes, Matilda and Amanda, have been a great addition to Tottenham!",2,Tottenham Hotspur Women
Matilda and a fan 🥹 SUCH wholesome content 🤍,1274,39495,10,@lilmur7,I’m an arsenal fan but respect ✊,3,Tottenham Hotspur Women
Matilda and a fan 🥹 SUCH wholesome content 🤍,1274,39495,10,@Ragnarlothbrok-,Sign the other one too🙄,1,Tottenham Hotspur Women
Matilda and a fan 🥹 SUCH wholesome content 🤍,1274,39495,10,@tippiking4526,Good boy?,1,Tottenham Hotspur Women
Matilda and a fan 🥹 SUCH wholesome content 🤍,1274,39495,10,@unknownnnx17.sophie,Womens tottenham and tottenham men are amazing. Spurs on top❤❤,7,Tottenham Hotspur Women
Matilda and a fan 🥹 SUCH wholesome content 🤍,1274,39495,10,@johnweaver5321,😂🤣😂🤣⚽🏐❣️👍,1,Tottenham Hotspur Women
Matilda and a fan 🥹 SUCH wholesome content 🤍,1274,39495,10,@TheBasicallyfunny.,Can I have one 😂😅,2,Tottenham Hotspur Women
Matilda and a fan 🥹 SUCH wholesome content 🤍,1274,39495,10,@R14TPS,Respect to the Tottenham womens tream,19,Tottenham Hotspur Women
LIVERPOOL 1-1 TOTTENHAM HOTSPUR // WSL HIGHLIGHTS,49,797,5,@niksterfer6sir,Spurs women should put a bid in for Triinity Rodman.   She is an absolute baller that should be playing in Europe.  Shocked no euro club has picked her up.,1,Tottenham Hotspur Women
LIVERPOOL 1-1 TOTTENHAM HOTSPUR // WSL HIGHLIGHTS,49,797,5,@Marabout75,✨🤍COYSW🐓N15🇲🇺,0,Tottenham Hotspur Women
LIVERPOOL 1-1 TOTTENHAM HOTSPUR // WSL HIGHLIGHTS,49,797,5,@NiRudraws,That was an epic goal,0,Tottenham Hotspur Women
LIVERPOOL 1-1 TOTTENHAM HOTSPUR // WSL HIGHLIGHTS,49,797,5,@melodyomorogbe,That goal was fantastic,1,Tottenham Hotspur Women
LIVERPOOL 1-1 TOTTENHAM HOTSPUR // WSL HIGHLIGHTS,49,797,5,@TheTiger_TheWolf,They gave it their all and we unlucky to walk away with all 3 points but onto the next game COYS 🤍💙,3,Tottenham Hotspur Women
TOTTENHAM HOTSPUR WOMEN PREPARE FOR LIVERPOOL,98,2399,16,@lloydy68,I`d like to see passing like that on matchday ..... they never do though.,0,Tottenham Hotspur Women
TOTTENHAM HOTSPUR WOMEN PREPARE FOR LIVERPOOL,98,2399,16,@AnnWu-kf8jp,so Happy to see Shuang fitting well here,2,Tottenham Hotspur Women
TOTTENHAM HOTSPUR WOMEN PREPARE FOR LIVERPOOL,98,2399,16,@StickAroundBennett,love coys!,2,Tottenham Hotspur Women
TOTTENHAM HOTSPUR WOMEN PREPARE FOR LIVERPOOL,98,2399,16,@sh0t0kan,Where's Grace?,2,Tottenham Hotspur Women
TOTTENHAM HOTSPUR WOMEN PREPARE FOR LIVERPOOL,98,2399,16,@aimee3063,coys🤍,2,Tottenham Hotspur Women
TOTTENHAM HOTSPUR 0-2 MAN CITY // WSL HIGHLIGHTS,47,2016,2,@IanPrescott-rq3ve,We all know her as Bunny.... keep up,1,Tottenham Hotspur Women
TOTTENHAM HOTSPUR 0-2 MAN CITY // WSL HIGHLIGHTS,47,2016,2,@Marabout75,"The gulf in movement/possession/financial is plain to see...dust yourselves down my Tottenham Women...
✨COYSW🐓N15🇲🇺",0,Tottenham Hotspur Women
ANOTHER VIEW OF THE GOALS AGAINST SOUTHAMPTON,92,1147,1,@avarogers1808,Yeah CHA CHA!!,3,Tottenham Hotspur Women
SOUTHAMPTON 0-3 TOTTENHAM HOTSPUR // GRANT & PETZELBERGER SCORE FIRST GOALS FOR SPURS // HIGHLIGHTS,144,6072,16,@jesi6486,COYS🤍💙🤍😍,0,Tottenham Hotspur Women
SOUTHAMPTON 0-3 TOTTENHAM HOTSPUR // GRANT & PETZELBERGER SCORE FIRST GOALS FOR SPURS // HIGHLIGHTS,144,6072,16,@TranCeFORM3R,"Congrats Charil on your first goal in England, much love ❤❤❤ from Australia",0,Tottenham Hotspur Women
SOUTHAMPTON 0-3 TOTTENHAM HOTSPUR // GRANT & PETZELBERGER SCORE FIRST GOALS FOR SPURS // HIGHLIGHTS,144,6072,16,@AgentCircus007,"WTF?  They claimed on Google that the second goal was Bethany's. 
Anyway,  congrats Charlotte!! 👍",0,Tottenham Hotspur Women
SOUTHAMPTON 0-3 TOTTENHAM HOTSPUR // GRANT & PETZELBERGER SCORE FIRST GOALS FOR SPURS // HIGHLIGHTS,144,6072,16,@Marabout75,"✨🤍COYSW🐓N15🇲🇺...
Grace Clinton stunner!!!",0,Tottenham Hotspur Women
SOUTHAMPTON 0-3 TOTTENHAM HOTSPUR // GRANT & PETZELBERGER SCORE FIRST GOALS FOR SPURS // HIGHLIGHTS,144,6072,16,@edcleverley9333,Clinton's got to get minutes for England next international break,0,Tottenham Hotspur Women
SOUTHAMPTON 0-3 TOTTENHAM HOTSPUR // GRANT & PETZELBERGER SCORE FIRST GOALS FOR SPURS // HIGHLIGHTS,144,6072,16,@lycanoftheunderworldselene,"Really hope we can permanently sign Clinton,but I doubt after her performances UNTD will sell her.",0,Tottenham Hotspur Women
SOUTHAMPTON 0-3 TOTTENHAM HOTSPUR // GRANT & PETZELBERGER SCORE FIRST GOALS FOR SPURS // HIGHLIGHTS,144,6072,16,@StickAroundBennett,Well done Ladies. COYS!,2,Tottenham Hotspur Women
SOUTHAMPTON 0-3 TOTTENHAM HOTSPUR // GRANT & PETZELBERGER SCORE FIRST GOALS FOR SPURS // HIGHLIGHTS,144,6072,16,@GODSOFFOOTBALLGOLD,gotta question mark skinner send clinton on loan when she 10 times better than dere current midfield especially zelem who is slow and larthargic,0,Tottenham Hotspur Women
SOUTHAMPTON 0-3 TOTTENHAM HOTSPUR // GRANT & PETZELBERGER SCORE FIRST GOALS FOR SPURS // HIGHLIGHTS,144,6072,16,@gideonofori2308,Weldone girls.,7,Tottenham Hotspur Women
SOUTHAMPTON 0-3 TOTTENHAM HOTSPUR // GRANT & PETZELBERGER SCORE FIRST GOALS FOR SPURS // HIGHLIGHTS,144,6072,16,@JazzFunk22,Love Grace long time 🤍 🤍🤍...👏🏼,4,Tottenham Hotspur Women
SOUTHAMPTON 0-3 TOTTENHAM HOTSPUR // GRANT & PETZELBERGER SCORE FIRST GOALS FOR SPURS // HIGHLIGHTS,144,6072,16,@TA-wg9oi,Well done Charli.....,3,Tottenham Hotspur Women
SOUTHAMPTON 0-3 TOTTENHAM HOTSPUR // GRANT & PETZELBERGER SCORE FIRST GOALS FOR SPURS // HIGHLIGHTS,144,6072,16,@eb-dw2tr,Grant🫶,0,Tottenham Hotspur Women
SOUTHAMPTON 0-3 TOTTENHAM HOTSPUR // GRANT & PETZELBERGER SCORE FIRST GOALS FOR SPURS // HIGHLIGHTS,144,6072,16,@pujanggaunlimited,Mantap,0,Tottenham Hotspur Women
SOUTHAMPTON 0-3 TOTTENHAM HOTSPUR // GRANT & PETZELBERGER SCORE FIRST GOALS FOR SPURS // HIGHLIGHTS,144,6072,16,@satyavanmalpani6403,sign clinton permenantly,23,Tottenham Hotspur Women
TRAINING AHEAD OF SOUTHAMPTON // CONTI CUP // TOTTENHAM HOTSPUR,149,4103,5,@jakeconrad1204,Lets GOO!! COYS!,0,Tottenham Hotspur Women
TRAINING AHEAD OF SOUTHAMPTON // CONTI CUP // TOTTENHAM HOTSPUR,149,4103,5,@oomjigim,Love this❤❤❤❤❤❤,1,Tottenham Hotspur Women
TRAINING AHEAD OF SOUTHAMPTON // CONTI CUP // TOTTENHAM HOTSPUR,149,4103,5,@eric_toomuch,Spurs looking good - I hope it looks like this on match day,4,Tottenham Hotspur Women
TRAINING AHEAD OF SOUTHAMPTON // CONTI CUP // TOTTENHAM HOTSPUR,149,4103,5,@1wiggan_bad484,Keep up the hard work 🙏,4,Tottenham Hotspur Women
TRAINING AHEAD OF SOUTHAMPTON // CONTI CUP // TOTTENHAM HOTSPUR,149,4103,5,@Park-iz3sd,토마스는 부상임? 안보이네요,1,Tottenham Hotspur Women
RELIVE THE ACTION // WEST HAM 3-4 SPURS // MATCHDAY UNCUT,110,1016,4,@Joe-oc2wu,LGBT is too boring! take a rest phenomenons,0,Tottenham Hotspur Women
RELIVE THE ACTION // WEST HAM 3-4 SPURS // MATCHDAY UNCUT,110,1016,4,@haydnfryk674,No one cares 😂😂😂,1,Tottenham Hotspur Women
WEST HAM 3-4 TOTTENHAM HOTSPUR // SEVEN-GOAL THRILLER // WSL HIGHLIGHTS,130,3357,8,@KC.....,Keep cooking ladies. Keep cooking,0,Tottenham Hotspur Women
WEST HAM 3-4 TOTTENHAM HOTSPUR // SEVEN-GOAL THRILLER // WSL HIGHLIGHTS,130,3357,8,@Marabout75,✨🤍COYSW🐓N15🇲🇺🇵🇸,1,Tottenham Hotspur Women
WEST HAM 3-4 TOTTENHAM HOTSPUR // SEVEN-GOAL THRILLER // WSL HIGHLIGHTS,130,3357,8,@edenhazard2751,What a match!,6,Tottenham Hotspur Women
WEST HAM 3-4 TOTTENHAM HOTSPUR // SEVEN-GOAL THRILLER // WSL HIGHLIGHTS,130,3357,8,@backonceagainitstherenegad9786,"Can these not be made longer? More highlights, replays on the goals, line ups, anything like that",20,Tottenham Hotspur Women
WEST HAM 3-4 TOTTENHAM HOTSPUR // SEVEN-GOAL THRILLER // WSL HIGHLIGHTS,130,3357,8,@matorskyy,COYS🇮🇱,4,Tottenham Hotspur Women
WEST HAM 3-4 TOTTENHAM HOTSPUR // SEVEN-GOAL THRILLER // WSL HIGHLIGHTS,130,3357,8,@stephenberry5518,Good game,3,Tottenham Hotspur Women
WEST HAM 3-4 TOTTENHAM HOTSPUR // SEVEN-GOAL THRILLER // WSL HIGHLIGHTS,130,3357,8,@defi_divaa,Bravo,6,Tottenham Hotspur Women
TOTTENHAM HOTSPUR TRAINING AHEAD OF WEST HAM // SPRINTING COMPETITION,158,3747,8,@ianwilson8759,This is not serious training. These women need to get serious if they are to compete for viewing figures.,0,Tottenham Hotspur Women
TOTTENHAM HOTSPUR TRAINING AHEAD OF WEST HAM // SPRINTING COMPETITION,158,3747,8,@WorkEmail-ue5mg,COYS,0,Tottenham Hotspur Women
TOTTENHAM HOTSPUR TRAINING AHEAD OF WEST HAM // SPRINTING COMPETITION,158,3747,8,@gideonofori2308,Come on girls,1,Tottenham Hotspur Women
TOTTENHAM HOTSPUR TRAINING AHEAD OF WEST HAM // SPRINTING COMPETITION,158,3747,8,@wandilemayekiso629,"Yes, they are as the men are off until next week.",2,Tottenham Hotspur Women
TOTTENHAM HOTSPUR TRAINING AHEAD OF WEST HAM // SPRINTING COMPETITION,158,3747,8,@Park-iz3sd,토마스는 왜 안보임? 부상인가?,0,Tottenham Hotspur Women
TOTTENHAM HOTSPUR TRAINING AHEAD OF WEST HAM // SPRINTING COMPETITION,158,3747,8,@ar7_._._,Are women's team training on men's training ground?,2,Tottenham Hotspur Women
MOST FAMOUS PERSON IN YOUR CONTACTS // TOTTENHAM HOTSPUR EDITION,356,7716,2,@AngelSmith-b9n,love them all,0,Tottenham Hotspur Women
MOST FAMOUS PERSON IN YOUR CONTACTS // TOTTENHAM HOTSPUR EDITION,356,7716,2,@chardonnaylouisewhite7253,❤,2,Tottenham Hotspur Women
NEW SIGNING AMANDA NILDÉN // FIRST INTERVIEW // TOTTENHAM HOTSPUR,107,2255,8,@nicoles_handle,so happy to see she's here for real real!!,0,Tottenham Hotspur Women
NEW SIGNING AMANDA NILDÉN // FIRST INTERVIEW // TOTTENHAM HOTSPUR,107,2255,8,@flywire76,From Joe’s Juve to Roberts Spurs sounds like a great transition!,0,Tottenham Hotspur Women
NEW SIGNING AMANDA NILDÉN // FIRST INTERVIEW // TOTTENHAM HOTSPUR,107,2255,8,@flywire76,🤍,0,Tottenham Hotspur Women
NEW SIGNING AMANDA NILDÉN // FIRST INTERVIEW // TOTTENHAM HOTSPUR,107,2255,8,@GoldmineVideoLoot,"Welcome aboard, Amanda! COYS",1,Tottenham Hotspur Women
NEW SIGNING AMANDA NILDÉN // FIRST INTERVIEW // TOTTENHAM HOTSPUR,107,2255,8,@TheTiger_TheWolf,"Welcome to the club and I can't wait to see what you can bring to the team especially with all the experience that you've gained the first time in the WSL, from all the fans. A huge welcome and COYS 🤍💙",1,Tottenham Hotspur Women
NEW SIGNING AMANDA NILDÉN // FIRST INTERVIEW // TOTTENHAM HOTSPUR,107,2255,8,@paulomarroti634,An excellent addition to the squad and she's got great experience in the game. Looking forward to seeing her play. COYS!,1,Tottenham Hotspur Women
NEW SIGNING AMANDA NILDÉN // FIRST INTERVIEW // TOTTENHAM HOTSPUR,107,2255,8,@marknoonan3854,"When you look at the table, there is an opportunity for this team to finish in the top four if it has consistents and can maintain clean sheets! The second half of this season will be really close!",1,Tottenham Hotspur Women
NEW SIGNING AMANDA NILDÉN // FIRST INTERVIEW // TOTTENHAM HOTSPUR,107,2255,8,@jocee569,Fantastic. Wish you all the best at the Club!,4,Tottenham Hotspur Women
INTRODUCING AMANDA NILDÉN // NEW SIGNING // TOTTENHAM HOTSPUR,147,2083,6,@marknoonan3854,Another great signing this transfer window. The second half of the WSL season is going to be really intense. A bunch of other sides have also filled some gaps with great signings ! Will be good!,1,Tottenham Hotspur Women
INTRODUCING AMANDA NILDÉN // NEW SIGNING // TOTTENHAM HOTSPUR,147,2083,6,@danielbaldyy,🇸🇪👍,0,Tottenham Hotspur Women
INTRODUCING AMANDA NILDÉN // NEW SIGNING // TOTTENHAM HOTSPUR,147,2083,6,@Beni__,Welcome to Spurs family!,0,Tottenham Hotspur Women
INTRODUCING AMANDA NILDÉN // NEW SIGNING // TOTTENHAM HOTSPUR,147,2083,6,@kurbiey0,Lets GO,0,Tottenham Hotspur Women
INTRODUCING AMANDA NILDÉN // NEW SIGNING // TOTTENHAM HOTSPUR,147,2083,6,@Riko442,Welcome! COYS,1,Tottenham Hotspur Women
INTRODUCING AMANDA NILDÉN // NEW SIGNING // TOTTENHAM HOTSPUR,147,2083,6,@MbuyiseloJuniorNgceke-25,"Welcome Amanda Nildén to the club,all the best COY.",0,Tottenham Hotspur Women
TOTTENHAM HOTSPUR 3-2 SHEFF UTD // MATCHDAY UNCUT // BEHIND THE SCENES OF OUR FA CUP CLASH,119,1923,12,@adriannurse5245,The male team I think “ should “ always get inspiration knowing that if their female team can win so can they and continue doing and daring ‼️💙🇧🇧💙‼️👌🏿,1,Tottenham Hotspur Women
TOTTENHAM HOTSPUR 3-2 SHEFF UTD // MATCHDAY UNCUT // BEHIND THE SCENES OF OUR FA CUP CLASH,119,1923,12,@jesi6486,"This team and the resilience in this game to not give up and win the whole game after being 2 goals down! Wow! Amazing! The manager has only been here for less than 6 months and the improvements are already here, he’s still learning the player’s and their best strength but that’s part of the process of building up a proper team! Beyond happy for our women’s team and the progress we are showing, soon we’ll challenge to be at the top 🙌🏾 Big up to the fans as well, the support is getting better! COYS 🤍💙🤍 Bring on the hammers on Sunday 👊🏾",1,Tottenham Hotspur Women
TOTTENHAM HOTSPUR 3-2 SHEFF UTD // MATCHDAY UNCUT // BEHIND THE SCENES OF OUR FA CUP CLASH,119,1923,12,@katarynka33,I think I'm going to be a tottenham fan because of Bethany England,1,Tottenham Hotspur Women
TOTTENHAM HOTSPUR 3-2 SHEFF UTD // MATCHDAY UNCUT // BEHIND THE SCENES OF OUR FA CUP CLASH,119,1923,12,@LukasOulehla,1❤❤🏆🏆⚽⚽,0,Tottenham Hotspur Women
TOTTENHAM HOTSPUR 3-2 SHEFF UTD // MATCHDAY UNCUT // BEHIND THE SCENES OF OUR FA CUP CLASH,119,1923,12,@Lionesses.fan_ofBethany,The end bit was so cute😢❤❤,2,Tottenham Hotspur Women
TOTTENHAM HOTSPUR 3-2 SHEFF UTD // MATCHDAY UNCUT // BEHIND THE SCENES OF OUR FA CUP CLASH,119,1923,12,@Marabout75,"Great comeback, love Rosella Ayane winner... ✨🤍COYSW🐓N15🇲🇺",1,Tottenham Hotspur Women
TOTTENHAM HOTSPUR 3-2 SHEFF UTD // MATCHDAY UNCUT // BEHIND THE SCENES OF OUR FA CUP CLASH,119,1923,12,@gideonofori2308,God bless those who go and support the women for us.,9,Tottenham Hotspur Women
TOTTENHAM HOTSPUR 3-2 SHEFF UTD // MATCHDAY UNCUT // BEHIND THE SCENES OF OUR FA CUP CLASH,119,1923,12,@gideonofori2308,Come on dear lovely girls it was great . You can do it,3,Tottenham Hotspur Women
TOTTENHAM HOTSPUR 3-2 SHEFF UTD // MATCHDAY UNCUT // BEHIND THE SCENES OF OUR FA CUP CLASH,119,1923,12,@jmurray2018,"World class pass at the end, easily matches any in the men’s game. Awesome job lady’s can’t wait to see you again",4,Tottenham Hotspur Women
TOTTENHAM HOTSPUR 3-2 SHEFF UTD // MATCHDAY UNCUT // BEHIND THE SCENES OF OUR FA CUP CLASH,119,1923,12,@Cheddarhead7,"Awesome, I hope we get these for every other WSL game this season too",7,Tottenham Hotspur Women
TOTTENHAM HOTSPUR 3-2 SHEFF UTD // MATCHDAY UNCUT // BEHIND THE SCENES OF OUR FA CUP CLASH,119,1923,12,@brazilianana,"outstanding win, we really deserved that!",4,Tottenham Hotspur Women
TOTTENHAM HOTSPUR 3-2 SHEFF UTD // MATCHDAY UNCUT // BEHIND THE SCENES OF OUR FA CUP CLASH,119,1923,12,@urmom5146,COYS 🤍,4,Tottenham Hotspur Women
FA CUP COMEBACK // ENGLAND + AYANE GOALS // TOTTENHAM HOTSPUR,111,1878,2,@VeinteFutbol2,Olga's assist 🔥,1,Tottenham Hotspur Women
FA CUP COMEBACK // ENGLAND + AYANE GOALS // TOTTENHAM HOTSPUR,111,1878,2,@gideonofori2308,That what we need short passing and movement,2,Tottenham Hotspur Women
TOTTENHAM HOTSPUR 3-2 SHEFF UTD // HIGHLIGHTS // LATE COMEBACK IN FA CUP,349,14327,28,@العهد_الناصري,Rosella Ayane 😍🇲🇦,0,Tottenham Hotspur Women
TOTTENHAM HOTSPUR 3-2 SHEFF UTD // HIGHLIGHTS // LATE COMEBACK IN FA CUP,349,14327,28,@stephenberry5518,Nice work by Charli Grant  @0:36,0,Tottenham Hotspur Women
TOTTENHAM HOTSPUR 3-2 SHEFF UTD // HIGHLIGHTS // LATE COMEBACK IN FA CUP,349,14327,28,@danielbaldyy,"Gg, good comeback by the girls 🎉",0,Tottenham Hotspur Women
TOTTENHAM HOTSPUR 3-2 SHEFF UTD // HIGHLIGHTS // LATE COMEBACK IN FA CUP,349,14327,28,@Buggysam,ayane ❤❤,0,Tottenham Hotspur Women
TOTTENHAM HOTSPUR 3-2 SHEFF UTD // HIGHLIGHTS // LATE COMEBACK IN FA CUP,349,14327,28,@jesi6486,"Oh how we’ve missed Olga she’s back like never left, same for Eve. These two!🇫🇮🙌🏾⚡️⚡️",1,Tottenham Hotspur Women
TOTTENHAM HOTSPUR 3-2 SHEFF UTD // HIGHLIGHTS // LATE COMEBACK IN FA CUP,349,14327,28,@jesi6486,WHAT A COMEBACK!! AND THE WINNING GOAL ASSIST!? 😍😍😍 MY CLUB🤍💙🤍,1,Tottenham Hotspur Women
TOTTENHAM HOTSPUR 3-2 SHEFF UTD // HIGHLIGHTS // LATE COMEBACK IN FA CUP,349,14327,28,@user-el5ul3mg1v,nice move from the keeper on the penalty.,3,Tottenham Hotspur Women
TOTTENHAM HOTSPUR 3-2 SHEFF UTD // HIGHLIGHTS // LATE COMEBACK IN FA CUP,349,14327,28,@marknoonan3854,Great game,2,Tottenham Hotspur Women
TOTTENHAM HOTSPUR 3-2 SHEFF UTD // HIGHLIGHTS // LATE COMEBACK IN FA CUP,349,14327,28,@thecockerel86,Good to see Bethany back in action. Where's Martha Thomas? Why didn't she play as well? COYS.,2,Tottenham Hotspur Women
TOTTENHAM HOTSPUR 3-2 SHEFF UTD // HIGHLIGHTS // LATE COMEBACK IN FA CUP,349,14327,28,@HannahLasagne,So annoying this wasn't on tv. Would have been awesome to watch. Spurs go marching on! ❤,10,Tottenham Hotspur Women
TOTTENHAM HOTSPUR 3-2 SHEFF UTD // HIGHLIGHTS // LATE COMEBACK IN FA CUP,349,14327,28,@ollewall,What a comeback! Shame it was not on TV!,6,Tottenham Hotspur Women
TOTTENHAM HOTSPUR 3-2 SHEFF UTD // HIGHLIGHTS // LATE COMEBACK IN FA CUP,349,14327,28,@doughill1945,The Pen decision should have been of ref watch,0,Tottenham Hotspur Women
TOTTENHAM HOTSPUR 3-2 SHEFF UTD // HIGHLIGHTS // LATE COMEBACK IN FA CUP,349,14327,28,@MrSiddhant98,"Beth changes how the team performs, signing of the decade!",6,Tottenham Hotspur Women
TOTTENHAM HOTSPUR 3-2 SHEFF UTD // HIGHLIGHTS // LATE COMEBACK IN FA CUP,349,14327,28,@gideonofori2308,That what we are.,4,Tottenham Hotspur Women
TOTTENHAM HOTSPUR 3-2 SHEFF UTD // HIGHLIGHTS // LATE COMEBACK IN FA CUP,349,14327,28,@susjkaxxx9465,Was never a pen,0,Tottenham Hotspur Women
TOTTENHAM HOTSPUR 3-2 SHEFF UTD // HIGHLIGHTS // LATE COMEBACK IN FA CUP,349,14327,28,@Marabout75,✨COYSW🐓N15🇲🇺,3,Tottenham Hotspur Women
TOTTENHAM HOTSPUR 3-2 SHEFF UTD // HIGHLIGHTS // LATE COMEBACK IN FA CUP,349,14327,28,@barriemohammedlamin9599,Great game,7,Tottenham Hotspur Women
TOTTENHAM HOTSPUR 3-2 SHEFF UTD // HIGHLIGHTS // LATE COMEBACK IN FA CUP,349,14327,28,@TheTiger_TheWolf,It's so good to see Beth coming back and scoring 2 goals and Ayane scored an awesome goal to give us the win right at the end COYS 🤍💙,9,Tottenham Hotspur Women
TOTTENHAM HOTSPUR 3-2 SHEFF UTD // HIGHLIGHTS // LATE COMEBACK IN FA CUP,349,14327,28,@bushchat28d,Thank goodness for the Spanish women's football because this standard is rubbish.,1,Tottenham Hotspur Women
TOTTENHAM HOTSPUR 3-2 SHEFF UTD // HIGHLIGHTS // LATE COMEBACK IN FA CUP,349,14327,28,@grudland,Fantastic result,7,Tottenham Hotspur Women
TOTTENHAM HOTSPUR 3-2 SHEFF UTD // HIGHLIGHTS // LATE COMEBACK IN FA CUP,349,14327,28,@urmom5146,wish this game was picked up by a broadcaster 🥲,7,Tottenham Hotspur Women
TOTTENHAM HOTSPUR 3-2 SHEFF UTD // HIGHLIGHTS // LATE COMEBACK IN FA CUP,349,14327,28,@matorskyy,COYS🇮🇱,6,Tottenham Hotspur Women
TOTTENHAM HOTSPUR 3-2 SHEFF UTD // HIGHLIGHTS // LATE COMEBACK IN FA CUP,349,14327,28,@brazilianana,we missed beth so much! thrilled to have her back 🤍,20,Tottenham Hotspur Women
FA CUP TRAINING // PREPARING FOR SHEFFIELD UNITED // TOTTENHAM HOTSPUR,132,2914,5,@LukasOulehla,❤🏆🐻‍❄️🍻,0,Tottenham Hotspur Women
FA CUP TRAINING // PREPARING FOR SHEFFIELD UNITED // TOTTENHAM HOTSPUR,132,2914,5,@sassiqueen1200,let’s GOOOOO,2,Tottenham Hotspur Women
FA CUP TRAINING // PREPARING FOR SHEFFIELD UNITED // TOTTENHAM HOTSPUR,132,2914,5,@TheTiger_TheWolf,Let's go again and pick up another 3 points COYS 🤍💙,1,Tottenham Hotspur Women
FA CUP TRAINING // PREPARING FOR SHEFFIELD UNITED // TOTTENHAM HOTSPUR,132,2914,5,@Aracarino08,Lenna ‼️,3,Tottenham Hotspur Women
FA CUP TRAINING // PREPARING FOR SHEFFIELD UNITED // TOTTENHAM HOTSPUR,132,2914,5,@hluvsamda,Love you guys you are such an inspiration to me ❤❤❤❤😊😊😊😊🫶🫶🫶🐐🐐🐐🐐🐐also i was your first like ❤❤❤❤🫶🫶🫶🫶,4,Tottenham Hotspur Women
ROSELLA AYANE AND BECKY SPENCER GO HEAD-TO-HEAD IN PALS // TOTTENHAM HOTSPUR,158,3087,5,@jesi6486,🇲🇦🇯🇲🤌🏾,1,Tottenham Hotspur Women
ROSELLA AYANE AND BECKY SPENCER GO HEAD-TO-HEAD IN PALS // TOTTENHAM HOTSPUR,158,3087,5,@HDgodfrey,Love it. So proud of you lot! Keep it up,5,Tottenham Hotspur Women
ROSELLA AYANE AND BECKY SPENCER GO HEAD-TO-HEAD IN PALS // TOTTENHAM HOTSPUR,158,3087,5,@etowngti,These two are too much!,5,Tottenham Hotspur Women
ROSELLA AYANE AND BECKY SPENCER GO HEAD-TO-HEAD IN PALS // TOTTENHAM HOTSPUR,158,3087,5,@sassiqueen1200,loooove them,5,Tottenham Hotspur Women
ROSELLA AYANE AND BECKY SPENCER GO HEAD-TO-HEAD IN PALS // TOTTENHAM HOTSPUR,158,3087,5,@jascunnington,Brilliant 😂😂😂,4,Tottenham Hotspur Women
BEHIND THE SCENES // CHARLOTTE GRANT SIGNING // TOTTENHAM HOTSPUR,184,3770,9,@AJfromthePOD_online,Welcome 🤍 it's a family here.,3,Tottenham Hotspur Women
BEHIND THE SCENES // CHARLOTTE GRANT SIGNING // TOTTENHAM HOTSPUR,184,3770,9,@sarachoo9628,Love it,2,Tottenham Hotspur Women
BEHIND THE SCENES // CHARLOTTE GRANT SIGNING // TOTTENHAM HOTSPUR,184,3770,9,@Indodana.yamaNtanda,Business done early 🎉that's what we like to see,4,Tottenham Hotspur Women
BEHIND THE SCENES // CHARLOTTE GRANT SIGNING // TOTTENHAM HOTSPUR,184,3770,9,@marknoonan3854,🇦🇺🇦🇺🇦🇺 great defender. So good when another great Australian national player joins the WSL,6,Tottenham Hotspur Women
BEHIND THE SCENES // CHARLOTTE GRANT SIGNING // TOTTENHAM HOTSPUR,184,3770,9,@jmurray2018,"Now that’s the kinda girl we all love. Now let’s see the world fall in love too, show them your stuff Lotty",8,Tottenham Hotspur Women
BEHIND THE SCENES // CHARLOTTE GRANT SIGNING // TOTTENHAM HOTSPUR,184,3770,9,@Greengreyfrog,"great stuff, welcome to spurs Charli!",7,Tottenham Hotspur Women
BEHIND THE SCENES // MATILDA VINBERG SIGNING // TOTTENHAM HOTSPUR,92,1395,8,@OllieL819,She Really Looks So Good in Her Spurs Shirt She also Signed Her Signature On the spurs programs at The Sheffield United Game and The Cheltenham game Thank you Matilda. ❤❤,1,Tottenham Hotspur Women
BEHIND THE SCENES // MATILDA VINBERG SIGNING // TOTTENHAM HOTSPUR,92,1395,8,@jesi6486,"what  a signing what a set, absolutely amazing 🤩",2,Tottenham Hotspur Women
BEHIND THE SCENES // MATILDA VINBERG SIGNING // TOTTENHAM HOTSPUR,92,1395,8,@munikovie8797,COYS! love to see it,1,Tottenham Hotspur Women
BEHIND THE SCENES // MATILDA VINBERG SIGNING // TOTTENHAM HOTSPUR,92,1395,8,@loudcatcher13A,this is some high budget media stuff,1,Tottenham Hotspur Women
BEHIND THE SCENES // MATILDA VINBERG SIGNING // TOTTENHAM HOTSPUR,92,1395,8,@marknoonan3854,"When you look at her stats, she has really good stats. Great hire.",6,Tottenham Hotspur Women
BEHIND THE SCENES // MATILDA VINBERG SIGNING // TOTTENHAM HOTSPUR,92,1395,8,@marknoonan3854,This team has made some great selective hirings. Both very respected players.,4,Tottenham Hotspur Women
BEHIND THE SCENES // MATILDA VINBERG SIGNING // TOTTENHAM HOTSPUR,92,1395,8,@oomjigim,Her smile😍😍❤️,2,Tottenham Hotspur Women
BEHIND THE SCENES // MATILDA VINBERG SIGNING // TOTTENHAM HOTSPUR,92,1395,8,@beyeseparateswe3425,"Vin:Wine Berg:Mountain   

Matilda Winemountain..cool last name 😂",6,Tottenham Hotspur Women
BACK IN TRAINING WITH NEW SIGNINGS // TOTTENHAM HOTSPUR,299,11261,14,@jesi6486,we are looking so sharpppp getting there slowly 😍COYSSS,0,Tottenham Hotspur Women
BACK IN TRAINING WITH NEW SIGNINGS // TOTTENHAM HOTSPUR,299,11261,14,@katarynka33,0:47 yeaaa show them those muscles hah,0,Tottenham Hotspur Women
BACK IN TRAINING WITH NEW SIGNINGS // TOTTENHAM HOTSPUR,299,11261,14,@TranCeFORM3R,"Happy to see Charli Grant join Spurs, she will fit in well.",8,Tottenham Hotspur Women
BACK IN TRAINING WITH NEW SIGNINGS // TOTTENHAM HOTSPUR,299,11261,14,@ESPirits87,"I's good Vinberg gets to play in Tottenham vs better players, to get more experience before joining National team.",0,Tottenham Hotspur Women
BACK IN TRAINING WITH NEW SIGNINGS // TOTTENHAM HOTSPUR,299,11261,14,@russsso23,what a lovely vibe all the players have 🤍,1,Tottenham Hotspur Women
BACK IN TRAINING WITH NEW SIGNINGS // TOTTENHAM HOTSPUR,299,11261,14,@sammyoyoo9071,Saw Drew Spence...am happy,0,Tottenham Hotspur Women
BACK IN TRAINING WITH NEW SIGNINGS // TOTTENHAM HOTSPUR,299,11261,14,@RogueBrit,#COYS,0,Tottenham Hotspur Women
BACK IN TRAINING WITH NEW SIGNINGS // TOTTENHAM HOTSPUR,299,11261,14,@jmurray2018,"Whatcha mean back in training? They never stopped training, not one of them look like they over did it during the Christmas dinner",8,Tottenham Hotspur Women
BACK IN TRAINING WITH NEW SIGNINGS // TOTTENHAM HOTSPUR,299,11261,14,@sassiqueen1200,WE GO NEXT SUNDAY!,0,Tottenham Hotspur Women
BACK IN TRAINING WITH NEW SIGNINGS // TOTTENHAM HOTSPUR,299,11261,14,@sassiqueen1200,<3,0,Tottenham Hotspur Women
BACK IN TRAINING WITH NEW SIGNINGS // TOTTENHAM HOTSPUR,299,11261,14,@TheTiger_TheWolf,The chemistry and team spirit are always great to see #SpursArmy 🤍💙,9,Tottenham Hotspur Women
BACK IN TRAINING WITH NEW SIGNINGS // TOTTENHAM HOTSPUR,299,11261,14,@marytryphona4553,Love there commadary,2,Tottenham Hotspur Women
CHARLOTTE GRANT // FIRST INTERVIEW // TOTTENHAM HOTSPUR,247,5396,20,@h0pesfall,One of the most attractive soccer players :),0,Tottenham Hotspur Women
CHARLOTTE GRANT // FIRST INTERVIEW // TOTTENHAM HOTSPUR,247,5396,20,@gingerbrodie1252,We need a Charli/Ange catchup moment!,1,Tottenham Hotspur Women
CHARLOTTE GRANT // FIRST INTERVIEW // TOTTENHAM HOTSPUR,247,5396,20,@jesi6486,COYS,1,Tottenham Hotspur Women
CHARLOTTE GRANT // FIRST INTERVIEW // TOTTENHAM HOTSPUR,247,5396,20,@waggafletcher,The Australian takeover of Spurs is gaining momentum.,1,Tottenham Hotspur Women
CHARLOTTE GRANT // FIRST INTERVIEW // TOTTENHAM HOTSPUR,247,5396,20,@TranCeFORM3R,Wish you well and success Charli Coys,2,Tottenham Hotspur Women
CHARLOTTE GRANT // FIRST INTERVIEW // TOTTENHAM HOTSPUR,247,5396,20,@pujanggaunlimited,",🫶",0,Tottenham Hotspur Women
CHARLOTTE GRANT // FIRST INTERVIEW // TOTTENHAM HOTSPUR,247,5396,20,@russsso23,❤❤,1,Tottenham Hotspur Women
CHARLOTTE GRANT // FIRST INTERVIEW // TOTTENHAM HOTSPUR,247,5396,20,@yvonnefoster8181,Welcome Charlie can’t wait to see you play in the WSL,2,Tottenham Hotspur Women
CHARLOTTE GRANT // FIRST INTERVIEW // TOTTENHAM HOTSPUR,247,5396,20,@TA-wg9oi,Well done Charli. COYS.....🦘,2,Tottenham Hotspur Women
CHARLOTTE GRANT // FIRST INTERVIEW // TOTTENHAM HOTSPUR,247,5396,20,@danielradd111,Lets go aussie 🇦🇺 🪃 👍 👌,2,Tottenham Hotspur Women
CHARLOTTE GRANT // FIRST INTERVIEW // TOTTENHAM HOTSPUR,247,5396,20,@RelOKeefe,Do  big things Smiley!! Congrats to join the SL and Spurs.,3,Tottenham Hotspur Women
CHARLOTTE GRANT // FIRST INTERVIEW // TOTTENHAM HOTSPUR,247,5396,20,@bradsays,"Got some great players and good characters in the squad now, looking forward to seeing what they can do. COYS",5,Tottenham Hotspur Women
CHARLOTTE GRANT // FIRST INTERVIEW // TOTTENHAM HOTSPUR,247,5396,20,@derry667dingo,Another Aussie at Spurs! 🇦🇺 🫶🏼Go Charli! ⚽️🦘🤍,7,Tottenham Hotspur Women
CHARLOTTE GRANT // FIRST INTERVIEW // TOTTENHAM HOTSPUR,247,5396,20,@peter6092,"Welcome Charlotte, looking forward to seeing you play. Hope you do brilliantly 👍",3,Tottenham Hotspur Women
CHARLOTTE GRANT // FIRST INTERVIEW // TOTTENHAM HOTSPUR,247,5396,20,@TheTiger_TheWolf,Welcome to the club and I can't wait to see what you bring on the pitch 🤍💙,3,Tottenham Hotspur Women
CHARLOTTE GRANT // FIRST INTERVIEW // TOTTENHAM HOTSPUR,247,5396,20,@jocee569,Outstanding! Congrats and good luck Charlotte.,5,Tottenham Hotspur Women
CHARLOTTE GRANT // FIRST INTERVIEW // TOTTENHAM HOTSPUR,247,5396,20,@jeffstevens4262,Welcome to the club Charlie and all the very best to you!  🙋‍♂,4,Tottenham Hotspur Women
CHARLOTTE GRANT // FIRST INTERVIEW // TOTTENHAM HOTSPUR,247,5396,20,@MbuyiseloJuniorNgceke-25,"All the best Charlotte Grant,it's nice to see you being one of us.The jersey fits you well Charlotte.",10,Tottenham Hotspur Women
CHARLOTTE GRANT // FIRST INTERVIEW // TOTTENHAM HOTSPUR,247,5396,20,@SON-dh2ps,Tottenham Hostpur Women 🤍 🇧🇷,2,Tottenham Hotspur Women
CHARLOTTE GRANT // FIRST INTERVIEW // TOTTENHAM HOTSPUR,247,5396,20,@marknoonan3854,Great attacking defender! 🇦🇺🇦🇺🇦🇺,10,Tottenham Hotspur Women
MATILDA VINBERG // FIRST INTERVIEW // TOTTENHAM HOTSPUR,123,1782,6,@jesi6486,Gimme Gimme🟨🟦 Welcome to spurs Matilda🤩!,0,Tottenham Hotspur Women
MATILDA VINBERG // FIRST INTERVIEW // TOTTENHAM HOTSPUR,123,1782,6,@TranCeFORM3R,Congrats Matilda hope you enjoy your life in London 😊,0,Tottenham Hotspur Women
MATILDA VINBERG // FIRST INTERVIEW // TOTTENHAM HOTSPUR,123,1782,6,@davewright8206,best league,1,Tottenham Hotspur Women
MATILDA VINBERG // FIRST INTERVIEW // TOTTENHAM HOTSPUR,123,1782,6,@bradsays,Welcome Matilda! great to see spurs women strengthen COYS,2,Tottenham Hotspur Women
MATILDA VINBERG // FIRST INTERVIEW // TOTTENHAM HOTSPUR,123,1782,6,@brazilianana,welcome! 🤍,1,Tottenham Hotspur Women
MATILDA VINBERG // FIRST INTERVIEW // TOTTENHAM HOTSPUR,123,1782,6,@satan_rex_inferorum,"Lol we signed a Matilda and a ""Matilda""(Charlotte Grant)",7,Tottenham Hotspur Women
CHARLOTTE GRANT // NEW SIGNING // TOTTENHAM HOTSPUR,200,2224,6,@gideonofori2308,Welcome mate!,1,Tottenham Hotspur Women
CHARLOTTE GRANT // NEW SIGNING // TOTTENHAM HOTSPUR,200,2224,6,@mohashim5524,Coming from land Down Under 🇦🇺 COYS 👏🏻,0,Tottenham Hotspur Women
CHARLOTTE GRANT // NEW SIGNING // TOTTENHAM HOTSPUR,200,2224,6,@stephenberry5518,Good signing played for the Matildas in the Women's world cup. Charli Grant will be great for Spurs. COYS!,1,Tottenham Hotspur Women
CHARLOTTE GRANT // NEW SIGNING // TOTTENHAM HOTSPUR,200,2224,6,@ehidk7212,Great but wheres dragusin?,3,Tottenham Hotspur Women
CHARLOTTE GRANT // NEW SIGNING // TOTTENHAM HOTSPUR,200,2224,6,@HDgodfrey,"Welcome, I can't wait to see you play for the SPURS! COYS",1,Tottenham Hotspur Women
CHARLOTTE GRANT // NEW SIGNING // TOTTENHAM HOTSPUR,200,2224,6,@WSL_goated,Welcome to Tottenham,2,Tottenham Hotspur Women
NEW SIGNING // MATILDA VINBERG // TOTTENHAM HOTSPUR,152,1279,6,@lloydy68,"Fair play to the production team, these videos are amazing!",0,Tottenham Hotspur Women
NEW SIGNING // MATILDA VINBERG // TOTTENHAM HOTSPUR,152,1279,6,@TheTiger_TheWolf,A great signing and I can't wait to see what she brings on the pitch #SpursArmy 🤍💙,0,Tottenham Hotspur Women
NEW SIGNING // MATILDA VINBERG // TOTTENHAM HOTSPUR,152,1279,6,@ghislainmbida221,COYS,1,Tottenham Hotspur Women
NEW SIGNING // MATILDA VINBERG // TOTTENHAM HOTSPUR,152,1279,6,@WSL_goated,Welcome to Tottenham,2,Tottenham Hotspur Women
NEW SIGNING // MATILDA VINBERG // TOTTENHAM HOTSPUR,152,1279,6,@Psycho-games_3.0,Welcome to Tottenham!,2,Tottenham Hotspur Women
NEW SIGNING // MATILDA VINBERG // TOTTENHAM HOTSPUR,152,1279,6,@Riko442,Welcome to Spurs family!,2,Tottenham Hotspur Women
ALL WSL GOALS OF 2023 // COMPILATION // TOTTENHAM HOTSPUR,66,1041,4,@TheTiger_TheWolf,Let's do the same again in 2024 COYS 🤍💙 #SpursArmy,0,Tottenham Hotspur Women
ALL WSL GOALS OF 2023 // COMPILATION // TOTTENHAM HOTSPUR,66,1041,4,@unknownnnx17.sophie,Tottenham is my no.1 team❤ see u guys next year and i hope i can go to the stadium and watch you guys❤,1,Tottenham Hotspur Women
ALL WSL GOALS OF 2023 // COMPILATION // TOTTENHAM HOTSPUR,66,1041,4,@violin245,Bought a spurs Thomas kit this year.im a utd fan….,1,Tottenham Hotspur Women
ALL WSL GOALS OF 2023 // COMPILATION // TOTTENHAM HOTSPUR,66,1041,4,@danthespursfan7549,"Spurs-3 
Bournemouth-1  
Full Time!!!!!!!",1,Tottenham Hotspur Women
BETHANY ENGLAND GOAL COMPILATION // 2023 WSL // TOTTENHAM HOTSPUR,63,1148,4,@AJfromthePOD_online,Pure quality 🤍,0,Tottenham Hotspur Women
BETHANY ENGLAND GOAL COMPILATION // 2023 WSL // TOTTENHAM HOTSPUR,63,1148,4,@barriemohammedlamin9599,🐐🐐🐐,0,Tottenham Hotspur Women
BETHANY ENGLAND GOAL COMPILATION // 2023 WSL // TOTTENHAM HOTSPUR,63,1148,4,@peter6092,"Amazing player, total commitment to the team",0,Tottenham Hotspur Women
BETHANY ENGLAND GOAL COMPILATION // 2023 WSL // TOTTENHAM HOTSPUR,63,1148,4,@MartaComplex,Brilliant player. Always shows such strength and composure on the ball.,3,Tottenham Hotspur Women
CHRISTMAS FOOTBALL CHALLENGES // TOTTENHAM HOTSPUR WOMEN,131,2180,5,@sugincuk,haven't seen Perisic in a while,1,Tottenham Hotspur Women
CHRISTMAS FOOTBALL CHALLENGES // TOTTENHAM HOTSPUR WOMEN,131,2180,5,@KC.....,Merry Christmas ladies ❤️,2,Tottenham Hotspur Women
CHRISTMAS FOOTBALL CHALLENGES // TOTTENHAM HOTSPUR WOMEN,131,2180,5,@alakhesibeko4346,LOvE aNd SuPPoRt frOM SoUTh AfRiCa,3,Tottenham Hotspur Women
CHRISTMAS FOOTBALL CHALLENGES // TOTTENHAM HOTSPUR WOMEN,131,2180,5,@TheTiger_TheWolf,Merry Christmas ladies and everyone associated with spurs women team 🤍🎄💙,2,Tottenham Hotspur Women
CHRISTMAS CUPCAKES // MOLLY MAKES & RIA BAKES // TOTTENHAM HOTSPUR WOMEN,74,888,5,@user-jwvwj2ogje,COYS❤,1,Tottenham Hotspur Women
CHRISTMAS CUPCAKES // MOLLY MAKES & RIA BAKES // TOTTENHAM HOTSPUR WOMEN,74,888,5,@MbuyiseloJuniorNgceke-25,"Yeah LADS,that nice.Have a great Christmas🎄🎄🎄🎄.",1,Tottenham Hotspur Women
CHRISTMAS CUPCAKES // MOLLY MAKES & RIA BAKES // TOTTENHAM HOTSPUR WOMEN,74,888,5,@jmurray2018,Love to see you mixing it up with these random videos. May I suggest something that will make this video and recipe bette. Can you send me all those cup cakes ? It’ll make everything better 😀,2,Tottenham Hotspur Women
CHRISTMAS CUPCAKES // MOLLY MAKES & RIA BAKES // TOTTENHAM HOTSPUR WOMEN,74,888,5,@lukebattams5600,Have a good Christmas to all the ladies at tottenham,2,Tottenham Hotspur Women
CHRISTMAS CUPCAKES // MOLLY MAKES & RIA BAKES // TOTTENHAM HOTSPUR WOMEN,74,888,5,@Luissfloresss,"Much LOVE from Monterrey, Mexicooo!!! COYS COYS COYS!!!",2,Tottenham Hotspur Women
BETHANY ENGLAND // ROAD TO RECOVERY // EXCLUSIVE BEHIND-THE-SCENES DOCUMENTARY,514,17190,20,@allanlino469,She's beautiful,0,Tottenham Hotspur Women
BETHANY ENGLAND // ROAD TO RECOVERY // EXCLUSIVE BEHIND-THE-SCENES DOCUMENTARY,514,17190,20,@OllieL819,I Really Feel Bad for you Beth ❤😢 🥹,0,Tottenham Hotspur Women
BETHANY ENGLAND // ROAD TO RECOVERY // EXCLUSIVE BEHIND-THE-SCENES DOCUMENTARY,514,17190,20,@OllieL819,I am Very Proud Of you Beth ❤,0,Tottenham Hotspur Women
BETHANY ENGLAND // ROAD TO RECOVERY // EXCLUSIVE BEHIND-THE-SCENES DOCUMENTARY,514,17190,20,@donniep2785,🤔 *Promo sm*,0,Tottenham Hotspur Women
BETHANY ENGLAND // ROAD TO RECOVERY // EXCLUSIVE BEHIND-THE-SCENES DOCUMENTARY,514,17190,20,@kimludlow1238,Yes!!! Absolutely love Beth ❤,1,Tottenham Hotspur Women
BETHANY ENGLAND // ROAD TO RECOVERY // EXCLUSIVE BEHIND-THE-SCENES DOCUMENTARY,514,17190,20,@krlos-27,💪🏼,1,Tottenham Hotspur Women
BETHANY ENGLAND // ROAD TO RECOVERY // EXCLUSIVE BEHIND-THE-SCENES DOCUMENTARY,514,17190,20,@lycanoftheunderworldselene,True warrior ❤💪,1,Tottenham Hotspur Women
BETHANY ENGLAND // ROAD TO RECOVERY // EXCLUSIVE BEHIND-THE-SCENES DOCUMENTARY,514,17190,20,@chiarabozzarello8974,🤍🤍,0,Tottenham Hotspur Women
BETHANY ENGLAND // ROAD TO RECOVERY // EXCLUSIVE BEHIND-THE-SCENES DOCUMENTARY,514,17190,20,@jmurray2018,Love You Beth so good to see you throwing out shapes on the field again,1,Tottenham Hotspur Women
BETHANY ENGLAND // ROAD TO RECOVERY // EXCLUSIVE BEHIND-THE-SCENES DOCUMENTARY,514,17190,20,@adswar,Tottie copying their big daddy Arsenal again 😂 With their women ACL documentray,8,Tottenham Hotspur Women
BETHANY ENGLAND // ROAD TO RECOVERY // EXCLUSIVE BEHIND-THE-SCENES DOCUMENTARY,514,17190,20,@MartaComplex,Great feature -- really well done. Could easily watch a whole series like this!,2,Tottenham Hotspur Women
BETHANY ENGLAND // ROAD TO RECOVERY // EXCLUSIVE BEHIND-THE-SCENES DOCUMENTARY,514,17190,20,@mariewhite5481,So proud of Beth❤️👏,4,Tottenham Hotspur Women
BETHANY ENGLAND // ROAD TO RECOVERY // EXCLUSIVE BEHIND-THE-SCENES DOCUMENTARY,514,17190,20,@kqh123,Her last name is England??,2,Tottenham Hotspur Women
BETHANY ENGLAND // ROAD TO RECOVERY // EXCLUSIVE BEHIND-THE-SCENES DOCUMENTARY,514,17190,20,@KC.....,When did our captain get injured 😢,0,Tottenham Hotspur Women
BETHANY ENGLAND // ROAD TO RECOVERY // EXCLUSIVE BEHIND-THE-SCENES DOCUMENTARY,514,17190,20,@leeadler8401,"Glad that she is back. However she was pulled off at HT in the NLD. Was that just a precaution & her  to the team used as a easing in process, or did she take a knock ??",0,Tottenham Hotspur Women
BETHANY ENGLAND // ROAD TO RECOVERY // EXCLUSIVE BEHIND-THE-SCENES DOCUMENTARY,514,17190,20,@brazilianana,so glad to have her back 🤍,6,Tottenham Hotspur Women
BETHANY ENGLAND // ROAD TO RECOVERY // EXCLUSIVE BEHIND-THE-SCENES DOCUMENTARY,514,17190,20,@jasonwatkins947,So brave great to see beth back playing,16,Tottenham Hotspur Women
BETHANY ENGLAND // ROAD TO RECOVERY // EXCLUSIVE BEHIND-THE-SCENES DOCUMENTARY,514,17190,20,@Greengreyfrog,"love it!!! Well done Beth - shows how much mental fortitude you need, so impressive! COYS",10,Tottenham Hotspur Women
TOTTENHAM HOTSPUR WOMEN'S TEAM ON PLAYING ABROAD // HSBC x SPURS WOMEN,55,785,3,@MaraJor,"Lmao, Ramona highlighting ""people from Liverpool"" when talking about hearing other accents from the first time.",0,Tottenham Hotspur Women
TOTTENHAM HOTSPUR WOMEN'S TEAM ON PLAYING ABROAD // HSBC x SPURS WOMEN,55,785,3,@leoloper,Ellies German sounds a bit cute,0,Tottenham Hotspur Women
TOTTENHAM HOTSPUR WOMEN'S TEAM ON PLAYING ABROAD // HSBC x SPURS WOMEN,55,785,3,@jmurray2018,Love all our Tottenham ladies if I ever got to live abroad I like to try out that York shire desert you mentioned not sure about a roast dinner though ?,2,Tottenham Hotspur Women
MAKING HISTORY IN THE NORTH LONDON DERBY // MATCHDAY UNCUT // TOTTENHAM HOTSPUR 1-0 ARSENAL,323,10325,26,@jesi6486,i will never forget this day😍 COYS,0,Tottenham Hotspur Women
MAKING HISTORY IN THE NORTH LONDON DERBY // MATCHDAY UNCUT // TOTTENHAM HOTSPUR 1-0 ARSENAL,323,10325,26,@HsY-wz2xg,💙🤍,0,Tottenham Hotspur Women
MAKING HISTORY IN THE NORTH LONDON DERBY // MATCHDAY UNCUT // TOTTENHAM HOTSPUR 1-0 ARSENAL,323,10325,26,@wyattfamily8997,Does Ange have ANY involvement in the womens league team.?,0,Tottenham Hotspur Women
MAKING HISTORY IN THE NORTH LONDON DERBY // MATCHDAY UNCUT // TOTTENHAM HOTSPUR 1-0 ARSENAL,323,10325,26,@redmoon93,Good,0,Tottenham Hotspur Women
MAKING HISTORY IN THE NORTH LONDON DERBY // MATCHDAY UNCUT // TOTTENHAM HOTSPUR 1-0 ARSENAL,323,10325,26,@gideonofori2308,"Coach let the women control the game, short passes and movement because the WPL  is all about wing as attacking so how about changing our style.",1,Tottenham Hotspur Women
MAKING HISTORY IN THE NORTH LONDON DERBY // MATCHDAY UNCUT // TOTTENHAM HOTSPUR 1-0 ARSENAL,323,10325,26,@gideonofori2308,come on we need it. Thanks to Thomas like Kane,1,Tottenham Hotspur Women
MAKING HISTORY IN THE NORTH LONDON DERBY // MATCHDAY UNCUT // TOTTENHAM HOTSPUR 1-0 ARSENAL,323,10325,26,@ServingMyJesus,I am so glad that I was there to witness history.  Our first win over the Gooners as well as our first clean sheet against them.  Well done THFC women.  COYS!,1,Tottenham Hotspur Women
MAKING HISTORY IN THE NORTH LONDON DERBY // MATCHDAY UNCUT // TOTTENHAM HOTSPUR 1-0 ARSENAL,323,10325,26,@Greeny1308,That is a great team goal against a very good team. One of the few times we were successful in playing out from the back but the girls persisted and it paid off. COYS,0,Tottenham Hotspur Women
MAKING HISTORY IN THE NORTH LONDON DERBY // MATCHDAY UNCUT // TOTTENHAM HOTSPUR 1-0 ARSENAL,323,10325,26,@tobeagoodboy,"I think this match will be 3-0against Arsenal. But 1-0 , we couldn't happy coz a lot of chances one on one couldn't score and even goalkeeper came out free space and couldn't score.... I felt soooooo sad......... But I always be spurs fan❤❤❤❤",0,Tottenham Hotspur Women
MAKING HISTORY IN THE NORTH LONDON DERBY // MATCHDAY UNCUT // TOTTENHAM HOTSPUR 1-0 ARSENAL,323,10325,26,@neil_g78,The girls did us proud COYS,2,Tottenham Hotspur Women
MAKING HISTORY IN THE NORTH LONDON DERBY // MATCHDAY UNCUT // TOTTENHAM HOTSPUR 1-0 ARSENAL,323,10325,26,@aludrag,Brilliant #COYS,0,Tottenham Hotspur Women
MAKING HISTORY IN THE NORTH LONDON DERBY // MATCHDAY UNCUT // TOTTENHAM HOTSPUR 1-0 ARSENAL,323,10325,26,@barriemohammedlamin9599,Bartrip buzzing,1,Tottenham Hotspur Women
MAKING HISTORY IN THE NORTH LONDON DERBY // MATCHDAY UNCUT // TOTTENHAM HOTSPUR 1-0 ARSENAL,323,10325,26,@waterthecan,"this is clearly very well-made and good content, but the way youtube works, it really needs to be posted on the same channel as the men's. it makes sense for instagram to have different accounts but not for youtube. a video as cool as this on a day as historic as saturday's should not have so few views. (921 as i post this, 14 hours after the video was posted.)",20,Tottenham Hotspur Women
MAKING HISTORY IN THE NORTH LONDON DERBY // MATCHDAY UNCUT // TOTTENHAM HOTSPUR 1-0 ARSENAL,323,10325,26,@kind-hearted-thievesjoe1512,The gasp on Bizet at the beginning implies that she's never been to the stadium before which I find hard to believe. Surely the women's team have been invited to come and watch the men play before.,0,Tottenham Hotspur Women
MAKING HISTORY IN THE NORTH LONDON DERBY // MATCHDAY UNCUT // TOTTENHAM HOTSPUR 1-0 ARSENAL,323,10325,26,@nevejones,thank you Spurs! from Cfcw fans ! 🤍💙,0,Tottenham Hotspur Women
MAKING HISTORY IN THE NORTH LONDON DERBY // MATCHDAY UNCUT // TOTTENHAM HOTSPUR 1-0 ARSENAL,323,10325,26,@jocee569,Superb!,0,Tottenham Hotspur Women
MAKING HISTORY IN THE NORTH LONDON DERBY // MATCHDAY UNCUT // TOTTENHAM HOTSPUR 1-0 ARSENAL,323,10325,26,@lunazalt,amazing performance this was brilliant,0,Tottenham Hotspur Women
MAKING HISTORY IN THE NORTH LONDON DERBY // MATCHDAY UNCUT // TOTTENHAM HOTSPUR 1-0 ARSENAL,323,10325,26,@OlofLindholm,Glorious 💙🤍,0,Tottenham Hotspur Women
MAKING HISTORY IN THE NORTH LONDON DERBY // MATCHDAY UNCUT // TOTTENHAM HOTSPUR 1-0 ARSENAL,323,10325,26,@Greengreyfrog,love it more content like this please!!!,5,Tottenham Hotspur Women
MAKING HISTORY IN THE NORTH LONDON DERBY // MATCHDAY UNCUT // TOTTENHAM HOTSPUR 1-0 ARSENAL,323,10325,26,@tvgcmma9215,Coys 🤍 great goal and amazing how so much changed from end of last season womens team men’s team u21 u18s all playing beautiful  football,2,Tottenham Hotspur Women
MAKING HISTORY IN THE NORTH LONDON DERBY // MATCHDAY UNCUT // TOTTENHAM HOTSPUR 1-0 ARSENAL,323,10325,26,@Cheddarhead7,"Love it, hope we get these for all the games at the big stadium",10,Tottenham Hotspur Women
MAKING HISTORY IN THE NORTH LONDON DERBY // MATCHDAY UNCUT // TOTTENHAM HOTSPUR 1-0 ARSENAL,323,10325,26,@brazilianana,buzzing that the women's team is also getting a match day uncut! so so good 🤍 coyssss,18,Tottenham Hotspur Women
MAKING HISTORY IN THE NORTH LONDON DERBY // MATCHDAY UNCUT // TOTTENHAM HOTSPUR 1-0 ARSENAL,323,10325,26,@민성-p5n,Coys,1,Tottenham Hotspur Women
Martha Thomas reacts to her winning goal against Arsenal in the derby! 🔥,209,4526,4,@zethembemtho9065,Celin can really assist ❤,1,Tottenham Hotspur Women
Martha Thomas reacts to her winning goal against Arsenal in the derby! 🔥,209,4526,4,@leonieMoleka,😂😂😂😂😂 i went there😊,1,Tottenham Hotspur Women
Martha Thomas reacts to her winning goal against Arsenal in the derby! 🔥,209,4526,4,@QueenEllyMadders,Ash’s run 🏃‍♀️ brilliant too ti take the defender with her superb goal 🥅 team goal too brilliant,5,Tottenham Hotspur Women
HISTORIC NORTH LONDON DERBY WIN // TOTTENHAM HOTSPUR 1-0 ARSENAL // WSL HIGHLIGHTS,169,4750,12,@arbenvandeven,That last chance was a 100% goal.. No need to run just shoot!,0,Tottenham Hotspur Women
HISTORIC NORTH LONDON DERBY WIN // TOTTENHAM HOTSPUR 1-0 ARSENAL // WSL HIGHLIGHTS,169,4750,12,@谢荣-w9u,Thanks,0,Tottenham Hotspur Women
HISTORIC NORTH LONDON DERBY WIN // TOTTENHAM HOTSPUR 1-0 ARSENAL // WSL HIGHLIGHTS,169,4750,12,@snesleywipessqueegeeservices,Big up Lady Spurs Dem ❤️✌️💪😎🎄,0,Tottenham Hotspur Women
HISTORIC NORTH LONDON DERBY WIN // TOTTENHAM HOTSPUR 1-0 ARSENAL // WSL HIGHLIGHTS,169,4750,12,@gordon1882,Nice goal!,0,Tottenham Hotspur Women
HISTORIC NORTH LONDON DERBY WIN // TOTTENHAM HOTSPUR 1-0 ARSENAL // WSL HIGHLIGHTS,169,4750,12,@ChrisCowlin,Historic! 👏 #COYS,4,Tottenham Hotspur Women
HISTORIC NORTH LONDON DERBY WIN // TOTTENHAM HOTSPUR 1-0 ARSENAL // WSL HIGHLIGHTS,169,4750,12,@TheTiger_TheWolf,What a wonderful goal COYS 🤍💙,4,Tottenham Hotspur Women
HISTORIC NORTH LONDON DERBY WIN // TOTTENHAM HOTSPUR 1-0 ARSENAL // WSL HIGHLIGHTS,169,4750,12,@boosttrench,"Common you effin spurs 
Love you girls gave it your all 🤍",0,Tottenham Hotspur Women
HISTORIC NORTH LONDON DERBY WIN // TOTTENHAM HOTSPUR 1-0 ARSENAL // WSL HIGHLIGHTS,169,4750,12,@Cheddarhead7,Arsenal can HOLD,0,Tottenham Hotspur Women
HISTORIC NORTH LONDON DERBY WIN // TOTTENHAM HOTSPUR 1-0 ARSENAL // WSL HIGHLIGHTS,169,4750,12,@elmoreactsuk2299,COYS!,1,Tottenham Hotspur Women
HISTORIC NORTH LONDON DERBY WIN // TOTTENHAM HOTSPUR 1-0 ARSENAL // WSL HIGHLIGHTS,169,4750,12,@jocee569,COYS!,0,Tottenham Hotspur Women
WE ARE TOTTENHAM!,307,7238,22,@roxyfoxy9688,I was there!!!,0,Tottenham Hotspur Women
WE ARE TOTTENHAM!,307,7238,22,@Lionesses.fan_ofBethany,"Bethany say this is tottenham,tottenhams white f*cking come on.
That was so cute",0,Tottenham Hotspur Women
WE ARE TOTTENHAM!,307,7238,22,@jmurray2018,I am Tottenham !!!! (As in I am Sparta!),0,Tottenham Hotspur Women
WE ARE TOTTENHAM!,307,7238,22,@hotspursss,Unbelievable how little attention this account gets compared to the mens. You go girls x,2,Tottenham Hotspur Women
WE ARE TOTTENHAM!,307,7238,22,@IamIzzy2012,"as an arsenal fan, tottenham played better",3,Tottenham Hotspur Women
WE ARE TOTTENHAM!,307,7238,22,@Arsenalwfcforlife,North London will always be RED coyg,0,Tottenham Hotspur Women
WE ARE TOTTENHAM!,307,7238,22,@tavistockphoto,TOTTENHAM! IS THE BEST WE LOVE THEM! 1-0,2,Tottenham Hotspur Women
WE ARE TOTTENHAM!,307,7238,22,@sallahudinnizami7640,girl football is so bad,1,Tottenham Hotspur Women
WE ARE TOTTENHAM!,307,7238,22,@QueenEllyMadders,"As a former player I’m so proud of you all well bloody done damn right we beat Arsenal 1-0 yesssssss get innnnn 
Martha  Thomas ✊🙌🙌🙌🙌🙌🙌🙌🙌🙌✊",5,Tottenham Hotspur Women
WE ARE TOTTENHAM!,307,7238,22,@Bats-7,Well done ladies COYS 👊⚽️,2,Tottenham Hotspur Women
WE ARE TOTTENHAM!,307,7238,22,@unknownnnx17.sophie,Well done spurs.love u all spurs and ofc the captin bethany england,7,Tottenham Hotspur Women
WE ARE TOTTENHAM!,307,7238,22,@james.shk17,Women ☕️,0,Tottenham Hotspur Women
WE ARE TOTTENHAM!,307,7238,22,@Slowed.archive,WHAT DO WE THINK OF TOTTENHAM!?,1,Tottenham Hotspur Women
WE ARE TOTTENHAM!,307,7238,22,@RBSKE123,Wow the actual women’s team of tot only got 2 comments 😂,1,Tottenham Hotspur Women
WE ARE TOTTENHAM!,307,7238,22,@philp6851,Well played!  You did us proud!  WHOOOOOOOOO!,4,Tottenham Hotspur Women
WE ARE TOTTENHAM!,307,7238,22,@sophiamossacosta7870,Well done ladies!,5,Tottenham Hotspur Women
FOR THE BADGE 🤍,138,1609,4,@DarrellGregory,COYS,1,Tottenham Hotspur Women
FOR THE BADGE 🤍,138,1609,4,@lycanoftheunderworldselene,Ashley Neville for England,2,Tottenham Hotspur Women
FOR THE BADGE 🤍,138,1609,4,@unknownnnx17.sophie,Spurs is f**king alsome,2,Tottenham Hotspur Women
FOR THE BADGE 🤍,138,1609,4,@lukebattams5600,Tottenham till i die,5,Tottenham Hotspur Women
North London Derby loading ⏱️,100,803,3,@elmoreactsuk2299,We got the dub,2,Tottenham Hotspur Women
North London Derby loading ⏱️,100,803,3,@Gamevideos-l1r,2 likes 💀,0,Tottenham Hotspur Women
North London Derby loading ⏱️,100,803,3,@Kulusevski395,COYS,0,Tottenham Hotspur Women
ARSENAL 3-3 TOTTENHAM HOTSPUR // HIGHLIGHTS // DRAMATIC CONTI CUP DERBY,39,876,4,@oliviaeunji,잘했어요 👍🏻,0,Tottenham Hotspur Women
ARSENAL 3-3 TOTTENHAM HOTSPUR // HIGHLIGHTS // DRAMATIC CONTI CUP DERBY,39,876,4,@Cheddarhead7,Beautiful silence after our goals haha,1,Tottenham Hotspur Women
ARSENAL 3-3 TOTTENHAM HOTSPUR // HIGHLIGHTS // DRAMATIC CONTI CUP DERBY,39,876,4,@TheTiger_TheWolf,If we play like we did then tomorrow. Then will pick up the win and we have to keep their shots out of goal COYS 🤍💙,0,Tottenham Hotspur Women
ARSENAL 3-3 TOTTENHAM HOTSPUR // HIGHLIGHTS // DRAMATIC CONTI CUP DERBY,39,876,4,@kirstyf,That ball from Martha for the 2nd goal 👏🏼,1,Tottenham Hotspur Women
ALL SPURS WOMEN GOALS // TOTTENHAM HOTSPUR STADIUM,45,666,3,@arsenalwomen,🎉,0,Tottenham Hotspur Women
ALL SPURS WOMEN GOALS // TOTTENHAM HOTSPUR STADIUM,45,666,3,@KC.....,Yesterday I watched my first ever Live woman's match. The defeat was unfortunate but that's a W for women's sport right? I've never watched us live cause there was no way for me to watch it. I'm from South Africa. They usually show only replays. Yesterday was the first Live I saw of any woman's club level sport. I was happy to see my fav Beth tho. Better luck next time. Come on you Spurs!!,3,Tottenham Hotspur Women
ALL SPURS WOMEN GOALS // TOTTENHAM HOTSPUR STADIUM,45,666,3,@jesi6486,Bethany England what a star,1,Tottenham Hotspur Women
BEHIND THE SCENES AT SHUANG WANG'S SIGNING ✍️,122,1446,3,@gideonofori2308,welcome mate!,1,Tottenham Hotspur Women
BEHIND THE SCENES AT SHUANG WANG'S SIGNING ✍️,122,1446,3,@QueenEllyMadders,Welcome Wang Shaung im sure you’ll have a great career as we are a great club go forth and make the great things happen!!!!!!,0,Tottenham Hotspur Women
BEHIND THE SCENES AT SHUANG WANG'S SIGNING ✍️,122,1446,3,@WSL_goated,i wish her the best start at this great club,0,Tottenham Hotspur Women
WELCOME TO TOTTENHAM HOTSPUR SHUANG WANG // EXCLUSIVE FIRST INTERVIEW,105,3612,11,@Marabout75,Good baller when watching her for Racing Louisville✨,0,Tottenham Hotspur Women
WELCOME TO TOTTENHAM HOTSPUR SHUANG WANG // EXCLUSIVE FIRST INTERVIEW,105,3612,11,@Warriors..570,I saw her in world cup. Though china won only one match but I saw her played great and also her confidence was great. Good signing.,0,Tottenham Hotspur Women
WELCOME TO TOTTENHAM HOTSPUR SHUANG WANG // EXCLUSIVE FIRST INTERVIEW,105,3612,11,@jesi6486,Attacking midfielder is exactly what we needed,1,Tottenham Hotspur Women
WELCOME TO TOTTENHAM HOTSPUR SHUANG WANG // EXCLUSIVE FIRST INTERVIEW,105,3612,11,@DollarEuro_,At first I thought it was the men team,2,Tottenham Hotspur Women
WELCOME TO TOTTENHAM HOTSPUR SHUANG WANG // EXCLUSIVE FIRST INTERVIEW,105,3612,11,@aoh4905,thought it was a young future super star signing then realized it's a young chinese women lol.,2,Tottenham Hotspur Women
WELCOME TO TOTTENHAM HOTSPUR SHUANG WANG // EXCLUSIVE FIRST INTERVIEW,105,3612,11,@tomchen-d8n,"Because of Korea star Son, I ofter watched the game of Spur. Now our 2  Chinese women star join spur，good news!",4,Tottenham Hotspur Women
WELCOME TO TOTTENHAM HOTSPUR SHUANG WANG // EXCLUSIVE FIRST INTERVIEW,105,3612,11,@pump5991,Bench warmer,0,Tottenham Hotspur Women
WELCOME TO TOTTENHAM HOTSPUR SHUANG WANG // EXCLUSIVE FIRST INTERVIEW,105,3612,11,@MartaComplex,Good signing. She's been great for China. Excited to see how she does in the WSL.,5,Tottenham Hotspur Women
WELCOME TO TOTTENHAM HOTSPUR SHUANG WANG // EXCLUSIVE FIRST INTERVIEW,105,3612,11,@nathanmclaren3538,Who's that son sister daughter,0,Tottenham Hotspur Women
WELCOME TO TOTTENHAM HOTSPUR SHUANG WANG // EXCLUSIVE FIRST INTERVIEW,105,3612,11,@jmurray2018,Glad to have you here can’t wait to see you,3,Tottenham Hotspur Women
"NEW SIGNING - WELCOME TO SPURS, SHUANG WANG 👋",90,1656,9,@WSL_goated,Hope she can preform well,1,Tottenham Hotspur Women
"NEW SIGNING - WELCOME TO SPURS, SHUANG WANG 👋",90,1656,9,@GFC8LIN1,Class,1,Tottenham Hotspur Women
"NEW SIGNING - WELCOME TO SPURS, SHUANG WANG 👋",90,1656,9,@a-ordinary-gamer,that looks like a guy lol,2,Tottenham Hotspur Women
"Electric rondos, football drills and gym work | Training at Hotspur Way",66,762,2,@tvgcmma9215,Coys,0,Tottenham Hotspur Women
"Electric rondos, football drills and gym work | Training at Hotspur Way",66,762,2,@jesi6486,Cant wait for Beth to be back on the pitch!,0,Tottenham Hotspur Women
TOTTENHAM HOTSPUR 3-0 BRISTOL CITY // CONTI CUP HIGHLIGHTS // AYANE NETS BRACE,52,827,7,@For_Cruyff_Sake,Please have the next player with a brace do the Jess Fishlock winner winner chicken dinner celebration 😂,0,Tottenham Hotspur Women
TOTTENHAM HOTSPUR 3-0 BRISTOL CITY // CONTI CUP HIGHLIGHTS // AYANE NETS BRACE,52,827,7,@thabisosamsam6779,Please dont forget to post the 7 nil defeat you suffered at the hands of city,0,Tottenham Hotspur Women
TOTTENHAM HOTSPUR 3-0 BRISTOL CITY // CONTI CUP HIGHLIGHTS // AYANE NETS BRACE,52,827,7,@nicoles_handle,"great job team, can't wait to see y'all again!! 💙🤍 COYS",0,Tottenham Hotspur Women
TOTTENHAM HOTSPUR 3-0 BRISTOL CITY // CONTI CUP HIGHLIGHTS // AYANE NETS BRACE,52,827,7,@nicoles_handle,1:59 there it is 😂,1,Tottenham Hotspur Women
TOTTENHAM HOTSPUR 3-0 BRISTOL CITY // CONTI CUP HIGHLIGHTS // AYANE NETS BRACE,52,827,7,@anthonygonzalez2187,Lets go coys,0,Tottenham Hotspur Women
TOTTENHAM HOTSPUR 3-0 BRISTOL CITY // CONTI CUP HIGHLIGHTS // AYANE NETS BRACE,52,827,7,@TheTiger_TheWolf,What an outstanding performance and let's do the same today COYS 💙🤍,0,Tottenham Hotspur Women
TOTTENHAM HOTSPUR 3-0 BRISTOL CITY // CONTI CUP HIGHLIGHTS // AYANE NETS BRACE,52,827,7,@Olafbeefham,I'm falling in love with this team ❤ COYS ❤,1,Tottenham Hotspur Women
ENGLAND JOINS IN ON GRASS SESSION IN TOTTENHAM HOTSPUR TRAINING,76,1594,5,@franciscoarzaga4384,Thank you,1,Tottenham Hotspur Women
ENGLAND JOINS IN ON GRASS SESSION IN TOTTENHAM HOTSPUR TRAINING,76,1594,5,@boy-1018,Nice and bouncy💀?,0,Tottenham Hotspur Women
ENGLAND JOINS IN ON GRASS SESSION IN TOTTENHAM HOTSPUR TRAINING,76,1594,5,@alyssarachelle9935,BETHANYYYYYYY,2,Tottenham Hotspur Women
ENGLAND JOINS IN ON GRASS SESSION IN TOTTENHAM HOTSPUR TRAINING,76,1594,5,@nicoles_handle,WE ARE SO BACK,2,Tottenham Hotspur Women
ENGLAND JOINS IN ON GRASS SESSION IN TOTTENHAM HOTSPUR TRAINING,76,1594,5,@TheTiger_TheWolf,It's great to see England back in training sessions and I can't wait to see what the awesome combo of Thomas and England on the pitch COYS 🤍💙,4,Tottenham Hotspur Women
ROBERT VILAHAMN PRESS CONFERENCE // MANCHESTER CITY V TOTTENHAM HOTSPUR,22,309,1,@TheTiger_TheWolf,A huge game coming up but if we played like we did against Bristol City and keep the cleansheet then will be an incredible achievement and we can do this especially Robert helping to guide this team of great quality players COYS 🤍💙,2,Tottenham Hotspur Women
THE NORTH LONDON DERBY,119,1172,8,@holliehorner4281,It was amazing ty MT17,0,Tottenham Hotspur Women
THE NORTH LONDON DERBY,119,1172,8,@Ert124-mf5ss,UP THE SPURS ❤❤❤❤,1,Tottenham Hotspur Women
THE NORTH LONDON DERBY,119,1172,8,@Lionesses.fan_ofBethany,Love them so much,1,Tottenham Hotspur Women
THE NORTH LONDON DERBY,119,1172,8,@FW7-edit,NORTH LONDON IS WHITE! COYS!,0,Tottenham Hotspur Women
THE NORTH LONDON DERBY,119,1172,8,@22379wc,I want to come but I'm on the other side of the world 😢 I've been to the tottenham hotspur stadium before though. COYSSSSS,3,Tottenham Hotspur Women
THE NORTH LONDON DERBY,119,1172,8,@lunakim1021,SPURSSS❤,1,Tottenham Hotspur Women
THE NORTH LONDON DERBY,119,1172,8,@lycanoftheunderworldselene,So want to be there but unfortunately I am working.Totally gutted.,1,Tottenham Hotspur Women
PLAYER TAKEOVER // EVELIINA SUMMANEN // CO-COMMS,75,1088,7,@sinyilam5469,She is really good at this! So Fun to watch! Should host more show 😍,3,Tottenham Hotspur Women
PLAYER TAKEOVER // EVELIINA SUMMANEN // CO-COMMS,75,1088,7,@alyssarachelle9935,"talented, brilliant, incredible, amazing, show stopping, spectacular, never the same, totally unique, completely not ever been done before, unafraid to reference or not reference, put it in a blender, vomit on it, eat it, give birth to it",4,Tottenham Hotspur Women
PLAYER TAKEOVER // EVELIINA SUMMANEN // CO-COMMS,75,1088,7,@TheTiger_TheWolf,I absolutely love that and she's so funny,5,Tottenham Hotspur Women
PLAYER TAKEOVER // EVELIINA SUMMANEN // CO-COMMS,75,1088,7,@Cheddarhead7,The best COYS I've ever heard!,5,Tottenham Hotspur Women
PLAYER TAKEOVER // EVELIINA SUMMANEN // CO-COMMS,75,1088,7,@nicoles_handle,our team is just full on chaos you gotta love it,5,Tottenham Hotspur Women
PLAYER TAKEOVER // EVELIINA SUMMANEN // CO-COMMS,75,1088,7,@brazilianana,that was so cute! would love to see more like this from the girls 🤍,5,Tottenham Hotspur Women
PLAYER TAKEOVER // EVELIINA SUMMANEN // CO-COMMS,75,1088,7,@georgiebracey6595,this is funnier than it should be 😂,9,Tottenham Hotspur Women
THE GOALS - AYANE + GRAHAM // CONTI CUP // SPURS 3-0 BRISTOL CITY,81,1360,1,@fez6501,"By the way anyone who makes the argument the women get paid less there are 2 proofs here as to why. 1 the sport is slower, less skilled and boring compared to men's. 2 look the the seats in the stadium is empty they had add the celebration sounds in. There is no crowd womens football isn't supported by women. Where are they ??",0,Tottenham Hotspur Women
"ROBERT VILAHAMN // TOTTENHAM HOTSPUR // ""I LIKE THE MENTALITY IN THE GROUP""",33,340,2,@nicoles_handle,"love hearing this from robert. we're definitely making improvements on an overall basis, and our team definitely has a raising of expectations as well.",1,Tottenham Hotspur Women
"ROBERT VILAHAMN // TOTTENHAM HOTSPUR // ""I LIKE THE MENTALITY IN THE GROUP""",33,340,2,@TheTiger_TheWolf,In Robert we believe as he has changed this team around and made this squad of quality player in something the fans and the club can get behind 🤍💙,2,Tottenham Hotspur Women
LEICESTER CITY 1-1 TOTTENHAM HOTSPUR // WSL HIGHLIGHTS // BIZET FIRES GOALWARD,35,1261,2,@nicoles_handle,"yeah its mainly being clinical, beth is gonna show us levels when she comes back. but glad to see more players on the scoring sheet!",1,Tottenham Hotspur Women
LEICESTER CITY 1-1 TOTTENHAM HOTSPUR // WSL HIGHLIGHTS // BIZET FIRES GOALWARD,35,1261,2,@TheTiger_TheWolf,"Those 3 shots on goal under 20 seconds were incredible, I can't wait for our next game COYS 🤍💙",3,Tottenham Hotspur Women
EVELIINA SUMMANEN // NEW CONTRACT WITH TOTTENHAM HOTSPUR,52,619,4,@nicoles_handle,stay w us forever 🥳,0,Tottenham Hotspur Women
EVELIINA SUMMANEN // NEW CONTRACT WITH TOTTENHAM HOTSPUR,52,619,4,@jesi6486,She’s staying 😍🤍💙🤍💙!,1,Tottenham Hotspur Women
EVELIINA SUMMANEN // NEW CONTRACT WITH TOTTENHAM HOTSPUR,52,619,4,@LeeGloverzas,"Great to see one of our top players committed to the cause and put us in all forms of our great historical club , who are finally living back on our Moto
AUDRE EST FACRÉ",1,Tottenham Hotspur Women
EVELIINA SUMMANEN // NEW CONTRACT WITH TOTTENHAM HOTSPUR,52,619,4,@lilly_2833,"Such good news! Top player, her and olgas chemistry together is amazing, wishing olga a speedy recovery aswell 💕",4,Tottenham Hotspur Women
THE DEBRIEF // CELIN BIZET TALKS THROUGH HER WONDER RUN & GOAL,52,1518,5,@RespecTheLevYT,Bizet is a true baller! Best mid-table player ngl,1,Tottenham Hotspur Women
THE DEBRIEF // CELIN BIZET TALKS THROUGH HER WONDER RUN & GOAL,52,1518,5,@For_Cruyff_Sake,"These are awesome, would love to see more goal talk throughs 😊",0,Tottenham Hotspur Women
THE DEBRIEF // CELIN BIZET TALKS THROUGH HER WONDER RUN & GOAL,52,1518,5,@nicoles_handle,"congrats celin, best goal and best celebration 😂",0,Tottenham Hotspur Women
THE DEBRIEF // CELIN BIZET TALKS THROUGH HER WONDER RUN & GOAL,52,1518,5,@jesi6486,"That match should not have been a draw but happy for Celins goal, what a run👏🏾🔥",1,Tottenham Hotspur Women
THE DEBRIEF // CELIN BIZET TALKS THROUGH HER WONDER RUN & GOAL,52,1518,5,@MartaComplex,This was such a good solo goal. Brilliant strength and there's nothing like a fast break. Liverpool looked stunned!,4,Tottenham Hotspur Women
TOTTENHAM HOTSPUR TRAINING AHEAD OF LEICESTER CITY CLASH,66,1168,9,@jesi6486,"Really hope we get a win this time after the last two draw matches, also hope Ayane, Ellie and Barbora get to start! Coys🤍💙🤍💙",1,Tottenham Hotspur Women
TOTTENHAM HOTSPUR TRAINING AHEAD OF LEICESTER CITY CLASH,66,1168,9,@jesi6486,WSL not ready for when Beth comes back 😍,1,Tottenham Hotspur Women
TOTTENHAM HOTSPUR TRAINING AHEAD OF LEICESTER CITY CLASH,66,1168,9,@MartaComplex,"Spurs doing so well this season -- like looking at a completely different side. Hoping for a win against Leicester, who will be low in confidence after that disastrous second-half capitulation against Arsenal.",4,Tottenham Hotspur Women
TOTTENHAM HOTSPUR TRAINING AHEAD OF LEICESTER CITY CLASH,66,1168,9,@oomjigim,"Can anyone tell me who that is at 0:55,  I'm still learning the members of the squad",1,Tottenham Hotspur Women
TOTTENHAM HOTSPUR TRAINING AHEAD OF LEICESTER CITY CLASH,66,1168,9,@lukebattams5600,The Joy's of being a spurs fan from Leicestershire come on you spurs,6,Tottenham Hotspur Women
TOTTENHAM HOTSPUR 1-1 LIVERPOOL // WSL HIGHLIGHTS // BIZET'S SUPER SOLO GOAL,46,1526,2,@lycanoftheunderworldselene,We should've been more clinical in front of goal.The goals will come when Beth returns.,1,Tottenham Hotspur Women
TOTTENHAM HOTSPUR 1-1 LIVERPOOL // WSL HIGHLIGHTS // BIZET'S SUPER SOLO GOAL,46,1526,2,@Marabout75,💚💛❤️Celine...COYSW 🐓🇲🇺N15,0,Tottenham Hotspur Women
TOTTENHAM HOTSPUR WOMEN TAKE ON FORFEIT EA FC24!,180,5101,6,@jesi6486,"Need Celin, Grace, Ash and Barbora next 😍🙌🏾",1,Tottenham Hotspur Women
TOTTENHAM HOTSPUR WOMEN TAKE ON FORFEIT EA FC24!,180,5101,6,@jesi6486,Love this team sm!🤍💙🤍💙,1,Tottenham Hotspur Women
TOTTENHAM HOTSPUR WOMEN TAKE ON FORFEIT EA FC24!,180,5101,6,@MartaComplex,This was really fun to watch. For me the format works so much better without a presenter.,6,Tottenham Hotspur Women
TOTTENHAM HOTSPUR WOMEN TAKE ON FORFEIT EA FC24!,180,5101,6,@Olafbeefham,COYS!!,2,Tottenham Hotspur Women
TOTTENHAM HOTSPUR WOMEN TAKE ON FORFEIT EA FC24!,180,5101,6,@etowngti,Love it 😂 COYS!,3,Tottenham Hotspur Women
TOTTENHAM HOTSPUR WOMEN TAKE ON FORFEIT EA FC24!,180,5101,6,@jomexboy5585,I love this 😅,4,Tottenham Hotspur Women
TOTTENHAM HOTSPUR TRAINING AHEAD OF LIVERPOOL CLASH!,75,1043,2,@oshea03,Constant camera movement is dizzying mate,0,Tottenham Hotspur Women
TOTTENHAM HOTSPUR TRAINING AHEAD OF LIVERPOOL CLASH!,75,1043,2,@kurbiey0,Lets GET IT!,0,Tottenham Hotspur Women
TOTTENHAM HOTSPUR 1-1 EVERTON // WSL HIGHLIGHTS,59,1551,4,@jesi6486,"This match was so disappointing, idk how we couldn’t hold on for a bit longer 😢",0,Tottenham Hotspur Women
TOTTENHAM HOTSPUR 1-1 EVERTON // WSL HIGHLIGHTS,59,1551,4,@planeofrealmsofficial8410,🤍💯still dont care our ladies are the ones ups and downs 🤍💜,1,Tottenham Hotspur Women
TOTTENHAM HOTSPUR 1-1 EVERTON // WSL HIGHLIGHTS,59,1551,4,@FLIGHTSUMO,Lacked composure and quality in the box,1,Tottenham Hotspur Women
TOTTENHAM HOTSPUR 1-1 EVERTON // WSL HIGHLIGHTS,59,1551,4,@kurbiey0,"Dang, just needed to keep composure in the box in the last moments there, no need for the push in the back when your teammate is coming to cut her off. But good game, we'll win the next one.",2,Tottenham Hotspur Women
Celin on the chant that Spurs fans sing for her #CelineDion,106,2130,1,@CharlotteBeveridge-lv3ch,Slay,2,Tottenham Hotspur Women
October POTM Martha Thomas WSL Goals,39,471,4,@jesi6486,Best striker in the WSL atm 🔥,0,Tottenham Hotspur Women
October POTM Martha Thomas WSL Goals,39,471,4,@planeofrealmsofficial8410,💜🤍On fire 💯🔥👌🏾,0,Tottenham Hotspur Women
October POTM Martha Thomas WSL Goals,39,471,4,@AJfromthePOD_online,"Wow, we need cover for sonny in the mens teams if you're available 😅",1,Tottenham Hotspur Women
October POTM Martha Thomas WSL Goals,39,471,4,@Yukooo108,What a player! The men and womens team has been so exciting to watch this year! COYS,0,Tottenham Hotspur Women
Watch out... Kit's about 👻,118,1961,4,@Veryregularshow,"Nah, the last five ladies she tried to scare got steel in their veins.",0,Tottenham Hotspur Women
Watch out... Kit's about 👻,118,1961,4,@planeofrealmsofficial8410,💜🤍💯,0,Tottenham Hotspur Women
Watch out... Kit's about 👻,118,1961,4,@tevinhimselff,😂😂🇯🇲,1,Tottenham Hotspur Women
Watch out... Kit's about 👻,118,1961,4,@atlantixzfn,😮,0,Tottenham Hotspur Women
Our 4-2 victory over Aston Villa,118,1035,5,@atlantixzfn,😊😊😊 Come on you spurs !!!,1,Tottenham Hotspur Women
Our 4-2 victory over Aston Villa,118,1035,5,@planeofrealmsofficial8410,Levels 🤍💜keep up the hulk smash #COYS 🤍💜,0,Tottenham Hotspur Women
Our 4-2 victory over Aston Villa,118,1035,5,@snkyYT_TikTok,YES SPURS!!!! BOTH MEN AND WOMEN ARE SOOOOOOO GOOD!!!!!! ❤❤❤❤❤❤❤,1,Tottenham Hotspur Women
Our 4-2 victory over Aston Villa,118,1035,5,@Merrylegz,COME ON YOU SPURS!!,1,Tottenham Hotspur Women
Our 4-2 victory over Aston Villa,118,1035,5,@lunakim1021,❤,0,Tottenham Hotspur Women
ASTON VILLA 2-4 TOTTENHAM HOTSPUR // WSL HIGHLIGHTS // MARTHA THOMAS HAT-TRICK,135,2311,11,@jesi6486,We are here to stay and be beyond great! COME ON YOU SPURSSSS🤍💙,0,Tottenham Hotspur Women
ASTON VILLA 2-4 TOTTENHAM HOTSPUR // WSL HIGHLIGHTS // MARTHA THOMAS HAT-TRICK,135,2311,11,@planeofrealmsofficial8410,This season our ladies Boss mode 🤍💜💯COYs Thomas at it again madness !!! Well done 🎉,1,Tottenham Hotspur Women
ASTON VILLA 2-4 TOTTENHAM HOTSPUR // WSL HIGHLIGHTS // MARTHA THOMAS HAT-TRICK,135,2311,11,@palmquac,That was an outstanding hat trick by Martha Thomas. COYS!,0,Tottenham Hotspur Women
ASTON VILLA 2-4 TOTTENHAM HOTSPUR // WSL HIGHLIGHTS // MARTHA THOMAS HAT-TRICK,135,2311,11,@ziayris,Martha Thomas - signing of the season 🤩,0,Tottenham Hotspur Women
ASTON VILLA 2-4 TOTTENHAM HOTSPUR // WSL HIGHLIGHTS // MARTHA THOMAS HAT-TRICK,135,2311,11,@lilly_2833,COYS! Martha you star 🌟,1,Tottenham Hotspur Women
ASTON VILLA 2-4 TOTTENHAM HOTSPUR // WSL HIGHLIGHTS // MARTHA THOMAS HAT-TRICK,135,2311,11,@Marabout75,✨COYSW🐓N15🇲🇺,2,Tottenham Hotspur Women
ASTON VILLA 2-4 TOTTENHAM HOTSPUR // WSL HIGHLIGHTS // MARTHA THOMAS HAT-TRICK,135,2311,11,@Ameer_BC,COYS,2,Tottenham Hotspur Women
ASTON VILLA 2-4 TOTTENHAM HOTSPUR // WSL HIGHLIGHTS // MARTHA THOMAS HAT-TRICK,135,2311,11,@KC.....,Our ladies are perform. The long range was pretty good tho not gonna lie.,2,Tottenham Hotspur Women
ASTON VILLA 2-4 TOTTENHAM HOTSPUR // WSL HIGHLIGHTS // MARTHA THOMAS HAT-TRICK,135,2311,11,@DarrellGregory,I hope that little girl 0:39 got Martha Thomas' autograph (at least),4,Tottenham Hotspur Women
ASTON VILLA 2-4 TOTTENHAM HOTSPUR // WSL HIGHLIGHTS // MARTHA THOMAS HAT-TRICK,135,2311,11,@TheTiger_TheWolf,This team has something to prove this season COYS 🤍💙,6,Tottenham Hotspur Women
ASTON VILLA 2-4 TOTTENHAM HOTSPUR // WSL HIGHLIGHTS // MARTHA THOMAS HAT-TRICK,135,2311,11,@Shellox14,GLORY GLORY...🎉,5,Tottenham Hotspur Women
BRIGHTON 1-3 TOTTENHAM HOTSPUR // WSL HIGHLIGHTS,146,2770,15,@kurbiey0,"I think it's not cool that there's a Tottenham Hotspur and  Tottenham Hotspur Women youtube page. I wanna support SPURS, I don't care if it's the men's or women's team!",2,Tottenham Hotspur Women
BRIGHTON 1-3 TOTTENHAM HOTSPUR // WSL HIGHLIGHTS,146,2770,15,@naufaldegea,Tottenham men n women are incredible in this season,0,Tottenham Hotspur Women
BRIGHTON 1-3 TOTTENHAM HOTSPUR // WSL HIGHLIGHTS,146,2770,15,@edsoncl5782,What a shot by grace,2,Tottenham Hotspur Women
BRIGHTON 1-3 TOTTENHAM HOTSPUR // WSL HIGHLIGHTS,146,2770,15,@jesi6486,"Absolutely proud of the girls! 😭 The progress under Vilahamn is amazing, I hope our women’s team gets to play in the champions league one day!And win many great things. I hope the support increase’s as-well,  the more we get in the top places and keep this momentum up! hopefully🤍💙🤍 Come on you Spurs!!!🙌🏾👊🏾  Fighting!",2,Tottenham Hotspur Women
BRIGHTON 1-3 TOTTENHAM HOTSPUR // WSL HIGHLIGHTS,146,2770,15,@Marabout75,✨COYSW🐓N15🇲🇺,1,Tottenham Hotspur Women
BRIGHTON 1-3 TOTTENHAM HOTSPUR // WSL HIGHLIGHTS,146,2770,15,@soflowaveboy,They play the same electric system that Ange brought in! GREAT WIN!,2,Tottenham Hotspur Women
BRIGHTON 1-3 TOTTENHAM HOTSPUR // WSL HIGHLIGHTS,146,2770,15,@planeofrealmsofficial8410,And this Tottenham team straight on it 🤍💯👑,1,Tottenham Hotspur Women
BRIGHTON 1-3 TOTTENHAM HOTSPUR // WSL HIGHLIGHTS,146,2770,15,@planeofrealmsofficial8410,🤍💯Well Done again smashing it !!! Those stands need to get filled 🤍💜,1,Tottenham Hotspur Women
BRIGHTON 1-3 TOTTENHAM HOTSPUR // WSL HIGHLIGHTS,146,2770,15,@GabbyDario,So good! Let's go ladies!!,3,Tottenham Hotspur Women
BRIGHTON 1-3 TOTTENHAM HOTSPUR // WSL HIGHLIGHTS,146,2770,15,@oshea03,Totts kit colors are 🤢,0,Tottenham Hotspur Women
BRIGHTON 1-3 TOTTENHAM HOTSPUR // WSL HIGHLIGHTS,146,2770,15,@Veryregularshow,The women dominating just like the men.,7,Tottenham Hotspur Women
BRIGHTON 1-3 TOTTENHAM HOTSPUR // WSL HIGHLIGHTS,146,2770,15,@TheTiger_TheWolf,"I'm so proud of theses ladies, their hardwork and determination paid off with another 3 points COYS 🤍💙",10,Tottenham Hotspur Women
BRIGHTON 1-3 TOTTENHAM HOTSPUR // WSL HIGHLIGHTS,146,2770,15,@KC.....,Where is the 6-1 win. We wanna see that one,5,Tottenham Hotspur Women
TOTTENHAM HOTSPUR 3-1 BRISTOL CITY // WSL HIGHLIGHTS,156,3770,16,@zimmo6008,Please will you do the same to Arsenal. It would be great to see that after playing Arsenal they are the ones leaving the field pulling up their panties for once.  Come on you Tottenham angels. A victory is well over due and deserved.,0,Tottenham Hotspur Women
TOTTENHAM HOTSPUR 3-1 BRISTOL CITY // WSL HIGHLIGHTS,156,3770,16,@jesi6486,COYSS🫶🏾🤍💙🤍💙,0,Tottenham Hotspur Women
TOTTENHAM HOTSPUR 3-1 BRISTOL CITY // WSL HIGHLIGHTS,156,3770,16,@jesi6486,Absolutely beautiful to watch this team progress under Vilahamn 🙌🏾🔥🤍💙🤍💙,2,Tottenham Hotspur Women
TOTTENHAM HOTSPUR 3-1 BRISTOL CITY // WSL HIGHLIGHTS,156,3770,16,@edsoncl5782,That freekick tho,3,Tottenham Hotspur Women
TOTTENHAM HOTSPUR 3-1 BRISTOL CITY // WSL HIGHLIGHTS,156,3770,16,@jsgarage2895,Thomas is a great signing,0,Tottenham Hotspur Women
TOTTENHAM HOTSPUR 3-1 BRISTOL CITY // WSL HIGHLIGHTS,156,3770,16,@mokuakaleb,the game was impressive,1,Tottenham Hotspur Women
TOTTENHAM HOTSPUR 3-1 BRISTOL CITY // WSL HIGHLIGHTS,156,3770,16,@johnysempoi,well done! COYS,0,Tottenham Hotspur Women
TOTTENHAM HOTSPUR 3-1 BRISTOL CITY // WSL HIGHLIGHTS,156,3770,16,@planeofrealmsofficial8410,Well done nothing less win or lose or win lol hulk smash 🤍🙌🏾💯,0,Tottenham Hotspur Women
TOTTENHAM HOTSPUR 3-1 BRISTOL CITY // WSL HIGHLIGHTS,156,3770,16,@chuckbubbs,I can't believe there was a goalkeeping error.,0,Tottenham Hotspur Women
TOTTENHAM HOTSPUR 3-1 BRISTOL CITY // WSL HIGHLIGHTS,156,3770,16,@greenonion11,Mahtavaa Olga & Eve :),3,Tottenham Hotspur Women
TOTTENHAM HOTSPUR 3-1 BRISTOL CITY // WSL HIGHLIGHTS,156,3770,16,@Marabout75,✨💚💛❤️COYSW🐓🇲🇺N15,0,Tottenham Hotspur Women
TOTTENHAM HOTSPUR 3-1 BRISTOL CITY // WSL HIGHLIGHTS,156,3770,16,@anthonygonzalez2187,"What a goal 
(the fiest one )",0,Tottenham Hotspur Women
TOTTENHAM HOTSPUR 3-1 BRISTOL CITY // WSL HIGHLIGHTS,156,3770,16,@anthonygonzalez2187,Coys,0,Tottenham Hotspur Women
TOTTENHAM HOTSPUR 3-1 BRISTOL CITY // WSL HIGHLIGHTS,156,3770,16,@TheTiger_TheWolf,What an excellent performance and two outstanding goals and Thomas closing down the goalkeeper to score the 2nd goal was clever and showed how she can react when it's necessary 🤍💙,3,Tottenham Hotspur Women
TOTTENHAM HOTSPUR 3-1 BRISTOL CITY // WSL HIGHLIGHTS,156,3770,16,@jomexboy5585,Good game massive improvement,5,Tottenham Hotspur Women
TOTTENHAM HOTSPUR WOMEN TRAIN AHEAD OF BRISTOL CITY CLASH,99,2174,5,@StickAroundBennett,COYS!,0,Tottenham Hotspur Women
TOTTENHAM HOTSPUR WOMEN TRAIN AHEAD OF BRISTOL CITY CLASH,99,2174,5,@michaelcarter983,Brilliant start to the season girls coys!!,2,Tottenham Hotspur Women
TOTTENHAM HOTSPUR WOMEN TRAIN AHEAD OF BRISTOL CITY CLASH,99,2174,5,@shariefblacking8177,COYSW💪💪,6,Tottenham Hotspur Women
TOTTENHAM HOTSPUR WOMEN TRAIN AHEAD OF BRISTOL CITY CLASH,99,2174,5,@leonrogers8568,"Come on, Tottenham! Let's get all three points! Come on! I know training's hard but you are all strong, Tottenham Hotspur! ❤❤❤❤❤❤❤",7,Tottenham Hotspur Women
TOTTENHAM HOTSPUR WOMEN TRAIN AHEAD OF BRISTOL CITY CLASH,99,2174,5,@tottenhamhotspurfp,Last game against Chelsea was dissapionting. Hopefully we grab all  3 points at Bristol.  COYS 🤍,7,Tottenham Hotspur Women
This is just the start of our journey ⚽️,114,1377,9,@Matteblak,Great boss!,0,Tottenham Hotspur Women
This is just the start of our journey ⚽️,114,1377,9,@cedarmeng6222,To dare is to do!,1,Tottenham Hotspur Women
This is just the start of our journey ⚽️,114,1377,9,@planeofrealmsofficial8410,Late late but women are mashing it right now 🤍🙌🏾🦉💯,2,Tottenham Hotspur Women
This is just the start of our journey ⚽️,114,1377,9,@lunakim1021,🤍,0,Tottenham Hotspur Women
This is just the start of our journey ⚽️,114,1377,9,@justforsneakz,COYS,0,Tottenham Hotspur Women
This is just the start of our journey ⚽️,114,1377,9,@joelthegrim,Let's go COYS🎉🎉🎉🎉,1,Tottenham Hotspur Women
This is just the start of our journey ⚽️,114,1377,9,@planeofrealmsofficial8410,🤍💯,0,Tottenham Hotspur Women
This is just the start of our journey ⚽️,114,1377,9,@AquaCOYS,We can do it! COYS!,1,Tottenham Hotspur Women
This is just the start of our journey ⚽️,114,1377,9,@masonplayz5206,first,0,Tottenham Hotspur Women
BRILLIANT angle of Martha Thomas goal against Chelsea,126,2585,3,@lunakim1021,❤,0,Tottenham Hotspur Women
BRILLIANT angle of Martha Thomas goal against Chelsea,126,2585,3,@Spazzy_man,May of lost but you are still great😊😊,3,Tottenham Hotspur Women
CHELSEA 2-1 TOTTENHAM HOTSPUR // WSL HIGHLIGHTS,89,2935,9,@jesi6486,"Very tough start, new players and coach not easy but very good start. When Beth comes back we will be better. 3pts against Bristol next week;) COYSSS",1,Tottenham Hotspur Women
CHELSEA 2-1 TOTTENHAM HOTSPUR // WSL HIGHLIGHTS,89,2935,9,@Mikolargest,Why do they play so slowly,0,Tottenham Hotspur Women
CHELSEA 2-1 TOTTENHAM HOTSPUR // WSL HIGHLIGHTS,89,2935,9,@mokuakaleb,"we did well  for our first game , now we focus on the next match",1,Tottenham Hotspur Women
CHELSEA 2-1 TOTTENHAM HOTSPUR // WSL HIGHLIGHTS,89,2935,9,@lilbruv4063,I’m starting to enjoy woman’s league a bit more,2,Tottenham Hotspur Women
CHELSEA 2-1 TOTTENHAM HOTSPUR // WSL HIGHLIGHTS,89,2935,9,@lycanoftheunderworldselene,"When Beth comes back and partners Thomas up front, the goals will flow.",5,Tottenham Hotspur Women
CHELSEA 2-1 TOTTENHAM HOTSPUR // WSL HIGHLIGHTS,89,2935,9,@Marabout75,"Did better than I expected,got structure with positional play, passing etc with new coach and players...
✨💚💛❤️COYSW🐓N15🇲🇺",3,Tottenham Hotspur Women
CHELSEA 2-1 TOTTENHAM HOTSPUR // WSL HIGHLIGHTS,89,2935,9,@TheTiger_TheWolf,"They played incredible and showed so much potential, Thomas have the aware of all to follow up on their goalkeeper mistake to give us the goal shows us what kinda player she is and onto the next game next Sunday COYS 🤍💙",1,Tottenham Hotspur Women
CHELSEA 2-1 TOTTENHAM HOTSPUR // WSL HIGHLIGHTS,89,2935,9,@turbomovie5491,Good fight keep it up,1,Tottenham Hotspur Women
CHELSEA 2-1 TOTTENHAM HOTSPUR // WSL HIGHLIGHTS,89,2935,9,@planeofrealmsofficial8410,Well done Thomas and we love you all 🤍COYs,1,Tottenham Hotspur Women
TOTTENHAM HOTSPUR WOMEN REACT TO THEIR EAFC 24 RATINGS!,283,10005,12,@Matteblak,Grace got robbed. That score is so low for her.,0,Tottenham Hotspur Women
TOTTENHAM HOTSPUR WOMEN REACT TO THEIR EAFC 24 RATINGS!,283,10005,12,@Matteblak,"I really like Bob Vilahamn. As a manager, he brings a lot of enthusiasm that many managers lack in a league that is in need of good leadership.",0,Tottenham Hotspur Women
TOTTENHAM HOTSPUR WOMEN REACT TO THEIR EAFC 24 RATINGS!,283,10005,12,@trappinaintdeadyourjustsca5506,Bizet a baller,0,Tottenham Hotspur Women
TOTTENHAM HOTSPUR WOMEN REACT TO THEIR EAFC 24 RATINGS!,283,10005,12,@OllieintoKickflip,🥹 they seem so nice I wish everyone got the card they wanted,1,Tottenham Hotspur Women
TOTTENHAM HOTSPUR WOMEN REACT TO THEIR EAFC 24 RATINGS!,283,10005,12,@RMN671,Too high,0,Tottenham Hotspur Women
TOTTENHAM HOTSPUR WOMEN REACT TO THEIR EAFC 24 RATINGS!,283,10005,12,@Veryregularshow,EA will never get footballers ratings right.,6,Tottenham Hotspur Women
TOTTENHAM HOTSPUR WOMEN REACT TO THEIR EAFC 24 RATINGS!,283,10005,12,@ziayris,celin's reaction lol. tbf i think all forwards find their defending stats ridiculous 🤣,3,Tottenham Hotspur Women
TOTTENHAM HOTSPUR WOMEN REACT TO THEIR EAFC 24 RATINGS!,283,10005,12,@lycanoftheunderworldselene,"Definitely got those ratings wrong.
I think this is going to be a breakthrough season for our ladies.I'm predicting top 5 finish at least with a trophy as well.",9,Tottenham Hotspur Women
TOTTENHAM HOTSPUR WOMEN REACT TO THEIR EAFC 24 RATINGS!,283,10005,12,@jesi6486,Celin is so full of energy lol I love herrr😂🤍💙,4,Tottenham Hotspur Women
TOTTENHAM HOTSPUR WOMEN REACT TO THEIR EAFC 24 RATINGS!,283,10005,12,@turbomovie5491,Our girls coys coys,11,Tottenham Hotspur Women
TOTTENHAM HOTSPUR WOMEN REACT TO THEIR EAFC 24 RATINGS!,283,10005,12,@AJfromthePOD_online,COYS 🤍,1,Tottenham Hotspur Women
TOTTENHAM HOTSPUR WOMEN REACT TO THEIR EAFC 24 RATINGS!,283,10005,12,@Commando23414221998,I was wondering if we’d get this video!,5,Tottenham Hotspur Women
SPURS WOMEN PREPARE FOR WSL OPENER // CHELSEA V TOTTENHAM HOTSPUR,131,3004,22,@nicoles_handle,"omg i haven't been keeping up with the channel, catching up on everything now!!",0,Tottenham Hotspur Women
SPURS WOMEN PREPARE FOR WSL OPENER // CHELSEA V TOTTENHAM HOTSPUR,131,3004,22,@Veryregularshow,Spurs having one of the best training facilities in the country isn't been talked enough about.,1,Tottenham Hotspur Women
SPURS WOMEN PREPARE FOR WSL OPENER // CHELSEA V TOTTENHAM HOTSPUR,131,3004,22,@klesa4152,3:55 골키퍼 지옥훈련,0,Tottenham Hotspur Women
SPURS WOMEN PREPARE FOR WSL OPENER // CHELSEA V TOTTENHAM HOTSPUR,131,3004,22,@jomexboy5585,Just found out about these page i love it comon you spurs 🤍,1,Tottenham Hotspur Women
SPURS WOMEN PREPARE FOR WSL OPENER // CHELSEA V TOTTENHAM HOTSPUR,131,3004,22,@jesi6486,"Ngl idk how to feel with the season starting without Bethany, tough game on Sunday really hope we fight hard",0,Tottenham Hotspur Women
SPURS WOMEN PREPARE FOR WSL OPENER // CHELSEA V TOTTENHAM HOTSPUR,131,3004,22,@turbomovie5491,We’ll smash Chelsea come on,0,Tottenham Hotspur Women
SPURS WOMEN PREPARE FOR WSL OPENER // CHELSEA V TOTTENHAM HOTSPUR,131,3004,22,@defAUXX,"Ellie's like a brand new signing, can't wait to see what she has to offer.",2,Tottenham Hotspur Women
SPURS WOMEN PREPARE FOR WSL OPENER // CHELSEA V TOTTENHAM HOTSPUR,131,3004,22,@Cheddarhead7,"Good to see Ellie is back in full training, hopefully she's able to kick on this season",5,Tottenham Hotspur Women
SPURS WOMEN PREPARE FOR WSL OPENER // CHELSEA V TOTTENHAM HOTSPUR,131,3004,22,@Warriors..570,Im going to follow spurs women from this season ❤,2,Tottenham Hotspur Women
SPURS WOMEN PREPARE FOR WSL OPENER // CHELSEA V TOTTENHAM HOTSPUR,131,3004,22,@Commando23414221998,Up the spurs! COYS,0,Tottenham Hotspur Women
SPURS WOMEN PREPARE FOR WSL OPENER // CHELSEA V TOTTENHAM HOTSPUR,131,3004,22,@Marabout75,✨COYSW🐓N15🇲🇺,1,Tottenham Hotspur Women
SPURS WOMEN PREPARE FOR WSL OPENER // CHELSEA V TOTTENHAM HOTSPUR,131,3004,22,@brazilianana,lovely to see beth! hope she's recovering well 🤍,3,Tottenham Hotspur Women
SPURS WOMEN PREPARE FOR WSL OPENER // CHELSEA V TOTTENHAM HOTSPUR,131,3004,22,@Schizomanicman,"Small request if possible, for those of us new to the womens team, could we have names for the players that appear on screen please? Sorry for my ignorance.",13,Tottenham Hotspur Women
Eveliina 😨 Jess 😎 Two types of people 😂,99,1714,4,@cuppiecupsters,The difference is hilarious! I would definitely be Eveliina!😂,2,Tottenham Hotspur Women
Eveliina 😨 Jess 😎 Two types of people 😂,99,1714,4,@planeofrealmsofficial8410,🤍💜🙌🏾,0,Tottenham Hotspur Women
Eveliina 😨 Jess 😎 Two types of people 😂,99,1714,4,@turbomovie5491,Waiting for the women highlights,1,Tottenham Hotspur Women
Eveliina 😨 Jess 😎 Two types of people 😂,99,1714,4,@atlantixzfn,OH WHEN THE SPURS GO MARCHING IN OH WHEN THE SPURS GO MARCHING IN OH LORD I WANT TO BE IN THAT NUMBER OH WHEN THE SPURS GO MARCHING IN!!!,1,Tottenham Hotspur Women
BEHIND THE SCENES AT MEDIA ACCESS DAY | 2023/24 WSL PHOTOSHOOT,397,17876,12,@jesi6486,Love this team sm and the atmosphere 🫶🏾 Come on you Spurs!🤍💙🤍💙,2,Tottenham Hotspur Women
BEHIND THE SCENES AT MEDIA ACCESS DAY | 2023/24 WSL PHOTOSHOOT,397,17876,12,@Mahr-xc7cd,ماهر مواسي,1,Tottenham Hotspur Women
BEHIND THE SCENES AT MEDIA ACCESS DAY | 2023/24 WSL PHOTOSHOOT,397,17876,12,@WELBECKWISE,I like this team,1,Tottenham Hotspur Women
BEHIND THE SCENES AT MEDIA ACCESS DAY | 2023/24 WSL PHOTOSHOOT,397,17876,12,@Marabout75,💚💛❤️COYSW🐓N15🇲🇺,1,Tottenham Hotspur Women
BEHIND THE SCENES AT MEDIA ACCESS DAY | 2023/24 WSL PHOTOSHOOT,397,17876,12,@spacebumps.,COYS!,1,Tottenham Hotspur Women
BEHIND THE SCENES AT MEDIA ACCESS DAY | 2023/24 WSL PHOTOSHOOT,397,17876,12,@Stand663,Spurs need to go outthere and attract some of the best women footballers in the world. You saw the recent World Cup. There’s a lot of talent out there. Stop being left behind the curve. It’s an investment. We want to see Spurs women win the league and champions league.,7,Tottenham Hotspur Women
BEHIND THE SCENES AT MEDIA ACCESS DAY | 2023/24 WSL PHOTOSHOOT,397,17876,12,@MOAZ-----m5y,توتنهام العشق ❤❤😊,4,Tottenham Hotspur Women
BEHIND THE SCENES AT MEDIA ACCESS DAY | 2023/24 WSL PHOTOSHOOT,397,17876,12,@djibrildembele4423,❤❤❤❤❤❤❤❤,1,Tottenham Hotspur Women
BEHIND THE SCENES AT MEDIA ACCESS DAY | 2023/24 WSL PHOTOSHOOT,397,17876,12,@CheikhSene-ru1tp,Fans papa sarr,1,Tottenham Hotspur Women
BEHIND THE SCENES AT MEDIA ACCESS DAY | 2023/24 WSL PHOTOSHOOT,397,17876,12,@tevinhimselff,Kit Graham 🐐❤️,5,Tottenham Hotspur Women
BEHIND THE SCENES AT MEDIA ACCESS DAY | 2023/24 WSL PHOTOSHOOT,397,17876,12,@tevinhimselff,For my mental health please win the league!🙏🏽🤍,3,Tottenham Hotspur Women
BEHIND THE SCENES AT MEDIA ACCESS DAY | 2023/24 WSL PHOTOSHOOT,397,17876,12,@maro_erivona,Palm tree by JHus 🔥,4,Tottenham Hotspur Women
Cool as a cucumber 🥒,123,1616,4,@atlantixzfn,Come on you spurs!!!,2,Tottenham Hotspur Women
Cool as a cucumber 🥒,123,1616,4,@Barney542,😂,0,Tottenham Hotspur Women
Cool as a cucumber 🥒,123,1616,4,@planeofrealmsofficial8410,🤍💯,0,Tottenham Hotspur Women
Cool as a cucumber 🥒,123,1616,4,@kaplop197,Spurs for evar,0,Tottenham Hotspur Women
ROBERT VILAHAMN PREVIEWS WSL OPENER // CHELSEA V TOTTENHAM HOTSPUR,90,967,7,@jesi6486,In Robert we trust 🇸🇪🤍🤍🤍💙💙💙,0,Tottenham Hotspur Women
ROBERT VILAHAMN PREVIEWS WSL OPENER // CHELSEA V TOTTENHAM HOTSPUR,90,967,7,@jesi6486,Let’s fight hard this season for a top 5🙌🏾🤍💙 COYSSSS,1,Tottenham Hotspur Women
ROBERT VILAHAMN PREVIEWS WSL OPENER // CHELSEA V TOTTENHAM HOTSPUR,90,967,7,@Immanuel20,Come on you Spurs ❤❤,2,Tottenham Hotspur Women
ROBERT VILAHAMN PREVIEWS WSL OPENER // CHELSEA V TOTTENHAM HOTSPUR,90,967,7,@brazilianana,definitely gonna be a difficult opener for the season but excited to see the girls in action. coysss! 🤍,3,Tottenham Hotspur Women
ROBERT VILAHAMN PREVIEWS WSL OPENER // CHELSEA V TOTTENHAM HOTSPUR,90,967,7,@tovani_tcgmb,"Hope we can get top5 at least this season
COYS🤍",2,Tottenham Hotspur Women
ROBERT VILAHAMN PREVIEWS WSL OPENER // CHELSEA V TOTTENHAM HOTSPUR,90,967,7,@nkennaokoye1336,Can't wait to see the team this season💪💪💪,7,Tottenham Hotspur Women
ROBERT VILAHAMN PREVIEWS WSL OPENER // CHELSEA V TOTTENHAM HOTSPUR,90,967,7,@algam4192,Coys,2,Tottenham Hotspur Women
Are you brave enough to try this? 😱,225,3693,17,@snkyYT_TikTok,Men team<Women team,0,Tottenham Hotspur Women
Are you brave enough to try this? 😱,225,3693,17,@Bg20OneOne,Drew was really scared but handled the situation very well 😂,2,Tottenham Hotspur Women
Are you brave enough to try this? 😱,225,3693,17,@ObenewaaComfort-g8z,Hi madam,0,Tottenham Hotspur Women
Are you brave enough to try this? 😱,225,3693,17,@mirrorballTS1min30sec,WE LOVE U TOTTENHAM!! PLS DONT DIE❤❤❤,1,Tottenham Hotspur Women
Are you brave enough to try this? 😱,225,3693,17,@aviro7114,Cuenta en decadencia,0,Tottenham Hotspur Women
Are you brave enough to try this? 😱,225,3693,17,@planeofrealmsofficial8410,🤍👑,1,Tottenham Hotspur Women
Are you brave enough to try this? 😱,225,3693,17,@SausageMan123,I’ve done it,0,Tottenham Hotspur Women
Are you brave enough to try this? 😱,225,3693,17,@Cringevideos123,OMG I LOVE THIS ❤ IM YOUR BIGGEST FAN PIN 📌 ME,2,Tottenham Hotspur Women
Are you brave enough to try this? 😱,225,3693,17,@nicoles_handle,ill try it one day!!! 🥺,1,Tottenham Hotspur Women
Are you brave enough to try this? 😱,225,3693,17,@gideonofori2308,❤❤❤❤❤❤,1,Tottenham Hotspur Women
Are you brave enough to try this? 😱,225,3693,17,@EliteXeditz1,COYS,1,Tottenham Hotspur Women
Are you brave enough to try this? 😱,225,3693,17,@Rits-baller,COYS,0,Tottenham Hotspur Women
Are you brave enough to try this? 😱,225,3693,17,@Farliguggla,COYS 🐓,1,Tottenham Hotspur Women
Are you brave enough to try this? 😱,225,3693,17,@--Ads--,"""JUST GET ME DOWN!!!!""",5,Tottenham Hotspur Women
Are you brave enough to try this? 😱,225,3693,17,@Damsyt24,Great Job with this Idea ❤,1,Tottenham Hotspur Women
SPURS WOMEN SQUAD SCALE TOTTENHAM HOTSPUR STADIUM!,665,20931,53,@elaineph,The sound of metal grating is 😵‍💫😵‍💫😵‍💫,0,Tottenham Hotspur Women
SPURS WOMEN SQUAD SCALE TOTTENHAM HOTSPUR STADIUM!,665,20931,53,@monarchgirl62,I'm doing this at the weekend it looks scary but good.,0,Tottenham Hotspur Women
SPURS WOMEN SQUAD SCALE TOTTENHAM HOTSPUR STADIUM!,665,20931,53,@fspieler,Levy gave them the employee discount,0,Tottenham Hotspur Women
SPURS WOMEN SQUAD SCALE TOTTENHAM HOTSPUR STADIUM!,665,20931,53,@jeffstevens4262,"There is no way on this earth I would ever do what they just did. I got dizzy just looking at those images!!! Massive shout out to all you girls, you definitely got more balls than I have...!! COYS!!!  🙋‍♂   ❤",0,Tottenham Hotspur Women
SPURS WOMEN SQUAD SCALE TOTTENHAM HOTSPUR STADIUM!,665,20931,53,@jaynepoland4615,Oh my legs are jelly just watching. But I would like to master my fear of heights and do the walk.  Well done ladies 👏👍👋,0,Tottenham Hotspur Women
SPURS WOMEN SQUAD SCALE TOTTENHAM HOTSPUR STADIUM!,665,20931,53,@leonrogers8568,Love Tottenham Hotspur Women. They are my favourite club. Let's get this season going! ❤❤❤❤❤,0,Tottenham Hotspur Women
SPURS WOMEN SQUAD SCALE TOTTENHAM HOTSPUR STADIUM!,665,20931,53,@AgentLynch616,You go girls ❤ To Dare Is To Do,3,Tottenham Hotspur Women
SPURS WOMEN SQUAD SCALE TOTTENHAM HOTSPUR STADIUM!,665,20931,53,@munikovie8797,COYS,0,Tottenham Hotspur Women
SPURS WOMEN SQUAD SCALE TOTTENHAM HOTSPUR STADIUM!,665,20931,53,@tevinhimselff,Drew!🇯🇲,0,Tottenham Hotspur Women
SPURS WOMEN SQUAD SCALE TOTTENHAM HOTSPUR STADIUM!,665,20931,53,@spheal896,"bloody hell, those women have bigger balls than me to do that",0,Tottenham Hotspur Women
SPURS WOMEN SQUAD SCALE TOTTENHAM HOTSPUR STADIUM!,665,20931,53,@Forgott3nYT,HI COYS ❤,0,Tottenham Hotspur Women
SPURS WOMEN SQUAD SCALE TOTTENHAM HOTSPUR STADIUM!,665,20931,53,@mokuakaleb,COYS always 💙🤍,0,Tottenham Hotspur Women
SPURS WOMEN SQUAD SCALE TOTTENHAM HOTSPUR STADIUM!,665,20931,53,@Koora893,Hello from India,0,Tottenham Hotspur Women
SPURS WOMEN SQUAD SCALE TOTTENHAM HOTSPUR STADIUM!,665,20931,53,@jesi6486,Becky and Ayane clocked out 😂😂😂,0,Tottenham Hotspur Women
SPURS WOMEN SQUAD SCALE TOTTENHAM HOTSPUR STADIUM!,665,20931,53,@Marabout75,The Women are back on YouTube...✨COYSW🐓N15🇲🇺,0,Tottenham Hotspur Women
SPURS WOMEN SQUAD SCALE TOTTENHAM HOTSPUR STADIUM!,665,20931,53,@osvi0832,Sonny?😢,1,Tottenham Hotspur Women
SPURS WOMEN SQUAD SCALE TOTTENHAM HOTSPUR STADIUM!,665,20931,53,@lilly_2833,"Love this, hopefully this means more content from the womens team :) Good luck in the new season COYS!",9,Tottenham Hotspur Women
SPURS WOMEN SQUAD SCALE TOTTENHAM HOTSPUR STADIUM!,665,20931,53,@shanatakarmaker,Yay i’m really happy to see more content from the women’s team! 🤍,0,Tottenham Hotspur Women
SPURS WOMEN SQUAD SCALE TOTTENHAM HOTSPUR STADIUM!,665,20931,53,@double.r2k,Yess a womens football channel too!  Cant wait to see more great videos soon! COYS 🤍💙🤍,2,Tottenham Hotspur Women
SPURS WOMEN SQUAD SCALE TOTTENHAM HOTSPUR STADIUM!,665,20931,53,@planeofrealmsofficial8410,COYS🤍👑💯,0,Tottenham Hotspur Women
SPURS WOMEN SQUAD SCALE TOTTENHAM HOTSPUR STADIUM!,665,20931,53,@nicolasdavidromeroclavijo2662,For this the tottenham área the best club of england❤❤❤(saludos desde colombia❤❤)🇨🇴🇨🇴🇨🇴,4,Tottenham Hotspur Women
SPURS WOMEN SQUAD SCALE TOTTENHAM HOTSPUR STADIUM!,665,20931,53,@jesi6486,Yasssss our women’s team have  a YouTube channel!!! Can’t wait for the season to start 🫶🏾🫶🏾and to see us fight hard for top spots 🤍💙🤍,1,Tottenham Hotspur Women
SPURS WOMEN SQUAD SCALE TOTTENHAM HOTSPUR STADIUM!,665,20931,53,@nkennaokoye1336,"6:17 that's the most ""Do I really have to do this"" face I've ever seen😂😂😂",14,Tottenham Hotspur Women
SPURS WOMEN SQUAD SCALE TOTTENHAM HOTSPUR STADIUM!,665,20931,53,@edsoncl5782,They’ll do well in the upcoming season,4,Tottenham Hotspur Women
SPURS WOMEN SQUAD SCALE TOTTENHAM HOTSPUR STADIUM!,665,20931,53,@beatleshomie6954,Haha loved this video for the mens team glad that this video is just as good 🤣🤣,1,Tottenham Hotspur Women
SPURS WOMEN SQUAD SCALE TOTTENHAM HOTSPUR STADIUM!,665,20931,53,@nicoles_handle,buzzing for this channel!!! happy launch 🥳 COYS 💙🤍,0,Tottenham Hotspur Women
SPURS WOMEN SQUAD SCALE TOTTENHAM HOTSPUR STADIUM!,665,20931,53,@lycanoftheunderworldselene,Well done ladies,0,Tottenham Hotspur Women
SPURS WOMEN SQUAD SCALE TOTTENHAM HOTSPUR STADIUM!,665,20931,53,@gideonofori2308,So happy for you women. I love guy and I wish you the best in your doings.,3,Tottenham Hotspur Women
SPURS WOMEN SQUAD SCALE TOTTENHAM HOTSPUR STADIUM!,665,20931,53,@guseynspursbaku,389 subscriber,0,Tottenham Hotspur Women
SPURS WOMEN SQUAD SCALE TOTTENHAM HOTSPUR STADIUM!,665,20931,53,@danielbaldyy,"Doesnt matter if its a channel for men or women football, I'll always support every spurs team COYS",62,Tottenham Hotspur Women
SPURS WOMEN SQUAD SCALE TOTTENHAM HOTSPUR STADIUM!,665,20931,53,@KC.....,Com'on you Spurs🤍 tho cameraman failed to show us the stadium view from the cockerel,0,Tottenham Hotspur Women
SPURS WOMEN SQUAD SCALE TOTTENHAM HOTSPUR STADIUM!,665,20931,53,@Joshua92100,Looking forward to this,0,Tottenham Hotspur Women
SPURS WOMEN SQUAD SCALE TOTTENHAM HOTSPUR STADIUM!,665,20931,53,@Hazza.9YT,Come on you spurs it’s nice Tottenham Hotspur women have a channel,1,Tottenham Hotspur Women
SPURS WOMEN SQUAD SCALE TOTTENHAM HOTSPUR STADIUM!,665,20931,53,@Warriors..570,I wish some players from our Asian are also in my favourite club spurs squad.,1,Tottenham Hotspur Women
SPURS WOMEN SQUAD SCALE TOTTENHAM HOTSPUR STADIUM!,665,20931,53,@Stand663,We need to make Spurs women the highest paid team in the WSL.,0,Tottenham Hotspur Women
SPURS WOMEN SQUAD SCALE TOTTENHAM HOTSPUR STADIUM!,665,20931,53,@giorgiozen8082,COYS PLEASE ❤,1,Tottenham Hotspur Women
SPURS WOMEN SQUAD SCALE TOTTENHAM HOTSPUR STADIUM!,665,20931,53,@thesillyboys999,I subscribed at 142 subs,1,Tottenham Hotspur Women
SPURS WOMEN SQUAD SCALE TOTTENHAM HOTSPUR STADIUM!,665,20931,53,@Damsyt24,Nice channel 👍,1,Tottenham Hotspur Women
SPURS WOMEN SQUAD SCALE TOTTENHAM HOTSPUR STADIUM!,665,20931,53,@LiamA20009,So glad now theres a womens team YouTube channel,12,Tottenham Hotspur Women
SPURS WOMEN SQUAD SCALE TOTTENHAM HOTSPUR STADIUM!,665,20931,53,@TottenhamHotspur,Welcome 🤝,20,Tottenham Hotspur Women
SPURS WOMEN SQUAD SCALE TOTTENHAM HOTSPUR STADIUM!,665,20931,53,@ziayris,brave girls! hoping for more fun contents from our women's team channel!!! 🤗,9,Tottenham Hotspur Women
SPURS WOMEN SQUAD SCALE TOTTENHAM HOTSPUR STADIUM!,665,20931,53,@themartinisong,Can you do the VR golf thing the men's team did? They were a lot of fun.,20,Tottenham Hotspur Women
SPURS WOMEN SQUAD SCALE TOTTENHAM HOTSPUR STADIUM!,665,20931,53,@themartinisong,I would not dare go there 😂,1,Tottenham Hotspur Women
SPURS WOMEN SQUAD SCALE TOTTENHAM HOTSPUR STADIUM!,665,20931,53,@제이엠-u6l,Glad there's finally a channel for the women's team. Hope to see more good content ❤❤,49,Tottenham Hotspur Women
SPURS WOMEN SQUAD SCALE TOTTENHAM HOTSPUR STADIUM!,665,20931,53,@jaisuriyavenkatesh,New channel for Spurs Women 😄🤍 #COYS,3,Tottenham Hotspur Women
Liverpool 5-1 Tottenham Hotspur | Premier League Highlights,3898,496070,257,@mistiqz-2826,😂😂,1,Tottenham Hotspur
(유로파리그) 행복한 라커룸,15553,1171422,414,@원희-k9m,세계 각국 문화.기질.다 안고 가야 하는 EPL 팀 주장은 극한 직업~^^😂,0,Tottenham Hotspur
24 hours to go 🤍,4256,96223,99,@roseaneneves6669,❤🇧🇷🇧🇷🇧🇷⭐️⭐️⭐️⭐️👏👏👏👏🏆🏆🏆🏆,0,Tottenham Hotspur
Moments that will live forever 🏆,79089,1239813,890,@keo_luangrath4165,❤❤❤❤❤,0,Tottenham Hotspur
"(유로파리그 결승전) 미키의 결정적인 세이브, 직캠으로 만나보세요",11983,1566247,387,@케빈초이,최고의 순간^^,0,Tottenham Hotspur
TOTTENHAM HOTSPUR EUROPA LEAGUE WINNERS TROPHY PARADE,3734,85845,197,@adeaduncle,"엔지는 경질되어야함.. 리그17위가 말이안됨.. 
에릭 텐하흐 감독을 기억해야함..(fa컵 우승 후 유임) 결국 이듬해 경질됨.
사실 이번 결승전 경기력은 정말 2부리그 수준보다 떨어졌음. 토트넘 선수들도 열심히 했지만 맨유가 못해서 이긴 게임임. 
존슨의 결승골?(난 자책골로 판단함), 결승전 수준에서 전반전 0슈팅이 말이안됨.. 유로파 우승을 위해 리그를 포기했고 이는 어쩔수 없는 결과라고 엔지가 인터뷰함. 
그럼 챔스우승을 위해 리그순위는 다시 포기한다는 것인가? 
엔지는 PL의 챔스권 수준의 팀을 운영하는 자질이 부족함, 전술도 그렇고 선수를 혹사시키는 것도 그렇고.. 
엔지는 그저 중위권 팀에서 적당한 수준을 유지하는 감독 정도임..",1,Tottenham Hotspur
This from Biss 🥹,2013,34046,39,@EmmanuelSibusiso-m5l,"Were going to the finals Bissouma
Well done and good luck",2,Tottenham Hotspur
Moments that will live forever 🏆,79089,1239813,890,@이철우-b7m,결국 해내는 구나,0,Tottenham Hotspur
Spurs players prank fans on stadium tour!,3070,190630,91,@Chris10-e5n,How can the son support Spurs when his dad supports Arsenal how does that work 😭,1,Tottenham Hotspur
TOTTENHAM HOTSPUR WIN THE EUROPA LEAGUE! | Post match scenes and trophy lift uncut,55747,1550747,2925,@언제나-r8r,모두가 멋져부렀었군요🤗🤗🤗👍👍,0,Tottenham Hotspur
N17 퍼레이드 현장,4281,180860,112,@tiffanylee5592,우와 무슨 영화의 한 장면같네.,1,Tottenham Hotspur
Straight to business 😤 Brennan strikes in 38 seconds 🎯,2430,77488,19,@Cai-b3y,Let’s go boys we got a great win on my birthday let’s go win the cup,9,Tottenham Hotspur
흥부자 미키 🕺,1810,70927,66,@소리-r2l,미키의 묘한 매력 ㅋㅋㅋ,18,Tottenham Hotspur
TOTTENHAM HOTSPUR WIN THE EUROPA LEAGUE! | Post match scenes and trophy lift uncut,55747,1550747,2925,@djeiw94j29d,🎉🎉🎉,0,Tottenham Hotspur
TOTTENHAM HOTSPUR EUROPA LEAGUE WINNERS TROPHY PARADE,3734,85845,197,@s-ml1lm,손흥민이 행복해서 나도 행복해요!!😊,2,Tottenham Hotspur
TOTTENHAM HOTSPUR WIN THE EUROPA LEAGUE! | Post match scenes and trophy lift uncut,55747,1550747,2925,@Xxxxxhccxy,벤데이비스 고생 많았어,2,Tottenham Hotspur
(유로파리그) 행복과 기쁨이 넘치는 저녁,859,41589,18,@nos7son7-f3y,손~메디슨~😢😭😭,17,Tottenham Hotspur
Moments like these!!,21036,325278,176,@Jeiemen.,Glory Tottenham,0,Tottenham Hotspur
We may never stop,2878,53746,74,@thandarwin4190,Our Captain Sonny 😍😍😍😍😍😎,122,Tottenham Hotspur
Nothing but legends everywhere we look 🤩,6970,241828,99,@Chan-sg2io,"손흥민 축하해요
58세 한국 아줌마가 당신 팬입니다❤❤❤
손흥민때문에 우울증 탈출했어요❤❤❤❤",4,Tottenham Hotspur
Why did Lucas Bergvall sign a new contract at Spurs? | He's here to stay 😍,1094,25503,93,@markshaz8691,"Brilliant young player, one of the highlights of a very poor season.",2,Tottenham Hotspur
TOTTENHAM HOTSPUR EUROPA LEAGUE WINNERS TROPHY PARADE,3734,85845,197,@Again_1992-V3.,Sonny,0,Tottenham Hotspur
The greatest Champions League semi-final ever? | Ajax 2-3 Tottenham Hotspur | Classic Highlights,7005,425693,544,@ldm2622,easily the best semifinal ever. they had to get past the GOAT antony,0,Tottenham Hotspur
A goal-line clearance that will be remembered forever.,15254,692709,294,@joshy2247,ONANA YOU BOODY BANANA,0,Tottenham Hotspur
유로파리그 우승 🏆 카 퍼레이드 스페셜 🏅,1227,21522,96,@ppp8qqq,나이스 쏘니,1,Tottenham Hotspur
A goal-line clearance that will be remembered forever.,15254,692709,294,@kayanmanggala,Legendary,1,Tottenham Hotspur
Let’s gooooo,5750,149802,83,@코네티컷-c5w,확실히 매디슨은 쏘니에게 푹 빠진게 틀림없어!!!!!!!🎉🎉🎉,43,Tottenham Hotspur
"(유로파리그 결승전) 미키의 결정적인 세이브, 직캠으로 만나보세요",11983,1566247,387,@Cyvogue_Franky,"판더벤, 비카리오는 꿀영입 ㅋㅋㅋㅋ",0,Tottenham Hotspur
TOTTENHAM HOTSPUR WIN THE EUROPA LEAGUE! | Post match scenes and trophy lift uncut,55747,1550747,2925,@HJ-hs3vy,"epl 득점왕, 챔스준우승, 유로파우승
이 모든걸 토트넘에서 이뤄냈다
이만큼의 감동서사도 없을것이다.",1,Tottenham Hotspur
"빌바오, 우승, D+7",440,12227,12,@왕눈이-b5h,ㅊㅋㅊㅋㅊㅋ❤❤❤❤❤❤❤,2,Tottenham Hotspur
An unforgettable experience for this Spurs fan 🎺🤩,4037,71524,81,@Olive_rwatkins77p,Sensational,7,Tottenham Hotspur
Good morning to everyone who loves Tottenham Hotspur Football Club,6746,83361,228,@TP_Editz_z,"That last free kick at the last minute, my heart was beating so fast 😂❤
COYS🤍💙",0,Tottenham Hotspur
Moments like these!!,21036,325278,176,@DapsDaps-e2v,❤️,1,Tottenham Hotspur
TOTTENHAM HOTSPUR WIN THE EUROPA LEAGUE! | Post match scenes and trophy lift uncut,55747,1550747,2925,@collinsalor2962,Son efforts is not in vain ❤,0,Tottenham Hotspur
these dressing room scenes on repeat,105468,1723000,324,@biniyamhabte5715,Why it sound like France national team 🤔,0,Tottenham Hotspur
(유로파리그) 토트넘 홋스퍼 3 : 1 보되/글림트 // 2분 하이라이트 // 현지 해설,146,15762,18,@gookfock10,결승가서 맨유 발라버리자. 그리고 흥미니 골 넣고 멋나게 떠나자.,0,Tottenham Hotspur
"공식 서포터즈 클럽 코리아와 공식 파트너 Sidiz가 함께한 유로파리그 결승전 오프라인 워치파티, 팬 여러분들이 직접 트로피 세러머니를 하며 우승을 만끽하는 시간을 가졌습니다!",1311,62415,13,@Liam-thinktank,여성분 트로피 많이 들어보셧나봐요 간 보고 타이밍 잡는게 기가막히네요 ㅎㅎ😂😂,2,Tottenham Hotspur
TOTTENHAM HOTSPUR WIN THE EUROPA LEAGUE! | Post match scenes and trophy lift uncut,55747,1550747,2925,@TimothyRiosv,Who else is here before this blows up,0,Tottenham Hotspur
“We did something special!” | All the reaction to Spurs' Europa League win!,5355,157326,333,@chidinmaokorie846,So Happy for Son❤❤❤,103,Tottenham Hotspur
Europa League champions checking in 🫡,5566,154104,72,@Brawl-Cob,Where is son,2,Tottenham Hotspur
"담대하게 도전하고, 꿈을 꾸고....마침내, 우승!",918,36173,53,@user-xe9gz3hf1c,멋있다,0,Tottenham Hotspur
TOTTENHAM HOTSPUR WIN THE EUROPA LEAGUE! | Post match scenes and trophy lift uncut,55747,1550747,2925,@AbdikaniIssack,This one for Son❤❤,0,Tottenham Hotspur
A goal-line clearance that will be remembered forever.,15254,692709,294,@티티바-p1w,빗카리오 다음시즌 좀더 공중볼과 발밑 보강좀 하자 진짜 선방능력이나 다른 골키퍼 능력은 상위권인데 저부분은 너무 불안하다 최근 발밑은 많이 발전한거 같지만 세트피스때 공중볼 처리가 너무 ㅠㅠ 불안함,0,Tottenham Hotspur
🥶,2881,74905,34,@vrushkam,COYS,3,Tottenham Hotspur
(유로파리그) 행복한 라커룸,15553,1171422,414,@장혜승-v5l,😂😂😂😂😂😂🎉🎉🎉,0,Tottenham Hotspur
There’s unreal vibes… then there’s Yves Bissouma vibes 🔊😁,26445,923195,487,@myozaw6986,No….,0,Tottenham Hotspur
N17 퍼레이드 현장,4281,180860,112,@weihuali6513,한국의 자랑 국보급 손흥민 에 축하드립니다 늘 응원 하겠습니다🎉🎉🎉❤❤❤,12,Tottenham Hotspur
챔피언이 되어 런던으로 돌아왔습니다.,1387,38228,42,@꼬마자동차붕붕-k4n,"귀염둥이 쏘니 넌챔피온이야
레전드고 우리에 영웅이야",4,Tottenham Hotspur
TOTTENHAM HOTSPUR EUROPA LEAGUE WINNERS TROPHY PARADE | LIVE,38132,1329896,75,@chysjjang,Next: Champions league winner,1,Tottenham Hotspur
Why did Lucas Bergvall sign a new contract at Spurs? | He's here to stay 😍,1094,25503,93,@lisadavis5200,Love you. Come on you Spurs 🥰,0,Tottenham Hotspur
Europa League champions checking in 🫡,5566,154104,72,@정데이빗-x2p,우리 소니는 어디에??,1,Tottenham Hotspur
Arrived for the final 👋,4709,125842,145,@Muhammad-r9u8k,We'll win 🏆,14,Tottenham Hotspur
All of James Maddison's goals and assists from 2024/25!,692,21601,50,@apus2025,Love u madders ❤,6,Tottenham Hotspur
Brothers 🥹,4723,66689,100,@lulu100ization,😍,0,Tottenham Hotspur
"(유로파리그 결승전) 미키의 결정적인 세이브, 직캠으로 만나보세요",11983,1566247,387,@pasongsong,지린다 진짜,0,Tottenham Hotspur
🥹🥹🥹,21149,698867,198,@siiiiiuu7,"say what you will. that they're not good enough, they're too soft, too this, too that. they persevered and achieved something that doesn't come around often for spurs fans. this is a special team, a special captain and leadership group, and a special manager. no question",0,Tottenham Hotspur
TOTTENHAM HOTSPUR WIN THE EUROPA LEAGUE! | Post match scenes and trophy lift uncut,55747,1550747,2925,@chrisrogers2156,lets go,0,Tottenham Hotspur
유로파리그 우승 🏆 카 퍼레이드 스페셜 🏅,1227,21522,96,@user-taehyeon123,흥민이형 우승트로피 드는 모습 너무 멋지고 자랑스럽습니다🤍🤍🤍🤍🤍🤍🤍,3,Tottenham Hotspur
TOTTENHAM HOTSPUR WIN THE EUROPA LEAGUE! | Post match scenes and trophy lift uncut,55747,1550747,2925,@KC-gy5xw,I hope Kulu doesnt do any further damange to his leg!! COYS!  Glad for Son and all of them...,2,Tottenham Hotspur
Take the time to make a difference 🤍,1751,36406,20,@GiantSarcasticRobot,Player of the season just for being available for all the time in the midst of an injury crisis.,64,Tottenham Hotspur
This from Biss 🥹,2013,34046,39,@emanresUcireneG,"Not his best season, but think this has been one of his better performances. Well done.",66,Tottenham Hotspur
TOTTENHAM HOTSPUR WIN THE EUROPA LEAGUE! | Post match scenes and trophy lift uncut,55747,1550747,2925,@tbkosko8541,I'm so happy for son bro,0,Tottenham Hotspur
Insane scenes 🙏,4889,155031,39,@문영례-n4g,얼마나 좋을까 나도 그 속에서 춤추고 놀고 싶다❤ 축하해주고 싶어 얼마나 행복하면 저 많은 인파가 행복해 하실까❤,22,Tottenham Hotspur
(유로파리그) 승리의 라커룸!,1569,99330,79,@dkp802,우승 가자 토트넘,1,Tottenham Hotspur
It's all instincts 😮‍💨 Four goals in his last five games for Dom 🔥,1195,26214,10,@tirtoananda4348,"The England Sensational For Dominic Solanke 

Commentator : Rob Daly.",6,Tottenham Hotspur
A true legend 🤍,6078,110652,113,@jamesnorman227,Thank you tottenham 💙 🙏,0,Tottenham Hotspur
TOTTENHAM HOTSPUR WIN THE EUROPA LEAGUE! | Post match scenes and trophy lift uncut,55747,1550747,2925,@muanvalte1753,Congratulations Tottenham😃 (from a Chelsea fan) btw Sarr really looks like Maximbady😂,0,Tottenham Hotspur
"유로파리그 챔피언, 주장 손흥민 선수가 한국 팬분들에게 보내는 감사인사!",6172,156477,441,@sehun_256,"정말 축하드려요🎉🎉 손흥민 선수🎉🎉
언제나 항상 응원합니다❤❤",1,Tottenham Hotspur
Make way for the CHAMPIONS🥳,31611,1069004,486,@goddali,ㅋㅋㅋㅋㅋ,0,Tottenham Hotspur
“IT'S ALWAYS ABOUT WINNING” | Thomas Frank’s first interview as Tottenham Hotspur Head Coach,10265,233292,989,@michaelstewart5705,👏🏾👏🏾👏🏾👏🏾,0,Tottenham Hotspur
"(유로파리그 결승전) 토트넘의 벽, 미키 판 더 펜",1058,57555,42,@lch9051,경이로운 플레이.. 봐도봐도 대단하다,12,Tottenham Hotspur
🤩🤩🤩,15854,507069,238,@LuiscarloCruz-d1p,Felicidades,0,Tottenham Hotspur
There’s unreal vibes… then there’s Yves Bissouma vibes 🔊😁,26445,923195,487,@나-w9m,공연 잘봤습니다.  여러분들 덕분에나도 행복합니다,0,Tottenham Hotspur
Wilson's first Premier League goal for Spurs 🤍,3407,100571,36,@Sabeer147,Levy paid bot to work here and everywhere for Tottenham.,2,Tottenham Hotspur
😘,13345,428472,208,@nos7son7-f3y,왤케 웃기냐고😂🤣,8,Tottenham Hotspur
TOTTENHAM HOTSPUR WIN THE EUROPA LEAGUE! | Post match scenes and trophy lift uncut,55747,1550747,2925,@ppj4778,Happy။day,0,Tottenham Hotspur
“We did something special!” | All the reaction to Spurs' Europa League win!,5355,157326,333,@통통-s5y,"""Congratulations, Tottenham! Sonny, nice one!""",1,Tottenham Hotspur
TAKE A VOW 🤍,3605,57652,163,@sijunhee127,nice one 🤍,2,Tottenham Hotspur
EUROPA LEAGUE CHAMPIONS! 🏆 | Tottenham Hotspur 1-0 Man United | Highlights,20359,1053840,801,@jlee1037,Congrats Hotspur!!! Love from Korea ❤🎉,0,Tottenham Hotspur
Johnson AGAIN. On the biggest stage!,7640,382873,149,@timwitham4199,Glory Glory Tottenham Hotspur 💪💪💪👏👏👏♥️♥️♥️,1,Tottenham Hotspur
🥹🥹🥹,21149,698867,198,@sada6244,So cute and very happy.🤍🏆⚽😃🎊😀,1,Tottenham Hotspur
흥부자 미키 🕺,1810,70927,66,@hyunokpark2087,"미키 경기도 노는것도 멋지다
미키 아님 지옥행였을..",1,Tottenham Hotspur
Moments that will live forever 🏆,79089,1239813,890,@팬이에요-b6x,쏘니 고생했다!  🎉  축하축하🎉🎉🎉🎉,29,Tottenham Hotspur
these dressing room scenes on repeat,105468,1723000,324,@berks1871,As a neutral you love to see it 👏,0,Tottenham Hotspur
EUROPA LEAGUE CHAMPIONS! 🏆 | Tottenham Hotspur 1-0 Man United | Highlights,20359,1053840,801,@aishaatwinny5112,As an Arsenal fan im happy for Ange.,0,Tottenham Hotspur
All of James Maddison's goals and assists from 2024/25!,692,21601,50,@tirtoananda4348,"Best James Madisson Goal And Assist :
1. James Madisson Assist Against Leicester City. 
Premier League Season 2024-2025 :
Leicester City 1-1 Tottenham Hotspur
2. James Madisson Goal Against Brentford FC. 
Premier League Season 2024-2025 :
Tottenham Hotspur 3-1 Brentford FC
3. James Madisson Goal Against Qarabaq. 
UEFA Europa League Season 2024-2025 :
Tottenham Hotspur 3-0 Qarabaq
4. James Madisson Goal Against Brighton & Hove Albion. Premier League Season 2024-2025 :
Brighton & Hove Albion 3-2 Tottenham Hotspur
5. James Madisson Goal Against Aston Villa. 
Premier League Season 2024-2025 :
Tottenham Hotspur 4-1 Brentford FC
6. James Madisson Goal Against Manchester City. 
Premier League Season 2024-2025 :
Manchester City 0-4 Tottenham Hotspur
7. James Madisson Assist Against Chelsea FC. 
Premier League Season 2024-2025 :
Tottenham Hotspur 3-4 Chelsea FC
8. James Madisson Goal Against Southampton. 
Premier League Season 2024-2025 :
Southampton 0-5 Tottenham Hotspur
9. James Madisson Goal Against Liverpool FC. 
Premier League Season 2024-2025 :
Tottenham Hotspur 3-6 Liverpool FC
10. James Madisson Goal Against Hoffenheim. 
UEFA Europa League Season 2024-2025 :
Hoffenheim 2-3 Tottenham Hotspur
11. James Madisson Goal Against Manchester United. Premier League Season 2024-2025 :
Tottenham Hotspur 1-0 Manchester United
12. James Madisson Assist Against Frankfurt. 
UEFA Europa League Season 2024-2025 :
Tottenham Hotspur 1-1 Frankfurt
(Aggregat 3-2)
13. James Madisson Goal Against Bodo / Glimt. 
UEFA Europa League Season 2024-2025 :
Tottenham Hotspur 3-1 Bodo/Glimt
(Aggregat 5-1)

Commentator : Rob Daly",3,Tottenham Hotspur
One of our own 🫶,2098,33689,52,@GMSidSofos1633,"Ryan Mason,  yours is an incredible story, as one chapter closes,  another begins ..",1,Tottenham Hotspur
Moments that will live forever 🏆,79089,1239813,890,@배순예니니리니,한국 태극기가 자랑스러운,0,Tottenham Hotspur
TOTTENHAM HOTSPUR WIN THE EUROPA LEAGUE! | Post match scenes and trophy lift uncut,55747,1550747,2925,@arenasport27,sonaldo deserved this 😊❤,0,Tottenham Hotspur
Liverpool 5-1 Tottenham Hotspur | Premier League Highlights,3898,496070,257,@adekus8586,where is SON ?,38,Tottenham Hotspur
Europa League Final preparations | Behind the scenes of Tottenham Hotspur training in Bilbao,2912,92743,250,@Cokicika78,Bismillahirrahmanirrahim Allahuakbar🤲🏻🤲🏻,0,Tottenham Hotspur
The greatest Champions League semi-final ever? | Ajax 2-3 Tottenham Hotspur | Classic Highlights,7005,425693,544,@daniellageorgiou-norman2244,what i would do to experience this for the very first time again 😭,0,Tottenham Hotspur
For those Spurs fans who are no longer with us 🤍,6613,110576,157,@PatGlennon,Just speaking their names keeps them alive. Love to all of you,6,Tottenham Hotspur
"Take it away, gaffer 📣",6490,113101,152,@carlosuploads2965,Ange lifting the Europa League will be a great way for him to go. COYS,1,Tottenham Hotspur
투게더 투 글로리,262,9305,10,@wakuseok4632,Come on you spurs,5,Tottenham Hotspur
Final preparations for Frankfurt! | Inside Tottenham Hotspur training,1850,59496,253,@캡틴군주-n5w,위대한 쏘니 살아있는 전설 역사 쏘니 파이팅 👍,59,Tottenham Hotspur
파페-라찌 📸  (파파라찌),437,22658,16,@redfox_-fh1td,즐겁고 행복해 하는 트넘이들의 모습을 보니 덩달아 신나고 기분좋아지네요😂 오늘은 즐겨~~🎉🎉🎉,3,Tottenham Hotspur
Arrived back home as Champions 🥳,50672,626580,394,@LouisaJarrry,Maddison’s wOoOaH got me 😂,1,Tottenham Hotspur
We got here together 🤍,5997,91222,149,@여행족-x1u,Bye TottenhamHotspur,0,Tottenham Hotspur
Special delivery 🫡,7549,217316,122,@gongfreecss38,Come on son 🔥,36,Tottenham Hotspur
There’s unreal vibes… then there’s Yves Bissouma vibes 🔊😁,26445,923195,487,@johno9761,🤣🤣🤣🤣🤣🤣,0,Tottenham Hotspur
“IT'S ALWAYS ABOUT WINNING” | Thomas Frank’s first interview as Tottenham Hotspur Head Coach,10265,233292,989,@PRTVSPURS,This guy speaks very highly of everyone. He mentions the squad and is already looking at escalating the potential of players. Tottenham Stadium into a Fortress!!,12,Tottenham Hotspur
TOTTENHAM HOTSPUR WIN THE EUROPA LEAGUE! | Post match scenes and trophy lift uncut,55747,1550747,2925,@How_Great,Ange has changed the team really. He just needs some fitness and this team can be big,1,Tottenham Hotspur
"24/25 시즌, 도미닉 솔랑키의 모든 득점 ⚽️",80,2755,13,@Mangyou_out,It seems like Solange really likes Japanese anime😊,2,Tottenham Hotspur
One of the best NLDs ever? | Tottenham Hotspur 3-0 Arsenal | Classic Premier League Highlights,3104,254460,177,@촐싹이-h9h,Lol always past video? 😂😂😂😂,1,Tottenham Hotspur
EUROPA LEAGUE CHAMPIONS! 🏆 | Tottenham Hotspur 1-0 Man United | Highlights,20359,1053840,801,@muhamadrizalayub7183,Selamat untuk Tottenham Hotspur telah juara.,0,Tottenham Hotspur
There’s unreal vibes… then there’s Yves Bissouma vibes 🔊😁,26445,923195,487,@Insaneronald,Magic system 🎉,3,Tottenham Hotspur
Every Heung-Min Son goal and assist of the season,4216,140042,259,@anakrantauchanell7470,Sayang belum kawin dia😢,0,Tottenham Hotspur
Tottenham Hotspur v Man United | Europa League Final Match Preview,854,50421,92,@danielsonsini6147,Get behind the lads,2,Tottenham Hotspur
Spurs players prank fans on stadium tour!,3070,190630,91,@icewrld929,I need that celebration against United!!,0,Tottenham Hotspur
Vicario has been nominated for Premier League Save of the Season! 🧤,3514,85903,43,@Dyy_18,"I know he's good, but we are in 17th😢",1,Tottenham Hotspur
Found this gem in the camera roll 😂,9395,358618,126,@Paulthebuilder,I live in toteham a football play came to us like a toteham in wilbury primary school and trained us like our whole class ❤🎉,4,Tottenham Hotspur
ABSOLUTE SCENES IN NORTH LONDON!,12279,373028,314,@wlals5573,낭만디지다,0,Tottenham Hotspur
(유로파리그) 손흥민의 이마에 생긴 영광의(?) 상처,7292,213386,214,@최남규-p4x,손흥민 드디어 우승하는구나. 케인 보고 있냐??? 이제 레전드다. 리빙 레즌드,64,Tottenham Hotspur
Porro 🔗 Maddison 😱,1649,32523,14,@Ampytheone,COYS COYS COYS ❤,2,Tottenham Hotspur
"Take it away, gaffer 📣",6490,113101,152,@Imincinho,Go on Angeeeeee❤❤,7,Tottenham Hotspur
“IT'S ALWAYS ABOUT WINNING” | Thomas Frank’s first interview as Tottenham Hotspur Head Coach,10265,233292,989,@valitsemllaluokanavahyvaks3556,Cant blame him for leaving Brentford for the bag,0,Tottenham Hotspur
These are the days ✨,5623,76193,74,@FactChecker-g3b,"This is stunning. 

Thank you Tottenham Hotspur ❤

EUROPA LEAGUE CHAMPIONS 🏆",0,Tottenham Hotspur
Tottenham Hotspur 1-2 Nottingham Forest | Premier League Highlights,7176,703086,352,@wicaksonoarief391,selamat pagi indonesia jakarta,0,Tottenham Hotspur
Spurs Just Dropped Their 2025/26 Home Kit!,1846,57157,194,@Oklama0617,"Bro this comment section aged like milk on the pavement of an Arizona street, BRUH 😂😂😂😂😂",0,Tottenham Hotspur
these dressing room scenes on repeat,105468,1723000,324,@jplin888,At last Sonny got something. Proud of him as an Asian (Liverpool fan),0,Tottenham Hotspur
It's Quarter Final time! | Tottenham Hotspur v Eintracht Frankfurt | Europa League Match Preview,388,18709,31,@ashleykhupe2982,Coys,1,Tottenham Hotspur
“IT'S ALWAYS ABOUT WINNING” | Thomas Frank’s first interview as Tottenham Hotspur Head Coach,10265,233292,989,@Altameir,GAFFER🇩🇰,0,Tottenham Hotspur
Quickfire fan questions with Thomas Frank 🌟,4743,144878,143,@SteveStogers,So excited. I have a good feeling about this coach,104,Tottenham Hotspur
Build up from Bilbao! Tottenham Hotspur face Man Utd in the Europa League Final | Inside Spurs,2066,137546,142,@ELMAGNEFIC,MAN UNITED WILL WIN THE EUROPA LEAUG,0,Tottenham Hotspur
N17 SCENES 🤩,30958,766310,351,@hanba-t3f,Love it Spurs YNWA,2,Tottenham Hotspur
Final preparations for Frankfurt! | Inside Tottenham Hotspur training,1850,59496,253,@jambread4249,LET'S GO BERGVALL!,2,Tottenham Hotspur
Found this gem in the camera roll 😂,9395,358618,126,@godskeleton-f5o,WHAT THE-,6,Tottenham Hotspur
"유로파리그 챔피언, 주장 손흥민 선수가 한국 팬분들에게 보내는 감사인사!",6172,156477,441,@겨울소리-i5e,축하합니다🎉🎉,0,Tottenham Hotspur
"(유로파리그) SpursTV,  손흥민 인터뷰",2332,38065,178,@user-burning-anchovies,손흥민!! 당신을 💕 💜 💏 💙...그동안 고생했어요!,26,Tottenham Hotspur
"결전의 땅, 빌바오 도착 📍",898,30085,81,@메이플-i6x,우승 좀 하자 흥민아,1,Tottenham Hotspur
Bangers against Burnley... all eyes on the opener 👀🔥,1676,36794,19,@roblox-Sonny77,"Nice one sonny, nice one son!
Nice one sonny let's have another one!🎉🎉🎉🎉
Pls don't leave SPURS❤❤",12,Tottenham Hotspur
The end of a week none of us will ever forget 🥹,9395,108118,174,@sophdog1678,"Well gosh Spurs media team, you gone and got me all in the feels - all over again! The music is perfect.",35,Tottenham Hotspur
Europa League Final preparations | Behind the scenes of Tottenham Hotspur training in Bilbao,2912,92743,250,@Jooooolly,win or else ima split my dih in half,0,Tottenham Hotspur
24 hours to go 🤍,4256,96223,99,@adeojojacob7688,🙏🙏🙏🎉🎉🎉,0,Tottenham Hotspur
So… has anyone checked in on Shakira lately?,3628,92997,51,@fatosaksu3153,COME ON DANSO,0,Tottenham Hotspur
"경기 종료 그 순간, 매디슨의 모습",923,30213,15,@심규현-s7i,어쩨든 이게 팀이다 ㅋㅋ,22,Tottenham Hotspur
“IT'S ALWAYS ABOUT WINNING” | Thomas Frank’s first interview as Tottenham Hotspur Head Coach,10265,233292,989,@OfficiallyMagic,Thomas the frank engine! We got our tickets! Choo chooo bro,0,Tottenham Hotspur
[PL 31R] 존슨의 감각적인 두번째 골,171,11190,7,@메죠죶,존슨도 솔직히 잘하는것 같은데 자존감 회복 ㅇㅈㄹ 하면서 임대한테 pk 대준건 ㅈㄴ 이해 안가네 본인도 호소 ㅈㄴ 하던데 진짜 뭐하는 팀이냐,0,Tottenham Hotspur
마티스 텔은 스퍼스와 함께합니다.,80,4643,17,@성소급,텔석대 ㄷㄷ,0,Tottenham Hotspur
The greatest Champions League semi-final ever? | Ajax 2-3 Tottenham Hotspur | Classic Highlights,7005,425693,544,@magician1515,inter vs barca 2025 is better,1,Tottenham Hotspur
Halfway there. Let's do this 👊,2712,49533,37,@JCRule69,"If only we never let that goal in, we could all relax.",2,Tottenham Hotspur
The greatest Champions League semi-final ever? | Ajax 2-3 Tottenham Hotspur | Classic Highlights,7005,425693,544,@RaxiyaApa,"Tottenham is finally showing their true strength! We’re on the verge of the Europa League final — a result of the team’s heart, dedication, and hard work! Now it’s all forward from here! Come on you Spurs! 💙⚪😊",0,Tottenham Hotspur
TOTTENHAM HOTSPUR WIN THE EUROPA LEAGUE! | Post match scenes and trophy lift uncut,55747,1550747,2925,@SanjoyGhosh-sk5rk,Love from Kolkata West Bengal India,2,Tottenham Hotspur
EUROPA LEAGUE CHAMPIONS! 🏆 | Tottenham Hotspur 1-0 Man United | Highlights,20359,1053840,801,@spandyboy2871,Congratulations Tottenham,1,Tottenham Hotspur
Every Brennan Johnson goal of 2024/25!,1102,30898,90,@M.Es23,Johnson again,2,Tottenham Hotspur
TOTTENHAM HOTSPUR WIN THE EUROPA LEAGUE! | Post match scenes and trophy lift uncut,55747,1550747,2925,@1day4meals85,Good spurs,1,Tottenham Hotspur
Good morning to everyone who loves Tottenham Hotspur Football Club,6746,83361,228,@allthingsalbie6098,"Good morning 
COYS",2,Tottenham Hotspur
TOTTENHAM HOTSPUR WIN THE EUROPA LEAGUE! | Post match scenes and trophy lift uncut,55747,1550747,2925,@드래곤타이거JR,이게 쾌감이지 ~!!,0,Tottenham Hotspur
Europa League Final preparations | Behind the scenes of Tottenham Hotspur training in Bilbao,2912,92743,250,@KalebRichards-e5e,It's your time captain 🤍🏆,5,Tottenham Hotspur
Moments that will live forever 🏆,79089,1239813,890,@노추소,축하합니다,0,Tottenham Hotspur
"유로파리그 챔피언, 주장 손흥민 선수가 한국 팬분들에게 보내는 감사인사!",6172,156477,441,@럭키골든가이,울보 손흥민 너무 좋아~~~,0,Tottenham Hotspur
🤣🤣🤣,6091,292165,83,@rampaulontherampage8976,"The barefaced cheek after getting battered 4-1 by Brighton. OK, live off the UEFA win but next season,  I need to see better, starting with that manager,  Impostercogolu.👀🤷🏾‍♂️",1,Tottenham Hotspur
Tottenham Hotspur 1-2 Nottingham Forest | Premier League Highlights,7176,703086,352,@se78836,Useless Spuds couldn’t even do us a favour at home,0,Tottenham Hotspur
"(유로파리그 결승전) 미키의 결정적인 세이브, 직캠으로 만나보세요",11983,1566247,387,@nangi661,미키17 ㄷㄷㄷㄷ,10,Tottenham Hotspur
EUROPA LEAGUE CHAMPIONS! 🏆 | Tottenham Hotspur 1-0 Man United | Highlights,20359,1053840,801,@RoyKent-y4h,Stay humble of the world will humble you man utd forgot stay humble,0,Tottenham Hotspur
"Take it away, Vic!",10836,418545,147,@animeman90s,Pure mad man as good as lloris,1,Tottenham Hotspur
Dom IS the moment ✨✨✨,5057,109029,57,@lerinpaiva165,Pls win this cup 🤝🙏,9,Tottenham Hotspur
(유로파리그) 존슨의 전광석화 38초 골,307,18688,18,@다시이재명,"포로, 히샬, 존슨 합작품❤😊❤😊❤",3,Tottenham Hotspur
"Ryley's Dream - Magical reunion with Sonny, Ben Davies and his other Spurs heroes 🤍",4446,121396,259,@siiiiiuu7,Your early memories of football and your favorite players last a lifetime. Creating moments like this is one of the few things the club gets right,10,Tottenham Hotspur
Spurs in Bilbao 🇪🇸,4189,84229,191,@socafe9240,Ange is the only one wearing green. Thoughts?,1,Tottenham Hotspur
투게더 투 글로리,262,9305,10,@장동혁-m1y,COYS,4,Tottenham Hotspur
We may never stop,2878,53746,74,@쿨캣-y3i,잘 생겼다 🎉🎉🎉🎉🎉❤❤❤❤❤,4,Tottenham Hotspur
Lucas Bergvall. 2031.,2331,54139,55,@noblerichosseiberkoh9196,COYS 🎇 ❤,0,Tottenham Hotspur
From N17 to Frankfurt,946,18382,9,@tildogers,Whose here after 1-0,10,Tottenham Hotspur
🫶 사랑합니다,622,20161,22,@user-wtiohfscbnm,❤❤❤❤❤❤❤,3,Tottenham Hotspur
[PL 31R] EPL 첫 골을 기록하는 마티스 텔,174,14361,29,@말똥-n5s,마티스텔패 존슨 승  :  참는자가 승,1,Tottenham Hotspur
TOTTENHAM HOTSPUR WIN THE EUROPA LEAGUE! | Post match scenes and trophy lift uncut,55747,1550747,2925,@shakakarma7095,"I'm really happy for Sonny winning his first cup after 10 years of service. Well done, boys.  You did us proud",1,Tottenham Hotspur
These are the days ✨,5623,76193,74,@neois3,❤,2,Tottenham Hotspur
the vibes are vibing 🔥,21918,416512,382,@떠드아이,아니 니네 아직 우승 아니라고 ㅋㅋㅋㅋㅋ 그래도 보기에 좋다,19,Tottenham Hotspur
(유로파리그) 솔랑키의 득점 순간,431,12917,7,@ahn5368,"선수고 팬들이고 저렇게 좋아하는데 리그 처 박힌거 보면 저 감독은 더 이상 안 되겠다
리그랑 컵대회  두개를 다 못 하는 인간이군",0,Tottenham Hotspur
TOTTENHAM HOTSPUR EUROPA LEAGUE WINNERS TROPHY PARADE | LIVE,38132,1329896,75,@MuhammadHassan-jq8jp,I am feeling so happy daniel levy is our owner,1,Tottenham Hotspur
TOTTENHAM HOTSPUR WIN THE EUROPA LEAGUE! | Post match scenes and trophy lift uncut,55747,1550747,2925,@코헨-m3q,"토트넘 우승 축하해. 긴 기다림 끝에 얻은 트로피 감동이고,선수들과 관계자 여러분들 수고 많았어요.
우리 손흥민 선수 염원을 풀어 다행이고 우승 다시 한번 축하 합니다.",0,Tottenham Hotspur
(유로파리그) 🏆🎉,3424,136701,85,@dajinwe8343,저 트로피에 맥주부어 먹엇어야 햇는데😂😂,0,Tottenham Hotspur
다시 만난 동료 🤍,7668,477163,210,@dncidjej,요렌테 골은 솔찍히 아무리봐도 핸드볼 이자나 ㅋㅋㅋㅋㅋ 시부레 심판 아무리봐도 토트넘 광팬이였음,0,Tottenham Hotspur
Big love for the boss 🤍,3324,79168,38,@hnt0203,big boss~!!,7,Tottenham Hotspur
The time is now.,2761,52858,85,@Lorenzo-zq8dk,Go spurs ❤,1,Tottenham Hotspur
Moments that will live forever 🏆,79089,1239813,890,@justinonco1877,이럴때 쓰는 말인가 . 폭싹 속았수다,0,Tottenham Hotspur
유로파리그 우승 🏆 카 퍼레이드 스페셜 🏅,1227,21522,96,@MrHuni1003,우승 못했으면 어쩔뻔 ㅜㅜ 행복해라 쏘니,13,Tottenham Hotspur
TOTTENHAM HOTSPUR WIN THE EUROPA LEAGUE! | Post match scenes and trophy lift uncut,55747,1550747,2925,@armthaichannel1823,จากใจแฟนเชลซีนะ ผมอยากเห็นซอนได้แชมป์กับสเปอร์ส มานาน วันนี้เป็นวันที่ดีของพวกคุณจริงๆ พวกคุณสมควรได้รับมัน ยิดีด้วยครับ,208,Tottenham Hotspur
Make way for the CHAMPIONS🥳,31611,1069004,486,@소리-r2l,손짱구 😂😂😂,3,Tottenham Hotspur
차원이 다른 비수마의 바이브,3539,147033,182,@bjy9874,진짜 춤을 맛깔나게 춘다ㅋㅋㅋ,4,Tottenham Hotspur
A season like no other. Told by those who lived it. Coming soon.,6155,90308,137,@BenKmith,Will be waiting with bated breath. Wish we can get some charismatic shouts from sonny as well behind the lockers.,2,Tottenham Hotspur
🪫➡️🔋Warming up in Frankfurt!,1427,35813,58,@BawoJeremy,Where is son here,0,Tottenham Hotspur
"Take it away, gaffer 📣",6490,113101,152,@itsmeviqi,Zuperrr🎉🎉🎉,2,Tottenham Hotspur
차원이 다른 비수마의 바이브,3539,147033,182,@sopoong421,그라운드에서나 비행기에서나 토트넘에 꼭 필요한 존재 ㅋㅋ,5,Tottenham Hotspur
"결전의 땅, 빌바오 도착 📍",898,30085,81,@gimggo08,쏘니의 우승을 기원합니다,3,Tottenham Hotspur
Arrived for the final 👋,4709,125842,145,@thomascristancholopez,Thank You Tottenham you're the Best team 🤍,2,Tottenham Hotspur
Special. ✨⏪,3536,67425,56,@tigerd8133,소니한테 골 넣을 기회를 줘...,3,Tottenham Hotspur
HEUNG.MIN.SON.,12624,212847,238,@runon6151,"조롱과 비난이 난무하는 풍랑 속에서..오로지 자신에 대한, 팀에 대한 무엇보다 축구에 대한 믿음과 애정으로 묵묵히 헤쳐나와 이 자리에 선 당신,
자랑스러운 우리의 캡틴 손흥민👍👍👍👍👍",54,Tottenham Hotspur
(유로파리그) 행복한 라커룸,15553,1171422,414,@카오스-b6s,역시 남미 ㅋㅋㅋ 압도적  흥겨움 🎶🎵🎶🎵🎶🎵🎶🎵🎵🎵🎶🎶🎶🎵,2,Tottenham Hotspur
"Ryley's Dream - Magical reunion with Sonny, Ben Davies and his other Spurs heroes 🤍",4446,121396,259,@glsonny,흥민아 사랑해 우승가자~~~ 럽유💜,0,Tottenham Hotspur
There’s unreal vibes… then there’s Yves Bissouma vibes 🔊😁,26445,923195,487,@하아이-x4x,남미 아프리카 선수들이 흥이 많네요🎉,534,Tottenham Hotspur
TOTTENHAM HOTSPUR WIN THE EUROPA LEAGUE! | Post match scenes and trophy lift uncut,55747,1550747,2925,@linashop1357,❤❤❤❤❤❤❤❤❤❤❤❤❤❤❤❤❤❤❤❤❤❤❤❤❤❤❤❤❤❤❤❤❤❤❤❤,1,Tottenham Hotspur
N17 퍼레이드 현장,4281,180860,112,@GIF-ep8zm,"쏘니❤
축하합니다 
마음껏 이순간을 즐기고
누리시길🎉🎉🎉🎉🎉",4,Tottenham Hotspur
TOTTENHAM HOTSPUR WIN THE EUROPA LEAGUE! | Post match scenes and trophy lift uncut,55747,1550747,2925,@kenshinhimura5960,"As an Arsenal fan , I loved it cuz it was footballs victory.",1,Tottenham Hotspur
흥부자 미키 🕺,1810,70927,66,@주-q1x,덩실덩실😂,17,Tottenham Hotspur
(유로파리그) 행복한 라커룸,15553,1171422,414,@메텔언니,시가 흉내? ㅋㅋㅋㅋ,0,Tottenham Hotspur
Behind the scenes as Tottenham Hotspur WIN the Europa League! | MATCHDAY UNCUT,5484,161798,205,@dazza8389,"🇦🇺🇦🇺🇦🇺
The best manager in the comp 🏆",1,Tottenham Hotspur
Arrived back home as Champions 🥳,50672,626580,394,@FlorenceDirisu,He finally got his medals,0,Tottenham Hotspur
Moments like these!!,21036,325278,176,@Seol88297,Congraulations from South Korea! 🎉🎉🎉🎉,2,Tottenham Hotspur
올 시즌 최고의 득점 - 손흥민,723,13624,52,@윈스-x5f,손흥민을 메시랑 비교할순없지만 적어도 메시가 하고싶던 골기록을 손흥민이 성공해낸건 맞음.,6,Tottenham Hotspur
All of James Maddison's goals and assists from 2024/25!,692,21601,50,@LiamA20009,WHAT'S HAPPENING WITH ANGE?!,33,Tottenham Hotspur
SEMI-FINALS HERE WE GOOOO!!!!!,8063,180625,189,@고수정-s3u,"다들 너무 행복해한다..  내가 다 행복하다
이렇게 이기는 경기해야지.. 로메로 에너지 올라왔다..다음 경기도 기대한다~~^^",2,Tottenham Hotspur
Bilbao bound 🫡,6379,125436,221,@Costello-smith,Maddison and his pillow is iconic ✨,70,Tottenham Hotspur
“IT'S ALWAYS ABOUT WINNING” | Thomas Frank’s first interview as Tottenham Hotspur Head Coach,10265,233292,989,@cliveportelli3442,Finally welcome to our club COYS,15,Tottenham Hotspur
These are the days ✨,5623,76193,74,@해꿈-y2v,추카추카 👍🇰🇷🇰🇷🇰🇷🇰🇷,2,Tottenham Hotspur
Bilbao bound 🫡,6379,125436,221,@kb9072,COYS,0,Tottenham Hotspur
SpursTV 새로운 피디 : 미키,550,16811,14,@보니보니-f2t,반더벤 너무 좋아요!!,7,Tottenham Hotspur
Johnson AGAIN. On the biggest stage!,7640,382873,149,@Bigphillyclarkinho,Own goal?,1,Tottenham Hotspur
Found this gem in the camera roll 😂,9395,358618,126,@투혼-v2f,비수마 토트넘 오고 처음 한국 방문했을때 친구 없어서 혼자 헤드셋 끼고 다니면서 쭈구리였던 거 기억나서 더 웃김,2,Tottenham Hotspur
TOTTENHAM HOTSPUR WIN THE EUROPA LEAGUE! | Post match scenes and trophy lift uncut,55747,1550747,2925,@s_mtra,Build a statue of Sonny outside the stadium mate.,0,Tottenham Hotspur
(유로파리그) 다 같이 부르는 승리의 노래,1139,54348,22,@nalu4559,그저 빛 빛카리오 덕분에 우승했음,6,Tottenham Hotspur
“IT'S ALWAYS ABOUT WINNING” | Thomas Frank’s first interview as Tottenham Hotspur Head Coach,10265,233292,989,@Young-km9qq,No mention of Son,0,Tottenham Hotspur
SEMI-FINALS HERE WE GOOOO!!!!!,8063,180625,189,@thomasbrace5236,COYS ❤,0,Tottenham Hotspur
Team walk in Bilbao ✊,6277,187662,150,@KiênNguyễn-k8q,COYS COYS COYS 🔥🔥🔥🥇🏆💙🤍🐔,1,Tottenham Hotspur
Quickfire fan questions with Thomas Frank 🌟,4743,144878,143,@tr3pidatioN,"Finally a dane, talking positively about Morten Olsen <3",5,Tottenham Hotspur
"Morning, lads 👋",1640,33474,37,@프리롤-w7m,쏘니다,14,Tottenham Hotspur
"Take it away, Vic!",10836,418545,147,@paulclissold1525,Glory glory hellalujah,0,Tottenham Hotspur
Moments that will live forever 🏆,79089,1239813,890,@걸리면엔드바이GOGO,"유로파리그 우승컵을 중앙에서 한국선수가 번쩍들다 나 오늘은 운다.
흥민아 이제 그만 착하고
야무지게 살자.
남은 축구는 원업이 마음대로해라.",0,Tottenham Hotspur
😘,13345,428472,208,@강토토-g3n,우리의손 찐짜 좋아군요😊😊😊,3,Tottenham Hotspur
"(유로파리그) 챔피언스리그, 우리가 간다!",13165,1032570,536,@뽀쥬릴키프소,무어는 옷을 거꾸로 입었네 😁,1,Tottenham Hotspur
"""Now we need to do our best to become serial winners"" Thomas on building on our winning culture",1383,26221,36,@GoeyGT,Second yido !,3,Tottenham Hotspur
"다른 각도에서 바라본, 결승골의 순간!",960,50270,19,@휘발유입니다,좐슨 !!!! 🎉 걀승골 goallllllllllllll🎉🎉🎉🎉,1,Tottenham Hotspur
Sonny lifts the trophy in N17! 🏆,28018,686932,479,@미뇽미뇽88,쏘니 진짜 고생 많았다 내가 이꼴을 보려고 그렇게나 혈압이 올랐구나 네가 행복하니 다 되었다 멋져 우리 캡틴코리아❤❤❤,0,Tottenham Hotspur
WE SURE DID,10316,387232,100,@MandelaBoyZ,❤❤❤❤❤,3,Tottenham Hotspur
(유로파리그 결승전) 토트넘 홋스퍼 1 : 0 맨체스터 유나이티드 // 2분 하이라이트 // 현지 해설,1918,218956,174,@윤창현-l1x,축하드립니다 😱👍,0,Tottenham Hotspur
TOTTENHAM HOTSPUR WIN THE EUROPA LEAGUE! | Post match scenes and trophy lift uncut,55747,1550747,2925,@juliusmanlaia,Congratulation,0,Tottenham Hotspur
Arrived back home as Champions 🥳,50672,626580,394,@dragznerf5718,Finally son get medal😂,0,Tottenham Hotspur
Full-time scenes across the globe 🔥 Europa League win went worldwide 🤩,6539,115823,231,@MrAnatta0,ไม่มีไทย,0,Tottenham Hotspur
"유로파리그 챔피언, 주장 손흥민 선수가 한국 팬분들에게 보내는 감사인사!",6172,156477,441,@weihuali6513,쏘니 마음고생많이했을텐데 극복하고 우성 해줘서 너무 감사해요 역시 쏘니 최고입니다 사랑합니다 늘응원할게요 저도 너무 행복해요❤❤❤,5,Tottenham Hotspur
For Madders 🤍🎯,3456,65210,41,@JoelMedina-sr1ts,"You can do it, Spurs!!!",21,Tottenham Hotspur
Wilson's first Premier League goal for Spurs 🤍,3407,100571,36,@Zteeezy,Starboy,20,Tottenham Hotspur
Interview | Daniel Levy and Vinai Venkatesham,2630,97167,580,@JoshMoriarty-k1s,Vinai is the next puppet. Why do you have to say that you don’t always agree?,0,Tottenham Hotspur
A season like no other. Told by those who lived it. Coming soon.,6155,90308,137,@budzzmusic,"Unbelievable, find it weird to say champions of Europe but here we are, love this club, love this team, and I love ange! Let’s keep it going, season 3 is better than season 2",1,Tottenham Hotspur
Who was your unsung hero of 2024/25? 🦸‍♂️,1430,31335,67,@laurellejoseph4223,Pape Sarr always overlooked,0,Tottenham Hotspur
"(유로파리그) SpursTV,  손흥민 인터뷰",2332,38065,178,@KyuChulSeo,정말 정말 축하합니다 손흥민 선수~!!!!,0,Tottenham Hotspur
투게더 투 글로리,262,9305,10,@Cp094S,COYS,2,Tottenham Hotspur
Big moments in Europe 💫,2455,56138,31,@Kartika_Putri-r8o,Mantap 🐓,0,Tottenham Hotspur
“IT'S ALWAYS ABOUT WINNING” | Thomas Frank’s first interview as Tottenham Hotspur Head Coach,10265,233292,989,@granty1954,I've waited 2 years for this genius to arrive. I'm absolutely DELIGHTED.,2,Tottenham Hotspur
TOTTENHAM HOTSPUR WIN THE EUROPA LEAGUE! | Post match scenes and trophy lift uncut,55747,1550747,2925,@mrmal15,One of the best days in my life 😊,0,Tottenham Hotspur
(유로파리그 결승전) 토트넘 홋스퍼 1 : 0 맨체스터 유나이티드 // 2분 하이라이트 // 현지 해설,1918,218956,174,@미션임파셔블,"쏘니가 결승골을 넣었으면 좋아겠지만,,,
그래도 우승해서 좋다🎉🎉🎉",0,Tottenham Hotspur
So… has anyone checked in on Shakira lately?,3628,92997,51,@THUNDERNATION2025,Love it,0,Tottenham Hotspur
Behind the scenes at Thomas Frank's first day as Tottenham Hotspur Head Coach,6613,281974,539,@pauly741,We need to get behind him and trust him COYS ❤,43,Tottenham Hotspur
Straight to business 😤 Brennan strikes in 38 seconds 🎯,2430,77488,19,@bellakim7277,상대가 수준이 좀 낮으면 잘하는것처럼 보임.....사실은 PL 하위권...,0,Tottenham Hotspur
EUROPA LEAGUE CHAMPIONS! 🏆 | Tottenham Hotspur 1-0 Man United | Highlights,20359,1053840,801,@jshazammm,Van de Ven’s clearance is seriously one of the greatest I’ve ever seen!!!🫨🫨🫨😲😊💙😊💙🤗👏👏👏,0,Tottenham Hotspur
TOTTENHAM HOTSPUR WIN THE EUROPA LEAGUE! | Post match scenes and trophy lift uncut,55747,1550747,2925,@Luthelonedude17,Hehe both son and kane are happy now😊😊😊,0,Tottenham Hotspur
the vibes are vibing 🔥,21918,416512,382,@BucBoydy,"We haven't won it yet, lads.",36,Tottenham Hotspur
TOTTENHAM HOTSPUR EUROPA LEAGUE WINNERS END OF SEASON LAP OF APPRECIATION | LIVE,4250,231908,143,@mauritsbol4806,Honestly a fitting way end the season. 4-1 I just want us to get top 24 in the group stage. From there take it one step at a time,9,Tottenham Hotspur
“IT'S ALWAYS ABOUT WINNING” | Thomas Frank’s first interview as Tottenham Hotspur Head Coach,10265,233292,989,@andrewsutton3610,"Really looking forward to this. He did a great job at Brentford with, arguably, a squad that isn't as good as this one.",5,Tottenham Hotspur
RICHARLISON REPLIES TO YOUR COMMENTS 😱 // ADMIN RICHARLISON,765,18698,47,@the_union_jack,😂,0,Tottenham Hotspur
"결승전에 이르기까지, 토트넘의 순간들",256,8638,4,@강토토-g3n,"이기자❤❤❤❤
토트넘 😊😊😊😊",4,Tottenham Hotspur
N17에서 우승 트로피를 들어올리는 손흥민!,6386,201025,190,@KkK-ej4im,손흥민 말년에 결국 들어올리네 고생했다,2,Tottenham Hotspur
Brothers 🥹,4723,66689,100,@ChristyAdetola,World record for world longest hug ?,3,Tottenham Hotspur
🤍🤍🤍,3229,65227,66,,COYS👍🏆🎊🎉🎊🎊🎉,17,Tottenham Hotspur
(유로파리그) 🏆🎉,3424,136701,85,@jaxjaxpoppy,흥쌤 몇번을 꺾노 ㅋㅋㅋㅋㅋ,2,Tottenham Hotspur
Sonny lifts the trophy in N17! 🏆,28018,686932,479,@Pupple350,쏘니 무겁겠다 하루종일 들고 있어야 되가지고ㅋㅋㅋㅋㅋ 우승 축하❤,4,Tottenham Hotspur
COYS!! Let’s Go!,1251,20938,21,@Yamal-Editz-19,We are going to the semie final 🥳🥳🥳🥳🥳🥳🥳,10,Tottenham Hotspur
EUROPA LEAGUE CHAMPIONS! 🏆 | Tottenham Hotspur 1-0 Man United | Highlights,20359,1053840,801,@KW.191,We all have wings 😂,0,Tottenham Hotspur
Wolves 4-2 Tottenham Hotspur | Premier League Highlights,2718,251187,319,@paulphiri836,Honestly I'm done with this team... Too young for this...,1,Tottenham Hotspur
Team walk in Bilbao ✊,6277,187662,150,@코네티컷-c5w,Sonny!!!❤❤❤🎉🎉🎉,12,Tottenham Hotspur
"(유로파리그 결승전) 미키의 결정적인 세이브, 직캠으로 만나보세요",11983,1566247,387,@엔도르,CENTERBACK GOAT,2,Tottenham Hotspur
Travel behind the scenes with Tottenham Hotspur to train in the Arctic Circle!,1189,43592,101,@M_K_S17,Lets go spurs!!!!!,0,Tottenham Hotspur
One final time this season 🏆,42529,230042,38,@LucasPlaysFN,Is this whole comment section just bots,2,Tottenham Hotspur
TOTTENHAM HOTSPUR WIN THE EUROPA LEAGUE! | Post match scenes and trophy lift uncut,55747,1550747,2925,@ThomasKim0128,"그동안 무관이었던 케인도 뮌헨에서 컵 올리고 , 손도 컵을 들었네.. 축하..",0,Tottenham Hotspur
유로파리그 경기를 앞둔 이 주의 팀 트레이닝 🔥,65,3500,18,@유이-c1p,훈련 없는거 보니 유로파 홈경기도 못나오나보네.,3,Tottenham Hotspur
차원이 다른 비수마의 바이브,3539,147033,182,@soso4557,언어가 없네 이거슨 본능,0,Tottenham Hotspur
"(유로파리그 결승전) 토트넘의 벽, 미키 판 더 펜",1058,57555,42,@user-dc8io4se6r,이게 정말 크긴했다 ㅋㅋ,67,Tottenham Hotspur
2차전 준비 🔥,58,2933,2,@농구-b1e,"Won
2-1 (5-2)",0,Tottenham Hotspur
Behind the scenes at Spurs' Europa League winners lap of appreciation 🏆,1748,43768,78,@최은경-q9t,🏆🎉🎉🎉👏👏👏,1,Tottenham Hotspur
HEUNG.MIN.SON.,12624,212847,238,@wellzeee1987,Arguably the greatest player weve ever had.,0,Tottenham Hotspur
Behind the scenes at Thomas Frank's first day as Tottenham Hotspur Head Coach,6613,281974,539,@yjlee8446,"I saw a plan to use it only for making money during the tour and then throw son away,
it will probably be the first club to be booed in the history of the tour",0,Tottenham Hotspur
(유로파리그) 행복한 라커룸,15553,1171422,414,@DK-cd2tm,우승못했으면 어쩔뻔했냐 ㅋㅋㅋㅋㅋㅋㅋ 개웃곀ㅋㅋㅋ,0,Tottenham Hotspur
Moments that will live forever 🏆,79089,1239813,890,@이상훈-f2t,개 멋있다 🏆 🎉,42,Tottenham Hotspur
TOTTENHAM HOTSPUR WIN THE EUROPA LEAGUE! | Post match scenes and trophy lift uncut,55747,1550747,2925,@dantaliawolesh1668,COYS❤🤍❤🤍,0,Tottenham Hotspur
One final time this season 🏆,42529,230042,38,@superrrbaek,언제까지 들고 댕길거야ㅋㅋㅋㅋㅋㅋ,6,Tottenham Hotspur
Waka Waka getting some serious streams,39443,781994,178,@minwookim5449,베리발이 진짜 금발 백인 미남계보긴하지 아직 어리니 성장만 잘해서 잉글 국대급 성장 하면 저 얼굴로도 스타성은 자리 잡을텐데,0,Tottenham Hotspur
프랑크푸르트로 떠난 스퍼스 ✈️💪,61,2101,16,@뉴비트보호-s7e,"감사합니다. 정말 감사합니다..,..이제 제발 이 오랜 무관이란 딱지를 없애게 해주세요…….ㅠㅠㅠㅠㅠㅠㅠ",1,Tottenham Hotspur
TOTTENHAM HOTSPUR WIN THE EUROPA LEAGUE! | Post match scenes and trophy lift uncut,55747,1550747,2925,@우수한-w4m,눈물난다 ㅜㅜ,1,Tottenham Hotspur
We dared. We dreamt. WE DID IT!!! 🏆,7187,141636,103,@markyruss,"Decades of torture finally pays off.. well done Ange, your family must be so proud of you, we are as fans, ❤❤ Thank you 🙏",0,Tottenham Hotspur
24 hours to go 🤍,4256,96223,99,@edinacamden4346,Sorry I don’t have a good feeling about this.,0,Tottenham Hotspur
(유로파리그) 손흥민의 이마에 생긴 영광의(?) 상처,7292,213386,214,@안찬수-m1s,토트넘 우승!!!,0,Tottenham Hotspur
Inside Tottenham Hotspur training ahead of the Europa League semi-final!,690,19864,69,@daigustoemeral3710,Yall showed pretty much no passion in that training session,0,Tottenham Hotspur
Together to Glory.,2890,46587,71,@GARGAMELLATRONS,COYS COYS COYS COYS🐓🐓💙🤍,2,Tottenham Hotspur
A season like no other. Told by those who lived it. Coming soon.,6155,90308,137,@장미-o2h,손흥민 쏘니님 언제봐도 멋지십니다 화이팅💖💛💙,2,Tottenham Hotspur
OLE OLEEEEEE 🤪,6052,206948,68,@lottobegi,축하해요 토트넘!!!❤❤❤🎉🎉🎉 그동안 고생했어요!!! 모두들 축제를 즐겨요!!!,13,Tottenham Hotspur
We dared. We dreamt. WE DID IT!!! 🏆,7187,141636,103,@DrowningForward,"I heard ""let's skibidi what he can do""",1,Tottenham Hotspur
There’s unreal vibes… then there’s Yves Bissouma vibes 🔊😁,26445,923195,487,@justiceforall8861,남미 바이브 지리네 ㅎㅎ,1,Tottenham Hotspur
(유로파리그 결승전) 토트넘 홋스퍼 1 : 0 맨체스터 유나이티드 // 2분 하이라이트 // 현지 해설,1918,218956,174,@김대희-t7f2o,"이번 시즌 맨유에 처음과 마지막으로 골을 넣은 선수가 존슨이네..
존슨도 시즌 초에 비판 많이 받았는데, 결국 이겨내서 우승에 큰 기여했다..
존슨 선수 고생많았고 축하해요!",8,Tottenham Hotspur
Arrived back home as Champions 🥳,50672,626580,394,@대한민국-r6q,고생했어 모두😂😂 사랑을 전한다 최고 선물이야🥇🤣,0,Tottenham Hotspur
💯 appearances for Pedro Porro 👏,1890,39120,32,@Yungeggy-s3e,26 minutes ago🎉🎉,1,Tottenham Hotspur
(유로파리그) 승리의 라커룸!,1569,99330,79,@soohyunlee4482,아니 뽕짝 틀어 논줄 알았네 ㅋㅋㅋㅋㅋㅋㅋ,6,Tottenham Hotspur
“I love this club. The best decision I ever made was joining this club.” - 🤍Madders,6955,262056,72,@bigkahunauk1,"They’ve done it again,
They’ve done it again,
Tottenham Hotspur,
They’ve done it again 

😂😂😂",1,Tottenham Hotspur
Sonny lifts the trophy in N17! 🏆,28018,686932,479,@green-h8e,"쏘니 덕분에 귀한 광경을 보게되네
귀하다귀해 흥민아 자랑스럽다 한국인이라는게 더",0,Tottenham Hotspur
히샬리송이 직접 댓글을 달아드립니다. ADMIN 히샬리송,158,4172,34,@qorwldnjs,히샬리송 슈퍼컵때도부탁할게,1,Tottenham Hotspur
Spurs in Bilbao 🇪🇸,4189,84229,191,@Bigcatplayz,COYS!!!! ❤❤❤❤❤,1,Tottenham Hotspur
An atmosphere for the history books ✨,3132,78099,56,@GerardMcCabe-sh2xv,Best fans in the land,0,Tottenham Hotspur
TOTTENHAM HOTSPUR WIN THE EUROPA LEAGUE! | Post match scenes and trophy lift uncut,55747,1550747,2925,@Natasha-f3i2u,I’m happy for Son the most. What a loyal servant to the club! Now he’s a true legend of it.❤❤❤❤❤❤,118,Tottenham Hotspur
Europa League Final preparations | Behind the scenes of Tottenham Hotspur training in Bilbao,2912,92743,250,@user-bf9bf1tq6h,COME ON YOU SPURS,0,Tottenham Hotspur
TOTTENHAM HOTSPUR WIN THE EUROPA LEAGUE! | Post match scenes and trophy lift uncut,55747,1550747,2925,@chizaram1445,Here for Heung-min! So happy for him 😢,2,Tottenham Hotspur
Vibes 🆙,6333,190875,103,@vrushkam,supercalifragilisticexpialidocious,2,Tottenham Hotspur
😘,13345,428472,208,@eg-wp5mw,😊아구 귀여워 😍,3,Tottenham Hotspur
EUROPA LEAGUE CHAMPIONS! 🏆 | Tottenham Hotspur 1-0 Man United | Highlights,20359,1053840,801,@Baconsad_122,harry kane will see this,0,Tottenham Hotspur
TOTTENHAM HOTSPUR WIN THE EUROPA LEAGUE! | Post match scenes and trophy lift uncut,55747,1550747,2925,@rafritarezeki,❤❤❤❤❤,0,Tottenham Hotspur
Never getting over this feeling 🤩,2036,55045,37,@ClaudiaJuarez-nb8hr,Crazy 🤣🤣🤣🎉❤,0,Tottenham Hotspur
One of the best NLDs ever? | Tottenham Hotspur 3-0 Arsenal | Classic Premier League Highlights,3104,254460,177,@Cecil-yc6mc,Kane under Ange would have been amazing,0,Tottenham Hotspur
TOTTENHAM HOTSPUR WIN THE EUROPA LEAGUE! | Post match scenes and trophy lift uncut,55747,1550747,2925,@littleM26,I love this club. 🤍,0,Tottenham Hotspur
these dressing room scenes on repeat,105468,1723000,324,@romp1022,"역시, 태극기 젤 이뻐~❣️",66,Tottenham Hotspur
마칭 온!!! 🎤🎶🎵,3505,136713,62,@8253blue,손흥민 자랑스러워요 손흥민의  눈물 값진눈물 전세계를 울렸네요 많은선수들에게도 가슴울림을 줬어요,14,Tottenham Hotspur
Make way for the CHAMPIONS🥳,31611,1069004,486,@Deoknaldo,ㅋㅋㅋㅋ국뽕ㅋㅋㅋㅋㅋㅋ비트 지렸다 ㅋㅋㅋㅋㅋ 손쪽이같네,0,Tottenham Hotspur
Time to get to work.,1252,39081,11,@adz-138,good win boys,4,Tottenham Hotspur
Arrived at Villa Park! 👋,1167,37578,28,@roseaneneves6669,Richarlison ♥️ ♥️,0,Tottenham Hotspur
EUROPA LEAGUE CHAMPIONS! 🏆 | Tottenham Hotspur 1-0 Man United | Highlights,20359,1053840,801,@KabeloLopang,Bravo🎉🎉,0,Tottenham Hotspur
SANDRO SANDRO GIVE US A SONG 🎶🔥,2585,74777,29,@X25_Fut.gerbal,Please pin first comment,4,Tottenham Hotspur
24 hours to go 🤍,4256,96223,99,@GustavoHenriqueOlegario,Coys,2,Tottenham Hotspur
(유로파리그) 🏆🎉,3424,136701,85,@코아-m2t,울 쏘니 최고의 캡틴 최고의 선수❤❤❤,11,Tottenham Hotspur
🥹🥹🥹,21149,698867,198,@johnneilson190,Great scenes for Tottenham Hotspurs.,51,Tottenham Hotspur
TOTTENHAM HOTSPUR WIN THE EUROPA LEAGUE! | Post match scenes and trophy lift uncut,55747,1550747,2925,@wealthy-mind,축하해~~멋지다 우리의 영원한 주장 흥미니❤,3,Tottenham Hotspur
Wilson's first Premier League goal for Spurs 🤍,3407,100571,36,@JoLaw-g5j,COYS! Who else is excited for the big game on Thursday? 🤘,13,Tottenham Hotspur
“We did something special!” | All the reaction to Spurs' Europa League win!,5355,157326,333,@maxdonaldmc6734,"0708 league cup : young-pyo lee🇰🇷

2425 Europa cup : sonny🇰🇷

Who's the next??
Yang🇰🇷??😊😊

오늘만큼은 한국인인게 자랑스러운 토트넘 팬입니다. 
내년 챔피언스리그 우승 가즈아~~",5,Tottenham Hotspur
"유로파리그 챔피언, 주장 손흥민 선수가 한국 팬분들에게 보내는 감사인사!",6172,156477,441,@furuteru3,자랑스러운 유일한 한국인 주장! 흥민이형 축하축하!!❤❤,7,Tottenham Hotspur
THIS MAN 😍,4172,133203,78,@Wh1zz.-mf5xe,"Micky van de ven, VAN DE VEN, MICKY VAN DE VENN",1,Tottenham Hotspur
EUROPA LEAGUE FINALISTS! | Bodo/Glimt 0-2 Tottenham Hotspur (1-5 agg) | Highlights,3822,258938,136,@RealAX08,"Congratulations tottenham, now win this final! ❤",9,Tottenham Hotspur
TOTTENHAM HOTSPUR WIN THE EUROPA LEAGUE! | Post match scenes and trophy lift uncut,55747,1550747,2925,@yusijak8392,"레전드.. 인정합니다.
토트넘, 손흥민. 

정 떼고 있었는데. 이렇게 붙잡혔네요 하하.
감동적입니다.",0,Tottenham Hotspur
There’s unreal vibes… then there’s Yves Bissouma vibes 🔊😁,26445,923195,487,@timbrandt4981,Clowns,0,Tottenham Hotspur
Good morning to everyone who loves Tottenham Hotspur Football Club,6746,83361,228,@1962pedro,"so much joy happiness and passion and pride on show last night, there’s no denying what this result meant to those warriors who saved their performance of the season to when it really mattered 💪💪💪. let’s go all the way now COYS !!!!!",15,Tottenham Hotspur
Interview | Daniel Levy and Vinai Venkatesham,2630,97167,580,@ianlancaster7084,Get some ‘proven’ players in!!! 🤷🏻‍♂️,0,Tottenham Hotspur
안녕하세요 코리아 🇰🇷,567,12824,60,@소소라이프,손흥민 언급해줘요 빨리 급하다구요,0,Tottenham Hotspur
The greatest Champions League semi-final ever? | Ajax 2-3 Tottenham Hotspur | Classic Highlights,7005,425693,544,@leewhite82,It wasnt even the best semi final of the week!,0,Tottenham Hotspur
N17 SCENES 🤩,30958,766310,351,@4leafhyun,sonny 🎉,8,Tottenham Hotspur
Nothing but legends everywhere we look 🤩,6970,241828,99,@키릴루스,진짜 멋있다~~~~~,16,Tottenham Hotspur
TOTTENHAM HOTSPUR EUROPA LEAGUE WINNERS END OF SEASON LAP OF APPRECIATION | LIVE,4250,231908,143,@Helen-en2jw,"Congratulations 🎊 👏 💐 🥳 
You are the champions 🏆 🥇 
Love ya Sony 😘 💗",24,Tottenham Hotspur
the vibes are vibing 🔥,21918,416512,382,@kyu9135,포로가 진짜 핵인싸임 ㅋㅋ....,0,Tottenham Hotspur
🤣🤣🤣,6091,292165,83,@waiyanpaing-n9m,🎉🎉🎉🎉🎉🎉🎉🎉🎉🎉,2,Tottenham Hotspur
Found this gem in the camera roll 😂,9395,358618,126,@cypjsf,쏘니가 팀을 원팀으로 만들었구나😊 분위기 넘 좋아,75,Tottenham Hotspur
유로파리그 2차전을 앞둔 팀 트레이닝 💪,389,11259,66,@쏘니러비,감독부터 코칭스탭까지 능력이 없는것같다,6,Tottenham Hotspur
Sonny lifts the trophy in N17! 🏆,28018,686932,479,@이모나나,폭죽아 정신차려!!딱딱 맞춰야지 타이밍,0,Tottenham Hotspur
Interview | Daniel Levy and Vinai Venkatesham,2630,97167,580,@joefurlong5252,I'm just here for the red wine banter,0,Tottenham Hotspur
Sonny lifts the trophy in N17! 🏆,28018,686932,479,@youngjinlee8841,글로리 글로리 토트넘 핫스퍼~ 쏘니 너무 축하합니다 진심으로 응원했습니다!!,7,Tottenham Hotspur
Behind the scenes at Thomas Frank's first day as Tottenham Hotspur Head Coach,6613,281974,539,@sevenhenson3926,How long will he last 😂😅,0,Tottenham Hotspur
Why did Lucas Bergvall sign a new contract at Spurs? | He's here to stay 😍,1094,25503,93,@mellingtonmells,Well at least some good news! :),0,Tottenham Hotspur
Behind the scenes at Thomas Frank's first day as Tottenham Hotspur Head Coach,6613,281974,539,@cwdrummeruk,I like him,1,Tottenham Hotspur
Ready for the second leg 🔥,911,18579,44,@ruibento9840,When we play soccer we travel everywhere my friends did in Portugal,0,Tottenham Hotspur
다시 만난 동료 🤍,7668,477163,210,@khj2031,요렌테다 반가워 너무 멋찌네 여전히 행복했겠다❤,11,Tottenham Hotspur
빌바오에서 들리는 아름다운 노래,1102,28971,41,@sonheungminfan77,"🤍COYS🤍
토트넘 할 수 있다!
우승해보자..!! ❤️‍🔥❤️‍🔥
토트넘 화이팅!🤍",43,Tottenham Hotspur
🤣🤣🤣,6091,292165,83,@Bobalobs2213,Bros got so much aura,129,Tottenham Hotspur
"Tottenham Hotspur 3-1 Bodø/Glimt | UEL Semi-Final Highlights  | Johnson, Maddison, Solanke goals",5963,350174,213,@mareteshadrack9244,"COYS, You got one job to do in the final....to win Against Ruben Amorim and Manchester united",1,Tottenham Hotspur
This from Biss 🥹,2013,34046,39,@jonathanblackman2509,BISS!!!!,2,Tottenham Hotspur
"(유로파리그 결승전) 미키의 결정적인 세이브, 직캠으로 만나보세요",11983,1566247,387,@고구마8,반더 벤 저거 하고 못일어날까봐 조마조마했다 증말,0,Tottenham Hotspur
The Europa League Champions are heading back to London ✈️,21921,787604,309,@TV-qy2lp,히샬...MCM??ㅎㅎ;;,0,Tottenham Hotspur
the vibes are vibing 🔥,21918,416512,382,@Hojbjerg2046,"win it, you have to.",4,Tottenham Hotspur
Sonny lifts the trophy in N17! 🏆,28018,686932,479,@힘을내자-k3d,트로피 돌아가며 한명씩 다들게 해주지?,0,Tottenham Hotspur
Europa League champions checking in 🫡,5566,154104,72,@wade33333,😮,1,Tottenham Hotspur
TOTTENHAM HOTSPUR WIN THE EUROPA LEAGUE! | Post match scenes and trophy lift uncut,55747,1550747,2925,@janek9888,결국 쟁취해낸 손흥민 선수 멋지다!! 우승 진심으로 축하합니다❤,145,Tottenham Hotspur
TOTTENHAM HOTSPUR WIN THE EUROPA LEAGUE! | Post match scenes and trophy lift uncut,55747,1550747,2925,@nayannembang109,Congratulations ❤❤🎉🎉🎉,0,Tottenham Hotspur
Found this gem in the camera roll 😂,9395,358618,126,@truth....isgood,❤ sonny thanks😂😂,0,Tottenham Hotspur
"Take it away, Vic!",10836,418545,147,@퉁퉁퉁퉁퉁퉁퉁사후르,8빠,0,Tottenham Hotspur
For those Spurs fans who are no longer with us 🤍,6613,110576,157,@darkorder7994,"RIP to all spurs fans who past away. Gone but never forgotten. Legends never die. We know you guys joined in the celebrations up in the clouds above. In our hearts forever. This video also made me have tears in my eye.
Live, laugh, love, pray and respect.
COYS",3,Tottenham Hotspur
Special moments 🥰,7362,222410,141,@Wt_tt,"Despite the struggles, he led the team to a Champions League qualification and a Europa League triumph",28,Tottenham Hotspur
Moments like this 🤍,7788,121936,109,@margarethoy7538,Well done Ange and the boys❤,4,Tottenham Hotspur
여기까지 다 함께 🤍,631,12840,18,@SeongjaeWi-cw9wb,COYS!,1,Tottenham Hotspur
Every Heung-Min Son goal and assist of the season,4216,140042,259,@sienna8297,쏘니가 득점 많이 할 수있게 전술 짜주세요 제발. 🙏,0,Tottenham Hotspur
Waka Waka getting some serious streams,39443,781994,178,@무하이-z2z,레오나르도 디카프리오 리즈시절 같노,2,Tottenham Hotspur
(유로파리그) 도미닉 솔랑키의 멋진 PK 득점,112,6034,1,@짱구짱-i8l,부상 아니라 해라....,0,Tottenham Hotspur
"유로파리그 챔피언, 주장 손흥민 선수가 한국 팬분들에게 보내는 감사인사!",6172,156477,441,@voyoyo100,축하해 진심으로,10,Tottenham Hotspur
"(유로파리그 결승전) 토트넘의 벽, 미키 판 더 펜",1058,57555,42,@김은영-c6p,두골 막았네요 와이 갑자기 눙물이😭,6,Tottenham Hotspur
Special delivery 🫡,7549,217316,122,@Whoiswhoosh,POV you forgot the captain band,0,Tottenham Hotspur
Behind the scenes at Thomas Frank's first day as Tottenham Hotspur Head Coach,6613,281974,539,@teamtempest844,Who's the one selling the Nike training tops then 😂,0,Tottenham Hotspur
TOTTENHAM HOTSPUR WIN THE EUROPA LEAGUE! | Post match scenes and trophy lift uncut,55747,1550747,2925,@bekhamPreyz305,See as tears wants to drop. Well done guys,0,Tottenham Hotspur
"(유로파리그) 챔피언스리그, 우리가 간다!",13165,1032570,536,@NOS7_,"챔스 예행연습  ㅋㅋ
그레이 너무 귀엽다 ㅋㅋㅋㅋㅋ",37,Tottenham Hotspur
24 hours to go 🤍,4256,96223,99,@RouxJenner,COYS 🔥⚽️,0,Tottenham Hotspur
EUROPA LEAGUE CHAMPIONS! 🏆 | Tottenham Hotspur 1-0 Man United | Highlights,20359,1053840,801,@Psycho-lz2uy,COYS,0,Tottenham Hotspur
Make way for the CHAMPIONS🥳,31611,1069004,486,@1sobre2,Legend,10,Tottenham Hotspur
A goal-line clearance that will be remembered forever.,15254,692709,294,@manineverywhere,"I hope Micky is okay😢
Great save fr",0,Tottenham Hotspur
🤩🤩🤩,15854,507069,238,@rusmagdenko8346,Поздравляю ❤🎉😊😅,3,Tottenham Hotspur
There’s unreal vibes… then there’s Yves Bissouma vibes 🔊😁,26445,923195,487,@michaelholland4756,Lost 22 league games....😂,0,Tottenham Hotspur
(유로파리그) 행복한 라커룸,15553,1171422,414,@loserkeke,zㅋㅋㅋㅋㅋㅋㅋㅋ,0,Tottenham Hotspur
Make way for the CHAMPIONS🥳,31611,1069004,486,@rachelwhitmarsh6263,😂😂😂😂 sonny bro,65,Tottenham Hotspur
these dressing room scenes on repeat,105468,1723000,324,@Jordanthegamer53,COYS,2,Tottenham Hotspur
"(유로파리그) 결승골의 순간, 직캠으로 만나보세요!",2709,152159,52,@비밀-c8g,해줄때 해주는 대존슨,5,Tottenham Hotspur
TOTTENHAM HOTSPUR WIN THE EUROPA LEAGUE! | Post match scenes and trophy lift uncut,55747,1550747,2925,@Tutle308,"Brennen Johnson has been class this whole tournament, thank you 🙏",2,Tottenham Hotspur
Interview | Daniel Levy and Vinai Venkatesham,2630,97167,580,@leerowlands1837,"Talk is cheap Daniel! Will you deliver what you have just preached, prove it to us all, prove your ambition, be the difference & make it happen... 
Coys ⚽",0,Tottenham Hotspur
Vibes 🆙,6333,190875,103,@풍댕이아빠-i5e,멋지다!!,2,Tottenham Hotspur
these dressing room scenes on repeat,105468,1723000,324,@miluasmr_,MHD CHAMPIONS LEAGUE 😎 BOSS,0,Tottenham Hotspur
"24/25 시즌, 손흥민의 모든 골과 어시스트",424,7455,28,@aiPopcorn21,🎉🎉🎉🎉,0,Tottenham Hotspur
N17 SCENES 🤩,30958,766310,351,@spotthedod,"Well done lads, so proud of you all❤",4,Tottenham Hotspur
원정 경기 응원단 분위기 🔥,129,4571,4,@jykim9854,The vibes man,0,Tottenham Hotspur
🤣🤣🤣,6091,292165,83,@mawardirahman11,What the mean Djed 😅,2,Tottenham Hotspur
유로파리그 결승전을 앞둔 쏘니 캠+ (손흥민과 선수들 직캠),597,17896,87,@OwO-tb4nz,"세트피스 훈련같은디
솔랑케 히샬 투톱 나올라나",1,Tottenham Hotspur
Coin Fork Challenge: 2025/26 Edition 🤣,3988,76453,88,@Scartexxz12,More money spent than Levy😂,0,Tottenham Hotspur
"(유로파리그) 챔피언스리그, 우리가 간다!",13165,1032570,536,@user-lh6fq5hg7u,ㅈㄴ 희안한 팀임 ㅋㅋ,378,Tottenham Hotspur
"유로파리그 챔피언, 주장 손흥민 선수가 한국 팬분들에게 보내는 감사인사!",6172,156477,441,@근폭남,이런영상말고 해명영상이나 올려라,0,Tottenham Hotspur
😘,13345,428472,208,@경희신-i4g,우리 쏘니 애교가 어머님 닮았구나,0,Tottenham Hotspur
앞으로도 @premierleague 에서 많은 골을 넣어주세요 🙏,73,5290,5,@Marusche,됐고 꽃미남 단소나 올려주십쇼,0,Tottenham Hotspur
Tottenham Hotspur 1-1 Eintracht Frankfurt | Europa League Highlights,3271,194224,98,@AlexKaranja-k5u,Man U should really consider signing Ekitike,0,Tottenham Hotspur
How has it been a week already 🥺,5855,141309,74,@mattjacko08,Every1 else still watching and re-watching these videos daily? 😂,218,Tottenham Hotspur
TOTTENHAM HOTSPUR WIN THE EUROPA LEAGUE! | Post match scenes and trophy lift uncut,55747,1550747,2925,@PurplelonerYT,CONGRATS TO SPURS FROM A LIVERPOOL FAN HERE ❤❤❤❤🤍🤍🤍🤍🤍🤍,0,Tottenham Hotspur
차원이 다른 비수마의 바이브,3539,147033,182,@이브몽-g7v,졸리 잘노네 ㅋㅋ,2,Tottenham Hotspur
Wolves 4-2 Tottenham Hotspur | Premier League Highlights,2718,251187,319,@Warriors..570,I think ange is not premier league level 😢,2,Tottenham Hotspur
Tottenham Hotspur 0-2 Crystal Palace | Premier League Highlights,1351,121825,134,@danikim15,Hope Kulu is okay because without a creative midfielder we look absolutely shocking,30,Tottenham Hotspur
"(유로파리그) 결승골의 순간, 직캠으로 만나보세요!",2709,152159,52,@qwert-u6g,ㅋㅋ 1열 관중 남학생들 부둥켜 안다 넘어졌는데 괜찮으실까?,0,Tottenham Hotspur
🤩🤩🤩,15854,507069,238,@nolan7219,Manchester,1,Tottenham Hotspur
Aston Villa 2-0 Tottenham Hotspur | Premier League Highlights,3225,331459,207,@dans2971,Battle of the Crayon Eaters = Europa League final.,1,Tottenham Hotspur
(유로파리그) 모두가 기다렸던 🏆! 영원히 기억에 남을 순간,11882,619650,290,@user-nw6dk8nm4v,아시아 패싱 안당하는법 = 1번으로 들어올리기,0,Tottenham Hotspur
"Morning, lads 👋",1640,33474,37,@soonhwajung5081,"우와~~!!Sonny🤩
느므느므 반가워요! 콩콩💙🤭
아프지 말고 기쁜일 많~~~~이 생기길요🙏",13,Tottenham Hotspur
Moments that will live forever 🏆,79089,1239813,890,@amranhossain7831,sonny deserves it with Spurs 🔥♥️,0,Tottenham Hotspur
the vibes are vibing 🔥,21918,416512,382,@조운-s2q,"탈압박,패스장인 이강인영입해라, 공격진 어디에도 쓸수있고 미들도 가능.",0,Tottenham Hotspur
TOTTENHAM HOTSPUR WIN THE EUROPA LEAGUE! | Post match scenes and trophy lift uncut,55747,1550747,2925,@zzzeee8110,토트넘의 우승을 진심으로 축하 합니다.  정말 행복한 하루 였습니다. 앞으로도 건승을 기원합니다.,0,Tottenham Hotspur
these dressing room scenes on repeat,105468,1723000,324,@NexxensYT,😂😂😂😂😂😂🏳🏳🏳🏳🏳🏳✨✨ enjoy it boys you deserve it come on you spurs,0,Tottenham Hotspur
“IT'S ALWAYS ABOUT WINNING” | Thomas Frank’s first interview as Tottenham Hotspur Head Coach,10265,233292,989,@WartimeEchoes,Welcome Thomas!,0,Tottenham Hotspur
😘,13345,428472,208,@trudekjelby611,Come on you spurts wohow❤❤🎉🎉,2,Tottenham Hotspur
Tottenham Hotspur v Man United | Europa League Final Match Preview,854,50421,92,@tanzinahoque4463,COYS 🤍🇧🇩🤍,2,Tottenham Hotspur
"(유로파리그) SpursTV,  손흥민 인터뷰",2332,38065,178,@Ddd-zg8iu,잘생긴 이마 상처 어쩔겨 😅,1,Tottenham Hotspur
24 hours to go 🤍,4256,96223,99,@jbhoosier07,COYS To Dare is to DO!,0,Tottenham Hotspur
Full-time scenes across the globe 🔥 Europa League win went worldwide 🤩,6539,115823,231,@AA-ke5bd,17th.,0,Tottenham Hotspur
"""가장 중요한 것은 승리"" 토마스 프랑크 감독의 첫 인터뷰",148,5658,50,@shshsh1821,한글자막 참 고마운데.. 이래놓고 내한한 후에 쏘니 이적하면.,3,Tottenham Hotspur
The greatest Champions League semi-final ever? | Ajax 2-3 Tottenham Hotspur | Classic Highlights,7005,425693,544,@ragefilled,Argentina vs France 2022 > This game,0,Tottenham Hotspur
THE ROAD TO THE FINAL! | Every game of Spurs' Europa League campaign,5715,414914,218,@mkf628,🏆,1,Tottenham Hotspur
Europa League Final preparations | Behind the scenes of Tottenham Hotspur training in Bilbao,2912,92743,250,@zawnaing2190,Come on united ❤,0,Tottenham Hotspur
Moments like this 🤍,7788,121936,109,@olster5288,Good to see that tel loves the fans and the club hopefully he stays,96,Tottenham Hotspur
FREED FROM DESIRE 🏆,36225,924720,169,@aaronw5882,is   tottenham  hostspur   aaron   whittington,1,Tottenham Hotspur
"(유로파리그 결승전) 미키의 결정적인 세이브, 직캠으로 만나보세요",11983,1566247,387,@kainseo,이야~~ 언제봐도 캥거루킥 미쳤다 ㅋㅋㅋㅋ,0,Tottenham Hotspur
Let’s gooooo,5750,149802,83,@HOB14,Son in Fortnite is crazy❤❤❤❤❤❤❤❤❤❤❤❤,1,Tottenham Hotspur
"유로파리그 챔피언, 주장 손흥민 선수가 한국 팬분들에게 보내는 감사인사!",6172,156477,441,@이은희-h2x3k,축하해요 ~^^,6,Tottenham Hotspur
Every Brennan Johnson goal of 2024/25!,1102,30898,90,@ehsduwk26,johnSON again ole oleeee,13,Tottenham Hotspur
(유로파리그 결승전) 토트넘 홋스퍼 1 : 0 맨체스터 유나이티드 // 2분 하이라이트 // 현지 해설,1918,218956,174,@Kkukkuga,수비 미쳤다,4,Tottenham Hotspur
Let’s gooooo,5750,149802,83,@eathantownsend229,Nothing to do with the video but… WHY DID YOU SACK ANGE,7,Tottenham Hotspur
N17 SCENES 🤩,30958,766310,351,@samsby14,Well done Tottenham from a Toon fan 🏆,6,Tottenham Hotspur
There’s unreal vibes… then there’s Yves Bissouma vibes 🔊😁,26445,923195,487,@232ggtt,비수마 팬티 좀 제발 어떻게 해줘 ㅎㅎ,0,Tottenham Hotspur
🤩🤩🤩,15854,507069,238,@이민구-e8w,지금까지 히샬리송의 메달 먹방이었습니다.,1,Tottenham Hotspur
It's the Luca Williams-Barnett show 😍 | Tottenham Hotspur Goal of the Month | April 2025,255,7642,16,@adzski1999,my club 😭😭😭😭😭,1,Tottenham Hotspur
Make way for the CHAMPIONS🥳,31611,1069004,486,@user-ii6jn9cm6o,아니 흥민아 그건 국대 응원이잖아 ㅋㅋ,0,Tottenham Hotspur
유로파리그 2차전을 앞둔 팀 트레이닝 💪,389,11259,66,@토트넘캡틴쏘니,목숨 걸고 이번 경기 해라.  이번 시즌 제일 빅 게임 이다.,9,Tottenham Hotspur
(유로파리그) 손흥민의 이마에 생긴 영광의(?) 상처,7292,213386,214,@jumil1013,트로피가 쏘니 이마에 도장 꾹 찍었네  😂,0,Tottenham Hotspur
Behind the scenes as Tottenham Hotspur WIN the Europa League! | MATCHDAY UNCUT,5484,161798,205,@quocbaodo23709,"From Vietnam with love, COYS",2,Tottenham Hotspur
Moments that will live forever 🏆,79089,1239813,890,@mafr_SONA,이뤄낼줄 알았습니다!!,0,Tottenham Hotspur
챔피언스리그로!,3087,181892,169,@lucky2820,"토트넘 내년 챔스, 1도 기대안된다.ㅋㅋㅋㅋ",0,Tottenham Hotspur
We may never stop,2878,53746,74,@4footballEdxtz,Don't stop! cuz we're on top!😂❤,0,Tottenham Hotspur
"유로파리그 챔피언, 주장 손흥민 선수가 한국 팬분들에게 보내는 감사인사!",6172,156477,441,@alyssa7293,하고 싶은거 다 해 쏘니❤❤❤❤❤,0,Tottenham Hotspur
유로파리그 우승컵 트로피 세레모니,1584,40192,67,@kim.kangsoong,진심으로 축하합니다!!,4,Tottenham Hotspur
유로파리그 결승전을 앞둔 쏘니 캠+ (손흥민과 선수들 직캠),597,17896,87,@qwertji3276,"온 우주의 기운으로 쏘니가 극장골 넣고 우승하는 역사적인 날이 되기를.
된다.된다. 꼭 그렇게 된다. 우승한다!",27,Tottenham Hotspur
Arrived back home as Champions 🥳,50672,626580,394,@johnm7185,Champions. Need I say more,1,Tottenham Hotspur
(PL 38R) 토트넘 홋스퍼 1 : 4 브라이튼 앤 호브 알비온 // 2분 하이라이트 // 현지 해설,44,3878,22,@____ghost,대진운부터도 그렇고 그냥 모든 타이밍과 운이 말도 안되게 따라줬던 것 뿐 냉정하게 봤을 때 실력적으로 어느 대회에서 우승할 수 있는 팀이 아니었음 일단 감독부터 시작해서 이번 기회에 대대적이 변화를 만들어야 다음 시즌부터라도 살아날 기회가 생길텐데 이대로 우승뽕에 취해서는 감독 그대로 가고 영입도 안하고 하면 또 다시 강등권 싸움하게 될거라고 예상됨,8,Tottenham Hotspur
Behind the scenes at Thomas Frank's first day as Tottenham Hotspur Head Coach,6613,281974,539,@equalitypeace1695,Makes a change from brentfords training facilities 😅,0,Tottenham Hotspur
Spurs in Bilbao 🇪🇸,4189,84229,191,@koop5365,COYFS,0,Tottenham Hotspur
A goal-line clearance that will be remembered forever.,15254,692709,294,@Tomtuckey,Super-Micky! This man bossed it!,4,Tottenham Hotspur
TOTTENHAM HOTSPUR WIN THE EUROPA LEAGUE! | Post match scenes and trophy lift uncut,55747,1550747,2925,@soulhk,축하해 손흥민!,0,Tottenham Hotspur
Sonny lifts the trophy in N17! 🏆,28018,686932,479,@dong-wonkang6733,얼마나 달까 저 역경의 끝에 열매,0,Tottenham Hotspur
“IT'S ALWAYS ABOUT WINNING” | Thomas Frank’s first interview as Tottenham Hotspur Head Coach,10265,233292,989,@ytacc8610,Start of another 2 year cycle (if he’s lucky). Let’s see what his tenure brings.,0,Tottenham Hotspur
Every Heung-Min Son goal and assist of the season,4216,140042,259,@BornRe-s5g,"토트넙 vs psg  
.토트넘 win",0,Tottenham Hotspur
Behind the scenes at Spurs' Europa League winners lap of appreciation 🏆,1748,43768,78,@Michm-b4m,He is the greatest legend,3,Tottenham Hotspur
Moments that will live forever 🏆,79089,1239813,890,@Frostymcnugget,Son deserves this more than anyone❤,1,Tottenham Hotspur
"""가장 중요한 것은 승리"" 토마스 프랑크 감독의 첫 인터뷰",148,5658,50,@dukim8009,이놈 고의적으로 소니 이름 언급을 안하네 레비나 감독이 소니를팔고 다른윙어를 구하려는듯,2,Tottenham Hotspur
Watch this.,4315,122004,52,@JAC88676,An 8 iron from Pedro. Great from Micky to Vicky. COYS!!!!,2,Tottenham Hotspur
TOTTENHAM HOTSPUR WIN THE EUROPA LEAGUE! | Post match scenes and trophy lift uncut,55747,1550747,2925,@Ashleyshabalala,"Congratulations to spurs, Son  the best ,he kept fighting till the dreams turn to reality ❤",0,Tottenham Hotspur
These are the days ✨,5623,76193,74,@sysy1269,"감독님 주장 부주장 부상에 언론에 부담감도 크고 맘고생 많이 했을텐데 이렇게 대답해주네 
LEGEND👍🥳👏",2,Tottenham Hotspur
Behind the scenes at Thomas Frank's first day as Tottenham Hotspur Head Coach,6613,281974,539,@FilmsByTom,Quickly realised he wasn't gonna get a good game of table tennis there...,0,Tottenham Hotspur
TAKE A VOW 🤍,3605,57652,163,@aep5727,COYS COYS UNTIL I DIE. Support from the US.,9,Tottenham Hotspur
TOTTENHAM HOTSPUR EUROPA LEAGUE WINNERS TROPHY PARADE,3734,85845,197,@SpiderMan-g1b,COYSSSSS,0,Tottenham Hotspur
💯 appearances for Pedro Porro 👏,1890,39120,32,@joaspl9420,I hope they win europa league,8,Tottenham Hotspur
올 시즌 최고의 득점 - 손흥민,723,13624,52,@1aye55-g7g,"클루셉간첩스키  안나오니까 우승하겠네
우승컵들고 이적하자 손흥민아니면 쳐다도안볼 괘씸한팀",2,Tottenham Hotspur
🥹🥹🥹,21149,698867,198,@TheComment2011,I thought his kid would have had Daddy'son on the back of his shirt lol,1,Tottenham Hotspur
EUROPA LEAGUE CHAMPIONS! 🏆 | Tottenham Hotspur 1-0 Man United | Highlights,20359,1053840,801,@JVJ1206,Pure magic,2,Tottenham Hotspur
Bilbao bound 🫡,6379,125436,221,@watikwezakaulembe7188,Counting on you guys ❤all the best,3,Tottenham Hotspur
Through to the semi-finals! | Eintracht Frankfurt 0-1 Tottenham Hotspur | Europa League Highlights,4448,264270,168,@gadget00,I hope Tottenham can finally raise some silverware this year. Looks pretty doable! Go Spurs!,0,Tottenham Hotspur
Dom IS the moment ✨✨✨,5057,109029,57,@Hotspur_fever_1882,Richarlison fully passionate ❤,4,Tottenham Hotspur
Never getting bored of this song 🕺,10727,424265,174,@MGH-urofa,ㅋㅋ 그래도 유로파 우승했으니 한잔들 거하게 하시네들 ㅋㅋ,3,Tottenham Hotspur
Every Heung-Min Son goal and assist of the season,4216,140042,259,@peta75189,How many goal and assist this season?,0,Tottenham Hotspur
Sonny takes on Archie Gray and Ben Davies in a unique game of Monopoly!,1340,37833,63,@_mefra9514,I miss you Sonny,4,Tottenham Hotspur
Johnson AGAIN. On the biggest stage!,7640,382873,149,@daehwakim3076,사르도 잘했고 존슨도 정말 잘했다❤,75,Tottenham Hotspur
(유로파리그) 행복한 라커룸,15553,1171422,414,@dokeunkyung,리듬감 지린다ㅋㅋ,2,Tottenham Hotspur
"결전의 땅, 빌바오 도착 📍",898,30085,81,@-zy3st701,배리발 매디슨 복귀 ㅅㅅㅅㅅ랭크셔는 또 언제 임대복귀했데,0,Tottenham Hotspur
the vibes are vibing 🔥,21918,416512,382,@SandraandBryan,Oh what a night COYS thanku to all BELIEVE 💙⚽️💙,4,Tottenham Hotspur
(유로파리그) 모두가 기다렸던 🏆! 영원히 기억에 남을 순간,11882,619650,290,@derellashin1890,"이바지를 좀 했더라면 저게 더 감격스러웠을텐데.. 
솔직히 버스 탄 느낌이라...",0,Tottenham Hotspur
(유로파리그) 모두가 기다렸던 🏆! 영원히 기억에 남을 순간,11882,619650,290,@panama2424,축하드립니다 🎉 🎉 🎉,0,Tottenham Hotspur
“IT'S ALWAYS ABOUT WINNING” | Thomas Frank’s first interview as Tottenham Hotspur Head Coach,10265,233292,989,@ernestprakasa,"I can feel great days coming. Make us proud, Thomas. ❤",1,Tottenham Hotspur
Sonny takes on Archie Gray and Ben Davies in a unique game of Monopoly!,1340,37833,63,@moongjjang7777,💙 Sonny 💙,29,Tottenham Hotspur
Team walk in Bilbao ✊,6277,187662,150,@rheakim8602,드라구신 다 나은건가?,0,Tottenham Hotspur
Every Tottenham Hotspur goal that won the Europa League!,1672,56567,99,@PersianHotspur,Every tap in,0,Tottenham Hotspur
TOTTENHAM HOTSPUR WIN THE EUROPA LEAGUE! | Post match scenes and trophy lift uncut,55747,1550747,2925,@user-wonderful,Son 🎉🎉🎉손흥민 너무 축하하고 감사합니다 🎉🎉🎉,0,Tottenham Hotspur
Moments that will live forever 🏆,79089,1239813,890,@okekekelly1300,Congratulations Spursy,0,Tottenham Hotspur
Moments that will live forever 🏆,79089,1239813,890,@이재훈-c1w,🎉🎉🎉🎉🎉🎉🎉🎉🎉 고생했네 역사에 남을거야 아스날 놈들 이제 뭐라고 못하겠네,0,Tottenham Hotspur
Spurs in Bilbao 🇪🇸,4189,84229,191,@COYS-e4c,Bring it home,2,Tottenham Hotspur
SEMI-FINALS HERE WE GOOOO!!!!!,8063,180625,189,@장혁-q2e2d,국가의 보물 지구의 보물 손흥민 선수 영원히 응원 합니다,0,Tottenham Hotspur
(유로파리그) 모두가 기다렸던 🏆! 영원히 기억에 남을 순간,11882,619650,290,@노을-n5y,귀엽다 ㅎㅎㅎㅎ,0,Tottenham Hotspur
"Tottenham Hotspur 3-1 Bodø/Glimt | UEL Semi-Final Highlights  | Johnson, Maddison, Solanke goals",5963,350174,213,@jeremaiahrajee285,They need to score  the second leg against bodo at least 2 goals do not  underestimate them ..,0,Tottenham Hotspur
There’s unreal vibes… then there’s Yves Bissouma vibes 🔊😁,26445,923195,487,@sholakim,90년대 한국 관광버스인줄😆😆😆,67,Tottenham Hotspur
챔피언스리그로!,3087,181892,169,@결마로,근데 리그 17위로 챔스 가는건 역대 최초일려나?,0,Tottenham Hotspur
Two best friends who are now Europa League champions together 🥹,8073,377854,65,@delroyallen688,what a joy omg i love these youth nuff respect to them each on every body that support tottenham,3,Tottenham Hotspur
😘,13345,428472,208,@sienna8297,나이가 몇인데 이렇게 귀엽냐고 😂😂,10,Tottenham Hotspur
A true legend 🤍,6078,110652,113,@Moca-mint,여자친구 가 이쁘게 생겼내요❤❤,0,Tottenham Hotspur
TOTTENHAM HOTSPUR WIN THE EUROPA LEAGUE! | Post match scenes and trophy lift uncut,55747,1550747,2925,@saksit.kp.,❤แชมป์แล้วทีมรัก🎉🎉ไก่เดือยทอง❤ucl😊😊😊เยี่ยมมาก❤❤❤,0,Tottenham Hotspur
Europa League Final preparations | Behind the scenes of Tottenham Hotspur training in Bilbao,2912,92743,250,@lawnmowermike6209,COYS 🤍,0,Tottenham Hotspur
One of our own 🫶,2098,33689,52,@davidjabon508,InvertTheWing,1,Tottenham Hotspur
Set for the semis.,893,15887,20,@Teeexoxic,COYS💙🤍💙🤍 cmon spurs we got this ⚽️⚽️🤍💙,3,Tottenham Hotspur
EUROPA LEAGUE FINALISTS! | Bodo/Glimt 0-2 Tottenham Hotspur (1-5 agg) | Highlights,3822,258938,136,@GeorgeFotei,YESS LET’S GO BOYSS🔥,1,Tottenham Hotspur
Moments that will live forever 🏆,79089,1239813,890,@KouassaCOULIBALY,Harry KANE is writing,0,Tottenham Hotspur
Aston Villa 2-0 Tottenham Hotspur | Premier League Highlights,3225,331459,207,@tum_officialcz1,Kinsky,0,Tottenham Hotspur
"유로파리그 챔피언, 주장 손흥민 선수가 한국 팬분들에게 보내는 감사인사!",6172,156477,441,@Diamond-son7,🎉⚽️ 🏆 🥳👍😭👏👏👏,0,Tottenham Hotspur
Behind the scenes as Spurs prepare for Aston Villa | Inside Training,744,22577,49,@milk1383,브레넌 존슨 계속 훈련 땐 태극7 신네 ㅋㅋㅋㅋㅋㅋㅋㅋㅋㅋㅋㅋㅋㅋㅋㅋㅋㅋㅋㅋㅋ,0,Tottenham Hotspur
Final preparations for Frankfurt! | Inside Tottenham Hotspur training,1850,59496,253,@user-ds9er7xl1u,自分を捨てろ‼全員ソンフンミンの為に走れ‼,1,Tottenham Hotspur
미키 미키 💙,889,38781,25,@MinheeJeong-v5p,미키가 진짜 크게 될 것 같음.......진짜 ㅁㅊ놈임......미키가 거의 2골 넣은 격,2,Tottenham Hotspur
“IT'S ALWAYS ABOUT WINNING” | Thomas Frank’s first interview as Tottenham Hotspur Head Coach,10265,233292,989,@brianpeacock-lc4du,We are all excited boss welcome COYS,0,Tottenham Hotspur
The greatest Champions League semi-final ever? | Ajax 2-3 Tottenham Hotspur | Classic Highlights,7005,425693,544,@홍준성-w7c,다시 한번 기적이 벌어져서 유로파 리그 우승하길 기원합니다 God Bless You Spurs ♥,3,Tottenham Hotspur
TOTTENHAM HOTSPUR EUROPA LEAGUE WINNERS TROPHY PARADE,3734,85845,197,@pyrogian,tottenham fans from all round world appreciate u big love❤❤❤❤,14,Tottenham Hotspur
the vibes are vibing 🔥,21918,416512,382,@신하빈-v7r,호들갑 떨지 말고 결승에서 이기고 해라,0,Tottenham Hotspur
"(유로파리그 결승전) 미키의 결정적인 세이브, 직캠으로 만나보세요",11983,1566247,387,@권창순-r8t,잘 막았다,0,Tottenham Hotspur
Behind the scenes at Thomas Frank's first day as Tottenham Hotspur Head Coach,6613,281974,539,@deanoandsidekickhubble,"I'm a Liverpool fan, and this has to be the best training centre in World football. It's on another level just like your stadium!",2,Tottenham Hotspur
Tottenham Hotspur 1-2 Nottingham Forest | Premier League Highlights,7176,703086,352,@kadya1712,A game between a 400-million-players-worth top club (3rd place) and a 850-million outsider (16th place)...,5,Tottenham Hotspur
(유로파리그) 모두가 기다렸던 🏆! 영원히 기억에 남을 순간,11882,619650,290,@arch5938,우리를 이렇게 기쁘게 해주어서 정말 고맙다! 앞으로 행축만 하길👏👏🎊🏆🍀🌈,0,Tottenham Hotspur
유로파리그 결승전 매치데이 언컷!,503,9999,30,@경섭이사랑해요,손흥민 ❤,1,Tottenham Hotspur
Behind the scenes at Thomas Frank's first day as Tottenham Hotspur Head Coach,6613,281974,539,@Henry-b9e1d,Welcome to the Great Dane - make our club great again!,12,Tottenham Hotspur
Make way for the CHAMPIONS🥳,31611,1069004,486,@NightEast,유관쏜님 신나셨어 ㅋㅋㅋㅋㅋ,21,Tottenham Hotspur
Unboxing our 2025/26 home shirt 😮‍💨,3035,84743,69,@markmaskelyne,Y AIA can just mk it hv it in DARK BLUE.,0,Tottenham Hotspur
영원히 기억될 이 날,3464,197080,47,@grace-m7x3h,모두 귀엽고 사랑스럽네요❤🎉🎉🎉🎉🎉,45,Tottenham Hotspur
TOTTENHAM HOTSPUR WIN THE EUROPA LEAGUE! | Post match scenes and trophy lift uncut,55747,1550747,2925,@terangterusyuk,Indonesia turut bangga pada Sonny,0,Tottenham Hotspur
Waka Waka getting some serious streams,39443,781994,178,@까미-i7p,토트넘은 다들 잘생겼어 ㅋㅋㅋ,10,Tottenham Hotspur
Every Brennan Johnson goal of 2024/25!,1102,30898,90,@TheRomanticpanda,"He's a player who finds good goal-scoring positions inside the box, but that's about it. He's a winger who doesn't dare to take on defenders and almost never dribbles past anyone.

Is this really the level of quality we need?",0,Tottenham Hotspur
“IT'S ALWAYS ABOUT WINNING” | Thomas Frank’s first interview as Tottenham Hotspur Head Coach,10265,233292,989,@xze23,Give him time this guy is a gem of a coach,0,Tottenham Hotspur
Let me Tel you something. Mathys is here to stay 🙌,2376,48585,71,@Spursandstuff,🥶,4,Tottenham Hotspur
Clinical.,1837,34509,29,@Chan-sg2io,"존슨🎉🎉🎉🎉❤
손흥민🎉🎉🎉🎉❤",1,Tottenham Hotspur
챔피언스리그로!,3087,181892,169,@user-uf5iz1qd7d,강등하고 챔스 우승하자 ㅋㅋㅋㅋㅋㅋㅋ,0,Tottenham Hotspur
"Ryley's Dream - Magical reunion with Sonny, Ben Davies and his other Spurs heroes 🤍",4446,121396,259,@chaeheeyoo142,You are such a brilliant human being  Sonny ❤,0,Tottenham Hotspur
TOTTENHAM HOTSPUR WIN THE EUROPA LEAGUE! | Post match scenes and trophy lift uncut,55747,1550747,2925,@cindylee6487,대한민국 손흥민 선수👍🏻👍🏻👍🏻 자랑스러워요!,1,Tottenham Hotspur
Tottenham Hotspur v Bodo/Glimt | Europa League Match Preview,538,34422,64,@samueldjc24,COYSSS 🤍🤍🤍,1,Tottenham Hotspur
TOTTENHAM HOTSPUR WIN THE EUROPA LEAGUE! | Post match scenes and trophy lift uncut,55747,1550747,2925,@lisajoseph6133,Come onnn😊,0,Tottenham Hotspur
"4월, 이 달의 득점 수상자는 페드로 포로 입니다.",119,6193,5,@hamsterdooboo,다좋은데.. 왜공격수 셋이 외곽에서 어그로끌고 수비수를 침투시키냐ㅋㅋ,0,Tottenham Hotspur
Full-time scenes across the globe 🔥 Europa League win went worldwide 🤩,6539,115823,231,@XDanimalzX,Yall forgot LA Spurs!!!,0,Tottenham Hotspur
써프라이즈 🎉,403,10614,4,@왕눈이-b5h,우승 컵ㅊㅋㅊㅋ❤❤쏘니,0,Tottenham Hotspur
Vibes 🆙,6333,190875,103,@조은정-e9e,We won~~~~~~~~~~~~~~~~~~ 🏆 🥇 🏆🥇🏆🥇 victory ✌️ ✌️✌️🎉🎉🎉🎉🎉🎉🎉🎉🎉🎉❤️❤️❤️❤️❤️❤️❤️❤️❤️❤️😍😍😍😍😍😍😍😍😍😜😜😜😜😜😜😜😜씬~~~~나~~~~,0,Tottenham Hotspur
😘,13345,428472,208,@user-lf2,꺄악~~😍😍😍,7,Tottenham Hotspur
EUROPA LEAGUE CHAMPIONS! 🏆 | Tottenham Hotspur 1-0 Man United | Highlights,20359,1053840,801,@Nixxin-e3k,Congratulations Tottenham Hostpur,2,Tottenham Hotspur
Found this gem in the camera roll 😂,9395,358618,126,@김기영-y1h6n,ㅋㅋ,3,Tottenham Hotspur
Behind the scenes at Thomas Frank's first day as Tottenham Hotspur Head Coach,6613,281974,539,@MJShamone-i2f,"I have a very good feeling about this guy, I think he’ll be successful at the club and I wish him well 👍",1,Tottenham Hotspur
TOTTENHAM HOTSPUR WIN THE EUROPA LEAGUE! | Post match scenes and trophy lift uncut,55747,1550747,2925,@sachimo6073,더 큰 보상을 받아야 마땅한 우리의 소니.축하한다.,0,Tottenham Hotspur
Final preparations for Frankfurt! | Inside Tottenham Hotspur training,1850,59496,253,@gudbeatzent4665,This why you play at big level pressure to deliver COYS 💪,0,Tottenham Hotspur
The greatest Champions League semi-final ever? | Ajax 2-3 Tottenham Hotspur | Classic Highlights,7005,425693,544,@MultiVince95,Wednesday 8th May 2019,1,Tottenham Hotspur
(유로파리그) 모두가 기다렸던 🏆! 영원히 기억에 남을 순간,11882,619650,290,@이인성-y4m,어제부터 영상볼때마다 울컥하네,14,Tottenham Hotspur
“IT'S ALWAYS ABOUT WINNING” | Thomas Frank’s first interview as Tottenham Hotspur Head Coach,10265,233292,989,@markshaz8691,"Welcome Thomas, let’s all get behind the manager, that goes for you too Levy, giving him a job is just the beginning.  BACK HIM!!",1,Tottenham Hotspur
These are the days ✨,5623,76193,74,@Ravinrv7,Well deserved ❤,4,Tottenham Hotspur
Moments like these!!,21036,325278,176,@douglaswidodo7996,Congratulation Tottenham Hotspur 🏆⚽🐓🏆,25,Tottenham Hotspur
Tottenham Hotspur v Bodo/Glimt | Europa League Match Preview,538,34422,64,@AJfromthePOD_online,Play ajayi.,0,Tottenham Hotspur
(유로파리그) 모두가 기다렸던 🏆! 영원히 기억에 남을 순간,11882,619650,290,@jaitakor,저때 머리쪘음😢,9,Tottenham Hotspur
Johnson AGAIN. On the biggest stage!,7640,382873,149,@delroyallen688,great past from son to sarr them wonderful finish Johnson,0,Tottenham Hotspur
Arrived back home as Champions 🥳,50672,626580,394,@파란시민,한나님도 열일 하고 계시네요 😊,0,Tottenham Hotspur
“IT'S ALWAYS ABOUT WINNING” | Thomas Frank’s first interview as Tottenham Hotspur Head Coach,10265,233292,989,@chinmaygore9781,lessgooo…we love him!,12,Tottenham Hotspur
Spurs Just Dropped Their 2025/26 Home Kit!,1846,57157,194,@zuruboy7,Where is cap?,13,Tottenham Hotspur
TOTTENHAM HOTSPUR WIN THE EUROPA LEAGUE! | Post match scenes and trophy lift uncut,55747,1550747,2925,@nightcalyx,😭😭,0,Tottenham Hotspur
TOTTENHAM HOTSPUR EUROPA LEAGUE WINNERS TROPHY PARADE,3734,85845,197,@paulclarkson5850,Class ❤,2,Tottenham Hotspur
The Europa League Champions are heading back to London ✈️,21921,787604,309,@8090-h4h,분위기 이대로 챔스까지 가자!,1,Tottenham Hotspur
TOTTENHAM HOTSPUR WIN THE EUROPA LEAGUE! | Post match scenes and trophy lift uncut,55747,1550747,2925,@OLLEMORMIR,"Тиффози Шпор с победой.
Дождались🏆
Чем то похожи они  с Ромой в плане своей трофейной  истории😄",0,Tottenham Hotspur
TOTTENHAM HOTSPUR WIN THE EUROPA LEAGUE! | Post match scenes and trophy lift uncut,55747,1550747,2925,@dannylin8236,"Son,Sony Finally you win your Deserved .your my Hero. We Love you.",8,Tottenham Hotspur
Next stop: Bodø 🇳🇴,1868,44423,100,@아기파덕,2차에도 못나온다고?,0,Tottenham Hotspur
Moments like this 🤍,7788,121936,109,@Huntersonboy,🎉🎉🎉,1,Tottenham Hotspur
A goal-line clearance that will be remembered forever.,15254,692709,294,@Petrof51,V. Well written. Enjoyed! ☺️,0,Tottenham Hotspur
Tottenham Hotspur 0-2 Crystal Palace | Premier League Highlights,1351,121825,134,@check2000,"Big Ange baby, the goat!",3,Tottenham Hotspur
Travel behind the scenes with Tottenham Hotspur to train in the Arctic Circle!,1189,43592,101,@lapprentice,"We are considerably lucky. Apparently they have a ""heat wave"" hitting Bodo, so the temperature is now hotter than usual for the local. It is going to be 7C to 10C. Lol, perfect for us. At least there won't be snowing or icing to deal with.",75,Tottenham Hotspur
다시 만난 동료 🤍,7668,477163,210,@깍페라떼,요렌테의 골반,0,Tottenham Hotspur
From N17 to Frankfurt,946,18382,9,@Elitefootball-9876,Coys,3,Tottenham Hotspur
Sonny's surprise 🥹,3247,59137,47,@chinese.爱来自Tottenham,nice,0,Tottenham Hotspur
흥부자 미키 🕺,1810,70927,66,@JayKay0901,앜ㅋㅋㅋㅋㅋ어떡해 미키에 푹 빠져서 현생불가,1,Tottenham Hotspur
차원이 다른 비수마의 바이브,3539,147033,182,@jaedol-e3g,한국이였으면 안전벨트 안했다고 매장당했을듯 ㅋㅋ,0,Tottenham Hotspur
THE ROAD TO THE FINAL! | Every game of Spurs' Europa League campaign,5715,414914,218,@wibbers01,"I was at the Frankfurt game (tbf, I was at most of the home games o fthis campaign. The Frankfurt game was the most frustating one of the whole campaign, So many chances and it ended 1-all.",0,Tottenham Hotspur
"유로파리그 챔피언, 주장 손흥민 선수가 한국 팬분들에게 보내는 감사인사!",6172,156477,441,@가은김-w6f,너무축하드립니다 ㅠ ㅠ ㅠ,0,Tottenham Hotspur
"Ryley's Dream - Magical reunion with Sonny, Ben Davies and his other Spurs heroes 🤍",4446,121396,259,@Captain-No.7,라일리 많이 좋아진거 같아서 너무 기뻐요 언제나 건강하고 행복하기를🙏🙏🙏👍👍👍❤️❤️❤️,167,Tottenham Hotspur
Bilbao bound 🫡,6379,125436,221,@windrider6124,Madders travelling but not playing surely?,0,Tottenham Hotspur
Interview | Daniel Levy and Vinai Venkatesham,2630,97167,580,@majidabdi8018,great,0,Tottenham Hotspur
Team walk in Bilbao ✊,6277,187662,150,@rikazelshaarawy3031,In sha Allah Will win 🏆🤞🤍,3,Tottenham Hotspur
The greatest Champions League semi-final ever? | Ajax 2-3 Tottenham Hotspur | Classic Highlights,7005,425693,544,@flynod,Everytime I watch this I cry... emotions and joy... COYS!! from a longtime Spurs fan from Switzerland COYS!,4,Tottenham Hotspur
Interview | Daniel Levy and Vinai Venkatesham,2630,97167,580,@HighLineOrBust,"Unless this becomes a regular thing I’m not sold, but happy to give Vinai a chance to clean up Levy’s mess of a relationship with the fans.",1,Tottenham Hotspur
"Take it away, Vic!",10836,418545,147,@wellzeee1987,2 massive saves as good as goals,1,Tottenham Hotspur
TOTTENHAM HOTSPUR WIN THE EUROPA LEAGUE! | Post match scenes and trophy lift uncut,55747,1550747,2925,@colan263,Waited so many years... I can't help to cry and smile at the same time..,1,Tottenham Hotspur
Liverpool 5-1 Tottenham Hotspur | Premier League Highlights,3898,496070,257,@snakeviper3,Wtf was udogie doing in this game😭,0,Tottenham Hotspur
Waka Waka getting some serious streams,39443,781994,178,@eduardodickeyjovanygarza-v4e,Main di 𝑨𝑴𝑩𝑰𝑳4𝑫 tuh kayak diberi tiket emas menuju jackpot!baru daftar langsung JP wkwkwk,0,Tottenham Hotspur
Spurs in Bilbao 🇪🇸,4189,84229,191,@rosealboleras5907,Come on you spurs 💪💪💪💙💙🤍🤍,2,Tottenham Hotspur
TOTTENHAM HOTSPUR WIN THE EUROPA LEAGUE! | Post match scenes and trophy lift uncut,55747,1550747,2925,@bradto.,"a cannot describe this feeling... :, D",0,Tottenham Hotspur
TOTTENHAM HOTSPUR WIN THE EUROPA LEAGUE! | Post match scenes and trophy lift uncut,55747,1550747,2925,@uchhawnchakma7591,Finally 🥹,0,Tottenham Hotspur
Together to Glory.,2890,46587,71,@saimalishahid1406,Dedicate your hearts to victory,2,Tottenham Hotspur
Liverpool 5-1 Tottenham Hotspur | Premier League Highlights,3898,496070,257,@septyansyaifudin9237,Tottenham Hotspur 😂😂,0,Tottenham Hotspur
유로파리그 우승 🏆 카 퍼레이드 스페셜 🏅,1227,21522,96,@siennaking12,우리 쏘니가 해냈어!!!,24,Tottenham Hotspur
Tottenham Hotspur 1-4 Brighton | Premier League Highlights,5322,480627,531,@innocentmaqolo2004,It's the same thing over and over again. Ange will cost us next season. I'm really not happy about this,1,Tottenham Hotspur
Arrived back home as Champions 🥳,50672,626580,394,@커피홀릭-b9e,봉산탈춤까지 추네 ㅋㅋ😂,1,Tottenham Hotspur
Arrived back home as Champions 🥳,50672,626580,394,@jun-nv2hf,Champions 🏆 🥇 🏅 🏆 🥇,6,Tottenham Hotspur
N17 퍼레이드 현장,4281,180860,112,@nakatera,정말 보고싶었던 장면 이네.  수고 많았어요. 손선수!,1,Tottenham Hotspur
the vibes are vibing 🔥,21918,416512,382,@pascals1507,please win the final,0,Tottenham Hotspur
TOTTENHAM HOTSPUR WIN THE EUROPA LEAGUE! | Post match scenes and trophy lift uncut,55747,1550747,2925,@JsjhsgshgsUeijsgshg,The editing is top-tier. Seriously impressive,1,Tottenham Hotspur
Interview | Daniel Levy and Vinai Venkatesham,2630,97167,580,@AirbourneConnects123,Buy some players then?,0,Tottenham Hotspur
(유로파리그 결승전) 토트넘 홋스퍼 1 : 0 맨체스터 유나이티드 // 2분 하이라이트 // 현지 해설,1918,218956,174,@건배-o1z,COYS❤,0,Tottenham Hotspur
ABSOLUTE SCENES IN NORTH LONDON!,12279,373028,314,@user-justdoit79,진짜 기분 좋겠다 ㅋㅋ,1,Tottenham Hotspur
(유로파리그) 모두가 기다렸던 🏆! 영원히 기억에 남을 순간,11882,619650,290,@박웅창,메시 따라하노 ㅋㅋ,0,Tottenham Hotspur
"“If you don't take risk, you also take risk.”",1123,23096,38,@Keene_lai,"From ""I always win things in my second year"" to ""If you are not taking risk, you are also taking risk"".",1,Tottenham Hotspur
"Take it away, gaffer 📣",6490,113101,152,@ForexWeeb,"If we win it, I might actually cry you man. COYS!!!",41,Tottenham Hotspur
TOTTENHAM HOTSPUR WIN THE EUROPA LEAGUE! | Post match scenes and trophy lift uncut,55747,1550747,2925,@yousseffjouji6085,I love you all coys,0,Tottenham Hotspur
THE ROAD TO THE FINAL! | Every game of Spurs' Europa League campaign,5715,414914,218,@kingj3189,Europa Winner Spurs🎉😊 no.7 son🎉,6,Tottenham Hotspur
Special. ✨⏪,3536,67425,56,@TobiasUren-y9w,Who was this against?,0,Tottenham Hotspur
Micky with the FASTEST sprint in the 2024/25 Premier League season ⚡️,1891,85240,49,@DặngTrungKỳKỳ-g6d,Been watching you for quite some time now and your content continues to be interesting. Thank you for your quality and creativity.⛳️🔺🐻,1,Tottenham Hotspur
😂😂😂,3053,92167,47,@DanyonOfficial,"'aura farming"" best admin",60,Tottenham Hotspur
"Take it away, gaffer 📣",6490,113101,152,@Shorkie,COYS,5,Tottenham Hotspur
Behind the scenes as Tottenham Hotspur WIN the Europa League! | MATCHDAY UNCUT,5484,161798,205,@companypangtto2028,"내가 장담하는데 북런던 내년 3월 출산율 상승할거같다 ㅋㅋㅋㅋㅋㅋㅋㅋㅋㅋㅋㅋㅋㅋㅋㅋㅋㅋㅋㅋㅋ
우리는 2003년에 출산율 상승했다 ㅋㅋㅋㅋㅋㅋㅋㅋㅋㅋ",0,Tottenham Hotspur
Ever wondered why Richarlison does the pigeon celebration?? 👀🐦,963,25379,10,@Tokito-w1p,Vai ter dança do pombo pelo Brasil hoje,6,Tottenham Hotspur
“IT'S ALWAYS ABOUT WINNING” | Thomas Frank’s first interview as Tottenham Hotspur Head Coach,10265,233292,989,@sportsanalyst2024,Buy Simons Eze Kudus,0,Tottenham Hotspur
Commentary Cam for THAT Micky van de Ven moment 🎙️,3588,98118,40,@seemourbutts6679,Could have headed it so easy lol,0,Tottenham Hotspur
Next stop: Bodø 🇳🇴,1868,44423,100,@이상훈-f2t,제하하하,0,Tottenham Hotspur
Moments that will live forever 🏆,79089,1239813,890,@pierre-p2k,🎉🎉🎉,0,Tottenham Hotspur
THE ROAD TO THE FINAL! | Every game of Spurs' Europa League campaign,5715,414914,218,@narendev2942,"feels very happy for the team,",0,Tottenham Hotspur
"Tottenham Hotspur 3-1 Bodø/Glimt | UEL Semi-Final Highlights  | Johnson, Maddison, Solanke goals",5963,350174,213,@christopherbrienowusu9200,Lovely night,0,Tottenham Hotspur
Special. ✨⏪,3536,67425,56,@aaron_p12,GOAT,1,Tottenham Hotspur
For those Spurs fans who are no longer with us 🤍,6613,110576,157,@abdullahmohamed4761,😢,0,Tottenham Hotspur
Next stop: Bodø 🇳🇴,1868,44423,100,@isak-andrerasmussen1561,welcome to my home country you guys will love it,1,Tottenham Hotspur
For Madders 🤍🎯,3456,65210,41,@FulskaPS,Even before i knew football i saw a person with a spurs jersey and i said:Dad that is good looking jersey,0,Tottenham Hotspur
Bilbao bound 🫡,6379,125436,221,@danielpark4970,메디슨.,0,Tottenham Hotspur
Clinical.,1837,34509,29,@gamingvihaan543,Come on you spurs,1,Tottenham Hotspur
The Europa League Champions are heading back to London ✈️,21921,787604,309,@G.F-r4q,메달이 묵직해 보이는구만 ㅎㅎ,0,Tottenham Hotspur
(유로파리그) 행복한 라커룸,15553,1171422,414,@rooroo3685,흥이 넘치네,16,Tottenham Hotspur
EUROPA LEAGUE CHAMPIONS! 🏆 | Tottenham Hotspur 1-0 Man United | Highlights,20359,1053840,801,@chibudeokolo98,Two useless teams 😂,0,Tottenham Hotspur
Moments that will live forever 🏆,79089,1239813,890,@sthe2437,계속봐돚ㅎ네,0,Tottenham Hotspur
Special. ✨⏪,3536,67425,56,@mathhits,"Boosegumps. Sonny, show us who you are on Thursday night!! COYS!!",0,Tottenham Hotspur
Arrived for the final 👋,4709,125842,145,@Mr.EaFC24,Here after they won it,2,Tottenham Hotspur
Sonny lifts the trophy in N17! 🏆,28018,686932,479,@user-LA_QUAN,이제 슬슬 무거워지나보네 ㅋㅋㅋㅋㅋㅋㅋㅋㅋㅋㅋㅋㅋㅋㅋㅋㅋㅋㅋㅋㅋㅋㅋㅋㅋㅋ,0,Tottenham Hotspur
HEUNG.MIN.SON.,12624,212847,238,@muhamadazian3758,He has achieved the legendary mode. Coys,22,Tottenham Hotspur
Travel behind the scenes with Tottenham Hotspur to train in the Arctic Circle!,1189,43592,101,@samueldjc24,COYSSSS 🤍🤍🤍🤍,0,Tottenham Hotspur
(유로파리그) 손흥민의 이마에 생긴 영광의(?) 상처,7292,213386,214,@armyndie9230,너무 멋지다~~ 레전드 맞지 캡틴쏘니~~ ❤,57,Tottenham Hotspur
마칭 온!!! 🎤🎶🎵,3505,136713,62,@qwert-u6g,아무나 만나지 말고 제대로 된 짝을 만나 결혼해서 아버지를 능가하는 아들을 꼭 낳아주세요 제발~~~~🙏😍,2,Tottenham Hotspur
런던으로 돌아가는 유로파리그 챔피언들!,1841,71162,59,@포유-z6y,ㅋㅋㅋㅋㅋㅋㅋ. 추카추카~~~😍😍😍😍😍,0,Tottenham Hotspur
Coin Fork Challenge: 2025/26 Edition 🤣,3988,76453,88,@lizwillder6565,Bro the pews when kulusevski did it got me😂😂,0,Tottenham Hotspur
Special moments 🥰,7362,222410,141,@akhrurehibo3778,Congratulations 🎉🎉🎉,1,Tottenham Hotspur
We'll remember this day forever 🤍,8491,307640,83,@aidanconey9303,Celebrating a second tier euro competition and trying to hush the fact they lost 21 games in Premier league 😅😅😅,0,Tottenham Hotspur
Waka Waka getting some serious streams,39443,781994,178,@EricMontgomery-q8c,Can we all agree this creator deserves more recognition,13,Tottenham Hotspur
Moments like these!!,21036,325278,176,@ashfhduf,"이제 들어온 신입들은 땡잡았네ㅎㅎ
흥미니한테 더 잘해라",0,Tottenham Hotspur
The greatest Champions League semi-final ever? | Ajax 2-3 Tottenham Hotspur | Classic Highlights,7005,425693,544,@wotspur,"I was on the Shelf in 84 , which for 35 years was the best match I’d ever been to , then I was at the Quarters v City and that surpassed it and then I was there that evening - obv it’s unlikely to be replicated for drama - It went from maxing noise to deadly silence and deathly cold around the stadium , amazing LIMBS",27,Tottenham Hotspur
EUROPA LEAGUE FINALISTS! | Bodo/Glimt 0-2 Tottenham Hotspur (1-5 agg) | Highlights,3822,258938,136,@maeryum,So close!,0,Tottenham Hotspur
(PL 38R) 올 시즌 마지막 워밍업 출발합니다.,452,21861,9,@은주-o2h,해장은 했을까요~,10,Tottenham Hotspur
Never getting bored of this song 🕺,10727,424265,174,@otakuhunter4817,mad boyo,0,Tottenham Hotspur
TOTTENHAM HOTSPUR WIN THE EUROPA LEAGUE! | Post match scenes and trophy lift uncut,55747,1550747,2925,@nayeongam9174,"한국인으로서 너무 자랑스러운 손흥민
🇰🇷🇰🇷🇰🇷🇰🇷🇰🇷🇰🇷🇰🇷🇰🇷🇰🇷🇰🇷
우승 축하해요!!",6,Tottenham Hotspur
Moments that will live forever 🏆,79089,1239813,890,@a.r.7765,사랑합니다 🎉🎉🎉🎉🎉🎉,0,Tottenham Hotspur
TOTTENHAM HOTSPUR WIN THE EUROPA LEAGUE! | Post match scenes and trophy lift uncut,55747,1550747,2925,@Auglove,SON is Tottenham Legend 💙,67,Tottenham Hotspur
Special moments 🥰,7362,222410,141,@박희자-u9o,애로움싸움수보하셨습니다엔지감독님❤❤❤,3,Tottenham Hotspur
"여러분, 새로운 유니폼 잘 어울리는지 봐주세요.",216,8865,16,@Edgeling,제일 잘 생긴 애들만 뽑아갔네 ㅋㅋ,12,Tottenham Hotspur
A true legend 🤍,6078,110652,113,@사하-r4r,legend❤,30,Tottenham Hotspur
A goal-line clearance that will be remembered forever.,15254,692709,294,@anotherlife8924,"유로파는 챔스 바로 아래급? 둘 다 UEFA 주관 메이저 대회. 어제 경기후 양팀 레전드들과 인터뷰 중 앵커가 ""넌 이미 레전드야"" 로 몰아가며 질문하니까 ""오케이 그럼 나 레전드야, 오늘만!"" 으로 받아친거임.",0,Tottenham Hotspur
“IT'S ALWAYS ABOUT WINNING” | Thomas Frank’s first interview as Tottenham Hotspur Head Coach,10265,233292,989,@durrrr6086,My manager,0,Tottenham Hotspur
Moments that will live forever 🏆,79089,1239813,890,@VicentMbwile,Son legend,0,Tottenham Hotspur
😘,13345,428472,208,@Godson-x1z3b,🎉 🎉🎉🎉🎉🎉🎉,0,Tottenham Hotspur
유로파리그를 앞두고 노르웨이에서 진행된 팀 트레이닝,78,2218,10,@user-taehyeon123,토트넘 부상없이 이겨서 조심해서 돌아오시죠🤍🤍🤍🤍🤍🤍🤍,3,Tottenham Hotspur
TOTTENHAM HOTSPUR WIN THE EUROPA LEAGUE! | Post match scenes and trophy lift uncut,55747,1550747,2925,@Kalah_,"FINALLY! 🥳
I was watching in -91. I was watching in 2008. After so many lost finals since then I was beginning to think it would never happen again!
COYS! 🥳🥳🥳🥳🥳",0,Tottenham Hotspur
"유로파리그 챔피언, 주장 손흥민 선수가 한국 팬분들에게 보내는 감사인사!",6172,156477,441,@완도김-b4w,축하해 쏘니❤️,0,Tottenham Hotspur
Dom IS the moment ✨✨✨,5057,109029,57,@Bigcatplayz,COYS!!!!!! ❤❤❤❤,4,Tottenham Hotspur
THE ROAD TO THE FINAL! | Every game of Spurs' Europa League campaign,5715,414914,218,@pyrogian,idk how we won but im happy😄,0,Tottenham Hotspur
TOTTENHAM HOTSPUR WIN THE EUROPA LEAGUE! | Post match scenes and trophy lift uncut,55747,1550747,2925,@식이용,쏘니,0,Tottenham Hotspur
🤩🤩🤩,15854,507069,238,@daisymelon291,cute richarlison ❤❤❤,1,Tottenham Hotspur
these dressing room scenes on repeat,105468,1723000,324,@AffanSethi,No wonder they never won nothing,0,Tottenham Hotspur
Interview | Daniel Levy and Vinai Venkatesham,2630,97167,580,@Phillyphnatic,If we want to compete on all fronts. Then we must assemble a team that CAN compete on all fronts.,1,Tottenham Hotspur
챔피언스리그로!,3087,181892,169,@낭만아찌,고등학교 내내 성적 죽쓰다 내신이고 뭐고 수능 대박 한방에 인생 역전ㅋㅋ🎉,84,Tottenham Hotspur
Magical moments courtesy of Madders 🤍,2262,58580,31,@AugustoMarcote,❤,0,Tottenham Hotspur
The greatest Champions League semi-final ever? | Ajax 2-3 Tottenham Hotspur | Classic Highlights,7005,425693,544,@TrivanAbdulhakeem,Wanyama ❤❤ 🇰🇪🇰🇪🇰🇪,0,Tottenham Hotspur
다시 만난 동료 🤍,7668,477163,210,@VLOG-봄봄이랑짜장이,안기는거바😅 아기때 애교습관 ❤❤❤이때는 엄청난일이 일어날지 몰랐겠지? 짱 추카~~애국자!!!!,0,Tottenham Hotspur
Moments that will live forever 🏆,79089,1239813,890,@Kevin-ip9cp,"His loyalty to totenham and dreams finally come true..
What a champions ❤❤❤❤
Congrate to son and totenham",0,Tottenham Hotspur
Sonny lifts the trophy in N17! 🏆,28018,686932,479,@GVAGEN.,보는 우리팬들도 이렇게 좋은데 손흥민 본인은 얼마나 좋을까🎉🎉🎉🎉,0,Tottenham Hotspur
SANDRO SANDRO GIVE US A SONG 🎶🔥,2585,74777,29,@teddysfunandgames,COYS,0,Tottenham Hotspur
We got here together 🤍,5997,91222,149,@aidenwillson8131,PLEASEE DO THISSSS,0,Tottenham Hotspur
N17에서 우승 트로피를 들어올리는 손흥민!,6386,201025,190,@Raman-r3r5g,파란색...? 어어 안된다,0,Tottenham Hotspur
Arrived back home as Champions 🥳,50672,626580,394,@EmK3J,Danso is slowly becoming one of the favourites for me😂,2,Tottenham Hotspur
SEMI-FINALS HERE WE GOOOO!!!!!,8063,180625,189,@bellakim7277,결승전에선 탐욕 버리고 캡틴 지시에 따라라...,0,Tottenham Hotspur
HEUNG.MIN.SON.,12624,212847,238,@Jack-ny4olskelly,Son is not a legend  he is a icon❤❤❤❤,20,Tottenham Hotspur
TOTTENHAM HOTSPUR WIN THE EUROPA LEAGUE! | Post match scenes and trophy lift uncut,55747,1550747,2925,@2bunlove,손흥민도 이제 유관자입니다,1,Tottenham Hotspur
Tottenham Hotspur 1-2 Nottingham Forest | Premier League Highlights,7176,703086,352,@charlielamperouge4152,Every league game should just be considered warm up from now on😄,0,Tottenham Hotspur
TOTTENHAM HOTSPUR WIN THE EUROPA LEAGUE! | Post match scenes and trophy lift uncut,55747,1550747,2925,@milk-ej7rj,손흥민선수덕에 행복했고 감사해요. 토트넘의레전드. 축하해요🎉🎉🎉,7,Tottenham Hotspur
The Europa League Champions are heading back to London ✈️,21921,787604,309,@alirecepisler9616,What about GALATASARAY WE WON YOUU😂,0,Tottenham Hotspur
The greatest Champions League semi-final ever? | Ajax 2-3 Tottenham Hotspur | Classic Highlights,7005,425693,544,@avudainayagam7655,"Admin heard 'Barça vs Inter' was the best semi ever, so he dropped this card like a mic!",1,Tottenham Hotspur
Moments that will live forever 🏆,79089,1239813,890,@Pomeranian-SOMI,"대단하다 쏘니와 친구들
솔직히 예상 못함",1,Tottenham Hotspur
런던에서 온 특별한 배달,945,31482,22,@Vaaaaehjd,🎉🎉🎉,15,Tottenham Hotspur
(유로파리그) 행복한 라커룸,15553,1171422,414,@안녕나야-q8s,아프리카 네이션스 컵 우승 느낌인데...,7,Tottenham Hotspur
A goal-line clearance that will be remembered forever.,15254,692709,294,@Berkturco,❤️,1,Tottenham Hotspur
TOTTENHAM HOTSPUR WIN THE EUROPA LEAGUE! | Post match scenes and trophy lift uncut,55747,1550747,2925,@bincstoresg9850,no one's gonna talk about UEFA having not enough medals LOL,0,Tottenham Hotspur
EUROPA LEAGUE CHAMPIONS! 🏆 | Tottenham Hotspur 1-0 Man United | Highlights,20359,1053840,801,@laopurng8673,Thank you Spurs❤❤❤,0,Tottenham Hotspur
Make way for the CHAMPIONS🥳,31611,1069004,486,@gyw1770,So happy for Son,22,Tottenham Hotspur
"(유로파리그) SpursTV,  손흥민 인터뷰",2332,38065,178,@08smart,"너무 축하해요
10년동안 토트넘에서 고생한거 다 보답 받은 것 같아 기쁘네요👏👏👏🎉🏆🥇울컥함",0,Tottenham Hotspur
the vibes are vibing 🔥,21918,416512,382,@eloveluv,Young team 🎉,0,Tottenham Hotspur
Behind the scenes at Thomas Frank's first day as Tottenham Hotspur Head Coach,6613,281974,539,@sugarraywbc,Im loving vinai. What a charmer,0,Tottenham Hotspur
the vibes are vibing 🔥,21918,416512,382,@Nickg3486,"One more game  to go boys, go Spurs!",1,Tottenham Hotspur
“IT'S ALWAYS ABOUT WINNING” | Thomas Frank’s first interview as Tottenham Hotspur Head Coach,10265,233292,989,@spinachpies,He has lovely eyes doesn't he,4,Tottenham Hotspur
“IT'S ALWAYS ABOUT WINNING” | Thomas Frank’s first interview as Tottenham Hotspur Head Coach,10265,233292,989,@callmedo,COYS 🐔,1,Tottenham Hotspur
The greatest Champions League semi-final ever? | Ajax 2-3 Tottenham Hotspur | Classic Highlights,7005,425693,544,@andynichols5625,Best match I ever watched in my life.,818,Tottenham Hotspur
Sonny lifts the trophy in N17! 🏆,28018,686932,479,@su87211,"쏘니 쏘니
베스트 굿^^😊",0,Tottenham Hotspur
"Ryley's Dream - Magical reunion with Sonny, Ben Davies and his other Spurs heroes 🤍",4446,121396,259,@CS2architecture,"To Ben Davies, Son Heung-min, & every player & staff involved for Ryley - thank you. It was hard not to be emotional when Ryley was obviously star struck lol",17,Tottenham Hotspur
“We did something special!” | All the reaction to Spurs' Europa League win!,5355,157326,333,@user-gx3fq1zy1u,이번 승리로 엔제감독의 업적은 확실하네..토트넘의 dna를 바꾸는 계기는 만든듯..,23,Tottenham Hotspur
Sonny lifts the trophy in N17! 🏆,28018,686932,479,@julialau5938,"🎊쏘니~ 손흥민🎊 감동이다
함께할 수 있어서 행복하다아아아🏆",15,Tottenham Hotspur
Make way for the CHAMPIONS🥳,31611,1069004,486,@Longlonge-o3p,어쩐지 누르는게 좀 서툴다 했는데 흥민이었네 ㅋㅋ,0,Tottenham Hotspur
Build up from Bilbao! Tottenham Hotspur face Man Utd in the Europa League Final | Inside Spurs,2066,137546,142,@thanho-dg6qm,tot wins 3-1,0,Tottenham Hotspur
빌바오에서 들리는 아름다운 노래,1102,28971,41,@xt-kim019,이거지~ 매일 들어도 지겹지 않은 유일한 노래,15,Tottenham Hotspur
"Ryley's Dream - Magical reunion with Sonny, Ben Davies and his other Spurs heroes 🤍",4446,121396,259,@soso12344,"이번 유로파 우승에 라일리가 기뻐했을 모습을 상상하니 저도 기분이 좋네요.
라일리! 항상 건강하길~~!😊",2,Tottenham Hotspur
Tottenham Hotspur PARADE SPECIAL | Europa League Champions!,4524,121367,185,@lanceyboi4405,i speak for all tottenham fans when i say we’ve been waiting for this for a while!!🎉🎉,227,Tottenham Hotspur
Never getting bored of this song 🕺,10727,424265,174,@wifterofabifter,Is this after getting battered 1-4? Spurs can't help but be Spursy,0,Tottenham Hotspur
Moments that will live forever 🏆,79089,1239813,890,@호이짜-m6p,"추구에서 내놓으라는 국가의 선수들을 뒤로 하고 우승컵을 들어 올리다니.
흥민이 때문에 다시 한번 가슴이 뜨거워진다.  고맙다, 쏜.",0,Tottenham Hotspur
TOTTENHAM HOTSPUR WIN THE EUROPA LEAGUE! | Post match scenes and trophy lift uncut,55747,1550747,2925,@bryanlee901,COYS,0,Tottenham Hotspur
행선지: 프랑크푸르트 ✈️,149,8303,11,@Chan-sg2io,손흥민 아프지마❤,2,Tottenham Hotspur
Tottenham Hotspur 3-1 Southampton | Extended Premier League Highlights,1791,127354,53,@knfh,Ange nice ❤❤❤,5,Tottenham Hotspur
차원이 다른 비수마의 바이브,3539,147033,182,@snsem457,영등포에서 저런 형님 봤는데,2,Tottenham Hotspur
TOTTENHAM HOTSPUR WIN THE EUROPA LEAGUE! | Post match scenes and trophy lift uncut,55747,1550747,2925,@myrice101,We waited long for this,0,Tottenham Hotspur
HEUNG.MIN.SON.,12624,212847,238,@nanjundeshwarabasavaraju7943,The most loyal player ever ❤❤❤❤❤❤,3,Tottenham Hotspur
Wolves 4-2 Tottenham Hotspur | Premier League Highlights,2718,251187,319,@BartWyczislok,Golkeeper to change need somone realy good,0,Tottenham Hotspur
"담대하게 도전하고, 꿈을 꾸고....마침내, 우승!",918,36173,53,@장유진-g2i,행복하다,8,Tottenham Hotspur
TOTTENHAM HOTSPUR WIN THE EUROPA LEAGUE! | Post match scenes and trophy lift uncut,55747,1550747,2925,@nongmsri,Congrats lads,0,Tottenham Hotspur
We dared. We dreamt. WE DID IT!!! 🏆,7187,141636,103,@markyruss,Well done Ange ❤,3,Tottenham Hotspur
These are the days ✨,5623,76193,74,@스파클-g9p,music name plz😢😢,3,Tottenham Hotspur
Europa League Final preparations | Behind the scenes of Tottenham Hotspur training in Bilbao,2912,92743,250,@지유르-u7i,기도하고 기도합니다. 우리 쏘니 우승하자!,3,Tottenham Hotspur
TOTTENHAM HOTSPUR WIN THE EUROPA LEAGUE! | Post match scenes and trophy lift uncut,55747,1550747,2925,@PaoloRodriguez-j2d,"Parabéns,que venham muitos titulos para este grande clube !!!",14,Tottenham Hotspur
다시 만난 동료 🤍,7668,477163,210,@mimi0719-f7t,😊,0,Tottenham Hotspur
Bilbao bound 🫡,6379,125436,221,@Thebearmre7,Papa looks ok hope he is fit,0,Tottenham Hotspur
N17 SCENES 🤩,30958,766310,351,@Tottenham1207-q9t,SON 😊🇰🇷🏆👍,404,Tottenham Hotspur
ABSOLUTE SCENES IN NORTH LONDON!,12279,373028,314,@Baileebubs17,COYS you’ve done so well Im so proud mostly to sonny and ofc jhonson ❤,65,Tottenham Hotspur
새로운 감독님과 선수들의 첫 만남 🔥,493,32945,26,@민우김-f3c,아니씌바 우리형은,0,Tottenham Hotspur
these dressing room scenes on repeat,105468,1723000,324,@ShimaMackenzie,Iim like Richarison,3,Tottenham Hotspur
N17 SCENES 🤩,30958,766310,351,@leewright3410,Won more then Arsenal 😅😅😅😅,1,Tottenham Hotspur
Tottenham Hotspur 1-4 Brighton | Premier League Highlights,5322,480627,531,@JonapowRongmei,Brighton fantastic well played 🎉 Tottenham prepared for super cup and champion league🎉 🏆,1,Tottenham Hotspur
Make way for the CHAMPIONS🥳,31611,1069004,486,@BADERALFAV,Bring this back! 🚡🚡🚡🚡🚡🚡🚡,0,Tottenham Hotspur
"유로파리그 결승전, 준비됐나요?",326,12864,14,@오타니쇼헤이-t5y,oh when the spurs go marching in~,6,Tottenham Hotspur
“IT'S ALWAYS ABOUT WINNING” | Thomas Frank’s first interview as Tottenham Hotspur Head Coach,10265,233292,989,@goat4k,Lets hope the dressing room has the same energy the comment section has...,0,Tottenham Hotspur
LOUDER 📣,2047,53626,22,@daltonharris699,I love the Norwegian spurs fans supporting both teams 😂,9,Tottenham Hotspur
All of James Maddison's goals and assists from 2024/25!,692,21601,50,@CristianRomero-y7m,rival fans need to watch this,1,Tottenham Hotspur
“IT'S ALWAYS ABOUT WINNING” | Thomas Frank’s first interview as Tottenham Hotspur Head Coach,10265,233292,989,@ellejones2342,Hope levy actually backs him.,0,Tottenham Hotspur
“We did something special!” | All the reaction to Spurs' Europa League win!,5355,157326,333,@wackyadz06,JOHNSON AGAIN OLE OLE 💙💙💙💙💙💙💙💙💙,1,Tottenham Hotspur
EUROPA LEAGUE CHAMPIONS! 🏆 | Tottenham Hotspur 1-0 Man United | Highlights,20359,1053840,801,@user-kimmihee,"다음 시즌에 엔제감독은 트로피를 3개 가지고 옵니다. 
리그 우승 리그컵 우승 챔피언스리그 우승",0,Tottenham Hotspur
So… has anyone checked in on Shakira lately?,3628,92997,51,@mboumbatheo1293,Third,0,Tottenham Hotspur
FREED FROM DESIRE 🏆,36225,924720,169,@viadolorosa6933,포로 누가 동네 바보 형 같다고 그러더니 이제 단체로 바보 형아들^^;;;😅,0,Tottenham Hotspur
"(유로파리그) 챔피언스리그, 우리가 간다!",13165,1032570,536,@차으누-n2n,이걸 공식채널에서 올려버리노 ㅋㅋㅋㅋㅋ 우승자니까 오늘은 즐겨라 ㅋㅋㅋㅋ🎉🎉🎉ㄱ,4,Tottenham Hotspur
TOTTENHAM HOTSPUR WIN THE EUROPA LEAGUE! | Post match scenes and trophy lift uncut,55747,1550747,2925,@dkbabs-s5e9v,Van de ven and Vicario saved Tottenham 🎉❤,0,Tottenham Hotspur
Spurs Just Dropped Their 2025/26 Home Kit!,1846,57157,194,@joekiddyshaw5757,"Love it Ledley 
COME ON YOU SPURS 🤍",0,Tottenham Hotspur
Full-time scenes across the globe 🔥 Europa League win went worldwide 🤩,6539,115823,231,@Michu182,Such a beautiful fan base but sad corporate owners destroying everything.,5,Tottenham Hotspur
마칭 온!!! 🎤🎶🎵,3505,136713,62,@J_________________________K,너무 자랑스럽습니다!!!!,31,Tottenham Hotspur
토트넘의 레전드들,1036,27633,21,@송민준-h9r,😢,6,Tottenham Hotspur
TOTTENHAM HOTSPUR WIN THE EUROPA LEAGUE! | Post match scenes and trophy lift uncut,55747,1550747,2925,@Ackckck,"못하면 버려지고, 흔적없이 팀을 떠나야하는 강한리그에서
10년.... 다른팀에 갈수도있었고
웃으면서 떠날수도있었지만
오로지 토트넘에 충성한 선수.
손흥민,벤데이비스
그리고 많은 스텝들,
충분히 레전드반열에 오를 선수들이다.",1,Tottenham Hotspur
Admin and Vicario’s dad understood the assignment 🤳🤳,5922,165469,71,@BishBoshJosh-m7x,Coys,8,Tottenham Hotspur
Behind the scenes as Tottenham Hotspur WIN the Europa League! | MATCHDAY UNCUT,5484,161798,205,@snaz388,Still don't feel real tf,1,Tottenham Hotspur
A special delivery for Micky 📦✨,5257,106630,77,@atm9028,Name of the song please,0,Tottenham Hotspur
TOTTENHAM HOTSPUR WIN THE EUROPA LEAGUE! | Post match scenes and trophy lift uncut,55747,1550747,2925,@Si_Pie,Don’t know about the “stoppable force” Tottenham but congratulations SON you legend,0,Tottenham Hotspur
Throwing it back for the Masters 🏌,1467,34680,48,@JayEditz1911,Destiny got the best braids back again!!! He’s gonna turn into 23/24 hin,1,Tottenham Hotspur
Spurs in Bilbao 🇪🇸,4189,84229,191,@백창선-c5i,우승 하세요 ㅎㅎ 화이팅 손흥민 골 넣자.맨유 3대0 박살내고 우승하자.드뎌 유로파 결승전 경기 2일 남았네요 .토트넘 우승하기를 열심히 응원합니다,17,Tottenham Hotspur
TOTTENHAM HOTSPUR WIN THE EUROPA LEAGUE! | Post match scenes and trophy lift uncut,55747,1550747,2925,@Fireworks_one_more,"끝까지 남은 손흥민, 밴 데이비스, 최고의 조력자 라이언 메이슨, 프레이저 포스터, 바닥부터 올라와 증명하는 비카리오 선수 개개인으로 보면 이 트로피가 얼마나 가치가 얼마나 큰지 가늠이 안될 정도다 ㅋㅋㅋ 모든 토트넘 관계자가 마땅히 누려야 하는 최고의 선물, 이제 손흥민도 남은 선수 생활 아무 부담 없이 걱정 없이 잘 마무리했으면 좋겠다. 완벽한 퍼즐이 맞춰졌다 10년동안 새벽을 빛춰준 손흥민과 토트넘 축하한다",1,Tottenham Hotspur
"Ryley's Dream - Magical reunion with Sonny, Ben Davies and his other Spurs heroes 🤍",4446,121396,259,@user-fd2jn6io4s,Really nice and beautiful video but we have to fight hard till the end!! coys🤍🤍🤍,7,Tottenham Hotspur
Interview | Daniel Levy and Vinai Venkatesham,2630,97167,580,@jihoonyoon5442,"How Levy treated Legend 
Son Heung min Contract 1-year Extension Option Activated !",0,Tottenham Hotspur
Final preparations for Frankfurt! | Inside Tottenham Hotspur training,1850,59496,253,@kim18112,부상조심!!손흥민화이팅!!!,0,Tottenham Hotspur
TOTTENHAM HOTSPUR WIN THE EUROPA LEAGUE! | Post match scenes and trophy lift uncut,55747,1550747,2925,@DudeBets-hb1bq,I cried so hard at the final whistle ... what a feeling ... Thank you Spurs for winning it for us fans,11,Tottenham Hotspur
these dressing room scenes on repeat,105468,1723000,324,@actonspur5231,"Spence channelling his inner G@ngstah, Bissouma's jig, Odobert tagging along. Love it ❤❤❤",0,Tottenham Hotspur
ABSOLUTE SCENES IN NORTH LONDON!,12279,373028,314,@HerrHopeVonBear,ABSOLUTELY WONDERFUL MADNESS🤘❤️‍🔥🤘!!!,70,Tottenham Hotspur
"Ryley's Dream - Magical reunion with Sonny, Ben Davies and his other Spurs heroes 🤍",4446,121396,259,@lucassparvell4463,Most wholesome video I've ever seen,7,Tottenham Hotspur
“IT'S ALWAYS ABOUT WINNING” | Thomas Frank’s first interview as Tottenham Hotspur Head Coach,10265,233292,989,@thfcfantv1619,"I didnt realise that he has coached on so many levels over 30 years, that shows he has experience which means he must know a thing or two as he has been doing it so long
cmon frank 
COYS",0,Tottenham Hotspur
THE ROAD TO THE FINAL! | Every game of Spurs' Europa League campaign,5715,414914,218,@ricrhee,Congrats,0,Tottenham Hotspur
"(유로파리그) 챔피언스리그, 우리가 간다!",13165,1032570,536,@SixTeen-br7rl,"그래 이젠 저 아이들의 시대인걸 인정해줘야지 
가서 시원하게 발려봐라
ㅋㅋㅋㅋㅋㅋㅋㅋㅋㅋㅋ
맞아봐야 이해를 한다ㅋㅋㅋ",1,Tottenham Hotspur
Moments that will live forever 🏆,79089,1239813,890,@더운게좋아,"10년동안 desk 에서 손흥민만 남고 다 떠났는데 결국 우승컵 하나는 드네요!
🎉축하합니다🎉",0,Tottenham Hotspur
TOTTENHAM HOTSPUR WIN THE EUROPA LEAGUE! | Post match scenes and trophy lift uncut,55747,1550747,2925,@thecommentatingkid12,"I watched the whole game and started crying in happiness when the whistle blew 
COYS!!!!!!!!!!!!!!!!❤❤❤",18,Tottenham Hotspur
Full-time scenes across the globe 🔥 Europa League win went worldwide 🤩,6539,115823,231,@Jellybeantiger,No Aussie footage?,0,Tottenham Hotspur
(유로파리그) 손흥민의 이마에 생긴 영광의(?) 상처,7292,213386,214,@전미희-x8o,귀여운. 흥민.  알 라뷰,0,Tottenham Hotspur
“We did something special!” | All the reaction to Spurs' Europa League win!,5355,157326,333,@f204eu,COME ON YOU SPURS,1,Tottenham Hotspur
(유로파리그) 모두가 기다렸던 🏆! 영원히 기억에 남을 순간,11882,619650,290,@니그삼촌-p9k,아직도 꿈꾸는것같음,4,Tottenham Hotspur
N17 퍼레이드 현장,4281,180860,112,@파란굴뚝,우리 귀한 손흥민💜너무 자랑스럽다🇰🇷🇰🇷🇰🇷,62,Tottenham Hotspur
"유로파리그 챔피언, 주장 손흥민 선수가 한국 팬분들에게 보내는 감사인사!",6172,156477,441,@16poundSpin,굿 👍   멋저요  다음 도전을 향해  유관왕,3,Tottenham Hotspur
(유로파리그) 🏆🎉,3424,136701,85,@환이-t7v,단소ㅋㅋ앞에서 같이 깨방정 타이밍 잘맞추는거 보소ㅋㅋㅋㅋㅋ,0,Tottenham Hotspur
"(유로파리그 결승전) 미키의 결정적인 세이브, 직캠으로 만나보세요",11983,1566247,387,@체리사탕-q6q,반더벤 일어났을 때 짐 캐리 같았음. ㅋ,0,Tottenham Hotspur
Liverpool 5-1 Tottenham Hotspur | Premier League Highlights,3898,496070,257,@emryslevi3005,The first goal 🥅 from Liverpool was offside 🙂🇬🇧⚽️,0,Tottenham Hotspur
다시 만난 동료 🤍,7668,477163,210,@soyeonje6788,대박ㅎㅎㅎ,5,Tottenham Hotspur
A goal-line clearance that will be remembered forever.,15254,692709,294,@suraglinl2979,That clearance worth 150 mil ❤,0,Tottenham Hotspur
The greatest Champions League semi-final ever? | Ajax 2-3 Tottenham Hotspur | Classic Highlights,7005,425693,544,@v12_biturbo63,Tears to my eyes even after all these years 🥹,0,Tottenham Hotspur
라일리와 손흥민의 꿈 같은 재회의 순간 🤍,1524,28457,56,@warcjh333,"손흥민 선수 그리고 라일리, 두 분다 모두 건강하세요.❤😊",64,Tottenham Hotspur
Full-time scenes across the globe 🔥 Europa League win went worldwide 🤩,6539,115823,231,@TheRealCelticBatman,Spokane Spurs right there too!!,0,Tottenham Hotspur
유로파리그 결승전을 앞둔 쏘니 캠+ (손흥민과 선수들 직캠),597,17896,87,@소정-e4y,"쏘니 쏘니 쏘니  화이팅♡
손흥민 선수  영원히  응원할께요♡",8,Tottenham Hotspur
Final preparations for Frankfurt! | Inside Tottenham Hotspur training,1850,59496,253,@mumuOrange-n7q,Sonny ♡,27,Tottenham Hotspur
FREED FROM DESIRE 🏆,36225,924720,169,@ireliver8637,Поздравляю!,0,Tottenham Hotspur
FREED FROM DESIRE 🏆,36225,924720,169,@zacrobinson355,WE DESERVE THAT. PARTY LONG INTO THE NIGHT,38,Tottenham Hotspur
"24/25 시즌, 도미닉 솔랑키의 모든 득점 ⚽️",80,2755,13,@quokka0708,"솔랑키도 진짜 고생 많았다
이것 저것 다 도맡아 하고♡♡",5,Tottenham Hotspur
Waka Waka getting some serious streams,39443,781994,178,@ghostrocker1633,베리발 진짜 존잘이긴하네,12,Tottenham Hotspur
Interview | Daniel Levy and Vinai Venkatesham,2630,97167,580,@cmg.1976,Why have we not had any thomas frank Interview yet?,0,Tottenham Hotspur
새로운 감독님과 선수들의 첫 만남 🔥,493,32945,26,@오리204,이젠 감독까지 잘생겨버린 토트넘,15,Tottenham Hotspur
Every Tottenham Hotspur goal that won the Europa League!,1672,56567,99,@dodeptrai247,I was waiting for this video❤,10,Tottenham Hotspur
Arrived for the final 👋,4709,125842,145,@NoobFNXD,YESSS WEVE DONE ITTT COME ON YOU SPURS,0,Tottenham Hotspur
😂😂😂,3053,92167,47,@Aygsta_360_Games,You have 2 off the same vid😂,1,Tottenham Hotspur
(유로파리그) 승리의 라커룸!,1569,99330,79,@쥐띠-m3d,흥민이 안보이네요 어디갔나요?,0,Tottenham Hotspur
There’s a Sarr man 🇸🇳🤩,7015,339269,81,@Birdiesbaby123,I’m a Chelsea fan and can appreciate this song.. class 🙌🏻,5,Tottenham Hotspur
Johnson AGAIN. On the biggest stage!,7640,382873,149,@javelin7654,There was autogoal,0,Tottenham Hotspur
Every Heung-Min Son goal and assist of the season,4216,140042,259,@동원_인생_Personal_channel,토트넘은 정말 좋은 팀이다.  제발 다음 시즌에 좋은 감독이 새로 왔으면 좋겠다. ,3,Tottenham Hotspur
Found this gem in the camera roll 😂,9395,358618,126,@sijunhee127,ㅋㅋㅋㅋㅋㅋ,1,Tottenham Hotspur
EUROPA LEAGUE CHAMPIONS! 🏆 | Tottenham Hotspur 1-0 Man United | Highlights,20359,1053840,801,@ahte1169,J U A R A 🏆🏆🏆,0,Tottenham Hotspur
N17 퍼레이드 현장,4281,180860,112,@nos7son7-f3y,쏘니의 환한미소~넘 좋당😊,65,Tottenham Hotspur
(유로파리그) LET'S GOOOOOOOO,2355,95683,47,@코과르디올라,우승 축하드리고 수고하셨습니다,69,Tottenham Hotspur
"Ryley's Dream - Magical reunion with Sonny, Ben Davies and his other Spurs heroes 🤍",4446,121396,259,@paulheywood2116,All these kids are special and deserve it all great stuff spurs,0,Tottenham Hotspur
The time is now.,2761,52858,85,@MinhTuấnĐoàn-j9s,Lucky star,1,Tottenham Hotspur
There’s unreal vibes… then there’s Yves Bissouma vibes 🔊😁,26445,923195,487,@안태랑-l8r,In heaven 🎉🎉🎉🎉🎉🎉,0,Tottenham Hotspur
Bilbao bound 🫡,6379,125436,221,@Jiyeon-s4p,🤍💙🙏🏆💙🙏🏆💙🙏🏆💙🤍,0,Tottenham Hotspur
Travel behind the scenes with Tottenham Hotspur to Eintracht Frankfurt!,986,32203,87,@PKORSPURS,"Dare , Dream, DO, please come back home with a win",2,Tottenham Hotspur
FREED FROM DESIRE 🏆,36225,924720,169,@Football_calls,Sonny is a legend,1,Tottenham Hotspur
SURPRISE!!!!!! 🥳🥳🥳,4016,85809,38,@jaehoonjun1278,❤🎉❤행복하다,11,Tottenham Hotspur
“IT'S ALWAYS ABOUT WINNING” | Thomas Frank’s first interview as Tottenham Hotspur Head Coach,10265,233292,989,@mazyzazie4048,"My 67th season lies ahead under you, sir. Good luck!",4,Tottenham Hotspur
A true legend 🤍,6078,110652,113,@mykang6574,legend,1,Tottenham Hotspur
(유로파리그) 모두가 기다렸던 🏆! 영원히 기억에 남을 순간,11882,619650,290,@user-wo9dr3qy5s,"유럽 챔피언 컵을 한국인이 들어올리다니..
쏘니야 넌 대체..❤",0,Tottenham Hotspur
Europa League champions checking in 🫡,5566,154104,72,@123hahaha12i,Micky winks to me,1,Tottenham Hotspur
these dressing room scenes on repeat,105468,1723000,324,@WartanVartan,Arsenal is 10 times better,0,Tottenham Hotspur
🤣🤣🤣,6091,292165,83,@HalimHalal-e1f,😂😂😂😂😂,3,Tottenham Hotspur
Aston Villa 2-0 Tottenham Hotspur | Premier League Highlights,3225,331459,207,@codedropid,Kalah menang itu biasa Bos... Coys   🤍,0,Tottenham Hotspur
Marching in. Together.,1386,18556,37,@Gamingspurs,COYS LETS WIN THE EUROPA LEAGUE,3,Tottenham Hotspur
Inside Tottenham Hotspur training ahead of the Europa League semi-final!,690,19864,69,@Salimuñoz89,Vamos kinsky!!!,3,Tottenham Hotspur
"결승골의 순간, 스퍼스 중계진의 모습",1953,84635,45,@pastandfuture-iy8gq,골넣고 감격에 벅찻지만 남자니까 참아야햇다..이제 울어요,41,Tottenham Hotspur
TOTTENHAM HOTSPUR WIN THE EUROPA LEAGUE! | Post match scenes and trophy lift uncut,55747,1550747,2925,@CristiadyMajalengka,"Congratulation matis tel and Bayer Munchen 
Congratulation captain SON and Tottenham Hotspur 
Congratulation captain SON and captain KANE,,your legend for Tottenham Hotspur..🥰🥰",1,Tottenham Hotspur
Straight to business 😤 Brennan strikes in 38 seconds 🎯,2430,77488,19,@HelenFish-f1t,What a performance by the boys will we win the cup 🤞🤞🤞,33,Tottenham Hotspur
Arrived back home as Champions 🥳,50672,626580,394,@kimttol,손흥민 진짜로 놀랬네 ㅋㅋㅋㅋㅋㅋㅋㅋ,10,Tottenham Hotspur
Vibes everywhere you look 😎,5018,105360,47,@B2y-qk4fh,"다들 맘고생 심했겠다, 선수단 및 코치진들 축하해요~",3,Tottenham Hotspur
TOTTENHAM HOTSPUR WIN THE EUROPA LEAGUE! | Post match scenes and trophy lift uncut,55747,1550747,2925,@RickiYanuar-o2b,"Congratulations son heung-min , I know your time in football was very difficult, but now you are enjoying it with extraordinary achievements.🎉🤍 Vamosss",0,Tottenham Hotspur
Special delivery 🫡,7549,217316,122,@월드-z3z,레전드쏘니,2,Tottenham Hotspur
TOTTENHAM HOTSPUR WIN THE EUROPA LEAGUE! | Post match scenes and trophy lift uncut,55747,1550747,2925,@isaacignaciogavian2968,"NICEEEEEEEEEEEEEEEEEEEEEEEEEEEEEEEEEEEEE HERE FAN FOR PERU, TO DO ES TO DAREEEEEEEEEE",0,Tottenham Hotspur
Tottenham Hotspur 0-2 Crystal Palace | Premier League Highlights,1351,121825,134,@Triplemillionseller7454,20 lose in PL what a achievement 😂😎,4,Tottenham Hotspur
🤩🤩🤩,15854,507069,238,@mattdrayton2668,"I hope Richarlison stays at Tottenham, he's been unlucky with injuries. Hardworking player and the players love him!",548,Tottenham Hotspur
TOTTENHAM HOTSPUR WIN THE EUROPA LEAGUE! | Post match scenes and trophy lift uncut,55747,1550747,2925,@온세상잠든후부터,로메로가 활짝 웃는거 첨본다 ㅋ 선수들 참 잘했어요 쏘니가 해내서 기쁘다.이게 드라마지,0,Tottenham Hotspur
(유로파리그) 렛츠 고 스퍼스! COYS!,468,7554,2,@nameno7312,오늘 진짜... 잘했어.,4,Tottenham Hotspur
Moments that will live forever 🏆,79089,1239813,890,@Aspatiaa,Finally! So happy for our boys!,11,Tottenham Hotspur
Arrived back home as Champions 🥳,50672,626580,394,@ฐิติเดชโง๊ะบุดดา-ฒ1บ,😊,0,Tottenham Hotspur
“IT'S ALWAYS ABOUT WINNING” | Thomas Frank’s first interview as Tottenham Hotspur Head Coach,10265,233292,989,@reederoad,"Seems a top guy always liked him talks well,  seems like a good man manager hope he does well",0,Tottenham Hotspur
Aston Villa 2-0 Tottenham Hotspur | Premier League Highlights,3225,331459,207,@날사랑하는나,경기 안 보길 잘했네.,3,Tottenham Hotspur
TOTTENHAM HOTSPUR WIN THE EUROPA LEAGUE! | Post match scenes and trophy lift uncut,55747,1550747,2925,@SirAubrey,Son is more of a legend than Harry Kane,0,Tottenham Hotspur
We got here together 🤍,5997,91222,149,@이정희-k4f,멋지게 이겨서 간지나게 우승컵 들자 쏘니 원더골 이어서 멀티골 가능하면 헤트트릭도 원합니다❤❤❤쏘니니까 할수있다~~,0,Tottenham Hotspur
SEMI-FINALS HERE WE GOOOO!!!!!,8063,180625,189,@knotted9889,I was on edge the entire time. The ref wasn't the best but thats not stopping us from reaching the semis,3,Tottenham Hotspur
Europa League Final preparations | Behind the scenes of Tottenham Hotspur training in Bilbao,2912,92743,250,@stephenkim5725,BRING IT HOME LADS,0,Tottenham Hotspur
Insane scenes 🙏,4889,155031,39,@김x맨-w5c,"행복한 선수들 
행복한 시민들 ~~
이보다 더 행복할게 뭐있남~~
길이길이 추억할것ㆍ우리의 2002년도 월드컵처럼~~",2,Tottenham Hotspur
N17 SCENES 🤩,30958,766310,351,@Helen-en2jw,"Congratulations 🎊 👏 💐 
You are the champions 🏆 🥇 
Sony Love ya 😘 ❤️",22,Tottenham Hotspur
🥹🥹🥹,21149,698867,198,@JamieRobertson-z8v,I love son,0,Tottenham Hotspur
Tottenham Hotspur v Eintracht Frankfurt | THE WARM-UP,377,20222,7,@ArthurDavidson-h4s,Un army,2,Tottenham Hotspur
"(유로파리그) 챔피언스리그, 우리가 간다!",13165,1032570,536,@지우개910,"그루브가 남다른 청년
아쉽게도 부상당해 나오지 못한 청년
땜빵 잘해준 청년
마지막에 터진 청년
골 넣은 청년
잘생긴 청년
07년생 최고 유망주 청년(바르셀로나에 있는 청년 제외)",1,Tottenham Hotspur
Moments that will live forever 🏆,79089,1239813,890,@소다쩡,"지금 최고의 기량이 아니라도 넘 고생했고, 토트넘의 역사다! 주장으로 우승컵 든거 넘 축하해♡♡♡",70,Tottenham Hotspur
ABSOLUTE SCENES IN NORTH LONDON!,12279,373028,314,@로얄타,멋지네 ㅎㅎ 토트넘 팬,0,Tottenham Hotspur
다 같이 소리질러!!!,579,25302,12,@allehandrodon2068,메디슨 개잘생김,2,Tottenham Hotspur
😘,13345,428472,208,@secretlifeofpooches2510,GG 🎉 👍,1,Tottenham Hotspur
Admin and Vicario’s dad understood the assignment 🤳🤳,5922,165469,71,@Ernestinewilsons,Is a big honor for son,35,Tottenham Hotspur
Tottenham Hotspur v Liverpool | Premier League Match Preview,516,70005,61,@1saamor897,spurs will always have the coolest old logo,6,Tottenham Hotspur
(유로파리그) 승리의 라커룸!,1569,99330,79,@gtk1685,우승!,3,Tottenham Hotspur
ABSOLUTE SCENES IN NORTH LONDON!,12279,373028,314,@BadgerJames,Being on the roof of those shops what epic scenes. Look on my page you'll see from when I wad on the roof there.,0,Tottenham Hotspur
TOTTENHAM HOTSPUR WIN THE EUROPA LEAGUE! | Post match scenes and trophy lift uncut,55747,1550747,2925,@ratmird,"But Postecoglou warned that he always wins something in his second season with the team! Congratulations on the long-awaited victory, Tottenham the winner!",40,Tottenham Hotspur
TOTTENHAM HOTSPUR WIN THE EUROPA LEAGUE! | Post match scenes and trophy lift uncut,55747,1550747,2925,@박바보-x4u,🎉COYS🎉,0,Tottenham Hotspur
TOTTENHAM HOTSPUR EUROPA LEAGUE WINNERS TROPHY PARADE,3734,85845,197,@Nickg3486,"Brilliant! Well done, boys.",11,Tottenham Hotspur
Behind the scenes at Thomas Frank's first day as Tottenham Hotspur Head Coach,6613,281974,539,@Guitar_man-gg,한국어 자막 해주세요,2,Tottenham Hotspur
Final preparations for Frankfurt! | Inside Tottenham Hotspur training,1850,59496,253,@이영자-e9k,쏘니~~~화이팅,5,Tottenham Hotspur
Scenes in Frankfurt 🎬,2594,102620,45,@FranzAmin,Do you lose a thousand of thorphy wow good job,3,Tottenham Hotspur
Arrived back home as Champions 🥳,50672,626580,394,@꼬마자동차붕붕-k4n,참피온에게 👏 👏 👏 👏 👏,0,Tottenham Hotspur
🤩🤩🤩,15854,507069,238,@evankos1261,He played so well in the final.he did a lot of good things to help the team.and Ange was very happy with his performance.well done to our no.9.,0,Tottenham Hotspur
Europa League champions checking in 🫡,5566,154104,72,@snake3516,just let them get their morning tea before recording them,1,Tottenham Hotspur
(유로파리그) 모두가 기다렸던 🏆! 영원히 기억에 남을 순간,11882,619650,290,@JJH164,영화의 한 장면 같네요 쏘니 축하해요🎉🎉,0,Tottenham Hotspur
An electrifying night in N17 captured on film 🎞️,1749,37218,26,@Elitefootball-9876,First hour,0,Tottenham Hotspur
Moments that will live forever 🏆,79089,1239813,890,@장우정-t5z,봐도봐도 자랑 스럽습니다 🎉🎉🎉,0,Tottenham Hotspur
(유로파리그) 손흥민의 이마에 생긴 영광의(?) 상처,7292,213386,214,@장혜승-v5l,흥민이가 웃는다❤❤,0,Tottenham Hotspur
Vibes 🆙,6333,190875,103,@rikaseshiri2078,넘 멋있다 👍그리고 토트넘 응원가 들으니까 왠지 눈시울이 뜨거워진다 🎉,19,Tottenham Hotspur
(유로파리그) 승리의 라커룸!,1569,99330,79,@최지훈-t5i,저놈의 키노댄스,0,Tottenham Hotspur
Good morning to everyone who loves Tottenham Hotspur Football Club,6746,83361,228,@Cai-b3y,COYS,0,Tottenham Hotspur
TOTTENHAM HOTSPUR WIN THE EUROPA LEAGUE! | Post match scenes and trophy lift uncut,55747,1550747,2925,@f1footballer,Hopefully this will be RCB's year too 🤞🤞,1,Tottenham Hotspur
와카와카 베리발🕺,675,20632,16,@소리-r2l,개잘생겼어 ㅎㅎ,12,Tottenham Hotspur
Quickfire fan questions with Thomas Frank 🌟,4743,144878,143,@user-Merovingian1980,shawshank is a classic,0,Tottenham Hotspur
Sonny's surprise 🥹,3247,59137,47,@phryg2035,COYS,2,Tottenham Hotspur
Dom IS the moment ✨✨✨,5057,109029,57,@AshLy-fw4bj,I LOVE THIS TEAM SO MUCH THERE THE BEST TEAM EVER❤❤❤❤❤❤,11,Tottenham Hotspur
Halfway there. Let's do this 👊,2712,49533,37,@MiguelWalker-d6c,audere est facere,1,Tottenham Hotspur
Go Behind the Scenes of Spurs’ 2025/26 Home Kit Shoot!,427,17579,43,@jayden-tz9hu,"where
is
s",3,Tottenham Hotspur
"결승골의 순간, 스퍼스 중계진의 모습",1953,84635,45,@코코코눈-m4r,사르 ㅡ히샬 ㅡ벤탕 ㅡ사르 ㅡ존슨 골!!!!!!!!!!!!!!!!!!!!!♡♡♡♡♡♡,6,Tottenham Hotspur
We got here together 🤍,5997,91222,149,@LindaRichards-q1t,This edit 🔥 COYS!!,0,Tottenham Hotspur
Moments that will live forever 🏆,79089,1239813,890,@이근보-m2u,손흥민ㆍ최고입니다ㅡ❤❤❤,0,Tottenham Hotspur
The greatest Champions League semi-final ever? | Ajax 2-3 Tottenham Hotspur | Classic Highlights,7005,425693,544,@billyhult77,이런 모우라를 결승전 선발로 출전시키지않고 부상으로 한경기도 못뛰어서 실전감각이 떨어진 케인을 선발로 내세운건 정말 정신나간짓이었다.아무리 축구천재라도 막 부상에서 회복한 선수가 잘하기는 거의 어렵다.,0,Tottenham Hotspur
벤 데이비스 COYS 🤍,865,18377,54,@aim-high-seoul,벤 데이비스 🙆‍♂️🙆‍♂️🙆‍♂️🙆‍♂️👍👍🙆‍♂️🧡🧡💚💚💙💙,0,Tottenham Hotspur
OLE OLEEEEEE 🤪,6052,206948,68,@DonaldPatel-z9i,This deserves way more views. Absolutely underrated,1,Tottenham Hotspur
유로파리그 결승전 매치데이 언컷!,503,9999,30,@schakal1721,진정한 전설 쏘니😊,18,Tottenham Hotspur
24 hours to go 🤍,4256,96223,99,@GloryCoys,Will be watching and supporting from the land down under Coys,0,Tottenham Hotspur
From N17 to Frankfurt,946,18382,9,@Ttv_Goggsinit,Coys,2,Tottenham Hotspur
THE ROAD TO THE FINAL! | Every game of Spurs' Europa League campaign,5715,414914,218,@emekamoore1132,"Tottenham gonna win, make sure to come back to this post",4,Tottenham Hotspur
SpursTV 새로운 피디 : 미키,550,16811,14,@공수거-v7c,다음세대 토트넘 주장,9,Tottenham Hotspur
SEMI-FINALS HERE WE GOOOO!!!!!,8063,180625,189,@youngm8140,단소 무서움 ㅎㅎ,1,Tottenham Hotspur
“IT'S ALWAYS ABOUT WINNING” | Thomas Frank’s first interview as Tottenham Hotspur Head Coach,10265,233292,989,@DeanS85,GAFFER 🇩🇰,0,Tottenham Hotspur
Moments that will live forever 🏆,79089,1239813,890,@kristoforushope3100,Congratulations SON!,4,Tottenham Hotspur
We know it's a cross but it's still a banger 😍,1822,32995,27,@Ab-yq1hy,norweigan wind guiding that forward,3,Tottenham Hotspur
Bodo/Glimt v Tottenham Hotspur | Europa League Semi Final Match Preview,462,25948,34,@DrySpud-i2s,Ccccccccccccccoooooooooooooooooooooooyyyyyyyyyyyysssssssssss,0,Tottenham Hotspur
Arrived for the final 👋,4709,125842,145,@macarenaseguel5766,🎉🎉🎉🎉🎉 felicidades 👏 💕 😊,2,Tottenham Hotspur
Behind the scenes at Thomas Frank's first day as Tottenham Hotspur Head Coach,6613,281974,539,@richhamman6370,What makes you think these comments are filtered? 🤔🤣,0,Tottenham Hotspur
다시 만난 동료 🤍,7668,477163,210,@김덕팔-i4z,이야 올만이네,7,Tottenham Hotspur
A goal-line clearance that will be remembered forever.,15254,692709,294,@rolocadbury2036,It'd be remembered if it was in the champions league final. Not this watered down tin cup though,0,Tottenham Hotspur
Sonny's surprise 🥹,3247,59137,47,@HelenFish-f1t,We all love Sonny ❤❤❤,60,Tottenham Hotspur
TOTTENHAM HOTSPUR WIN THE EUROPA LEAGUE! | Post match scenes and trophy lift uncut,55747,1550747,2925,@BrigidaJaen,Name the son,0,Tottenham Hotspur
유로파리그 우승컵 트로피 세레모니,1584,40192,67,@토트넘_3747,토트넘을 욕하는건 이제 나를 욕하는걸로 알겠다. 토트넘 다음시즌도 영광을 누리자!!!!!! COYS!!!!🎉,25,Tottenham Hotspur
“IT'S ALWAYS ABOUT WINNING” | Thomas Frank’s first interview as Tottenham Hotspur Head Coach,10265,233292,989,@woobizzlefoshizzle,He doesn't mention Sonny once huh,0,Tottenham Hotspur
Special. ✨⏪,3536,67425,56,@Je-16-tekkz,“Do you know who Iam “ was too clutch 🥶,27,Tottenham Hotspur
Behind the scenes as Tottenham Hotspur WIN the Europa League! | MATCHDAY UNCUT,5484,161798,205,@sakshamthegodofcricket6229,Make the video of harry kane assist for tottenham,0,Tottenham Hotspur
TOTTENHAM HOTSPUR WIN THE EUROPA LEAGUE! | Post match scenes and trophy lift uncut,55747,1550747,2925,@benefiet,"congrats spurs... but for me, as a neutral fan, this was the worst match of year.",0,Tottenham Hotspur
챔피언이 되어 런던으로 돌아왔습니다.,1387,38228,42,@sonheungminfan77,"다들 선글라스 잘어울리네요~❤
다들 행복해보이네요 😊
다들 우승 축하드리고 고생했어요~🥳👏",6,Tottenham Hotspur
The greatest Champions League semi-final ever? | Ajax 2-3 Tottenham Hotspur | Classic Highlights,7005,425693,544,@thebergkampfan,Still goosebumps,0,Tottenham Hotspur
Vibes everywhere you look 😎,5018,105360,47,@snsem457,베르너 있네 ㅋㅋㅋ,0,Tottenham Hotspur
토트넘 홋스퍼 한국 투어 🇰🇷,465,17494,34,@ahn5368,감독은 버리고  다른 감독으로 오길.,11,Tottenham Hotspur
Special delivery 🫡,7549,217316,122,@Taehoon_87,❤❤❤,0,Tottenham Hotspur
Liverpool 5-1 Tottenham Hotspur | Premier League Highlights,3898,496070,257,@StevePollard-i6u,"Watching Udogie positioning in defence. Absolutely abysmal, school boy mistakes and no effort at all. Sell, sell tomorrow.",40,Tottenham Hotspur
N17에서 우승 트로피를 들어올리는 손흥민!,6386,201025,190,@DUKYI-s5v,역시 손흥민 한국인이네ㅋ 우승컵 들어올리는 타이밍이 빨라~,7,Tottenham Hotspur
For Madders 🤍🎯,3456,65210,41,@BilliamOfYork,Lad.,6,Tottenham Hotspur
N17에서 우승 트로피를 들어올리는 손흥민!,6386,201025,190,@설봉서어비,쏘 니  우승 축하하고 마음껏 즐겨라  자격이 충분하다,3,Tottenham Hotspur
Full-time scenes across the globe 🔥 Europa League win went worldwide 🤩,6539,115823,231,@markwestwood9730,"Small club, they say ???",0,Tottenham Hotspur
Interview | Daniel Levy and Vinai Venkatesham,2630,97167,580,@DoGnBone21,"Felt like a third wheel, watching this ...",0,Tottenham Hotspur
TOTTENHAM HOTSPUR WIN THE EUROPA LEAGUE! | Post match scenes and trophy lift uncut,55747,1550747,2925,@ThuyTran-t7s9h,> 🍚,0,Tottenham Hotspur
TOTTENHAM HOTSPUR WIN THE EUROPA LEAGUE! | Post match scenes and trophy lift uncut,55747,1550747,2925,@KxjfnDb,I ve had this on repeat all day,0,Tottenham Hotspur
The greatest Champions League semi-final ever? | Ajax 2-3 Tottenham Hotspur | Classic Highlights,7005,425693,544,@maxwellhiggs,Wasn't even the best that week.,0,Tottenham Hotspur
Moments like these!!,21036,325278,176,@ianyi329,"토트넘 팬들은 안다. 쏘니가 클럽에 얼마나 헌신했고, 얼마나 가치있는 선수인지

쏘니 팬들이 오히려 모른다. 클럽에 대한 애정이 없으니",0,Tottenham Hotspur
"Ryley's Dream - Magical reunion with Sonny, Ben Davies and his other Spurs heroes 🤍",4446,121396,259,@갈배-q6i,저 아이에겐 평생 기억해나갈 행복의 큰 조각이 되었을거에요,2,Tottenham Hotspur
Ready for business 🧳,1397,41528,40,@XXXTENTACION_FAN999-j1w,COYS🤍,2,Tottenham Hotspur
A goal-line clearance that will be remembered forever.,15254,692709,294,@johnpalapar5328,What defense😮,0,Tottenham Hotspur
HEUNG.MIN.SON.,12624,212847,238,@엘레사르탈콘다르,그동안 무수한 조롱과 비난을 받았지만 이겨내고 증명해낸 전설,0,Tottenham Hotspur
Moments that will live forever 🏆,79089,1239813,890,@mingmalamusherpa4419,Finally legend son❤,0,Tottenham Hotspur
“IT'S ALWAYS ABOUT WINNING” | Thomas Frank’s first interview as Tottenham Hotspur Head Coach,10265,233292,989,@darkorder7994,"The end where he mentioned big Ange and respected him and his legacy was heart warming. Thomas Frank i will back you.
Big Ange all the best and thank you for everything you gave us one of the best nights of our lives.
COYS",8,Tottenham Hotspur
🎶🎶🎶,1690,89445,42,@mimi0719-f7t,ㅎㅎㅎㅎㅎㅎㅎ😂,3,Tottenham Hotspur
Make way for the CHAMPIONS🥳,31611,1069004,486,@미뇽미뇽88,아 귀여워 진짜 ㅋㅋㅋㅋㅋㅋㅋㅋㅋㅋㅋㅋㅋㅋㅋㅋㅋㅋㅋㅋㅋㅋㅋㅋㅋㅋㅋㅋㅋㅋㅋㅋㅋㅋㅋㅋㅋㅋㅋ 쏘니 완전 씐났넼ㅋㅋㅋㅋㅋㅋㅋㅋㅋㅋㅋㅋㅋㅋㅋㅋㅋㅋㅋㅋㅋㅋㅋ,6,Tottenham Hotspur
Tottenham Hotspur 1-2 Nottingham Forest | Premier League Highlights,7176,703086,352,@Asadkhan-h3u2g,Cris Wood header was sensational and goal of the match,4,Tottenham Hotspur
"유로파리그 챔피언, 주장 손흥민 선수가 한국 팬분들에게 보내는 감사인사!",6172,156477,441,@마진기-t6x,근데 자꾸 다른뉴스가 생각나.....,0,Tottenham Hotspur
"Ryley's Dream - Magical reunion with Sonny, Ben Davies and his other Spurs heroes 🤍",4446,121396,259,@썬라이프-q4v,밝은 모습의 라일리❤ 항상 행복하길😊,1,Tottenham Hotspur
Special delivery 🫡,7549,217316,122,@domthemod6380,ANGE INN COYSS🤍,1,Tottenham Hotspur
유로파리그 우승컵 트로피 세레모니,1584,40192,67,@Jbyun90,"메달 모잘라
폭죽 늦게 터트려
참.. 아쉬운게 많네😂",0,Tottenham Hotspur
히샬리송 🤍,1724,74454,52,@annakim4255,"🐦🐦🐦🐦🐦
🏆🏆🏆🏆🏆
👏👏👏👏👏",4,Tottenham Hotspur
A season like no other. Told by those who lived it. Coming soon.,6155,90308,137,@colonelcrepe,I cannot wait,2,Tottenham Hotspur
"(유로파리그 결승전) 미키의 결정적인 세이브, 직캠으로 만나보세요",11983,1566247,387,@raemona22,💗,0,Tottenham Hotspur
TOTTENHAM HOTSPUR WIN THE EUROPA LEAGUE! | Post match scenes and trophy lift uncut,55747,1550747,2925,@소림사불꽁,토트넘 레전드 손흥민,1,Tottenham Hotspur
TOTTENHAM HOTSPUR WIN THE EUROPA LEAGUE! | Post match scenes and trophy lift uncut,55747,1550747,2925,@gonzalocarrasco007,What a feeling!!! Been supporting this beautiful club for a looong time and it’s our time!!! FINALLY!!!  Curse is broken!!,14,Tottenham Hotspur
(유로파리그) 뜨거운 포옹,864,55726,5,@Scfde5427,Today is your day🎉🎉🎉🎉🎉,7,Tottenham Hotspur
A season like no other. Told by those who lived it. Coming soon.,6155,90308,137,@ParsaKhoshrang,"I can only say one thing.
To dare is to do 🤍🤍🤍",3,Tottenham Hotspur
An atmosphere for the history books ✨,3132,78099,56,@LukeConnell-h2i,C	OME ON YOU SPUUUUUURRRRRSSSSS,4,Tottenham Hotspur
생일 축하합니다! 히샬리송 🤍,296,8009,23,@Ansi_fortress,🎂🎂생일 축하해요 히샬리송~~👍👍,10,Tottenham Hotspur
(유로파리그) 모두가 기다렸던 🏆! 영원히 기억에 남을 순간,11882,619650,290,@HITORI_KOI,😂추카햐,1,Tottenham Hotspur
Behind the scenes as Tottenham Hotspur WIN the Europa League! | MATCHDAY UNCUT,5484,161798,205,@MIDAS772,대문장하게 썸넬에 쏘니 딱 띄워줬네 고맙다,5,Tottenham Hotspur
Moments that will live forever 🏆,79089,1239813,890,@waiyanpaing-n9m,👩‍🏭👩‍🏭👩‍🏭👩‍🏭👩‍🏭👩‍🏭👩‍🏭👩‍🏭👩‍🏭👩‍🏭👩‍🏭,0,Tottenham Hotspur
TOTTENHAM HOTSPUR WIN THE EUROPA LEAGUE! | Post match scenes and trophy lift uncut,55747,1550747,2925,@mirimirimiriya,오늘을 기다렸다. 축하드려요❤,0,Tottenham Hotspur
Moments that will live forever 🏆,79089,1239813,890,@BB-eunyoung,"감동...
새벽에 기뻐서 펑펑 울었어 ❤",15,Tottenham Hotspur
😘,13345,428472,208,@님장고형,쎕쎕이 안타깝네...,0,Tottenham Hotspur
There’s unreal vibes… then there’s Yves Bissouma vibes 🔊😁,26445,923195,487,@Coachat54,Glad to see Richie party..❤,15,Tottenham Hotspur
춤신춤왕 🕺,444,18022,10,@Toman1-m9v,휴대폰이 크흠,2,Tottenham Hotspur
N17 퍼레이드 현장,4281,180860,112,@류우상-k4s,용꼬리보다 뱀머리가 좋다는 말이 진짜군!,6,Tottenham Hotspur
Sonny lifts the trophy in N17! 🏆,28018,686932,479,@changhyunkim6165,트로피 놓을 생각을 않해 ㅎㅎㅎ,0,Tottenham Hotspur
Spurs players prank fans on stadium tour!,3070,190630,91,@yesterday8115,"This is great and funny but we are in 17th place, love to see yk",0,Tottenham Hotspur
Aston Villa 2-0 Tottenham Hotspur | Premier League Highlights,3225,331459,207,@AlvinMugambi-z3x,Arsenal fan here......... I wish you luck in the Europa final.....Go and win it..,0,Tottenham Hotspur
Found this gem in the camera roll 😂,9395,358618,126,@jang7867,ㅋㅋㅋㅋㅋ ㅋㅋㅋㅋ ㅋㅋㅋㅋ ㅋㅋㅋㅋ ㅋㅋㅋㅋ ㅋㅋㅋㅋ 😂😂😂😂😊😊❤❤❤❤❤❤❤❤❤🎉🎉🎉🎉🎉🎉,1,Tottenham Hotspur
“IT'S ALWAYS ABOUT WINNING” | Thomas Frank’s first interview as Tottenham Hotspur Head Coach,10265,233292,989,@JOEJOETOTTENHAM,Good luck BOSS....,0,Tottenham Hotspur
(유로파리그) 승리의 라커룸!,1569,99330,79,@KiKi-fr9ly,아 쏘니없으니 이상하네,1,Tottenham Hotspur
“IT'S ALWAYS ABOUT WINNING” | Thomas Frank’s first interview as Tottenham Hotspur Head Coach,10265,233292,989,@conorsmith8551,All aboard the thomas frank engine,1,Tottenham Hotspur
these dressing room scenes on repeat,105468,1723000,324,@sysy1269,무슨 song is this 🎉?,1,Tottenham Hotspur
한국인 트럼페터 X 토트넘 홋스퍼 @shootforlovekorea @shootforlove,601,16024,14,@곽진숙여,"미남 청년 트럼펫 🎺 💕 
연주 넘 감동임다♡♡
국뽕이 차 오르는 순간❤🎉❤🎉❤🎉❤🎉❤",24,Tottenham Hotspur
Special moments 🥰,7362,222410,141,@nielsjunker1487,🥹🏆💙🤍,0,Tottenham Hotspur
Moments that will live forever 🏆,79089,1239813,890,@Wothdksk,레전드,0,Tottenham Hotspur
A goal-line clearance that will be remembered forever.,15254,692709,294,@QSN7156,That was legendary Moment..  as a LFC Fan.. a big hug and Congrats to Spurs for the Champion UEFA Cup...,151,Tottenham Hotspur
Aston Villa 2-0 Tottenham Hotspur | Premier League Highlights,3225,331459,207,@boris8787,How many PL losses for TH this season.,8,Tottenham Hotspur
Best Spurs chant of the season? 🎶,2443,64835,36,@hjbjerg8273,I am loving big Ange instead,7,Tottenham Hotspur
Vicario has been nominated for Premier League Save of the Season! 🧤,3514,85903,43,@better_than_one_0602,"Let’s go, Vicario! You’ve earned it — make it yours!",1,Tottenham Hotspur
TOTTENHAM HOTSPUR WIN THE EUROPA LEAGUE! | Post match scenes and trophy lift uncut,55747,1550747,2925,@seouliteinmumbai7955,Epic.,0,Tottenham Hotspur
N17 SCENES 🤩,30958,766310,351,@유미-o1l,"와~ 위너즈 카 퍼레이드!
제대로 만끽하네요~ 우리 쏘니 자랑스럽다❤❤❤",88,Tottenham Hotspur
Behind the scenes as Tottenham Hotspur WIN the Europa League! | MATCHDAY UNCUT,5484,161798,205,@AlimovAbdurashid-t1c,Tottenhem will also win the Super Cup- no difference between Inter and PSG,0,Tottenham Hotspur
Tottenham Hotspur 1-4 Brighton | Premier League Highlights,5322,480627,531,@JosephRoss-h4b,"He needs to leave. Well done on winning the Europa League, but at this rate, they're gonna get relegated. Unacceptable",155,Tottenham Hotspur
We got here together 🤍,5997,91222,149,@rgh-up9zj,Make us proud lads!,0,Tottenham Hotspur
차원이 다른 비수마의 바이브,3539,147033,182,@juhyundl8311,그레이 ❤,6,Tottenham Hotspur
다시 만난 동료 🤍,7668,477163,210,@ivanhong6136,"나도 누군가 했음...
이제 요렌테를 아는 사람은 벤데이비스, 손밖에 없다...",39,Tottenham Hotspur
Travel behind the scenes with Tottenham Hotspur to Eintracht Frankfurt!,986,32203,87,@darrenoentoro3176,COYS!,4,Tottenham Hotspur
"Take it away, Vic!",10836,418545,147,@최영미-f5n,"빛카리오 ~
한국에서
당신의 축구를
열렬히 응원합니다",0,Tottenham Hotspur
Moments that will live forever 🏆,79089,1239813,890,@eantko39,🎉🎉🎉🎉🎉🎉🎉🎉❤❤❤❤❤❤❤,0,Tottenham Hotspur
“IT'S ALWAYS ABOUT WINNING” | Thomas Frank’s first interview as Tottenham Hotspur Head Coach,10265,233292,989,@AOTM2227,"Thomas Frank could be great at Tottenham but they need to give him the keys to the castle. What made him successful at Brentford was the culture he created at the club. Everyone from the chefs and physiotherapists to the players and coaches were picked by him. He build the club on ""good people"". If you want Frank to succeed you cannot get away with only letting him be in charge of players and tactics. It's the whole organization he needs to have influence on.",1,Tottenham Hotspur
WE SURE DID,10316,387232,100,@ganeshkumarharikrishnan8493,God Bless You well deserved,2,Tottenham Hotspur
Sonny lifts the trophy in N17! 🏆,28018,686932,479,@굿라이프-b4e,이런장면을 언제또보게될지,0,Tottenham Hotspur
"(유로파리그) SpursTV,  손흥민 인터뷰",2332,38065,178,@Adseghj,"될사람은  되는구나 .
그동안 토트넘 안된다고 떠나라고 해서 미안해요.축하해요🎉",47,Tottenham Hotspur
(유로파리그) 모두가 기다렸던 🏆! 영원히 기억에 남을 순간,11882,619650,290,@__honeypot_bear6547,처음이라 그런지 영 폼은 안난다..😅,0,Tottenham Hotspur
SURPRISE!!!!!! 🥳🥳🥳,4016,85809,38,@hooooooo-s8i,저거 어떻게 치워 ㅋㅋㅋ,3,Tottenham Hotspur
THIS MAN 😍,4172,133203,78,@JayKay0901,아... 미치겠다 ㅋㅋㅋㅋ 진짜 이젠 흥민형 보내주고 반더벤 입덕해야겠다  넘 귀엽다,32,Tottenham Hotspur
EUROPA LEAGUE FINALISTS! | Bodo/Glimt 0-2 Tottenham Hotspur (1-5 agg) | Highlights,3822,258938,136,@KingEirik7,Bodo Glimt should never ever go this far again in a europe cup. Worst team to ever reach a europe semi final. Boyscout team!!,2,Tottenham Hotspur
WE SURE DID,10316,387232,100,@daepark3709,"결정적인 순간에 미끄러지지 않았다면
주인공은 솔랑케, 너 였을꺼야.
아쉽지만 그래도 잘했다! 축하해~😊",0,Tottenham Hotspur
ABSOLUTE SCENES IN NORTH LONDON!,12279,373028,314,@mr.be.5630,Beautiful Scenes,2,Tottenham Hotspur
TOTTENHAM HOTSPUR WIN THE EUROPA LEAGUE! | Post match scenes and trophy lift uncut,55747,1550747,2925,@엄선화-g3b,진심을담아   축하드려요 🎉 💗 💖,0,Tottenham Hotspur
Vibes 🆙,6333,190875,103,@stacey37m,Winners 2025 :),1,Tottenham Hotspur
Sonny lifts the trophy in N17! 🏆,28018,686932,479,@일월-j2h,우리손흥민 진짜 자랑스럽다❤❤❤❤❤❤❤❤❤❤❤,41,Tottenham Hotspur
"공식 서포터즈 클럽 코리아와 공식 파트너 Sidiz가 함께한 유로파리그 결승전 오프라인 워치파티, 팬 여러분들이 직접 트로피 세러머니를 하며 우승을 만끽하는 시간을 가졌습니다!",1311,62415,13,@I_am_Boksoon,🎉🎉🎉🎉🎉🎉,22,Tottenham Hotspur
“We did something special!” | All the reaction to Spurs' Europa League win!,5355,157326,333,@kajekebravin,YESSSSSS COYS,1,Tottenham Hotspur
차원이 다른 비수마의 바이브,3539,147033,182,@성이름-j6e6z,그텐션을 경기에 써봐라 야말처럼.,0,Tottenham Hotspur
Arrived for the final 👋,4709,125842,145,@HeungMinSonSevenBiri,"Half Time!! 

Tottenham  1-0 Man U
    
Brendan Johnson' 42",1,Tottenham Hotspur
Found this gem in the camera roll 😂,9395,358618,126,@themister.s-1st,Why are you….!,1,Tottenham Hotspur
N17 SCENES 🤩,30958,766310,351,@seokjiniya,행복해보이니 넘 좋다.. 고생많았어요 😊,106,Tottenham Hotspur
유로파리그 2차전을 앞둔 팀 트레이닝 💪,389,11259,66,@Thin.777,"라인업 
골피커 피카리오
수비로 왼쪽 그레이   중앙 로메로    펜    오른쪽 우도기

미드필더 왼쪽 쿨루셰프스키 중앙 메디슨  오른쪽 사르

공격수     왼쪽 포로            솔란케           오른쪽 손흥민

이렇게 한번 가봤으면 좋겠다.ㅎㅎ",1,Tottenham Hotspur
A goal-line clearance that will be remembered forever.,15254,692709,294,@jayantrawat644,"Quite a long clip, isn't it?",0,Tottenham Hotspur
TOTTENHAM HOTSPUR WIN THE EUROPA LEAGUE! | Post match scenes and trophy lift uncut,55747,1550747,2925,@thandermango-jq6en,Congratulations to Tottenham Hotspur from FC Liverpool.🎉🎉🎉,0,Tottenham Hotspur
Europa League Final preparations | Behind the scenes of Tottenham Hotspur training in Bilbao,2912,92743,250,@아싸니,쏘니 토트넘 커리어의 빅이벤트!! 내가 더 떨리넹..ㅎㅎ,5,Tottenham Hotspur
"Take it away, Vic!",10836,418545,147,@DanGlassberg,GLORY GLORY TOTTENHAM HOTSPUR🤍🤍🤍🤍🤍,1,Tottenham Hotspur
ABSOLUTE SCENES IN NORTH LONDON!,12279,373028,314,@Maxcs-b1g,Coys,4,Tottenham Hotspur
“IT'S ALWAYS ABOUT WINNING” | Thomas Frank’s first interview as Tottenham Hotspur Head Coach,10265,233292,989,@GOOD..3MUSIC,We Winning the treble,1,Tottenham Hotspur
ABSOLUTE SCENES IN NORTH LONDON!,12279,373028,314,@jj11280,사고날까 걱정됐음..토트넘 축하!!,1,Tottenham Hotspur
TOTTENHAM HOTSPUR WIN THE EUROPA LEAGUE! | Post match scenes and trophy lift uncut,55747,1550747,2925,@크리스-o3x,Forever world class sonny winner,7,Tottenham Hotspur
TOTTENHAM HOTSPUR WIN THE EUROPA LEAGUE! | Post match scenes and trophy lift uncut,55747,1550747,2925,@ralphrhie3298,"토트넘 선수와  응원하신 모든분 수고 많으셧습니다,
오늘은 축제를 즐기자구요",0,Tottenham Hotspur
"(유로파리그 결승전) 미키의 결정적인 세이브, 직캠으로 만나보세요",11983,1566247,387,@김선미-d9x6w,미키 최고였어요 ^^새벽 3부터 기다린 보람이 있더라구요^^미키 로매로  모두  최고였어요 ❤❤❤❤우리쏘니 화이팅!!!♡♡♡♡,2,Tottenham Hotspur
Team walk in Bilbao ✊,6277,187662,150,@YELIN-v8t,Meddison return????❤❤❤,1,Tottenham Hotspur
Every Tottenham Hotspur goal that won the Europa League!,1672,56567,99,@cdbbdev,Straight to the point and useful 🔧,1,Tottenham Hotspur
차원이 다른 비수마의 바이브,3539,147033,182,@이아현-x8z,힘들어. 헥헥 ㅋ 기빨려. 그래두계속 보구있네. 나 ㅋ,1,Tottenham Hotspur
Spurs players prank fans on stadium tour!,3070,190630,91,@LadislavKulina-z2l,🖐️,1,Tottenham Hotspur
TOTTENHAM HOTSPUR WIN THE EUROPA LEAGUE! | Post match scenes and trophy lift uncut,55747,1550747,2925,@Pendevous123,"Very happy for Son, but good God Van de Ven was in beast mode in this game",0,Tottenham Hotspur
"유로파리그 챔피언, 주장 손흥민 선수가 한국 팬분들에게 보내는 감사인사!",6172,156477,441,@메롱-c1k,수고많았어요~~,0,Tottenham Hotspur
Big moments in Europe 💫,2455,56138,31,@NightSoulYouTube,BIG GAME TODAY! COYS,1,Tottenham Hotspur
“IT'S ALWAYS ABOUT WINNING” | Thomas Frank’s first interview as Tottenham Hotspur Head Coach,10265,233292,989,@stu55sy,"I totally bought into the Ange project after the misery of Mourinho and Conte. Sad though it is to lose Ange after winning the Europa, this guy will be great at building on that success. Talks sense, acknowledges Ange's contribution, very classy.  I just hope we can keep the senior players and add one or two in key areas. COYS",0,Tottenham Hotspur
(유로파리그) LET'S GOOOOOOOO,2355,95683,47,@오타니쇼헤이-t5y,우승곡 feed from the desire,2,Tottenham Hotspur
There’s unreal vibes… then there’s Yves Bissouma vibes 🔊😁,26445,923195,487,@hansj5003,❤❤❤❤❤🎉🎉🎉🎉🎉🎉🎉🎉🎉🎉🎉🎉🎉🎉,0,Tottenham Hotspur
Tottenham Hotspur v Man United | Europa League Final Match Preview,854,50421,92,@anthonypace5676,COYS COYS COYS bring it home lads.,8,Tottenham Hotspur
(유로파리그) 행복과 기쁨이 넘치는 저녁,859,41589,18,@dadaad-g3o,Cute boy😂,8,Tottenham Hotspur
Make way for the CHAMPIONS🥳,31611,1069004,486,@잘놈,흥민이 또 모든 선수들 관계자들 고생하셨습니다 😊,62,Tottenham Hotspur
“IT'S ALWAYS ABOUT WINNING” | Thomas Frank’s first interview as Tottenham Hotspur Head Coach,10265,233292,989,@spursfan,"A Frank start, hopefully you'll stay much longer than the previous giants.",0,Tottenham Hotspur
"유로파리그 챔피언, 주장 손흥민 선수가 한국 팬분들에게 보내는 감사인사!",6172,156477,441,@choi-m5v,축하드립니다!!!,4,Tottenham Hotspur
TOTTENHAM HOTSPUR WIN THE EUROPA LEAGUE! | Post match scenes and trophy lift uncut,55747,1550747,2925,@willydeed,"Congratulations Sonny, you totally deserve this ！！！",54,Tottenham Hotspur
가족이란 🤍🤍🤍,3658,97715,78,@seanhan7494,아버님. 아드님 이제 레젼드 맞죠?,0,Tottenham Hotspur
"(유로파리그 결승전) 미키의 결정적인 세이브, 직캠으로 만나보세요",11983,1566247,387,@james-sw2vd,세팍타크로 선수도 울고갈듯 ㄷ ㄷ ㄷ,3,Tottenham Hotspur
흥부자 미키 🕺,1810,70927,66,@free_video_source,아...너 하고 싶은거 다해!!!!,1,Tottenham Hotspur
😂😂😂,3053,92167,47,@rob123456789gy,"Anyway, where's Tom Holland? During this big event?",6,Tottenham Hotspur
N17 SCENES 🤩,30958,766310,351,@토끼-f4j,날씨도 좋고 토트넘팬들에겐 진짜 잊지못할 시간들이겠다,13,Tottenham Hotspur
Moments that will live forever 🏆,79089,1239813,890,@NeilObrien63,Love sonny. Spurs legend,0,Tottenham Hotspur
"Ryley's Dream - Magical reunion with Sonny, Ben Davies and his other Spurs heroes 🤍",4446,121396,259,@____ghost,이번엔 진짜 우승하자!,3,Tottenham Hotspur
A goal-line clearance that will be remembered forever.,15254,692709,294,@hoaithuongo941,❤❤❤,0,Tottenham Hotspur
Tottenham Hotspur PARADE SPECIAL | Europa League Champions!,4524,121367,185,@OnOn_TV,Why can't I tired of this video..❤,6,Tottenham Hotspur
Make way for the CHAMPIONS🥳,31611,1069004,486,@smook3706,😂,0,Tottenham Hotspur
"(PL 32R) 원정 경기장,  도착 완료.",179,9392,10,@gimggo08,손흥민 부상이라니ㅠㅠ,6,Tottenham Hotspur
An atmosphere for the history books ✨,3132,78099,56,@Strawberry_sauce11981,"I went to the Leicester game in January, if only that atmosphere was like this, but never the less amazing to hear and see this short, what a fan base we have! COYS",5,Tottenham Hotspur
A special delivery for Micky 📦✨,5257,106630,77,@Griffin_Emanuel,One of our best kits so far COYS 🏆🤍,3,Tottenham Hotspur
진짜 레전드,1576,28110,47,@파비-k3k,쏘니 행복만하자!!!🎉🎉🎉😊❤,15,Tottenham Hotspur
“IT'S ALWAYS ABOUT WINNING” | Thomas Frank’s first interview as Tottenham Hotspur Head Coach,10265,233292,989,@VinnyJones,A lot of danes are now Tottenham fans 💪,0,Tottenham Hotspur
Danny Aarons' AMIGOS test! | MADDERS v PEDRO PORRO,1508,31068,61,@RudyMohindra,COYS,0,Tottenham Hotspur
TOTTENHAM HOTSPUR WIN THE EUROPA LEAGUE! | Post match scenes and trophy lift uncut,55747,1550747,2925,@미산-y1n,"축하 하고,더 큰 꿈을 향해 달려가길!",0,Tottenham Hotspur
“IT'S ALWAYS ABOUT WINNING” | Thomas Frank’s first interview as Tottenham Hotspur Head Coach,10265,233292,989,@samuelhiggitt5209,"Great interview, paid tribute to Ange and the fans. I've got a good feeling about this appointment and thomas the frank engine COYS!!",4,Tottenham Hotspur
EVERY Dejan Kulusevski goal & assist of the season!,729,22701,34,@kanyaruguruisaac5329,So hardworking,0,Tottenham Hotspur
행선지: 프랑크푸르트 ✈️,149,8303,11,@발서슴,넘 맘아프다 쏘니😢,2,Tottenham Hotspur
TOTTENHAM HOTSPUR WIN THE EUROPA LEAGUE! | Post match scenes and trophy lift uncut,55747,1550747,2925,@jacobin1632,Happy ending 😊,1,Tottenham Hotspur
Arrived back home as Champions 🥳,50672,626580,394,@benjaminlau7148,Congratulations Son and team  finally you guys did it👑⚽️❤️🙏,2,Tottenham Hotspur
“IT'S ALWAYS ABOUT WINNING” | Thomas Frank’s first interview as Tottenham Hotspur Head Coach,10265,233292,989,@johna8999,"He sounds intelligent, I hope his spirit isn't broken by Spurs. They/Levi/the boad must back him properly to progress to the next level.",0,Tottenham Hotspur
Behind the scenes as Spurs prepare for Aston Villa | Inside Training,744,22577,49,@jy4909,🔥🔥🔥,4,Tottenham Hotspur
WE SURE DID,10316,387232,100,@방탄천사-g8h,항상 보이지 않는곳에서도 열심히 하는 솔랑케 진짜 우승 축하하고 넘 고맙습니다 ❤❤❤❤,8,Tottenham Hotspur
West Ham 1-1 Tottenham Hotspur | Premier League Highlights,2648,152108,57,@PrasererukChatchai,I m gat ❤ok,1,Tottenham Hotspur
ABSOLUTE SCENES IN NORTH LONDON!,12279,373028,314,@kingRas6686,"What an amazing day being amongst all the Tottenham Hotspur supporters and the energy was unreal, everyone was truly happy and positive, SPURS need more of this COYS 😎",4,Tottenham Hotspur
Quickfire fan questions with Thomas Frank 🌟,4743,144878,143,@AllenWebb-x7w,"Shawshank and Glenn Hoddle, he'll do for me",3,Tottenham Hotspur
Moments like these!!,21036,325278,176,@일월-j2h,쏘니 보는우리가 즐겁고 행복하네요 울손 행복하세오,11,Tottenham Hotspur
Arrived at Villa Park! 👋,1167,37578,28,@Charli3_Kersley,YANITED YANITED YANITED,0,Tottenham Hotspur
Bilbao bound 🫡,6379,125436,221,@Scfde5427,배게 챙겨가는거 귀엽네 ㅋㅋㅋ,8,Tottenham Hotspur
스퍼스 선수단의 팬 감사 인사 비하인드 더 씬 🏆📸,1073,20505,45,@ywdady3147,토트넘 팬들 성불하셨네 소니 축하,5,Tottenham Hotspur
"(유로파리그) SpursTV,  손흥민 인터뷰",2332,38065,178,@miow2833,고생했어 손흥민 축구를 보면서  매순간 레전드~,9,Tottenham Hotspur
Sonny lifts the trophy in N17! 🏆,28018,686932,479,@NzubeNdubuisi-w5h,Congratulations to them.,0,Tottenham Hotspur
“IT'S ALWAYS ABOUT WINNING” | Thomas Frank’s first interview as Tottenham Hotspur Head Coach,10265,233292,989,@kryptosniper1429,Frank is perfect for us. I really hope he is able to build on the foundations Ange built and lead us to glory many times again. Exciting future for Tottenham. COYS!!!,1,Tottenham Hotspur
“저는 이 구단을 사랑합니다. 이 구단에 합류한 것은 제가 내린 가장 잘한 결정입니다.”,2554,160827,21,@pasurakong,가자! 챔스로! 토트넘 화이팅!,56,Tottenham Hotspur
TOTTENHAM HOTSPUR WIN THE EUROPA LEAGUE! | Post match scenes and trophy lift uncut,55747,1550747,2925,@DivineIhemelandu-i7y,"The winning was massive 
Oya make Una do giveaway for us the supporters",0,Tottenham Hotspur
TOTTENHAM HOTSPUR WIN THE EUROPA LEAGUE! | Post match scenes and trophy lift uncut,55747,1550747,2925,@nonio29-l9c,"What a moment!!
I love this club!! player!! everyone!!",0,Tottenham Hotspur
EUROPA LEAGUE CHAMPIONS! 🏆 | Tottenham Hotspur 1-0 Man United | Highlights,20359,1053840,801,@WorldclassSon-qj5tr,Spurs legend: Son Heung Min 🇰🇷👑,1,Tottenham Hotspur
"유로파리그 챔피언, 주장 손흥민 선수가 한국 팬분들에게 보내는 감사인사!",6172,156477,441,@love-md7mo,"자랑스럽다~~❤❤❤
손흥민 ㅠㅡ 넘 수고했어요^^
우승 축하해요~~응원하면서 엉엉 울었네 ㅎㅎ",38,Tottenham Hotspur
FREED FROM DESIRE 🏆,36225,924720,169,@이하-t9k,손!축하한다 10년의 여정 멋진 마무리👍,3,Tottenham Hotspur
TOTTENHAM HOTSPUR WIN THE EUROPA LEAGUE! | Post match scenes and trophy lift uncut,55747,1550747,2925,@febswelt,🎉🎉🎉,0,Tottenham Hotspur
"(유로파리그 결승전) 미키의 결정적인 세이브, 직캠으로 만나보세요",11983,1566247,387,@orora66,"미키미키~~~~로메로~~~""❤❤❤❤",0,Tottenham Hotspur
🤩🤩🤩,15854,507069,238,@hy_lee1457,히샬리숑. 🎉🎉🎉🎉🎉,1,Tottenham Hotspur
Tottenham Hotspur 1-4 Brighton | Premier League Highlights,5322,480627,531,@toramaru2490,I can't believe I'm living in an era where MU and Tottenham are bottom feeder🤣,0,Tottenham Hotspur
"(유로파리그) 챔피언스리그, 우리가 간다!",13165,1032570,536,@user-px2tv2bl7b,🎉🎉🎉🎉🎉🎉🎉🎉🎉🎉🎉🎉🎉🎉🎉🎉🎉,0,Tottenham Hotspur
TOTTENHAM HOTSPUR WIN THE EUROPA LEAGUE! | Post match scenes and trophy lift uncut,55747,1550747,2925,@spring_rain_,Congrats Spurs 🎉🎉🎉 So proud of you guys,0,Tottenham Hotspur
Good morning to everyone who loves Tottenham Hotspur Football Club,6746,83361,228,@kieran3237,Great performance..COYS,0,Tottenham Hotspur
Moments that will live forever 🏆,79089,1239813,890,@diegososa9894,Tottenham won a cup before Arsenal how funny is that,0,Tottenham Hotspur
TOTTENHAM HOTSPUR WIN THE EUROPA LEAGUE! | Post match scenes and trophy lift uncut,55747,1550747,2925,@bangthoel994,We love you spurs and son 🎉🎉❤❤,19,Tottenham Hotspur
"(유로파리그) SpursTV,  손흥민 인터뷰",2332,38065,178,@쭌쭌-v3w,"쏘니! 자신이 정말 간절하게 원했을테고 꼭 들고 싶었던 우승컵이였을텐데 
팬들에게 넘 오래걸려 미안하다는 말이 왜 이렇게 슬픈지ㅠㅠ 인터뷰 볼때마다 눈물버튼이네ㅠㅠ
그냥 그렇게 웃고 행복하길~😊",46,Tottenham Hotspur
🥶,2881,74905,34,@diahkais,jelek,0,Tottenham Hotspur
FREED FROM DESIRE 🏆,36225,924720,169,@neois3,챔스우승 ㄱㄱ!,0,Tottenham Hotspur
😘,13345,428472,208,@FFW708,Is ange leaving,3,Tottenham Hotspur
Tottenham Hotspur PARADE SPECIAL | Europa League Champions!,4524,121367,185,@ro8m1,You guys deserve this 🤍,12,Tottenham Hotspur
이전과는 완전히 다른 시즌. 직접 시즌을 보낸 이들의 이야기. Coming Soon,324,8428,10,@nos7son7-f3y,선수들이 하나로 뭉쳐지고있다는게 보기좋아😊,3,Tottenham Hotspur
(유로파리그) 모두가 기다렸던 🏆! 영원히 기억에 남을 순간,11882,619650,290,@나의끼,"진심을담아 존경하고 축하드립니다
레전드 쏘니",19,Tottenham Hotspur
ABSOLUTE SCENES IN NORTH LONDON!,12279,373028,314,@walterweidmann1759,COYS,1,Tottenham Hotspur
“We did something special!” | All the reaction to Spurs' Europa League win!,5355,157326,333,@snowman01,"Levy, DO NOT break this young family up. We're a couple of experienced players and an injury season away from even more glory",6,Tottenham Hotspur
TOTTENHAM HOTSPUR WIN THE EUROPA LEAGUE! | Post match scenes and trophy lift uncut,55747,1550747,2925,@Original-q11,"Itsssss...... Beautiful 🏆
⚪COYS⚪",3,Tottenham Hotspur
There’s a Sarr man 🇸🇳🤩,7015,339269,81,@지구만세,사르 와이프(?)이쁘네.,0,Tottenham Hotspur
THE ROAD TO THE FINAL! | Every game of Spurs' Europa League campaign,5715,414914,218,@fatfums4773,"Feels like the refs did everything to try and stop us. Clear pens against Roma, Frankfurt and Bodo had to go to VAR and couldn’t give the one that wasn’t a pen for Hoffenheim fast enough",1,Tottenham Hotspur
TOTTENHAM HOTSPUR EUROPA LEAGUE WINNERS END OF SEASON LAP OF APPRECIATION | LIVE,4250,231908,143,@stevemarks9360,Sack him now!,0,Tottenham Hotspur
The time is now.,2761,52858,85,@matteobardelli-x5p,Let's Hope for this evening!🤞🤞🤞,5,Tottenham Hotspur
Wolves 4-2 Tottenham Hotspur | Premier League Highlights,2718,251187,319,@breno__viana,This season is a mistake,356,Tottenham Hotspur
"""It's always about winning"" Hear from our new head coach Thomas Frank",1972,37245,61,@OrlandoCarofano,I hope that he lives up to what Ange ended with. Let’s win the super cup,1,Tottenham Hotspur
🤩🤩🤩,15854,507069,238,@mimi0719-f7t,"히샬리송🎉😊❤
결승전때 경기력 정말 굿!좋아요!",116,Tottenham Hotspur
🫶,3459,113824,64,@박진하-p4l,사랑둥이,5,Tottenham Hotspur
Moments that will live forever 🏆,79089,1239813,890,@yonatanbencomo7308,"Felicidades, Se lo merecen todos ustedes",0,Tottenham Hotspur
There’s unreal vibes… then there’s Yves Bissouma vibes 🔊😁,26445,923195,487,@스웨디시-s4b,vamos hotspurs,1,Tottenham Hotspur
Every Brennan Johnson goal of 2024/25!,1102,30898,90,@Joe-sv4wz,How was that VDV assist this season man we were playing electric football under Ange people forget,0,Tottenham Hotspur
차원이 다른 비수마의 바이브,3539,147033,182,@Bbmbbm-q1z1b,"그레이ㅋㅋ웃는거 넘귀엽닼ㅋㅋㅋㅋ
E와 I들의 선이 너무나 분명한 것...ㅋㅋㅋㅋㅋ",213,Tottenham Hotspur
A goal-line clearance that will be remembered forever.,15254,692709,294,@GingerSpursFan,Im naming my future kid micky after this,10,Tottenham Hotspur
EUROPA LEAGUE CHAMPIONS! 🏆 | Tottenham Hotspur 1-0 Man United | Highlights,20359,1053840,801,@tsaukenneth4209,I'm a Chelsea fan but what absolute saves from those two...🙌🏾,0,Tottenham Hotspur
ABSOLUTE SCENES IN NORTH LONDON!,12279,373028,314,@Etron-h3u,Proper fans COYS!,0,Tottenham Hotspur
There’s unreal vibes… then there’s Yves Bissouma vibes 🔊😁,26445,923195,487,@갓케이-g9s,5일장 가면저런아재 꼭보임,0,Tottenham Hotspur
"(유로파리그) SpursTV,  손흥민 인터뷰",2332,38065,178,@이수진-m7l,사랑합니다,3,Tottenham Hotspur
여기까지 다 함께 🤍,631,12840,18,@eg-wp5mw,모두들 고생했다 진짜,0,Tottenham Hotspur
EUROPA LEAGUE CHAMPIONS! 🏆 | Tottenham Hotspur 1-0 Man United | Highlights,20359,1053840,801,@Trending_News_Kenya,The number of times I've searched for this highlight on YouTube is insane 😂 finally it's here.,92,Tottenham Hotspur
"(유로파리그 결승전) 미키의 결정적인 세이브, 직캠으로 만나보세요",11983,1566247,387,@Youlovemesomuche,반더벤잉 승리로 이끌었다고해도 과언이 아님,0,Tottenham Hotspur
Nothing but legends everywhere we look 🤩,6970,241828,99,@getsheked,coys,8,Tottenham Hotspur
Make way for the CHAMPIONS🥳,31611,1069004,486,@Исмаил-ь1ф,"Сон красавчик, молодец!!!!!!!!",0,Tottenham Hotspur
Brothers 🥹,4723,66689,100,@jamescharlton88,I don’t care where we finished in the PL this year. Despite what levy might think and Lewis we owed this to Sonny! Never has a man been more deserving in football any fan will say that,12,Tottenham Hotspur
(유로파리그 결승전) 토트넘 홋스퍼 1 : 0 맨체스터 유나이티드 // 2분 하이라이트 // 현지 해설,1918,218956,174,@율다님,몸 날맀게 우승,0,Tottenham Hotspur
Bilbao bound 🫡,6379,125436,221,@rhs1980,Dare to do lads! Coys!!,0,Tottenham Hotspur
Full-time scenes across the globe 🔥 Europa League win went worldwide 🤩,6539,115823,231,@PeterGardner-f1b,Bring back poch for the champions League,0,Tottenham Hotspur
Behind the scenes as Spurs prepare for Aston Villa | Inside Training,744,22577,49,@Tuberkulin,COYS、,0,Tottenham Hotspur
Tottenham Hotspur 1-4 Brighton | Premier League Highlights,5322,480627,531,@bruIo,I bet 50 viet dong spurs is gonna get relegated in the next 5 years,0,Tottenham Hotspur
A season like no other. Told by those who lived it. Coming soon.,6155,90308,137,@danypassa,Great vid great ending 😢,3,Tottenham Hotspur
TOTTENHAM HOTSPUR WIN THE EUROPA LEAGUE! | Post match scenes and trophy lift uncut,55747,1550747,2925,@stanleychung1969,Legend Son heung min  we love you,5,Tottenham Hotspur
Admin and Vicario’s dad understood the assignment 🤳🤳,5922,165469,71,@akihiko-s1d,비디오맨 비카리오 파파,1,Tottenham Hotspur
Commentary Cam for our Europa League winning goal! 🎙️🤩,9415,290716,95,@viewer9195,"손흥민 푸스카스 때도 해설 하셨던분아닌가
월드클래스!",5,Tottenham Hotspur
"(유로파리그 결승전) 미키의 결정적인 세이브, 직캠으로 만나보세요",11983,1566247,387,@zzzeee8110,와 근데 반더벤 진짜 저 위치에 없었으면 그대로 먹힐뻔했다 ㄹㅇ 이건 먹혔을때의 경기흐름까지 생각하면 두골 넣은거나 마찮가지다,1,Tottenham Hotspur
Set for the semis.,893,15887,20,@Footyxedits12135,"COYS let’s win ❤❤❤
And don’t be spursy",22,Tottenham Hotspur
RICHARLISON REPLIES TO YOUR COMMENTS 😱 // ADMIN RICHARLISON,765,18698,47,@zonaparfume5491,Wes madang😊,0,Tottenham Hotspur
Make way for the CHAMPIONS🥳,31611,1069004,486,@MonMon-bw6ru,bro went crazy because of being a champion lmaoooooo,14,Tottenham Hotspur
N17에서 우승 트로피를 들어올리는 손흥민!,6386,201025,190,@까꿍-n1z,오예🎉🎉🎉🎉❤❤❤❤,3,Tottenham Hotspur
우리 모두가 스펜스와 같은 감정이었습니다.,346,13411,7,@14버니TV,토트넘 최고!!!!!!,1,Tottenham Hotspur
25/26 시즌 홈 유니폼 언박싱 📦,381,18615,10,@윤소영-d1d,바루 구입 할게요 우리쏘니 걸로 😂,1,Tottenham Hotspur
히샬리송 🤍,1724,74454,52,@간달프-M,진짜 이런거보면 우승도 다 시기가 있나보다 누가 알았겠냐 이 멤버로 우승할지  넌 진짜  축구도 잘하지만 행운아다,1,Tottenham Hotspur
Inside Tottenham Hotspur training ahead of the Europa League semi-final!,690,19864,69,@FUT_FUN,COYS!!!!!!!!!,5,Tottenham Hotspur
Tottenham Hotspur 1-1 Eintracht Frankfurt | Europa League Highlights,3271,194224,98,@enkenthouse,Manutd should sign the Frankfurt GK,13,Tottenham Hotspur
Spurs players prank fans on stadium tour!,3070,190630,91,@Matheusamr,the gaslighting tho lmao,0,Tottenham Hotspur
For those Spurs fans who are no longer with us 🤍,6613,110576,157,@M.IbraheemJadoon,My friend is a spurs fan and he said if they win he would give everyone 20$ in the class,0,Tottenham Hotspur
“IT'S ALWAYS ABOUT WINNING” | Thomas Frank’s first interview as Tottenham Hotspur Head Coach,10265,233292,989,@lego_pirate,He has a very positive vibe.,5,Tottenham Hotspur
TOTTENHAM HOTSPUR WIN THE EUROPA LEAGUE! | Post match scenes and trophy lift uncut,55747,1550747,2925,@swagatda1644,Most awaited...well deserving SPURS. Congratulations ❤🎉🎉🎉,0,Tottenham Hotspur
Spurs everywhere 😍,3998,89224,83,@Rain-jq5by,COYYYSSSSSS 👍😖😖🙂🔥,1,Tottenham Hotspur
Sonny lifts the trophy in N17! 🏆,28018,686932,479,@블랙해커-o3w,다른선수들이 트로피 안드는 이유 무거움 ㅋㅋㅋ그리고 이마에 멍든거 보구,1,Tottenham Hotspur
TOTTENHAM HOTSPUR WIN THE EUROPA LEAGUE! | Post match scenes and trophy lift uncut,55747,1550747,2925,@김주작-s1b,손흥민 선수의 마지막 여정의 마침표가 찍히는 기분입니다...2015년 여름 토트넘 가기전에 춘천의 어느 한 카페에서 기분좋게 사진 찍어줬던 손흥민 선수의 모습은 아직 제 소중한 추억입니다...ㅎㅎ,2,Tottenham Hotspur
Nothing but legends everywhere we look 🤩,6970,241828,99,@brendanporter6750,All Legends.,19,Tottenham Hotspur
올 시즌 최고의 득점 - 손흥민,723,13624,52,@산호반지-v9o,"골도 골이지만 당시 분위기가 3:0으로 앞서다가 3:2까지 따라잡혀 
매번 그랬던 것처럼 경기가 뒤집힐지도 모르는 상황이라 더 가치가 있지 싶다
토트넘 올해의 골 수상 축하! 맹구 잡고 탈출하자!",33,Tottenham Hotspur
Ever wondered why Richarlison does the pigeon celebration?? 👀🐦,963,25379,10,@razzakggodblessyou161,True icon,13,Tottenham Hotspur
“We did something special!” | All the reaction to Spurs' Europa League win!,5355,157326,333,@zeuutube,"Son's story is almost like a fairy tale. If not, a romance.",2,Tottenham Hotspur
A goal-line clearance that will be remembered forever.,15254,692709,294,@목산-u8k,미키반더밴!  위대한선수! 몇천억원의 가치다,0,Tottenham Hotspur
EUROPA LEAGUE CHAMPIONS! 🏆 | Tottenham Hotspur 1-0 Man United | Highlights,20359,1053840,801,@양군양태진,🎉🎉🎉🎉,0,Tottenham Hotspur
The end of a week none of us will ever forget 🥹,9395,108118,174,@steady2144,외모로 선수 뽑네❤,0,Tottenham Hotspur
Pedro Porro only scores stunning goals 😍 | All 10 goals for Spurs so far...,1024,42020,68,@Dhickeveinfjwoggi,now is there a video of how many goals we've conceded because of him....??,16,Tottenham Hotspur
Johnson AGAIN. On the biggest stage!,7640,382873,149,@domthemod6380,ANGEE INNN COYSSS🤍🤍🤍,0,Tottenham Hotspur
The end of a week none of us will ever forget 🥹,9395,108118,174,@해꿈-y2v,감동입니다 ~~👍🇰🇷🇰🇷🇰🇷,33,Tottenham Hotspur
Spurs players prank fans on stadium tour!,3070,190630,91,@k-b6i,17th place in the league...,0,Tottenham Hotspur
Moments that will live forever 🏆,79089,1239813,890,@tcuppu,🎉🎉🎉🎉🎉🎉❤❤❤❤❤❤,0,Tottenham Hotspur
TOTTENHAM HOTSPUR EUROPA LEAGUE WINNERS TROPHY PARADE | LIVE,38132,1329896,75,@mscopycat5137,It was amazing being there. Congrats to Tottenham 🎉🎉🎉,5,Tottenham Hotspur
Moments that will live forever 🏆,79089,1239813,890,@cktlqhd,cg같아 아직도 실감이안남,0,Tottenham Hotspur
Moments like this 🤍,7788,121936,109,@nickfelton6749,COYS ..... 😃😃😃👍👍,0,Tottenham Hotspur
"유로파리그 챔피언, 주장 손흥민 선수가 한국 팬분들에게 보내는 감사인사!",6172,156477,441,@user-gorani-b1b,손흥민 최고! 토트넘 화이팅!,0,Tottenham Hotspur
A goal-line clearance that will be remembered forever.,15254,692709,294,@병규강-c2d,결승전 MVP 반더밴,218,Tottenham Hotspur
N17에서 우승 트로피를 들어올리는 손흥민!,6386,201025,190,@whdmgn8703,우리 이쁜 쏘니선수 우승 축하해요. 행복한 눈물 한없이 흘렸습니다. 간절히 바랐던 쏘니선수 우승~~~🎉 나에겐 쏘니선수가 최곱니다~❤❤❤❤❤❤❤🎉,9,Tottenham Hotspur
TOTTENHAM HOTSPUR EUROPA LEAGUE WINNERS END OF SEASON LAP OF APPRECIATION | LIVE,4250,231908,143,@sprshorts_gk,Come on get in GOYKERS ..in summer..coys...,0,Tottenham Hotspur
"유로파리그 챔피언, 주장 손흥민 선수가 한국 팬분들에게 보내는 감사인사!",6172,156477,441,@수건-m2z,🎉🎉🎉🎉🎉🎉🎉🎉🎉,0,Tottenham Hotspur
Tottenham Hotspur 1-1 Eintracht Frankfurt | Europa League Highlights,3271,194224,98,@tobeagoodboy,"Poor Performance.. 
This team of game couldn't win Europe League.....",2,Tottenham Hotspur
EUROPA LEAGUE CHAMPIONS! 🏆 | Tottenham Hotspur 1-0 Man United | Highlights,20359,1053840,801,@kuchenkoren4051,"In this 2 minutes short video, they still manage to display those crying united fans",0,Tottenham Hotspur
Good morning to everyone who loves Tottenham Hotspur Football Club,6746,83361,228,@Mariogoat-n4z,totthenham toda la vida ❤❤❤❤ 🤍💚🤍💚🤍🤍🖤🤍🖤🤍,0,Tottenham Hotspur
TOTTENHAM HOTSPUR WIN THE EUROPA LEAGUE! | Post match scenes and trophy lift uncut,55747,1550747,2925,@Madyuu,"son dan tim pantas mendapatkannya.
salam dari indonesia",0,Tottenham Hotspur
미키에게 선물을 🎁,203,9033,8,@user-hayanmaum,우리 미키 골막할때 다친 허리좀 한의사샘 보내서 침좀 니줘롸~~아아아😂😂😂,1,Tottenham Hotspur
There’s unreal vibes… then there’s Yves Bissouma vibes 🔊😁,26445,923195,487,@어나더레블-m8o,묻지마 관광 아니냐 ㅋㅋㅋ,0,Tottenham Hotspur
"Take it away, Vic!",10836,418545,147,@lenworth11,Love him ... ❤ Love all our boys !!,0,Tottenham Hotspur
“IT'S ALWAYS ABOUT WINNING” | Thomas Frank’s first interview as Tottenham Hotspur Head Coach,10265,233292,989,@paulcollier6343,The king is dead long live the king COYS,0,Tottenham Hotspur
🤩🤩🤩,15854,507069,238,@user-poh23rk0hy,결승전에서 진짜 열심히 뛰더라...우승주역,0,Tottenham Hotspur
Spurs everywhere 😍,3998,89224,83,@DavidHorton-nm9oj,I'm a spurs fan,3,Tottenham Hotspur
Sonny lifts the trophy in N17! 🏆,28018,686932,479,@That0therG,Liverpool fan here. Happy to see guys having fun,4,Tottenham Hotspur
TOTTENHAM HOTSPUR WIN THE EUROPA LEAGUE! | Post match scenes and trophy lift uncut,55747,1550747,2925,@neilbarrett01,"닭트넘 안떠나고 결국 해내는 쏘니
레비는 양심이 있으면 북런던에 쏘니 동상 하나 세워라 진짜",0,Tottenham Hotspur
Europa League Final preparations | Behind the scenes of Tottenham Hotspur training in Bilbao,2912,92743,250,@김기영-y1h6n,소니 꼭우승하자,49,Tottenham Hotspur
TOTTENHAM HOTSPUR WIN THE EUROPA LEAGUE! | Post match scenes and trophy lift uncut,55747,1550747,2925,@ogwalivan2313,Finally the boys are breathing well.... ❤Spurs,0,Tottenham Hotspur
“We did something special!” | All the reaction to Spurs' Europa League win!,5355,157326,333,@Sotzeo,"C’Mon Lads… ALL OF US. Get behind these players, who obviously respect the Gaffer, by their own words. We had a really rough season, BUT, name me one player who didn’t run through a “brick wall” for us or him? How much money do you need to buy this? We’ve got it, just need to build the depth and carry on. COYS!!👍👍",3,Tottenham Hotspur
Let us know how they got on 🤔,2570,58064,51,@ColdEditz1410,Archie is so fumbled 👀,12,Tottenham Hotspur
HEUNG.MIN.SON.,12624,212847,238,@SKMarcusA,"He didn't chase quick bucks and ephemeral fame. He chased his dream, stuck to his values inherited from his family, and executed it with humility and unwavering sense of purpose. Nothing but RESPECT!",316,Tottenham Hotspur
TOTTENHAM HOTSPUR WIN THE EUROPA LEAGUE! | Post match scenes and trophy lift uncut,55747,1550747,2925,@Carlos-rw2xk,"Simplemente fue espectacular, es cierto que hubieron momentos muy dificiles, pero el que persevera gana y todo el equipo lo merecia y mas Sonny que despues de tantos altibajos porfin y merecidamente levanto su primer trofeo",2,Tottenham Hotspur
TOTTENHAM HOTSPUR WIN THE EUROPA LEAGUE! | Post match scenes and trophy lift uncut,55747,1550747,2925,@ahmadyousuf1905,Congratulations ❤,0,Tottenham Hotspur
"다른 각도에서 바라본, 결승골의 순간!",960,50270,19,@melrong5967,사르 패스 각도 끝내줬네👍👍👍👍👍👍,2,Tottenham Hotspur
Team walk in Bilbao ✊,6277,187662,150,@Attha-w7t,"Guys, do it for me wai 🎉",0,Tottenham Hotspur
TOTTENHAM HOTSPUR WIN THE EUROPA LEAGUE! | Post match scenes and trophy lift uncut,55747,1550747,2925,@올리브-h3z,"이건 토트넘에서 동상 세워줄만하다..
17년 무관세월 속에서 홀로 묵묵히 구단에 남아 주장까지하며 구단 역대 도움 1위, 역대 득점 5위를 기록한 위대한 선수가 더이상 어딨을까",761,Tottenham Hotspur
Sonny lifts the trophy in N17! 🏆,28018,686932,479,@kimsoo-g1q,"아! 진짜 막판에 멋지게 감아차기 한골만 넣었다면 완전 끝장인데..
찐찐 아쉽다! 아! 아쉬워..아!",0,Tottenham Hotspur
“We did something special!” | All the reaction to Spurs' Europa League win!,5355,157326,333,@NetherstarGamer,"I love Richarlisons passion. Ange was right about him and I was am all here for it. Love having him represent the club he puts in 100% every single time, even his worst efforts are still done with the upmost passion and I absolutely love that, man fights for the badge and that is awesome",17,Tottenham Hotspur
The end of a week none of us will ever forget 🥹,9395,108118,174,@universecosomo3578,I am very proud of you COYS🎉🎉🎉🎉🎉 I cried many times but now I am so happy ❤,13,Tottenham Hotspur
N17 SCENES 🤩,30958,766310,351,@Ian-qu1lh,Well done to the players and all of the fans you deserved it. Ian everton fc,6,Tottenham Hotspur
(유로파리그) 행복한 라커룸,15553,1171422,414,@미친부처님,대단하다 저거짐 맨정신이자나?ㅋㅋㅋㅋㅋㅋㅋㅋㅋㅋㅋㅋㅋㅋㅋㅋㅋㅋ,0,Tottenham Hotspur
😘,13345,428472,208,@웃는다고,요망 쏘니~~ㅋ😍😘,8,Tottenham Hotspur
We dared. We dreamt. WE DID IT!!! 🏆,7187,141636,103,@SammyEditss_88,COYS ❤❤❤❤,0,Tottenham Hotspur
There’s a Sarr man 🇸🇳🤩,7015,339269,81,@bayecheikh8059,❤❤❤❤🇸🇳🇸🇳🇸🇳❤️❤️💯💯💯🇸🇳🇸🇳♥️♥️,1,Tottenham Hotspur
An atmosphere for the history books ✨,3132,78099,56,@오타니쇼헤이-t5y,Hotspur europa final winner,4,Tottenham Hotspur
Every Tottenham Hotspur goal that won the Europa League!,1672,56567,99,@michaelreich4827,The biggest surprise is they kept a few clean sheets.,2,Tottenham Hotspur
Behind the scenes at Thomas Frank's first day as Tottenham Hotspur Head Coach,6613,281974,539,@jodiestellar,"I'm a Tottenham girl - Good luck, Thomas! The training centre is fantastic!",0,Tottenham Hotspur
Sonny lifts the trophy in N17! 🏆,28018,686932,479,@free4ll257,Coys he deserves it,37,Tottenham Hotspur
Moments like these!!,21036,325278,176,@WIZ-x6c,Рад за Тоттенхэма ❤,2,Tottenham Hotspur
다시 만난 동료 🤍,7668,477163,210,@니그삼촌-p9k,요렌테 아이들을 쏘니가 엄청예뻐했었는데,62,Tottenham Hotspur
Behind the scenes as Tottenham Hotspur WIN the Europa League! | MATCHDAY UNCUT,5484,161798,205,@elapidius5694,Was waiting for this video as soon as the whistle blew.,1,Tottenham Hotspur
Spurs players prank fans on stadium tour!,3070,190630,91,@mattiaslagerquist6711,Nice,0,Tottenham Hotspur
Tottenham Hotspur 1-2 Nottingham Forest | Premier League Highlights,7176,703086,352,@hongninhmai2650,this match the goalkeeper is very important young tottenham better more confident control the match keep your strength for europa i love spus,6,Tottenham Hotspur
😘,13345,428472,208,@수-m8e,"귀엽다 ㅎㅎ 정말 고생했다
앞으로는 더 좋은여자 만나라~~",1,Tottenham Hotspur
TOTTENHAM HOTSPUR WIN THE EUROPA LEAGUE! | Post match scenes and trophy lift uncut,55747,1550747,2925,@steluriko,"Плачу, ребят, столько лет ожиданий. Спасибо бате и команде ❤‍🔥",0,Tottenham Hotspur
"유로파리그 챔피언, 주장 손흥민 선수가 한국 팬분들에게 보내는 감사인사!",6172,156477,441,@TV-kq3uc,🎉🎉🎉🎉🎉,0,Tottenham Hotspur
Every Heung-Min Son goal and assist of the season,4216,140042,259,@dieandtalk,Legend,1,Tottenham Hotspur
다시 만난 동료 🤍,7668,477163,210,@조은아-t4w,우리들의 시간이 오고 있다 괜찮아 진정들 하고 불필요한 감정은 내려 놓고 오롯이 하나 되어 가자 우리 손엔 이미 트로피가 들렸있다~ 끝까지 화이팅🎉😊🐔🍀🐉🌍🌻💐,23,Tottenham Hotspur
Spurs Just Dropped Their 2025/26 Home Kit!,1846,57157,194,@iamfesity,Forever❤,5,Tottenham Hotspur
Interview | Daniel Levy and Vinai Venkatesham,2630,97167,580,@joedarnb422,"This is all well and good, I’m 100% on board with this, but the problem is that we’ve been promised all of this before. Just go back through the channel for a number of years to see ‘A message from Daniel Levy’ and it’s much of the same. What are you going to do differently this time, because the way have been for the last 20 or so years just shows that it yes, you may want to win the league and have a good team to go in the fantastic stadium, but providing the resources to do that is another thing. For me personally, it will take some convincing actions and time to truly change the perspective of the club. Winning the Europa League and all of this is a great start, but actions speak louder than words, most definitely.",10,Tottenham Hotspur
Pedro Porro only scores stunning goals 😍 | All 10 goals for Spurs so far...,1024,42020,68,@Wi11McAdam,I love this guy! What a baller,0,Tottenham Hotspur
“IT'S ALWAYS ABOUT WINNING” | Thomas Frank’s first interview as Tottenham Hotspur Head Coach,10265,233292,989,@iFahQ,Fantastic appointment,0,Tottenham Hotspur
Interview | Daniel Levy and Vinai Venkatesham,2630,97167,580,@TheLukeguy7,"Vinai 100x better communicator than Levy. Good to hear Levy state top ambition but the wage budget and squad needs to match that, our managers can’t always be expected to work miracles.",0,Tottenham Hotspur
There’s unreal vibes… then there’s Yves Bissouma vibes 🔊😁,26445,923195,487,@유찬영-d7h,"ㅎㅎㅎㅎㅎ
비수마 짱 ㅎㅎㅎㅎㅎㅎㅎㅎㅎ",5,Tottenham Hotspur
Interview | Daniel Levy and Vinai Venkatesham,2630,97167,580,@chrislj2005,"It's great to see Mr.Levy speaking to the fan base. I wish we could interact and be heard more by the club as a club, not so much as a business corporation. They may own it but it's ours. Tottenham till I die❤",0,Tottenham Hotspur
Bilbao bound 🫡,6379,125436,221,@r3ktbyspurs,I thought lankshear was on loan,0,Tottenham Hotspur
“IT'S ALWAYS ABOUT WINNING” | Thomas Frank’s first interview as Tottenham Hotspur Head Coach,10265,233292,989,@NigelFudge,I believe 💙🤍,1,Tottenham Hotspur
(유로파리그) 모두가 기다렸던 🏆! 영원히 기억에 남을 순간,11882,619650,290,@수산호-z8z,"꼴찌 팀끼리 결승이라? 웃긴다. 하지만,,,
톳넘이 이겨 쏘니 무관 탈출되어 한없이 기쁘다~ ㅎㅎㅎ",0,Tottenham Hotspur
Moments like this 🤍,7788,121936,109,@thelstanedwardsson4374,Love it! COYS!!!!!!!😁👍👍👍👍👍👍👍👍,15,Tottenham Hotspur
가족이란 🤍🤍🤍,3658,97715,78,@알럽초코0903,"토트넘이 리그 우승이나 챔스 우승하면 런던은 폭발하는건가?
유로파 우승이 저정도인뎈ㅋㅋㅋ",3,Tottenham Hotspur
Interview | Daniel Levy and Vinai Venkatesham,2630,97167,580,@alexio7779,We want players with experience🙏🙏,0,Tottenham Hotspur
Arrived back home as Champions 🥳,50672,626580,394,@peterlee6621,"팬: 축하해요~!
고수: IC… 이제 저 폭죽은 누가 치우나..ㄷㄷ",0,Tottenham Hotspur
TOTTENHAM HOTSPUR WIN THE EUROPA LEAGUE! | Post match scenes and trophy lift uncut,55747,1550747,2925,@THETIMEENJOY,It's about SON. 🎉🎉,0,Tottenham Hotspur
Let us know how they got on 🤔,2570,58064,51,,My boys 💙🤍💙🤍💙🤍,31,Tottenham Hotspur
"유로파리그 챔피언, 주장 손흥민 선수가 한국 팬분들에게 보내는 감사인사!",6172,156477,441,@빅뱅-v7l,너무 기뻐요 🎉🎉🎉축하해요!! 당신은 영웅입니다. 💙🩵,6,Tottenham Hotspur
(유로파리그) 행복한 라커룸,15553,1171422,414,@dkh1108,외국살때 남미+아프리카 애들 파티할 때 개힘들었음 기빨림 ㅋㅋㅋㅋ,2,Tottenham Hotspur
Let’s gooooo,5750,149802,83,@pranavsharma6773,I thought they both got married,4,Tottenham Hotspur
The Europa League Champions are heading back to London ✈️,21921,787604,309,@SONY12341,???:무관이라는 단어는 저희팀과 무관합니다,11,Tottenham Hotspur
여기까지 다 함께 🤍,631,12840,18,@김시원-p9h,굿굿굿🎉🎉❤,1,Tottenham Hotspur
Who invited the Pape-razzi? 📸,10433,222623,75,@J0hnLewis-c4y,Let's play in green in final,0,Tottenham Hotspur
Every Brennan Johnson goal of 2024/25!,1102,30898,90,@saturn_seashell,He's like Thomas Müller alway at the right place at the right time somehow with a good enough finish that'll go in for sure,0,Tottenham Hotspur
"Ryley's Dream - Magical reunion with Sonny, Ben Davies and his other Spurs heroes 🤍",4446,121396,259,@박진-t1l,손흥민 선수 내평생 응원 합니다 파이팅,169,Tottenham Hotspur
There’s unreal vibes… then there’s Yves Bissouma vibes 🔊😁,26445,923195,487,@박민주-y2g,쏴라잇내 비수마 추앙한다,1,Tottenham Hotspur
Moments that will live forever 🏆,79089,1239813,890,@E.l.m.m,Cada ves k miro este vídeo Seme erisa la piel d la emoción por sommy💪🏻es leyenda del Tottenham,0,Tottenham Hotspur
Moments that will live forever 🏆,79089,1239813,890,@legend1118,Love from india 🇮🇳,1,Tottenham Hotspur
Moments that will live forever 🏆,79089,1239813,890,@ggacddugi,Sonny and Ben ❤🎉🎉,1,Tottenham Hotspur
EUROPA LEAGUE CHAMPIONS! 🏆 | Tottenham Hotspur 1-0 Man United | Highlights,20359,1053840,801,@AaliyahIbarraCristopher-j1y,"ke 3 bang ,salam jepe 𝐒𝐠𝐈𝟖𝟖",0,Tottenham Hotspur
(유로파리그) 손흥민의 이마에 생긴 영광의(?) 상처,7292,213386,214,@이순복-l7j,멋쩌요🎉🎉🎉🎉🎉🎉🎉❤,0,Tottenham Hotspur
(유로파리그 결승전) 토트넘 홋스퍼 1 : 0 맨체스터 유나이티드 // 2분 하이라이트 // 현지 해설,1918,218956,174,@역전의용사-l3w,진짜 월드클라스네,0,Tottenham Hotspur
Wolves 4-2 Tottenham Hotspur | Premier League Highlights,2718,251187,319,@kjw7556,BIG ANGE,0,Tottenham Hotspur
TOTTENHAM HOTSPUR EUROPA LEAGUE WINNERS END OF SEASON LAP OF APPRECIATION | LIVE,4250,231908,143,@craigmcourtney,"2025/26 goal:
Top5 and FA cup, or;
Relegation and CL winners in Budapest.",21,Tottenham Hotspur
That's Brennan's next celebration sorted 🥰,5115,261295,50,@gioibuivan4388,Tôi hi vọng các bạn sẽ dành được siêu cúp vào đầu mùa giải,0,Tottenham Hotspur
Found this gem in the camera roll 😂,9395,358618,126,@ZAMIQELIZDE,😂😂😂,0,Tottenham Hotspur
Interview | Daniel Levy and Vinai Venkatesham,2630,97167,580,@Splinter1952,"PLATITUDES, PLATITUDES.
Show us the INTENTIONS.
RECRUITE PROVEN PLAYERS.",4,Tottenham Hotspur
TOTTENHAM HOTSPUR WIN THE EUROPA LEAGUE! | Post match scenes and trophy lift uncut,55747,1550747,2925,@rachelace1905,Good guys win in the end 💙,0,Tottenham Hotspur
these dressing room scenes on repeat,105468,1723000,324,@yt_kitkat,It's offical tottenham have won a European title before arsenal,25,Tottenham Hotspur
TOTTENHAM HOTSPUR WIN THE EUROPA LEAGUE! | Post match scenes and trophy lift uncut,55747,1550747,2925,@frankbombaci4977,"I should have watched at my Local in New Orleans - don’t know what I was thinking 
But the Spurs came marching in with the Saints on this day",0,Tottenham Hotspur
유로파리그 결승전을 앞둔 쏘니 캠+ (손흥민과 선수들 직캠),597,17896,87,@nhH-b8c,"아 떨려서 미치긋다ㅋㅋㅋㅋㅋ
이상태론 잠도 다잤고 뜬눈으로 그냥 기다릴것같고 선수들은 오죽할까싶고 쏘니 반드시 우승해서 트로피 들자 제발제발~~~~~~~
나 엉엉 울지도모른다 진짜야",9,Tottenham Hotspur
TOTTENHAM HOTSPUR EUROPA LEAGUE WINNERS TROPHY PARADE,3734,85845,197,@1GHANG,Forever grateful!!!!❤❤❤❤❤❤❤,14,Tottenham Hotspur
This from Biss 🥹,2013,34046,39,@piment7580,We did it,0,Tottenham Hotspur
ABSOLUTE SCENES IN NORTH LONDON!,12279,373028,314,@EPEE3,it looks like AI,0,Tottenham Hotspur
TOTTENHAM HOTSPUR WIN THE EUROPA LEAGUE! | Post match scenes and trophy lift uncut,55747,1550747,2925,@wilsont6303,Awesome ❤,0,Tottenham Hotspur
토마스 감독의 즉문즉답 🔥,654,32199,46,@조진원-c6y,흥쌤 담시즌 잘써주새엽,1,Tottenham Hotspur
An opportunity to do something special.,2424,36354,59,@gxhbros,COME ON LADS,1,Tottenham Hotspur
"“If you don't take risk, you also take risk.”",1123,23096,38,@GaryLim-c4j,"Don't judge a person in what he talking, judge on his actions.",2,Tottenham Hotspur
Lucas Bergvall. 2031.,2331,54139,55,@MilaBergvall,Jag heter Mila bergvall!😊,0,Tottenham Hotspur
Commentary Cam for our Europa League winning goal! 🎙️🤩,9415,290716,95,@MhMcC1984,Dreamy 🥰🥰🥰,2,Tottenham Hotspur
얀 베르통언 ! 🤩,244,14050,6,@고도리-md1,토전드 얀선생 그립습니다 ㄷㄷ,5,Tottenham Hotspur
SEMI-FINALS HERE WE GOOOO!!!!!,8063,180625,189,@WesternYorkie,You can just hear the happiness in Madders,0,Tottenham Hotspur
(유로파리그) 준결승 우리가 간다!!!!,813,36092,40,@valencia_dambi,siiiiiiiiiiiiii,1,Tottenham Hotspur
Vibes 🆙,6333,190875,103,@shspurs1342,Spurs fans doin the most,0,Tottenham Hotspur
We know it's a cross but it's still a banger 😍,1822,32995,27,@espisesp,what a player,11,Tottenham Hotspur
Pedro Porro only scores stunning goals 😍 | All 10 goals for Spurs so far...,1024,42020,68,@sussysuske12721,he has a winners mentality,32,Tottenham Hotspur
“IT'S ALWAYS ABOUT WINNING” | Thomas Frank’s first interview as Tottenham Hotspur Head Coach,10265,233292,989,@greghansford6000,"Great coach, Spurs don't deserve him.",0,Tottenham Hotspur
“I love this club. The best decision I ever made was joining this club.” - 🤍Madders,6955,262056,72,@cglees,That is a lot of fans,1,Tottenham Hotspur
SURPRISE!!!!!! 🥳🥳🥳,4016,85809,38,@힐랑일랑,로메로 ㅋㅋㅋ,1,Tottenham Hotspur
TOTTENHAM HOTSPUR WIN THE EUROPA LEAGUE! | Post match scenes and trophy lift uncut,55747,1550747,2925,@なお-p8r8u,"ソニー、最高のキャプテン。
本当にスパーズを長年支えてくれてありがとう。スパーズと一緒に彼が報われて嬉しい。",477,Tottenham Hotspur
(유로파리그) 모두가 기다렸던 🏆! 영원히 기억에 남을 순간,11882,619650,290,@DDoonDDoo,해피엔딩!!!,0,Tottenham Hotspur
Moments like these!!,21036,325278,176,@VexyVRGT,YESSSSSSSS HARRY AND SONNY,13,Tottenham Hotspur
Sonny lifts the trophy in N17! 🏆,28018,686932,479,@kimhana3407,So very happy for Sonny and boys!,19,Tottenham Hotspur
Every Heung-Min Son goal and assist of the season,4216,140042,259,@jihoonyoon5442,"Alright , give him a statue in front of stadium.",1,Tottenham Hotspur
TOTTENHAM HOTSPUR WIN THE EUROPA LEAGUE! | Post match scenes and trophy lift uncut,55747,1550747,2925,@shinshin777,아 시바 울뻔했다 흥민아 넌 우리나라 토트넘 두 곳에서 모두 레전드다,0,Tottenham Hotspur
Moments that will live forever 🏆,79089,1239813,890,@MONKeEeYboi,They all deserve it but Sonny and Ben absolutely deserve all the love for sticking with us 🥇🏆,139,Tottenham Hotspur
There’s unreal vibes… then there’s Yves Bissouma vibes 🔊😁,26445,923195,487,@ChaMiz-lb4of,비수마 웃겨. ㅋ ㅋ ㅋ,0,Tottenham Hotspur
A true legend 🤍,6078,110652,113,@alexanderboy8004,SONNY🤍🤍🤍🇰🇷🇰🇷🇰🇷,0,Tottenham Hotspur
(유로파리그 결승전) 토트넘 홋스퍼 1 : 0 맨체스터 유나이티드 // 2분 하이라이트 // 현지 해설,1918,218956,174,@진짜복음므비보셋김,축하합니다,1,Tottenham Hotspur
TOTTENHAM HOTSPUR WIN THE EUROPA LEAGUE! | Post match scenes and trophy lift uncut,55747,1550747,2925,@wg6531,진인사대천명!!!!!,0,Tottenham Hotspur
Make way for the CHAMPIONS🥳,31611,1069004,486,@jessiecolney933,Come on sonny ❤❤❤ from India,28,Tottenham Hotspur
🥹🥹🥹,21149,698867,198,@Ashley-gu2lw,little man knows who he is already,0,Tottenham Hotspur
😂😂😂,3053,92167,47,@russellstratton7065,Looks like when FIFA glitches,0,Tottenham Hotspur
Interview | Daniel Levy and Vinai Venkatesham,2630,97167,580,@bananaboy8919,Brave posting this 😂,320,Tottenham Hotspur
Team walk in Bilbao ✊,6277,187662,150,@김수정-r8q5d,화이팅~~~~!!!!!!,10,Tottenham Hotspur
TOTTENHAM HOTSPUR WIN THE EUROPA LEAGUE! | Post match scenes and trophy lift uncut,55747,1550747,2925,@fresher21uk,Madders and Sonny moment ❤,10,Tottenham Hotspur
Make way for the CHAMPIONS🥳,31611,1069004,486,@subhamdas8125,Sonny really got beats with bus horn,2,Tottenham Hotspur
빌바오 현지에서 진행된 한국인 스퍼스 팬 인터뷰 🤍,252,11419,10,@moongjjang7777,데이빗이당 응원 열심히 해주세요,2,Tottenham Hotspur
Good morning to everyone who loves Tottenham Hotspur Football Club,6746,83361,228,@ColleenBint,🎉 lets see spurs win the competition come on you coys,0,Tottenham Hotspur
Special moments 🥰,7362,222410,141,@sunghanam,He kept his promise,16,Tottenham Hotspur
The time is now.,2761,52858,85,@one_the_kid,COYS!!!!!!!!!!,3,Tottenham Hotspur
다시 만난 동료 🤍,7668,477163,210,@BChris-tm5pb,무슨  사자들이 서식처떠나간 사자 돌아왔을때 반기는거 같네,1,Tottenham Hotspur
the vibes are vibing 🔥,21918,416512,382,@ZinMinThu-o7r,good luck final,0,Tottenham Hotspur
Behind the scenes at Thomas Frank's first day as Tottenham Hotspur Head Coach,6613,281974,539,@romeop2345,This guy is gonna get sacked in 2 minutes 😂😂,0,Tottenham Hotspur
Tottenham Hotspur 1-2 Nottingham Forest | Premier League Highlights,7176,703086,352,@이희범-c5t,Please check offside trap.,0,Tottenham Hotspur
Travel behind the scenes with Tottenham Hotspur to train in the Arctic Circle!,1189,43592,101,@rosealboleras5907,COYS 💪💪💙🤍,10,Tottenham Hotspur
가족 🤍🥹🥹🥹,1959,88173,40,@민민-e3c,찐뽀뽀네~♡,16,Tottenham Hotspur
Spurs in Bilbao 🇪🇸,4189,84229,191,@cmpe_777,Come on you spurs,1,Tottenham Hotspur
(PL 38R) 24/25시즌 마지막 경기 준비,381,17655,11,@니코내코-s7n,Please win today.,5,Tottenham Hotspur
TOTTENHAM HOTSPUR WIN THE EUROPA LEAGUE! | Post match scenes and trophy lift uncut,55747,1550747,2925,@muhammadfaisal-ie6qu,"Coach Angec deserves a second chance to coach Tottenham, what kind of coach are you looking for? Let him have a second season, that's when you'll see the results. Indonesia ❤",0,Tottenham Hotspur
TOTTENHAM HOTSPUR WIN THE EUROPA LEAGUE! | Post match scenes and trophy lift uncut,55747,1550747,2925,@MethulSansaka.J,Finally❤ son ❤,0,Tottenham Hotspur
TOTTENHAM HOTSPUR WIN THE EUROPA LEAGUE! | Post match scenes and trophy lift uncut,55747,1550747,2925,@HagaiMusafiri,Ohh Son😊,0,Tottenham Hotspur
"""It's always about winning"" Hear from our new head coach Thomas Frank",1972,37245,61,@Embolder,Ah they all come bright eyed and bushy tailed....at first  😂,1,Tottenham Hotspur
There’s a Sarr man 🇸🇳🤩,7015,339269,81,@paulclissold1525,Champions of Europe just have to convince england,30,Tottenham Hotspur
Spurs players prank fans on stadium tour!,3070,190630,91,@nielsjunker1487,😂 Love it COYS 🤍💙🏆,0,Tottenham Hotspur
(유로파리그) 손흥민의 이마에 생긴 영광의(?) 상처,7292,213386,214,@조은정-e9e,연고를 자꾸발라😊😊😊🎉🎉🎉❤❤❤,0,Tottenham Hotspur
We got here together 🤍,5997,91222,149,@SejalJainsShorts,"Johnson solanke son 
Pedro Sarr ______
Udoggie Mickey Final Players?",2,Tottenham Hotspur
노르웨이로 떠납니다 ✈️,188,8285,20,@푸른하늘은하수Thebluesk,제발 이겨서 결승가자.🤍🤍🤍,7,Tottenham Hotspur
Never getting bored of this song 🕺,10727,424265,174,@범물장,멋있다  사랑스런 메디슨,6,Tottenham Hotspur
Let us know how they got on 🤔,2570,58064,51,@Tottenham-Hotspur9797,"We should have more posts about Madders.

Edit: thank you for likes soo quickly. Xx",11,Tottenham Hotspur
An opportunity to do something special.,2424,36354,59,@노을-g2u,Son last dance,3,Tottenham Hotspur
Tottenham Hotspur 1-2 Nottingham Forest | Premier League Highlights,7176,703086,352,@yairovarelam,"Good, OMG FANTÁSTIC PLAYER 🎉 COME ON",0,Tottenham Hotspur
The greatest Champions League semi-final ever? | Ajax 2-3 Tottenham Hotspur | Classic Highlights,7005,425693,544,@MikeB-e3c,Did you watch Barca v Inter?,0,Tottenham Hotspur
"25/26 시즌 홈 유니폼 촬영, 비하인드 씬 🎥",63,3371,10,@hi.happyday,토트넘 선수들 잘생겼어...ㅎㅎ,0,Tottenham Hotspur
Sonny lifts the trophy in N17! 🏆,28018,686932,479,@terotours1948,Time 4 the super cup now COYS,0,Tottenham Hotspur
Commentary Cam for THAT Micky van de Ven moment 🎙️,3588,98118,40,@peterlee6621,Rob Daly. *Commentator GOAT.*,54,Tottenham Hotspur
TOTTENHAM HOTSPUR WIN THE EUROPA LEAGUE! | Post match scenes and trophy lift uncut,55747,1550747,2925,@EvelynStewart-y5z8p,The editing is top-tier. Seriously impressive,0,Tottenham Hotspur
Tottenham Hotspur 1-4 Brighton | Premier League Highlights,5322,480627,531,@RayneButlerJaylynnDecker-i1w,auto jepey! 𝗪𝗘𝗧𝗢𝗡𝟴𝟴,0,Tottenham Hotspur
Arrived back home as Champions 🥳,50672,626580,394,@pasurakong,손흥민 안경 잘어울리네,6,Tottenham Hotspur
The Europa League Champions are heading back to London ✈️,21921,787604,309,@karlg1535,Need that track suit asap,0,Tottenham Hotspur
(유로파리그) LET'S GOOOOOOOO,2355,95683,47,@minsudrummer,손흥민선수 축하드립니다~~🎉🎉,24,Tottenham Hotspur
The greatest Champions League semi-final ever? | Ajax 2-3 Tottenham Hotspur | Classic Highlights,7005,425693,544,@nicelourieyu3589,we need another Lucas Moura’s magic in every player now…Onana will face another final against spurs…let’s get it lads,0,Tottenham Hotspur
EUROPA LEAGUE CHAMPIONS! 🏆 | Tottenham Hotspur 1-0 Man United | Highlights,20359,1053840,801,@Muybuenassoytheurianoboy,Yessirrer,0,Tottenham Hotspur
"유로파리그 챔피언, 주장 손흥민 선수가 한국 팬분들에게 보내는 감사인사!",6172,156477,441,@user-my9rg3sw6t,울 쏘니 우승 축하해요~^.~❤,0,Tottenham Hotspur
Europa League champions checking in 🫡,5566,154104,72,@dummdumm-s,히샬이 저 애착가방 사연 듣고싶다😂ㅋㅋㅋ,1,Tottenham Hotspur
TAKE A VOW 🤍,3605,57652,163,@JoseMalhou,Super Advert... So how about the super coach... The Mourinho comeback!!! 🙏⚽🏆,0,Tottenham Hotspur
TOTTENHAM HOTSPUR WIN THE EUROPA LEAGUE! | Post match scenes and trophy lift uncut,55747,1550747,2925,@rosandzul6933,"I love Son ❤❤❤
Finally, his commitment with spurs paid off handsomely",6,Tottenham Hotspur
Every Heung-Min Son goal and assist of the season,4216,140042,259,@클로이-d3x,다음 시즌엔 손흥민이 원래 그가 하던대로 골을 넣을 수 있도록 해주는 매니저가 오길 바랍니다. 이번 시즌엔 앤지의 전술때문에 골을 넣을 기회가 너무 없었어요.,7,Tottenham Hotspur
“IT'S ALWAYS ABOUT WINNING” | Thomas Frank’s first interview as Tottenham Hotspur Head Coach,10265,233292,989,@rampartj1843,Choo choo blud,0,Tottenham Hotspur
"(유로파리그) 챔피언스리그, 우리가 간다!",13165,1032570,536,@옌미-k5h,귀엽다귀여워ㅋㅋㅋㅋ,0,Tottenham Hotspur
“We did something special!” | All the reaction to Spurs' Europa League win!,5355,157326,333,@YoDirk,Bissouma was hilarious 😂,1,Tottenham Hotspur
Sonny takes on Archie Gray and Ben Davies in a unique game of Monopoly!,1340,37833,63,@ph0n1k,You post a board game film on Super Jan Vertonghen's Birthday and its not Catan?,0,Tottenham Hotspur
🫶,3459,113824,64,@bennerd90,❤❤❤,2,Tottenham Hotspur
TOTTENHAM HOTSPUR WIN THE EUROPA LEAGUE! | Post match scenes and trophy lift uncut,55747,1550747,2925,@nawapornthreeost8957,congrats,0,Tottenham Hotspur
(유로파리그) 모두가 기다렸던 🏆! 영원히 기억에 남을 순간,11882,619650,290,@dhy-f9n,계속해서 본다. 정말 진심으로 축하해요~~ 레전드🎉😊,0,Tottenham Hotspur
Make way for the CHAMPIONS🥳,31611,1069004,486,@ruddlfmoon,🎉🎉 🎉🎉🎉 🎉🎉🎉🎉🎉❤,0,Tottenham Hotspur
빌바오 현지에서 진행된 한국인 스퍼스 팬 인터뷰 🤍,252,11419,10,@dncidjej,에릭센 화이팅 우승하길 응원합니다,1,Tottenham Hotspur
Sonny takes on Archie Gray and Ben Davies in a unique game of Monopoly!,1340,37833,63,@DoctorMeatDic,I hope Bentancur doesn't comment on this video.,1,Tottenham Hotspur
FREED FROM DESIRE 🏆,36225,924720,169,@สุกษมาสุขเกษม-ส6ย,ขอยินดีกับทุกแชมป์สำหรับปีนี้ ทีมไหนพลาดฤดูกาลหน้าตั้งหลักกันใหม่  เด็กหงส์@,0,Tottenham Hotspur
the vibes are vibing 🔥,21918,416512,382,@JunichalejandroOjeda,Cuarteto viejo,0,Tottenham Hotspur
Moments that will live forever 🏆,79089,1239813,890,@ruayruay_Official,โอนาน่า ให้ของขวัญ อีกแล้ว 555 น่าจะปัดได้ก่อน ลูกเข้าประตู และมีเวลาเหลือเฟือ แต่ตีเสมอไม่ได้แมนยูฯ   สเปอร์   เล่นดีสมควรแก่แชมป์แล้ว ขนาดขาดตัวหลัก ตั้ง2 คน ถึงแม้จะเป็นแฟนแมนยูฯแต่ทำใจก่อนแข็งแล้ว แต่แอบเชียร์อยากให้ ซนฮึงมินได้แชมป์ ซักถ้วย ซักครั้งในชีวิต เขา  ในฐานะนักเตะตัวแทน  เอเชีย ที่เก่งสุดแล้ว ในที่สุดเขาก็ สมหวังและเหมาะสมกับชัยนะนัดนี้,0,Tottenham Hotspur
N17 퍼레이드 현장,4281,180860,112,@jeongmingim2264,금의환향 개선장군🎉 손흥민 갓흥민 대흥민 만만세❤🎉🎉🎉,39,Tottenham Hotspur
여기까지 다 함께 🤍,631,12840,18,@토트넘_3747,제발...챔스랑 우승 두 영광을 누리자!!! come on you spur!!!!!!🎉,3,Tottenham Hotspur
N17에서 우승 트로피를 들어올리는 손흥민!,6386,201025,190,@mongchury,대박~~~^^,0,Tottenham Hotspur
Tottenham Hotspur v Bodo/Glimt | Europa League Match Preview,538,34422,64,@ArntJohanAga,🇳🇴Tottenham Hotspur versus Bodø/Glimt what not to like⚽️⚽️⚽️,2,Tottenham Hotspur
TOTTENHAM HOTSPUR WIN THE EUROPA LEAGUE! | Post match scenes and trophy lift uncut,55747,1550747,2925,@mabroka8salim4,Thank you for the great content!,0,Tottenham Hotspur
“IT'S ALWAYS ABOUT WINNING” | Thomas Frank’s first interview as Tottenham Hotspur Head Coach,10265,233292,989,@madMARTYNmarsh1981,"I'm fully behind Frank.
I still give him 2 years or less.
As long as Levy is in charge of all the majority decision making at the club, no manager/coach will meet the  hopes and expectations we have as supporters and fans.",0,Tottenham Hotspur
TOTTENHAM HOTSPUR WIN THE EUROPA LEAGUE! | Post match scenes and trophy lift uncut,55747,1550747,2925,@금금-w3j,Thank you son🎉,0,Tottenham Hotspur
히샬리송 🤍,1724,74454,52,@sonneth6236,초딩들 ㅋㅋㅋ good   job Sonny❤❤❤,4,Tottenham Hotspur
Every Tottenham Hotspur goal that won the Europa League!,1672,56567,99,@adeadeyi7463,Johnson started the journey and he had to be the one to finish it,195,Tottenham Hotspur
Build up from Bilbao! Tottenham Hotspur face Man Utd in the Europa League Final | Inside Spurs,2066,137546,142,@sunhaham2864,소니 화이팅!!!!!!❤,5,Tottenham Hotspur
“IT'S ALWAYS ABOUT WINNING” | Thomas Frank’s first interview as Tottenham Hotspur Head Coach,10265,233292,989,@equalitypeace1695,I am very excited to see what he can do. He understands the club's philosophy of fast attacking football.  Let's hope he is allowed to sign players he wants this summer.  I dont agree we have been scoring lots of goals lately . We need to improve this,0,Tottenham Hotspur
“We did something special!” | All the reaction to Spurs' Europa League win!,5355,157326,333,@김규현-g9c,"Who cannot agree son is regend.
He had a puscas, golden boot, now winner of Europa! Who did it! I'm so proud son is our team! He is the best player and living legend.",1,Tottenham Hotspur
TOTTENHAM HOTSPUR WIN THE EUROPA LEAGUE! | Post match scenes and trophy lift uncut,55747,1550747,2925,@안녕하시요-y9n,"흥민아 너무 축하한다
드디어 유관이네 ㅠㅠ",28,Tottenham Hotspur
(PL 33R) 토트넘 홋스퍼 1 : 2 노팅엄 포레스트 // 2분 하이라이트 // 현지 해설,74,3885,8,@Swimminglikeabird,남은 리그경기는 다음시즌을 위해 그동안 많이 못뛰었던 선수들이 감각을 회복시키고 경험을 쌓을 수 있게 해줬으면 좋겠습니다.,1,Tottenham Hotspur
How has it been a week already 🥺,5855,141309,74,@nielsjunker1487,🥹🤍💙💪🏆,0,Tottenham Hotspur
the vibes are vibing 🔥,21918,416512,382,@larrylaw876,Am Vicario's kid and am watching my dad and the others 😂😂😂😂😂😂😂😂😂😂😂😂.  I love this vibe 😂😂,1,Tottenham Hotspur
"(유로파리그) SpursTV,  손흥민 인터뷰",2332,38065,178,@mk-rb8mc,"내년에 빅이어 들어보자.
유로파리그 우승. 챔피언스 리그 우승.
쏘니!",0,Tottenham Hotspur
There’s unreal vibes… then there’s Yves Bissouma vibes 🔊😁,26445,923195,487,@jyhwang3484,그레이는 웃는 게 화보네😊,40,Tottenham Hotspur
TOTTENHAM HOTSPUR WIN THE EUROPA LEAGUE! | Post match scenes and trophy lift uncut,55747,1550747,2925,@MrEricdraco,Congratulations Son and Congratulations Harry Kane 💪💪💪. Both at the same time,0,Tottenham Hotspur
TOTTENHAM HOTSPUR WIN THE EUROPA LEAGUE! | Post match scenes and trophy lift uncut,55747,1550747,2925,@lyj1545,son love😊,1,Tottenham Hotspur
Final preparations for Frankfurt! | Inside Tottenham Hotspur training,1850,59496,253,@elmoreactsuk2299,Went training ground today.,0,Tottenham Hotspur
Moments that will live forever 🏆,79089,1239813,890,@user-wtiohfscbnm,맘껏 즐겨라🎉🎉🎉🎉🎉,1,Tottenham Hotspur
Sonny lifts the trophy in N17! 🏆,28018,686932,479,@Ethodo123,Come on u spurs,9,Tottenham Hotspur
EUROPA LEAGUE CHAMPIONS! 🏆 | Tottenham Hotspur 1-0 Man United | Highlights,20359,1053840,801,@invincimeme,Micky’s goal line clearance 😮‍💨,0,Tottenham Hotspur
TOTTENHAM HOTSPUR WIN THE EUROPA LEAGUE! | Post match scenes and trophy lift uncut,55747,1550747,2925,@awhidafrid1080,What football is all about this has been peak as a barca fan,0,Tottenham Hotspur
"(유로파리그) SpursTV,  손흥민 인터뷰",2332,38065,178,@1g2h3b1,우리흥 든든합니다😊🎉❤,0,Tottenham Hotspur
TOTTENHAM HOTSPUR WIN THE EUROPA LEAGUE! | Post match scenes and trophy lift uncut,55747,1550747,2925,@kobkalasinth1461,Congratulation….🏆,0,Tottenham Hotspur
Moments that will live forever 🏆,79089,1239813,890,@ul_leun,"Congrats, true legend
feel so happy you finally made it",1,Tottenham Hotspur
TOTTENHAM HOTSPUR WIN THE EUROPA LEAGUE! | Post match scenes and trophy lift uncut,55747,1550747,2925,@rEz-fn9yt,Finally we won 🏆,0,Tottenham Hotspur
SEMI-FINALS HERE WE GOOOO!!!!!,8063,180625,189,@juhotv2856,COYS❤❤❤❤,1,Tottenham Hotspur
"(유로파리그) SpursTV,  손흥민 인터뷰",2332,38065,178,@tigerd8133,우리흥 대우 좀 잘해줘 토트넘~~,7,Tottenham Hotspur
Arrived back home as Champions 🥳,50672,626580,394,@1JH1-00,BJ and Madders are extremely hungover lol,8,Tottenham Hotspur
TOTTENHAM HOTSPUR WIN THE EUROPA LEAGUE! | Post match scenes and trophy lift uncut,55747,1550747,2925,@ByronKaisen,This is going straight into my favorites playlist,0,Tottenham Hotspur
다시 만난 동료 🤍,7668,477163,210,@Bless_sky,스페인 사자왕 댓글들이 많을 줄 알았다 😅,1,Tottenham Hotspur
TOTTENHAM HOTSPUR WIN THE EUROPA LEAGUE! | Post match scenes and trophy lift uncut,55747,1550747,2925,@WilliamP-zk2nj,where is VDV?,0,Tottenham Hotspur
준결승 1차전을 앞두고,92,3788,10,@조은정-e9e,토트넘 ~~하던대로 고고씽😊😊😊🎉🎉🎉❤❤❤,1,Tottenham Hotspur
TOTTENHAM HOTSPUR WIN THE EUROPA LEAGUE! | Post match scenes and trophy lift uncut,55747,1550747,2925,@sylvesterken6084,Sorry man u 😢😢😢😢,0,Tottenham Hotspur
(유로파리그 결승전) 토트넘 홋스퍼 1 : 0 맨체스터 유나이티드 // 2분 하이라이트 // 현지 해설,1918,218956,174,@김시원-p9h,난 정말 이거 보는 순간 심장이 쫄렸다 ㅋㅋㅋ,4,Tottenham Hotspur
Dier debut 🤝 93rd minute winner,1690,46112,18,@GaryBarnes-j8y,"Back then Kane was dropping deep.
Intelligent player",2,Tottenham Hotspur
여기까지 다 함께 🤍,631,12840,18,@josefbittenfeldfritz4235,오! 편집자 요즘 마음에 들어❤,0,Tottenham Hotspur
We dared. We dreamt. WE DID IT!!! 🏆,7187,141636,103,@lucacortese6781,Arsenal better,0,Tottenham Hotspur
TOTTENHAM HOTSPUR WIN THE EUROPA LEAGUE! | Post match scenes and trophy lift uncut,55747,1550747,2925,@kim18112,토트넘 축하해🎉  쏘니 ㅠㅠㅠㅠㅠ,37,Tottenham Hotspur
TOTTENHAM HOTSPUR WIN THE EUROPA LEAGUE! | Post match scenes and trophy lift uncut,55747,1550747,2925,@magtro,"Never thought we'd do it unless it was Manchester United, thank you Bilbao!",0,Tottenham Hotspur
Moments like this 🤍,7788,121936,109,@OrlandoCarofano,COYS!!!,2,Tottenham Hotspur
TOTTENHAM HOTSPUR WIN THE EUROPA LEAGUE! | Post match scenes and trophy lift uncut,55747,1550747,2925,@adamrizqi11,🫰 coys,0,Tottenham Hotspur
빌라 원정을 앞둔 훈련 🤍,390,12557,12,@신미화-b2p,우리 쏘니 멋지다❤,17,Tottenham Hotspur
Arrived back home as Champions 🥳,50672,626580,394,@tridungtran1809,Arsenal never had it,1,Tottenham Hotspur
EUROPA LEAGUE CHAMPIONS! 🏆 | Tottenham Hotspur 1-0 Man United | Highlights,20359,1053840,801,@aashkumargurung9667,As an United fan congratulations Spurs and H.M Son you totally deserve it 🙌🏼,90,Tottenham Hotspur
"(유로파리그) 챔피언스리그, 우리가 간다!",13165,1032570,536,@망이-m2s,오리에 달달 떠는거 생각나면 개추,1,Tottenham Hotspur
Why did Lucas Bergvall sign a new contract at Spurs? | He's here to stay 😍,1094,25503,93,@J15SC,One of the greatest youngest of this time! This man made me a spurs fan!!,21,Tottenham Hotspur
TOTTENHAM HOTSPUR WIN THE EUROPA LEAGUE! | Post match scenes and trophy lift uncut,55747,1550747,2925,@KartikDas-q2l,"Fantastic explanation, thank you!",0,Tottenham Hotspur
챔피언스리그로!,3087,181892,169,@응아니야-i1b5u,피파 손흥민 챔스카드 나오겠군,1,Tottenham Hotspur
these dressing room scenes on repeat,105468,1723000,324,@elsaeed747,More please 🙏 🤣,0,Tottenham Hotspur
흥부자 미키 🕺,1810,70927,66,@썬KIM-z2h,축하해~~~ 미키 🎉🎉🎉🎉 ❤,2,Tottenham Hotspur
"(유로파리그) 챔피언스리그, 우리가 간다!",13165,1032570,536,@띠라띠이뽕따이,밉다가 좋다가 참 문제많은 팀이지만 그래도 좋다,1,Tottenham Hotspur
차원이 다른 비수마의 바이브,3539,147033,182,@yokorogamma,"고딩 수학여행인교??
이게 진정한 관광버스 갬성이지😂😂
근데 전좌석 안전 벨트 아닌가?😮😮",2,Tottenham Hotspur
Arrived back home as Champions 🥳,50672,626580,394,@흑백필름-q9w,어제 울어서 선그리 쓰셨나봐요 ㅋㅋㅋㅋㅋ 귀엽,0,Tottenham Hotspur
TOTTENHAM HOTSPUR WIN THE EUROPA LEAGUE! | Post match scenes and trophy lift uncut,55747,1550747,2925,@min784900,토트넘 선수들 이 우승을 계기로 승승장구 하길 바랍니다~~ 너무 수고많았어요~,7,Tottenham Hotspur
TOTTENHAM HOTSPUR WIN THE EUROPA LEAGUE! | Post match scenes and trophy lift uncut,55747,1550747,2925,@ptkimjonghwan,캡틴쏜.한시즌 동안 수고 많았습니다. 맘 고생 많았을텐데..우승을 축하 합니다....,18,Tottenham Hotspur
"(유로파리그) 챔피언스리그, 우리가 간다!",13165,1032570,536,@Phone_Kim,그레이 딩요 따라했네 ㅋ,0,Tottenham Hotspur
챔피언스리그로!,3087,181892,169,@sik7800,어 우린 리그 38경기 너무 길어서 컵으로 챔스가는 편이야 ~,0,Tottenham Hotspur
THE ROAD TO THE FINAL! | Every game of Spurs' Europa League campaign,5715,414914,218,@KazimohammadHamid-db7nd,We all people of Bangladesh love Hamza Chowdary,0,Tottenham Hotspur
Porro 🔗 Maddison 😱,1649,32523,14,@fine_goat,COYS🤍,1,Tottenham Hotspur
TOTTENHAM HOTSPUR WIN THE EUROPA LEAGUE! | Post match scenes and trophy lift uncut,55747,1550747,2925,@bstarz6129,COYS🎉,0,Tottenham Hotspur
특별한 순간 😍,1154,47654,51,@NaOh-g4l,전술 다른걸로 더 연구하면 이피엘에서도 성공할듯. 너무 같은 전술만 고집함,11,Tottenham Hotspur
Wolves 4-2 Tottenham Hotspur | Premier League Highlights,2718,251187,319,@Nikodimos_g,All goals are mistake,1,Tottenham Hotspur
Full-time scenes across the globe 🔥 Europa League win went worldwide 🤩,6539,115823,231,@HSJEDITS-e1c,Lets go,0,Tottenham Hotspur
"(유로파리그) 챔피언스리그, 우리가 간다!",13165,1032570,536,@릴리화이츠,크,0,Tottenham Hotspur
Special moments 🥰,7362,222410,141,@소니홀릭,👏👏👏👏👏👏👏👏👏👏,2,Tottenham Hotspur
"Tottenham Hotspur 3-1 Bodø/Glimt | UEL Semi-Final Highlights  | Johnson, Maddison, Solanke goals",5963,350174,213,@gideonalweendo581,Finally🎉,1,Tottenham Hotspur
LOUDER 📣,2047,53626,22,@Preppy_CheerleaderD,Let’s go COYS Let’s do a wonderful performance at home against Crystal Palace if we in the final we can crush crystal palace,0,Tottenham Hotspur
Let us know how they got on 🤔,2570,58064,51,@mingyukidult4899,Micky could be the next superman,0,Tottenham Hotspur
The Pape-razzi and friends strike again 📸,4649,157098,39,@dadyougeek,Met @TottenhamHotspur admin at the ground! Doing a great  job!,1,Tottenham Hotspur
these dressing room scenes on repeat,105468,1723000,324,@SolihaQosimova-e8y,Ajoyib 👍👏👍👏👍👍👏,0,Tottenham Hotspur
Tottenham Hotspur PARADE SPECIAL | Europa League Champions!,4524,121367,185,@marksdon8234,Love from Sylhet Bangladesh ❤❤❤🇧🇩🇧🇩🇧🇩,5,Tottenham Hotspur
Arrived for the final 👋,4709,125842,145,@clairwhitby4734,"Come on you spurs, who’s going to lift the cup 👂🏻 tottleham is!!!!!!!",2,Tottenham Hotspur
The time is now.,2761,52858,85,@AlfieMcQueen-s8c,Please bring it home boys COYS!!!! 🤍🤍🤍🤍🤍,7,Tottenham Hotspur
EUROPA LEAGUE CHAMPIONS! 🏆 | Tottenham Hotspur 1-0 Man United | Highlights,20359,1053840,801,@lennyngugi-n8g,ata wacheke.,1,Tottenham Hotspur
Tottenham Hotspur 1-4 Brighton | Premier League Highlights,5322,480627,531,@HerryAri,"Europa league champions, but ranked 17th is so funny😂😂😂",3,Tottenham Hotspur
Let’s gooooo,5750,149802,83,@nos7son7-f3y,손❤메디슨❤,1,Tottenham Hotspur
"(유로파리그) SpursTV,  손흥민 인터뷰",2332,38065,178,@1day4meals85,모든 토트넘 선수들 욕먹을때도 많았는데 결과로 다 보여줬다 생각함 화이팅 모두들 아프지말자,0,Tottenham Hotspur
One of the best NLDs ever? | Tottenham Hotspur 3-0 Arsenal | Classic Premier League Highlights,3104,254460,177,@domsmith5065,"Looking at this, and the core of a seriously good team we had there, begs the question...what on earth did Levy do to us? 

We had a world class coach (albeit very arrogant and dismissive of the status of the club but hey, same is true at Napoli and look where they are!), but we didn't support his vision one bit.

We had so much nearly in place and again we completely failed to make the right moves at the right time.",0,Tottenham Hotspur
Bilbao bound 🫡,6379,125436,221,@Lshoangmai,Coys,1,Tottenham Hotspur
"결전의 땅, 빌바오 도착 📍",898,30085,81,@흑백필름-q9w,와 포스터 배우인줄 😲,1,Tottenham Hotspur
N17 SCENES 🤩,30958,766310,351,@Dub1978,17th in the premier league 😂😂😂😂😂😂😂 participation cup,1,Tottenham Hotspur
EUROPA LEAGUE CHAMPIONS! 🏆 | Tottenham Hotspur 1-0 Man United | Highlights,20359,1053840,801,@Jellybeantiger,"Commentators capture the moment perfectly.
❤",0,Tottenham Hotspur
OLE OLEEEEEE 🤪,6052,206948,68,@Joe-ou1ri,"Ain't you suppose to be top 6 club celebrating winning the championship version on the champs league 
Suppose to be challenging the league and the champs league embarasing !!!",0,Tottenham Hotspur
🥹🥹🥹,21149,698867,198,@BLOODMOON-c6s,YEEEEEEEEEES,0,Tottenham Hotspur
There’s unreal vibes… then there’s Yves Bissouma vibes 🔊😁,26445,923195,487,@서초반포,아프리카 남미 얘들이 흥이 장난이 아님,0,Tottenham Hotspur
Tottenham Hotspur 1-4 Brighton | Premier League Highlights,5322,480627,531,@bonaventuraenrico2240,Tooth😂😂.. Are you oke? 😂😂😂😂😂,0,Tottenham Hotspur
Make way for the CHAMPIONS🥳,31611,1069004,486,@secretjung1885,귀여워😂 아빠차 같이탄 아기냐고 😂😂,70,Tottenham Hotspur
TAKE A VOW 🤍,3605,57652,163,@Paul-ek3yr,Ange should be there too..,0,Tottenham Hotspur
(유로파리그 결승전) 토트넘 홋스퍼 1 : 0 맨체스터 유나이티드 // 2분 하이라이트 // 현지 해설,1918,218956,174,@케이쿡티비,자랑스러운 우리의 캡틴🎉🎉🎉,0,Tottenham Hotspur
TOTTENHAM HOTSPUR WIN THE EUROPA LEAGUE! | Post match scenes and trophy lift uncut,55747,1550747,2925,@jaysumlut8726,yeah,0,Tottenham Hotspur
That's Brennan's next celebration sorted 🥰,5115,261295,50,@Phantomx4125,Hopefully this Thursday ❤,17,Tottenham Hotspur
"(유로파리그 결승전) 미키의 결정적인 세이브, 직캠으로 만나보세요",11983,1566247,387,@gloryglory9518,우승을 만든 수비~~~,0,Tottenham Hotspur
(유로파리그) 결승 진출의 기쁨 !,675,23116,22,@20035724ss,축하합니다🎉,15,Tottenham Hotspur
준비 완료! 공식 파트너 시디즈와 함께하는 오프라인 워치파티! COYS 🤍,195,9071,13,@조자룡-p8e,실시간 라이브에서 선탐보고온 사람들은 개추ㅋㅋ,2,Tottenham Hotspur
"드디어, 오늘입니다.",545,15548,22,@hayoung2068,제발 한번만 해보자!!!!!,4,Tottenham Hotspur
Who invited the Pape-razzi? 📸,10433,222623,75,@농구-b1e,"우승하고 즐겨라...
Enjoy When we win.",0,Tottenham Hotspur
TOTTENHAM HOTSPUR WIN THE EUROPA LEAGUE! | Post match scenes and trophy lift uncut,55747,1550747,2925,@강탁구_비상,"손흥민 드디어 해냈네요.
유일한 우리의 캡틴 축하해요!!",0,Tottenham Hotspur
"Take it away, Vic!",10836,418545,147,@mahessaputri5834,He's Amazing 🎉🎉🎉🎉,0,Tottenham Hotspur
TOTTENHAM HOTSPUR WIN THE EUROPA LEAGUE! | Post match scenes and trophy lift uncut,55747,1550747,2925,@zzbbzzzzz,"NEVER STOP BELIEVING,  SUPER CUP NEXT!! COYS!!",0,Tottenham Hotspur
"Tottenham Hotspur 3-1 Bodø/Glimt | UEL Semi-Final Highlights  | Johnson, Maddison, Solanke goals",5963,350174,213,@Asap460,At home bodo glimt will win,0,Tottenham Hotspur
Best Spurs chant of the season? 🎶,2443,64835,36,@harryj.gingefootball,I don’t care about levy he don’t care about me all I care about is  Kulusevski,140,Tottenham Hotspur
Arrived back home as Champions 🥳,50672,626580,394,@대한민국-r6q,귀염둥이들 ㅋㅋ😂,0,Tottenham Hotspur
Arrived back home as Champions 🥳,50672,626580,394,@FlorenceDirisu,Congratulations 🎉🎉🎉👏👏👏👏,1,Tottenham Hotspur
챔피언스리그로!,3087,181892,169,@SHY-nq1hz,정시파이터중 최강자ㅋㅋ,0,Tottenham Hotspur
The end of a week none of us will ever forget 🥹,9395,108118,174,@AdanBars,💙🤍,0,Tottenham Hotspur
There’s unreal vibes… then there’s Yves Bissouma vibes 🔊😁,26445,923195,487,@heesoo_lee,Bias is still full of energy after all the minutes! 💪💪💪🐓🍾😂,0,Tottenham Hotspur
Spurs Just Dropped Their 2025/26 Home Kit!,1846,57157,194,@allenqueen,"I do-
but do not sack Ange.",12,Tottenham Hotspur
"유로파리그 챔피언, 주장 손흥민 선수가 한국 팬분들에게 보내는 감사인사!",6172,156477,441,@드세계로,아냐 우린 하나도 중요하지 않아. 흥민이가 원하니까 중요해진 거야.,0,Tottenham Hotspur
Europa League champions checking in 🫡,5566,154104,72,@soonhwajung5081,"쏘니 안보이네요;;
존슨~~~숙취는 어떤가요?ㅋㅋㅋ
넘 귀여웠어요^^*",20,Tottenham Hotspur
"(유로파리그 결승전) 미키의 결정적인 세이브, 직캠으로 만나보세요",11983,1566247,387,@쏨Tv,결승전은 대부분 수비.골키퍼 그날 좋은팀이 이기더라구요😊,0,Tottenham Hotspur
Who invited the Pape-razzi? 📸,10433,222623,75,@1년전-z3o,우승하자 제발😢,0,Tottenham Hotspur
N17에서 우승 트로피를 들어올리는 손흥민!,6386,201025,190,@hansj5003,💯👏👏👏👏👏👏,1,Tottenham Hotspur
🫶,3459,113824,64,@ardkorejunglist,❤,0,Tottenham Hotspur
TOTTENHAM HOTSPUR WIN THE EUROPA LEAGUE! | Post match scenes and trophy lift uncut,55747,1550747,2925,@KD-jm9jj,화질보소,0,Tottenham Hotspur
Kit launch day in 67 seconds ⏱️,1039,28042,28,@AURAGG_6779,Pls sign me,1,Tottenham Hotspur
Liverpool 5-1 Tottenham Hotspur | Premier League Highlights,3898,496070,257,@karmanamgyal13,I hoped we would get relegated so we can atleast win something next season,9,Tottenham Hotspur
Halfway there. Let's do this 👊,2712,49533,37,@onehumbleboy,COME ON YOU SPURS! 💪🏻🏆,0,Tottenham Hotspur
Spurs in Bilbao 🇪🇸,4189,84229,191,@mando8514,Spurs for Life ! ✨,0,Tottenham Hotspur
TOTTENHAM HOTSPUR EUROPA LEAGUE WINNERS TROPHY PARADE,3734,85845,197,@Icommenttomuch-u4c,Still surprised  they finally  won something,1,Tottenham Hotspur
A true legend 🤍,6078,110652,113,@andynichols5625,Son has made me a fan of football and spurs. This man deserves it all! I hope they put a worthy squad around him for champions league 26!,3,Tottenham Hotspur
Moments like these!!,21036,325278,176,@SuryanshSingh-w3v,❤❤❤,1,Tottenham Hotspur
TOTTENHAM HOTSPUR WIN THE EUROPA LEAGUE! | Post match scenes and trophy lift uncut,55747,1550747,2925,@hogangt305,"Selamat spurs 🎉🎉
kalian lebih terhormat dari pada si setan.
Saya pendukung liverpool juga turut bangga.
Salam dari indonesia 🇲🇨",1,Tottenham Hotspur
Full-time scenes across the globe 🔥 Europa League win went worldwide 🤩,6539,115823,231,@Prompiriya_Pimsomboon,🤍🤍🤍🏆🏆🏆,1,Tottenham Hotspur
Iconic from Vertonghen 🤩,2473,56677,49,@Creees,was this when he played left back. he could also whip in some amazing crosses and he could dominate the oppositions fullback. totally under rated fullback. in my all time eleven along with kane and bale. amazing players spurs have had,3,Tottenham Hotspur
Interview | Daniel Levy and Vinai Venkatesham,2630,97167,580,@Doggomorph,What does vinai mean to spurs and arsenal fans?,0,Tottenham Hotspur
these dressing room scenes on repeat,105468,1723000,324,@armyndie9230,맛깔나네~~😂 잘 논다 ㅋㅋㅋ,14,Tottenham Hotspur
There’s unreal vibes… then there’s Yves Bissouma vibes 🔊😁,26445,923195,487,@URsimplebuddy133,"Richi is dancing on every song,idont think he understand good vibes as always",1,Tottenham Hotspur
"(유로파리그) 결승골의 순간, 직캠으로 만나보세요!",2709,152159,52,@intouniq,절친 둘이 만든 우승 결승골❤🎉,53,Tottenham Hotspur
Make way for the CHAMPIONS🥳,31611,1069004,486,@jacobin1632,와 2002년 4강 갔을때 저러고 놀았는데😅😅,33,Tottenham Hotspur
(유로파리그 결승전) 토트넘 홋스퍼 1 : 0 맨체스터 유나이티드 // 2분 하이라이트 // 현지 해설,1918,218956,174,@oneteamonespiritonegoal2336,Lets Hotspur,1,Tottenham Hotspur
Behind the scenes at Thomas Frank's first day as Tottenham Hotspur Head Coach,6613,281974,539,@RicardoBlack-m2p,Tottenham training ground is beautiful,0,Tottenham Hotspur
😘,13345,428472,208,@mky2283,워워😂,1,Tottenham Hotspur
Spurs in Bilbao 🇪🇸,4189,84229,191,@AnhNguyênLê-z8n,Spurs will win,0,Tottenham Hotspur
One of the best NLDs ever? | Tottenham Hotspur 3-0 Arsenal | Classic Premier League Highlights,3104,254460,177,@쇼타-j8v,지금 경기력하고 수준차이가 엄청 나네,6,Tottenham Hotspur
All of James Maddison's goals and assists from 2024/25!,692,21601,50,@osk4rx7,Keep ange in this club for at least one more year. You cant sack him now after the Europa league,10,Tottenham Hotspur
팬들이 예상하는 결승전 🏆,389,15869,13,@ljs-soon10불또따또따,난 손흥민 득점 못해도 우승만 제발...,2,Tottenham Hotspur
One week since that magic night in Bilbao 🥹✨,4099,95234,46,@Hieverybody1221,I love Tottenham more then ever 😊😊,9,Tottenham Hotspur
There’s unreal vibes… then there’s Yves Bissouma vibes 🔊😁,26445,923195,487,@CosmoGamez77,COYS 🤍🤍,2,Tottenham Hotspur
A goal-line clearance that will be remembered forever.,15254,692709,294,@hunttoo3480,Romero's block was just as critical!!!!!,0,Tottenham Hotspur
가족 🤍🥹🥹🥹,1959,88173,40,@김타코야끼-l7r,애좋아하는 척 이제 그만😊,6,Tottenham Hotspur
Pedro Porro only scores stunning goals 😍 | All 10 goals for Spurs so far...,1024,42020,68,@LA_Space,And some idiots want to trade him.  He cops so much unnecessary flack but I rate him so highly.  Is is one of the few in the team with the X factor and we need him more than ever.  Great compilation poster.  👏👏👏🫡🇦🇺,2,Tottenham Hotspur
TOTTENHAM HOTSPUR WIN THE EUROPA LEAGUE! | Post match scenes and trophy lift uncut,55747,1550747,2925,@KickSilverOMG,"Sorry CR7, This World Cup is COMING HOME!",1,Tottenham Hotspur
Aston Villa 2-0 Tottenham Hotspur | Premier League Highlights,3225,331459,207,@mlungost,Apethy,0,Tottenham Hotspur
Bangers against Burnley 🔥,1597,40378,30,@damien5629,Sonny❤,46,Tottenham Hotspur
🫶 사랑합니다,622,20161,22,@양재원-p6s,❤❤❤❤❤❤❤❤,0,Tottenham Hotspur
벤 데이비스 COYS 🤍,865,18377,54,@현우-w2p,벤데비이스는 ㅇㅈ,29,Tottenham Hotspur
SURPRISE!!!!!! 🥳🥳🥳,4016,85809,38,@nitar7974,GOT YA.!!!!!!! Europa League  Champion. COYS!!!!!,4,Tottenham Hotspur
We dared. We dreamt. WE DID IT!!! 🏆,7187,141636,103,@Biswajitroy2009,❤🏆🤍💙🏆❤ Glory to SPURS....this is only the first of our new chapter. Welcome to the show 🔥🔥,0,Tottenham Hotspur
Admin and Vicario’s dad understood the assignment 🤳🤳,5922,165469,71,@upa_cs,Tottenham finally won the will add the euro the there cobeweb shelf😊,3,Tottenham Hotspur
HEUNG.MIN.SON.,12624,212847,238,@joondj,"그랬구나..
그간 날 참 행복하게 해준 쏘니...
난 해준게 없는데 ㅎㅎ...
내가 뭘 해줄 수 있을지 생각해봐야겠다.
응원한다, 계속, 나의 최고 선수.",0,Tottenham Hotspur
챔피언스리그로!,3087,181892,169,@땅기라,정시파이터 미쳤다,249,Tottenham Hotspur
“IT'S ALWAYS ABOUT WINNING” | Thomas Frank’s first interview as Tottenham Hotspur Head Coach,10265,233292,989,@Westlondonspurs,Welcome Thomas coys,0,Tottenham Hotspur
Moments like these!!,21036,325278,176,@razzakggodblessyou161,Well done spurs,0,Tottenham Hotspur
Inside Tottenham Hotspur training ahead of the Europa League semi-final!,690,19864,69,@srh5311,Where's Son?,13,Tottenham Hotspur
앞으로도 @premierleague 에서 많은 골을 넣어주세요 🙏,73,5290,5,@Gekiocopter,제발료😊ㅠㅠㅠㅠㅠ,0,Tottenham Hotspur
Special moments 🥰,7362,222410,141,@사손-w4d,시즌 내내 참 욕도 많이하고 미워했는데 쏘니의 첫트로피를 들게 해준 사람이라 이제는 고마운 기억으로 남을 사람일듯,74,Tottenham Hotspur
Scenes in Frankfurt 🎬,2594,102620,45,@noblerichosseiberkoh9196,COYS ❤,0,Tottenham Hotspur
챔피언스리그로!,3087,181892,169,@sehuni,이게 그 토르크막토를 잡은 느낌인가.,8,Tottenham Hotspur
HEUNG.MIN.SON.,12624,212847,238,@IamMtoL,He is not just a Spurs legend he is a spurs icon Heung Min Son,561,Tottenham Hotspur
There’s unreal vibes… then there’s Yves Bissouma vibes 🔊😁,26445,923195,487,@Zzz-t7i,"토트넘 선수들은 다 착해 
우승 축하 축하 🎉🎉😊",213,Tottenham Hotspur
Interview | Daniel Levy and Vinai Venkatesham,2630,97167,580,@Love-b3h2hc,So many negative comments. Give it a rest,0,Tottenham Hotspur
Moments that will live forever 🏆,79089,1239813,890,@User-fridlyh-xtr56f,ㅠㅠㅠㅠ,0,Tottenham Hotspur
Behind the scenes at Thomas Frank's first day as Tottenham Hotspur Head Coach,6613,281974,539,@kevinli3555,Why did he choose to join a lower points team?,0,Tottenham Hotspur
주장이 전하는 메세지 🤍,1182,27161,35,@thedavemanride,Sonny predicted his own dream 😂,9,Tottenham Hotspur
EUROPA LEAGUE CHAMPIONS! 🏆 | Tottenham Hotspur 1-0 Man United | Highlights,20359,1053840,801,@Nikos7878,"I don't like Ange. But I cannot give him my utmost respect, and to the players, for this. Well done, and thank you!!!!",0,Tottenham Hotspur
Micky with the FASTEST sprint in the 2024/25 Premier League season ⚡️,1891,85240,49,@VũMạnhQuốcốc-c4d,Keep giving us your highlights! Your videos add freshness to the world of online entertainment.⛹️🚴😅,1,Tottenham Hotspur
Next stop: Bodø 🇳🇴,1868,44423,100,@Wayzz_01,COYS,1,Tottenham Hotspur
🤍🤍🤍,3229,65227,66,@sijunhee127,so proud of you 쏘니오빠 🤍🤍🤍,28,Tottenham Hotspur
마칭 온!!! 🎤🎶🎵,3505,136713,62,@cordelia._.xoxo777,"진짜 때라는게 있나봐 다들 날라댕기던 데스크시절에,  명장이란 명장 다 불러왔을땐 안되던게,,, 리그 순위가 이렇기나 처참할때,, 사람일 모른다 ......아침이 오기전이 가장 어둡다는말이 참인것같다. 요 근래 가장 어둡던 토트넘이었는데 지금 너무 행복해보인다",58,Tottenham Hotspur
THE ROAD TO THE FINAL! | Every game of Spurs' Europa League campaign,5715,414914,218,@felixlevishamilton,if we don't win I will be very very sad,1,Tottenham Hotspur
TOTTENHAM HOTSPUR WIN THE EUROPA LEAGUE! | Post match scenes and trophy lift uncut,55747,1550747,2925,@gocnhogiadinh4942,Xin chúc mừng 🎉🎉🎉,0,Tottenham Hotspur
Special delivery 🫡,7549,217316,122,@harrietokulumia5590,Woooow,0,Tottenham Hotspur
Danny Aarons' AMIGOS test! | MADDERS v PEDRO PORRO,1508,31068,61,@coolcats102,big up danny aarons,7,Tottenham Hotspur
Tottenham Hotspur 1-4 Brighton | Premier League Highlights,5322,480627,531,@kwe_,"I'm here to tell rival fans that not one single Spurs fan cares about this result. However this is such a disappointing scene to look at, LOTS of work in the summer transfer window ahead of us in order to get back to competing with English greats.",40,Tottenham Hotspur
"(유로파리그) SpursTV,  손흥민 인터뷰",2332,38065,178,@아사히라,나이스 원 소니~~~~나이스 손 소니~~~,5,Tottenham Hotspur
(유로파리그 결승전) 토트넘 홋스퍼 1 : 0 맨체스터 유나이티드 // 2분 하이라이트 // 현지 해설,1918,218956,174,@tyu0103,비카리오도 엄청났지만 반더밴 진짜 .. 👍,80,Tottenham Hotspur
Travel behind the scenes with Tottenham Hotspur to Eintracht Frankfurt!,986,32203,87,@أمعلوشأمعلوش-ر2ح,Where is Dargoshin? I won't see him.,0,Tottenham Hotspur
Big moments in Europe 💫,2455,56138,31,@JustADogeCommenter,This is why Tottenham deserves to win the Prem next year ❤,9,Tottenham Hotspur
Wolves 4-2 Tottenham Hotspur | Premier League Highlights,2718,251187,319,@scav4631,"I knew we lost the moment the line-ups were posted..  I blame the lineup on Ange, but the rest of the game was largely on the players LOL.",12,Tottenham Hotspur
Sonny's surprise 🥹,3247,59137,47,@yuri199,🥹🥹🥹,1,Tottenham Hotspur
Scenes in Frankfurt 🎬,2594,102620,45,@Njass09,❤❤🎉🎉🎉,0,Tottenham Hotspur
히샬리송 🤍,1724,74454,52,@킹밧두형,이원상 폼 지리네ㄷㄷ,1,Tottenham Hotspur
(유로파리그) Oh When the Spurs...🎵,114,3454,5,@cat-r1z,쏘뉘 쏴랑회요우!🎉,1,Tottenham Hotspur
Interview | Daniel Levy and Vinai Venkatesham,2630,97167,580,@MrDshack,Vinai glazing his boss something rotten here…,6,Tottenham Hotspur
(유로파리그) 행복한 라커룸,15553,1171422,414,@cleansooman,통제 가능하나? ㅋㅋㅋ 흥민이 고생했네 ㅋㅋ,1,Tottenham Hotspur
Let me Tel you something. Mathys is here to stay 🙌,2376,48585,71,@SHREERAMALVIJAYANMoe-bq2jn,NICE,3,Tottenham Hotspur
마칭 온!!! 🎤🎶🎵,3505,136713,62,@soulfreetube3953,우승컵 간지난다~~!!!,6,Tottenham Hotspur
the vibes are vibing 🔥,21918,416512,382,@Spurs-go-marching--on-12,"This season Vs United:
Premier league: 
Tottenham Hotspur Stadium: 1-0 Win🎖️ 
Old Trafford: 3-0 win 🎖️
Carabao cup quarter finals:  4-3 win 🎖️  
No shot we are gonna lose.
COYS 🤍",0,Tottenham Hotspur
Full-time scenes across the globe 🔥 Europa League win went worldwide 🤩,6539,115823,231,@emmanuelnava17,Supporting from Detroit! 🎉,0,Tottenham Hotspur
Bilbao bound 🫡,6379,125436,221,@傘から逃げるな,優勝しよう！！,12,Tottenham Hotspur
Moments that will live forever 🏆,79089,1239813,890,@ritathaher5732,"We are the champions my friend , we keep it fighting till the End ❤❤❤🎉🎉🎉🎉🎉🎉🎉",1,Tottenham Hotspur
Interview | Daniel Levy and Vinai Venkatesham,2630,97167,580,@StevenWalker-ns5ii,We want to win the league - but just not having to buy the players needed for that,0,Tottenham Hotspur
Final preparations for Frankfurt! | Inside Tottenham Hotspur training,1850,59496,253,@Alx-o3w,"Come on Spurs, please turn up for this game 🙏👍",9,Tottenham Hotspur
(PL 38R) 올 시즌 마지막 워밍업 출발합니다.,452,21861,9,@redfox_-fh1td,👏👏👏👏👏👏👏,6,Tottenham Hotspur
Quickfire fan questions with Thomas Frank 🌟,4743,144878,143,@ErinJack299,Justice for Ange,3,Tottenham Hotspur
TOTTENHAM HOTSPUR WIN THE EUROPA LEAGUE! | Post match scenes and trophy lift uncut,55747,1550747,2925,@wawanraja8902,"Ke indonesia bro, biar dinyanyikan Indonesia Tanah air Beta",0,Tottenham Hotspur
Arrived for the final 👋,4709,125842,145,@DAT_890,COYS!!!!!!!,0,Tottenham Hotspur
Behind the scenes at Thomas Frank's first day as Tottenham Hotspur Head Coach,6613,281974,539,@iamJemal,Is that Harry Kane behind the canteen? Lol,0,Tottenham Hotspur
Tottenham Hotspur 1-2 Nottingham Forest | Premier League Highlights,7176,703086,352,@SarvarTuraev-t4w,Tottenham hotspur😢😢😢😢,0,Tottenham Hotspur
Team walk in Bilbao ✊,6277,187662,150,@animeman90s,Atleast all of liverpool is supporting us,8,Tottenham Hotspur
TOTTENHAM HOTSPUR WIN THE EUROPA LEAGUE! | Post match scenes and trophy lift uncut,55747,1550747,2925,@AgusEmpu,"Forza...
Vicario❤",0,Tottenham Hotspur
Behind the scenes at Thomas Frank's first day as Tottenham Hotspur Head Coach,6613,281974,539,@quincg1288,Madders😆proper lil brown noser.,0,Tottenham Hotspur
Lucas Bergvall. 2031.,2331,54139,55,@gsampson97,Best news of the year but hopefully not the best news of the week. COYS,0,Tottenham Hotspur
프랑크푸르트로 떠난 스퍼스 ✈️💪,61,2101,16,@no.7son_hm,조회수 800 뭐고,0,Tottenham Hotspur
We got here together 🤍,5997,91222,149,@Gosinga1,Pls 🙏  im 12 with a dream,0,Tottenham Hotspur
특별한 순간 😍,1154,47654,51,@bk-hp3bz,손주들인지 아들들인지..😊,1,Tottenham Hotspur
"(유로파리그) 결승골의 순간, 직캠으로 만나보세요!",2709,152159,52,@행주-w6j,"좀 더 높은 시점 카메라로 봤는데... 정말 낮고 빠르게 찌르는 크로스였음. 상대팀이 막기도 팀원이 연결시키기도 쉽지 않은 크로스라  서로 빠르게 위치 못잡고 우당탕 하다가 들어간 것.  저런 것도 어떻게든 공에 발 가져다대서 우겨 넣는게 집중했다는 증거이고, 실력이라 할 수있음. 진정한 프로라면 집념으로 운도 스스로 만들어 내야함.",47,Tottenham Hotspur
Sonny lifts the trophy in N17! 🏆,28018,686932,479,@서진택-j9t,"그냥 즐겁다.
이래서 우승!! ㅋㅋㅋㅋㅋ",0,Tottenham Hotspur
Tottenham Hotspur 1-4 Brighton | Premier League Highlights,5322,480627,531,@andydavidson6841,Spurs were never going to win today.Partying too much,0,Tottenham Hotspur
Make way for the CHAMPIONS🥳,31611,1069004,486,@맹구아빠-y1y,주장이라고 장난도 칠짬빠라는게 좋다 ㅎㅎㅎ,0,Tottenham Hotspur
🤣🤣🤣,6091,292165,83,@diagussatriapermana6631,Uchiha Solanke 😂😂,9,Tottenham Hotspur
"유로파리그 챔피언, 주장 손흥민 선수가 한국 팬분들에게 보내는 감사인사!",6172,156477,441,@전기자격증따자아자,이미지 관리좀,0,Tottenham Hotspur
TOTTENHAM HOTSPUR EUROPA LEAGUE WINNERS TROPHY PARADE,3734,85845,197,@박정현-t7u,토트넘 축구단 유로파 우승 축하드립니다 짝짝짝,1,Tottenham Hotspur
Found this gem in the camera roll 😂,9395,358618,126,@rashmuci,Sonny asiri tatli 🥰🥰 yeriim,18,Tottenham Hotspur
TOTTENHAM HOTSPUR WIN THE EUROPA LEAGUE! | Post match scenes and trophy lift uncut,55747,1550747,2925,@pharesfallet3083,Mbappé take note😂😂,0,Tottenham Hotspur
Every Dom Solanke goal of 2024/25 season!,898,27929,65,@mabar790,We can see how much maddison and kulu contributions to these goals,1,Tottenham Hotspur
24 hours to go 🤍,4256,96223,99,@itouchdeadpigeons,SPURS ARE ON THEIR WAY TO BILBAO,0,Tottenham Hotspur
TOTTENHAM HOTSPUR WIN THE EUROPA LEAGUE! | Post match scenes and trophy lift uncut,55747,1550747,2925,@nos7son7-f3y,행복해서 지금도 소름돋아😊,9,Tottenham Hotspur
"(유로파리그 결승전) 미키의 결정적인 세이브, 직캠으로 만나보세요",11983,1566247,387,@비빔면-xmen,살신성인.,0,Tottenham Hotspur
런던에서 온 특별한 배달,945,31482,22,@정민경-n9q,힝.. 쏘니… 7  소장하고파🎉🎉,8,Tottenham Hotspur
The greatest Champions League semi-final ever? | Ajax 2-3 Tottenham Hotspur | Classic Highlights,7005,425693,544,@phoethar848,I saw Onana and Tanghak😅😅😅,0,Tottenham Hotspur
Sonny lifts the trophy in N17! 🏆,28018,686932,479,@kwokkwok1743,開心足球🎉🎉🎉,1,Tottenham Hotspur
Aston Villa 2-0 Tottenham Hotspur | Premier League Highlights,3225,331459,207,@Bekscott,I never seen a Loser Team just like Tottenham.,1,Tottenham Hotspur
TOTTENHAM HOTSPUR WIN THE EUROPA LEAGUE! | Post match scenes and trophy lift uncut,55747,1550747,2925,@cboutlet100authentic4,Fans are super happy. They waited for too long til today.,0,Tottenham Hotspur
🪫➡️🔋Warming up in Frankfurt!,1427,35813,58,@COYSONTOP,COYS we need this winnn,2,Tottenham Hotspur
TOTTENHAM HOTSPUR WIN THE EUROPA LEAGUE! | Post match scenes and trophy lift uncut,55747,1550747,2925,@Olyn_n,🎉🎉🎉,0,Tottenham Hotspur
Coin Fork Challenge: 2025/26 Edition 🤣,3988,76453,88,@DjAstro90,I love VDV ❤,2,Tottenham Hotspur
TOTTENHAM HOTSPUR WIN THE EUROPA LEAGUE! | Post match scenes and trophy lift uncut,55747,1550747,2925,@grace-dd1cw,"Living Legend. Our Captain. Son Heung-min — congratulations from the bottom of my heart!!!!!!!
Every long-time fan will feel this moment deep in their hearts.
As someone who’s followed his journey for years, today just feels incredibly emotional, proud, and full of gratitude. What a day to be a fan. What a man to support. 🙌🏻🔥",20,Tottenham Hotspur
Moments like this 🤍,7788,121936,109,@흑백필름-q9w,텔 팬들이랑 동화되는거 보기 좋다 👍🏻😊,0,Tottenham Hotspur
Never getting over this feeling 🤩,2036,55045,37,@Scarecro13,"Back the gaffer. He brought us and the club this feeling. Lets build on it, not knock it down and try to ""rebuild"" again",1,Tottenham Hotspur
FREED FROM DESIRE 🏆,36225,924720,169,@yfbnjio5364,"Richarlison, Vicario, Van saved us last night!!",1,Tottenham Hotspur
All of James Maddison's goals and assists from 2024/25!,692,21601,50,@yase1602,Dominator on the pitch,2,Tottenham Hotspur
Spurs everywhere 😍,3998,89224,83,@python2198,Holy bots,3,Tottenham Hotspur
That's Brennan's next celebration sorted 🥰,5115,261295,50,@rishithanz,Great guy. Luv u Spurs idol club❤,12,Tottenham Hotspur
“We did something special!” | All the reaction to Spurs' Europa League win!,5355,157326,333,@sssson,"Super happy for you, Sonny🤍",3,Tottenham Hotspur
Danny Aarons' AMIGOS test! | MADDERS v PEDRO PORRO,1508,31068,61,@johnw912,Will we be getting the europa behind the scenes?,0,Tottenham Hotspur
These are the days ✨,5623,76193,74,@troepanogist6495,Enough to make a grown man cry,34,Tottenham Hotspur
TOTTENHAM HOTSPUR WIN THE EUROPA LEAGUE! | Post match scenes and trophy lift uncut,55747,1550747,2925,@Boxertobbe,Goosebumps💙💙💙,1,Tottenham Hotspur
One of the best NLDs ever? | Tottenham Hotspur 3-0 Arsenal | Classic Premier League Highlights,3104,254460,177,@KevaughnSamuels-o1v8r,True Hotspur fan don't complaint,0,Tottenham Hotspur
The end of a week none of us will ever forget 🥹,9395,108118,174,@edsoncosta9374,Well done my heróis!,5,Tottenham Hotspur
Tottenham Hotspur 0-2 Crystal Palace | Premier League Highlights,1351,121825,134,@jack.1.,Its so embarassing that a 16/17th place team will be in the champions league next season,6,Tottenham Hotspur
흥부자 미키 🕺,1810,70927,66,@새벽이-n3r,"미키~잘생기고
인성도좋고
즐길때 즐기고~❤🎉",1,Tottenham Hotspur
“IT'S ALWAYS ABOUT WINNING” | Thomas Frank’s first interview as Tottenham Hotspur Head Coach,10265,233292,989,@justjase10,"Massive potential indeed ❤, good luck",0,Tottenham Hotspur
For those Spurs fans who are no longer with us 🤍,6613,110576,157,@DRUM19,"God, just got in from work driving buses in Dublin,  wasn't expecting this   tears in my eyes. Beautiful idea, lots of love and sadness but a lot of happiness that we can think of all those gone and share this beautiful moment for our club with all those passed on. ❤❤❤❤😢😢😢❤❤❤❤",11,Tottenham Hotspur
Special moments 🥰,7362,222410,141,@ShayalElanjikkal,❤,1,Tottenham Hotspur
There’s unreal vibes… then there’s Yves Bissouma vibes 🔊😁,26445,923195,487,@gosoo-g9g,묻지마 관광이네..,0,Tottenham Hotspur
Bangers against Burnley... all eyes on the opener 👀🔥,1676,36794,19,@BigGuadelope,How are we not including that Modric strike,3,Tottenham Hotspur
😘,13345,428472,208,@TonyCrenshawsLatte,손흥민 이렇게 대놓고 귀염 떠는거 첨 봄ㅋㅋㅋㅋㅋㅋ  도파민 맥스인게 느껴짐ㅋㅋㅋㅋㅋㅋㅋㅋ,124,Tottenham Hotspur
Make way for the CHAMPIONS🥳,31611,1069004,486,@NopRiyadi-m5f,Serius bahasa Indonesia,0,Tottenham Hotspur
There’s unreal vibes… then there’s Yves Bissouma vibes 🔊😁,26445,923195,487,@kgo3844,시청하는 내가 즐겁다.,0,Tottenham Hotspur
The greatest Champions League semi-final ever? | Ajax 2-3 Tottenham Hotspur | Classic Highlights,7005,425693,544,@DavidMugisha-qg7zm,After arsenal fail to comeback from 2 goals behind 😢😢😢😢😢,1,Tottenham Hotspur
Dom IS the moment ✨✨✨,5057,109029,57,@longvuhoang1751,Happy winner,4,Tottenham Hotspur
가족이란 🤍🤍🤍,3658,97715,78,@시도TV-c5u,흥민이는 이제 레전드입니다 라는 웅정옹 인터뷰 듣고싶네요 ㅋㅋ,26,Tottenham Hotspur
Every Tottenham Hotspur goal that won the Europa League!,1672,56567,99,@joshcathie1719,That cross from Archie Gray against Galastary,24,Tottenham Hotspur
유로파리그 우승 🏆 카 퍼레이드 스페셜 🏅,1227,21522,96,@장준감,썸네일 쏜❤,12,Tottenham Hotspur
Full-time scenes across the globe 🔥 Europa League win went worldwide 🤩,6539,115823,231,@MystaGee,Uganda has one single Spurs fan! Big up for representing!! COYS!!,107,Tottenham Hotspur
Interview | Daniel Levy and Vinai Venkatesham,2630,97167,580,@8_xillx,"We don't want just words, I want to see actions.
You now have a better coach, and I hope to support him with much better players.",14,Tottenham Hotspur
"다른 각도에서 바라본, 결승골의 순간!",960,50270,19,@모아나-k1x,존슨  넘어지는거  왜케  귀엽니  ㅎ,0,Tottenham Hotspur
these dressing room scenes on repeat,105468,1723000,324,@ishak7928,👏 clap!!!,0,Tottenham Hotspur
25/26 시즌 홈 유니폼 언박싱 📦,381,18615,10,@staywithme-c8l,리그 17위 역대 최저 승점 강등되도 이상하지 않은 형편없는 전력의 토트넘,1,Tottenham Hotspur
Watch this.,4315,122004,52,@isaacngugi3926,Loving your slow motion clips of beauty…,42,Tottenham Hotspur
TAKE A VOW 🤍,3605,57652,163,@adamg-uq5kt,I love Tottenham but this his a bit pony,1,Tottenham Hotspur
Behind the scenes as Tottenham Hotspur WIN the Europa League! | MATCHDAY UNCUT,5484,161798,205,@누리-n4i,너무 행복한 하루였고 쏘니 우승 너무 축하해요,64,Tottenham Hotspur
TOTTENHAM HOTSPUR WIN THE EUROPA LEAGUE! | Post match scenes and trophy lift uncut,55747,1550747,2925,@보리밍구,쏘니가 있어 행복합니다 쏘니 축하해요❤❤,0,Tottenham Hotspur
There’s unreal vibes… then there’s Yves Bissouma vibes 🔊😁,26445,923195,487,@BB-eunyoung,야야~~ 빤쥬 좀 올려 ㅋㅋㅋㅋ,0,Tottenham Hotspur
“IT'S ALWAYS ABOUT WINNING” | Thomas Frank’s first interview as Tottenham Hotspur Head Coach,10265,233292,989,@BADWOLF69able,"What a gent this guy is. Humble, excited, organised. Winning g combination.  Let's win UCL.",16,Tottenham Hotspur
"(유로파리그) 챔피언스리그, 우리가 간다!",13165,1032570,536,@Tv-ct3ph,이들이 토트넘의 미래네,0,Tottenham Hotspur
Vibes everywhere you look 😎,5018,105360,47,@adonise2,계속봐도 새롭고 즐거워 ㅋㅋㅋㅋ몇번을 찾아보나 모르겠다,2,Tottenham Hotspur
Nothing but legends everywhere we look 🤩,6970,241828,99,@신윤빈-u6f,🎉🎉🎉🎉🎉🎉😂😂😂😂😂❤❤❤❤❤❤❤,3,Tottenham Hotspur
N17 SCENES 🤩,30958,766310,351,@kurtkerr7136,😂😂😂,1,Tottenham Hotspur
Aston Villa 2-0 Tottenham Hotspur | Premier League Highlights,3225,331459,207,@DeBuDDi,"Spurs really fought hard against MU, who are at the bottom of the table. Why, guys?",1,Tottenham Hotspur
이번 시즌 보내주신 팬 분들의 놀라운 성원에 감사드립니다,1012,16750,28,@김지영-h7e4p,요즘 소니보는 낙으로 삽니다,1,Tottenham Hotspur
Brothers 🥹,4723,66689,100,@jayjay357,Just need one goal to determine a successful season. Manure loser as always,0,Tottenham Hotspur
The end of a week none of us will ever forget 🥹,9395,108118,174,@rinorifa,"frankly speaking, it's the worst season for epl,
but the most important thing is we did it in european league.",3,Tottenham Hotspur
Arrived for the final 👋,4709,125842,145,@VacationpenguinVr,Boys don’t disappoint lls pls pls pls im begging give it ur all boys cmon u lads got this COYS🤍💙,0,Tottenham Hotspur
스퍼스 to 빌바오 🎶,497,20010,18,@miok797979,챔스도 가자!! 화이팅,11,Tottenham Hotspur
"(유로파리그) 챔피언스리그, 우리가 간다!",13165,1032570,536,@Blues-q2z,응 토너먼트 못가고 탈락,0,Tottenham Hotspur
TOTTENHAM HOTSPUR WIN THE EUROPA LEAGUE! | Post match scenes and trophy lift uncut,55747,1550747,2925,@kidsmile96,잘 했어요.😢,0,Tottenham Hotspur
Finishing touches. 🤌,1198,43742,21,@pignolooksky,finished EUROPA 😂,3,Tottenham Hotspur
the vibes are vibing 🔥,21918,416512,382,@princeglobaloutreach2571,Yamal has taught these old men have to bring speakers on board😂😂😂,1,Tottenham Hotspur
Europa League Final preparations | Behind the scenes of Tottenham Hotspur training in Bilbao,2912,92743,250,@아빠는왜도지안샀어,Asian Football GOAT,2,Tottenham Hotspur
Big love for the boss 🤍,3324,79168,38,@Flash._.Editz306,Season 3 is always better than season 2 🗣🗣🗣🔥🔥🔥🔥,75,Tottenham Hotspur
"(유로파리그) 챔피언스리그, 우리가 간다!",13165,1032570,536,@Deoknaldo,내년시즌 손은 없다?,0,Tottenham Hotspur
주장이 전하는 메세지 🤍,1182,27161,35,@gangnam-seou,최고의 스토리네 .아(흥) 멘,0,Tottenham Hotspur
Sonny lifts the trophy in N17! 🏆,28018,686932,479,@xxxib-tsbb,영화 아니냐...,1,Tottenham Hotspur
Every Heung-Min Son goal and assist of the season,4216,140042,259,@thanhnienxungphong4842,sonny very gooooood,3,Tottenham Hotspur
(유로파리그) 행복한 라커룸,15553,1171422,414,@heonnivan,누가 보면 클럽하우스가 아니라 그냥 클럽임 ㅋㅋㅋ,195,Tottenham Hotspur
THE ROAD TO THE FINAL! | Every game of Spurs' Europa League campaign,5715,414914,218,@IffatfoodVlogs,😊😊😊😊😊😊😊😊😊,1,Tottenham Hotspur
유로파리그 우승 🏆 카 퍼레이드 스페셜 🏅,1227,21522,96,@최자두-y6s,너무좋아❤,15,Tottenham Hotspur
"Ryley's Dream - Magical reunion with Sonny, Ben Davies and his other Spurs heroes 🤍",4446,121396,259,@sooi,Ryley running to meet Sonny and the big big hugs. Got me teary! Sonny is just a hero to so many.,27,Tottenham Hotspur
THE ROAD TO THE FINAL! | Every game of Spurs' Europa League campaign,5715,414914,218,@sizwematchesdlamini8310,Brendan Johnson since day one,1,Tottenham Hotspur
(유로파리그) 행복한 라커룸,15553,1171422,414,@farlandtacticsonline,사바나의 아침이네,166,Tottenham Hotspur
“IT'S ALWAYS ABOUT WINNING” | Thomas Frank’s first interview as Tottenham Hotspur Head Coach,10265,233292,989,@DenisTunkin,I hope things will work for him. He sounds like a very nice man! COYS!,0,Tottenham Hotspur
All of Pedro Porro’s goals and assists from 2024/25!,683,21042,32,@adeolatayo7823,"My player of the season. Always fit, always contributes",19,Tottenham Hotspur
Admin and Vicario’s dad understood the assignment 🤳🤳,5922,165469,71,@Yura-x3b,손흥민 최고에요  🎉🎉🎉🎉🎉🎉🎉🎉🎉🎉,3,Tottenham Hotspur
"경기 종료 그 순간, 매디슨의 모습",923,30213,15,@Jongwhagi-s3o,"아ᆢᆢ
조 파지게 고생하고 막상
잔치에는 못간. 저 심정",1,Tottenham Hotspur
이번 시즌 보내주신 팬 분들의 놀라운 성원에 감사드립니다,1012,16750,28,@suyeon-m3g,🎉🎉🎉🎉🎉,6,Tottenham Hotspur
Bilbao bound 🫡,6379,125436,221,@phearstahh2245,wait wtf maddison travelled???,1,Tottenham Hotspur
Tottenham Hotspur 1-4 Brighton | Premier League Highlights,5322,480627,531,@wawerukamuru,BACK TO REALITY YOU MUGS!! 🤣🤣🤣🤣🤣🤣,0,Tottenham Hotspur
N17 퍼레이드 현장,4281,180860,112,@jang7867,멋지다 장하다 손흥민 과 토토넘 팀들 ^^~~~~~축하해요 🎉🎉🎉🎉🎉🎉🎉🎉😊❤❤❤❤❤❤❤❤❤❤❤❤,1,Tottenham Hotspur
"유로파리그 챔피언, 주장 손흥민 선수가 한국 팬분들에게 보내는 감사인사!",6172,156477,441,@kjh7756,넘🎉축하해요😊,29,Tottenham Hotspur
유로파리그 결승전 응원의 메시지 🤍,405,10945,24,@가온-e8p,울나라 사람들 귀엽당,5,Tottenham Hotspur
"Ryley's Dream - Magical reunion with Sonny, Ben Davies and his other Spurs heroes 🤍",4446,121396,259,@martymart6143,As overwhelmed as that kid was he never forgot to thank everyone. Very gracious and respectful. Does his parents proud,3,Tottenham Hotspur
(유로파리그) 손흥민의 이마에 생긴 영광의(?) 상처,7292,213386,214,@쏘니-b6,손손손🎉🎉🎉🎉🎉🎉🎉🎉,16,Tottenham Hotspur
TOTTENHAM HOTSPUR WIN THE EUROPA LEAGUE! | Post match scenes and trophy lift uncut,55747,1550747,2925,@allenballen7,🤍💙,0,Tottenham Hotspur
😘,13345,428472,208,@yee-lee,Sonny🤍💙,4,Tottenham Hotspur
Best Spurs chant of the season? 🎶,2443,64835,36,@jameslong4362,"Tsamina Mina eh eh
Waka waka eh eh
17th I don't know how 
We won it in Bilbao",49,Tottenham Hotspur
“I love this club. The best decision I ever made was joining this club.” - 🤍Madders,6955,262056,72,@Victorvanest-s5q,N   1👍❤,1,Tottenham Hotspur
Vibes everywhere you look 😎,5018,105360,47,@Aa_naa1331,I was searching where is 7 then realised that everyone in 25 🫢❤️,0,Tottenham Hotspur
(유로파리그) 모두가 기다렸던 🏆! 영원히 기억에 남을 순간,11882,619650,290,@대한민국힘내라-i2s,국위선양🎉🎉🎉🎉,15,Tottenham Hotspur
There’s unreal vibes… then there’s Yves Bissouma vibes 🔊😁,26445,923195,487,@soso4557,^^;;,0,Tottenham Hotspur
Tottenham Hotspur 1-1 Eintracht Frankfurt | Europa League Highlights,3271,194224,98,@HASSANNNNN_,"Some really great spells this game , If that Bergwall shot had gone in it would have been Puskas worthy.",51,Tottenham Hotspur
TOTTENHAM HOTSPUR WIN THE EUROPA LEAGUE! | Post match scenes and trophy lift uncut,55747,1550747,2925,@keodavin2185,"Finally,son deserves that club's legendary name.",0,Tottenham Hotspur
There’s unreal vibes… then there’s Yves Bissouma vibes 🔊😁,26445,923195,487,@야이야바레,비수마 카와이,0,Tottenham Hotspur
Sonny lifts the trophy in N17! 🏆,28018,686932,479,@세이렌-e2q,레비 좋은말할때 손흥민 동상  부탁한다,1,Tottenham Hotspur
TOTTENHAM HOTSPUR WIN THE EUROPA LEAGUE! | Post match scenes and trophy lift uncut,55747,1550747,2925,@rockmysoul8,"Along with Sony, let’s not forget about Davies who has also been an incredible servant to this club! Well deserved!!!",1717,Tottenham Hotspur
(유로파리그) 모두가 기다렸던 🏆! 영원히 기억에 남을 순간,11882,619650,290,@오성복-k7t,감동 ...!!,0,Tottenham Hotspur
Admin and Vicario’s dad understood the assignment 🤳🤳,5922,165469,71,@Kıvanççokşen1903,Would you like to give the European Cup to Beşiktaş?😉🖤🤍,2,Tottenham Hotspur
“IT'S ALWAYS ABOUT WINNING” | Thomas Frank’s first interview as Tottenham Hotspur Head Coach,10265,233292,989,@AY_PC,All aboard! Thomas the Frank engine! Chooo Choo 🚂,0,Tottenham Hotspur
유로파리그 우승 🏆 카 퍼레이드 스페셜 🏅,1227,21522,96,@jiyeon6656,🎉🎉🎉🎉🎉🎉🎉❤🎉🎉🎉🎉🎉🎉🎉,3,Tottenham Hotspur
(유로파리그) 행복한 라커룸,15553,1171422,414,@user-lf2,😂😂😂🎉🎉🎉,3,Tottenham Hotspur
Tottenham Hotspur 1-2 Nottingham Forest | Premier League Highlights,7176,703086,352,@aiueo3053,Ayam sayur😅,0,Tottenham Hotspur
N17에서 우승 트로피를 들어올리는 손흥민!,6386,201025,190,@독도는우리땅-i8e,축하해 쏘니~~~♡,1,Tottenham Hotspur
Liverpool 5-1 Tottenham Hotspur | Premier League Highlights,3898,496070,257,@manuelmacias7046,"Ánimo desde México Spurs.

Me encanta verlos arriba. Dónde están actualmente no es su lugar.",0,Tottenham Hotspur
"East London, we’re here 👋",907,23854,21,@Pk_-_vr-777,I love it,2,Tottenham Hotspur
Moments like these!!,21036,325278,176,@DastanAbdykadyrov-w6o,"Golden boot, balandoor the Son",1,Tottenham Hotspur
Team walk in Bilbao ✊,6277,187662,150,@conoroneill1207,Come on you spurs!!!,0,Tottenham Hotspur
Brothers 🥹,4723,66689,100,@TerenceCousins,Pure magic ✨,8,Tottenham Hotspur
ABSOLUTE SCENES IN NORTH LONDON!,12279,373028,314,@protectchildrenfrompride,Wow! What happened? Did Tottenham win a match?😂,0,Tottenham Hotspur
(유로파리그 결승전) 토트넘 홋스퍼 1 : 0 맨체스터 유나이티드 // 2분 하이라이트 // 현지 해설,1918,218956,174,@쓰덩-m2z,한국인 주장이 우승했다는게 리얼 좋다 걍좋다 ❤❤❤❤❤ 대한민국 🇰🇷 👍,7,Tottenham Hotspur
Iconic from Vertonghen 🤩,2473,56677,49,@TOT12TM,My GOAT,5,Tottenham Hotspur
Sonny takes on Archie Gray and Ben Davies in a unique game of Monopoly!,1340,37833,63,@IAIN-19,Singapore pride 🇸🇬 Tottenham till I die coys,6,Tottenham Hotspur
TOTTENHAM HOTSPUR WIN THE EUROPA LEAGUE! | Post match scenes and trophy lift uncut,55747,1550747,2925,@galankgcindonesia9695,Congratulations from Indonesia 🎉🎉🎉,0,Tottenham Hotspur
Behind the scenes at Spurs' Europa League winners lap of appreciation 🏆,1748,43768,78,@chuckbubbs,Thank you very much Ange and good luck in your next adventure.,7,Tottenham Hotspur
유로파리그 2차전을 앞둔 팀 트레이닝 💪,389,11259,66,@까분다-h4v,"부상때문에 못 나오는게 맞나요?
빨리 나으세요~ 응원하겠습니다",0,Tottenham Hotspur
"유로파리그 챔피언, 주장 손흥민 선수가 한국 팬분들에게 보내는 감사인사!",6172,156477,441,@오타니쇼헤이-t5y,유관손!!!!❤❤❤,17,Tottenham Hotspur
마칭 온!!! 🎤🎶🎵,3505,136713,62,@김준우-p7t,박~지~성~,0,Tottenham Hotspur
(유로파리그) 행복한 라커룸,15553,1171422,414,@TV-kq3uc,이런날이 올줄이야,17,Tottenham Hotspur
Good morning to everyone who loves Tottenham Hotspur Football Club,6746,83361,228,@kasrakashani912,We Win baby 💙💙💙🗿🗿👑🌌🤘,0,Tottenham Hotspur
(유로파리그) 결승전 경기장 도착 완료,1157,58250,22,@SONY12341,Just one game,5,Tottenham Hotspur
🎶🎶🎶,1690,89445,42,@user-ek3ip6ol2s,래퍼 초청함?,5,Tottenham Hotspur
So… has anyone checked in on Shakira lately?,3628,92997,51,@d-mart2037,Kevin Dance-so,29,Tottenham Hotspur
Arrived for the final 👋,4709,125842,145,@HALAMADRIDKM9,FREE FROM THE PAIN NANANNNNANA FREE FROM THE PAIN NANNANANA,1,Tottenham Hotspur
“I love this club. The best decision I ever made was joining this club.” - 🤍Madders,6955,262056,72,@HezardJeesam,Who else is here before this blows up,1,Tottenham Hotspur
TOTTENHAM HOTSPUR WIN THE EUROPA LEAGUE! | Post match scenes and trophy lift uncut,55747,1550747,2925,@MADRIDISTASth,I'm not a Spurs fan but I'm happy for you. Congratulations to Son. You're a legend who deserves the championship.❤,147,Tottenham Hotspur
TOTTENHAM HOTSPUR WIN THE EUROPA LEAGUE! | Post match scenes and trophy lift uncut,55747,1550747,2925,@massambambengue5369,"🎉congratuation pape matar sarr, we are pround to you and the all senegalease people. Good job lion",0,Tottenham Hotspur
Every Dom Solanke goal of 2024/25 season!,898,27929,65,@Andrew55252,"Solanke is my favourite player in Tottenham Hotspur now, I'm glad that we got him. 😎 Awesome",3,Tottenham Hotspur
Sonny lifts the trophy in N17! 🏆,28018,686932,479,@tridungtran1809,아스널은 없는거🏆,0,Tottenham Hotspur
Sonny lifts the trophy in N17! 🏆,28018,686932,479,@왜이래이거-t7n,사랑한다 SON and 토트넘,120,Tottenham Hotspur
TOTTENHAM HOTSPUR WIN THE EUROPA LEAGUE! | Post match scenes and trophy lift uncut,55747,1550747,2925,@neywandow7Paris,WE ARE THE CHAMPIOOOOOOOONNNNNNNNS HALLELUJAH LETS GOOO MY BROOOOSSSS🙌🐦🔥,2,Tottenham Hotspur
Interview | Daniel Levy and Vinai Venkatesham,2630,97167,580,@darrenknock8115,What a load of waffle.,1,Tottenham Hotspur
Sonny lifts the trophy in N17! 🏆,28018,686932,479,@조미영-y1n,수고하셨습니다 😂😂😂,0,Tottenham Hotspur
"East London, we’re here 👋",907,23854,21,@KJWL71021,COYS THIS IS OUR GAME TO WIN,3,Tottenham Hotspur
Inside Tottenham Hotspur training ahead of the Europa League semi-final!,690,19864,69,@lukaluka9142,First,0,Tottenham Hotspur
these dressing room scenes on repeat,105468,1723000,324,@liahos-q4z,Arsenal fan 🙄🙄🙄,0,Tottenham Hotspur
25/26 시즌 홈 유니폼을 소개합니다.,185,6117,13,@summerltgy,예쁘다 이번거,1,Tottenham Hotspur
EUROPA LEAGUE CHAMPIONS! 🏆 | Tottenham Hotspur 1-0 Man United | Highlights,20359,1053840,801,@신지원-u5f,FC SEOUL(서울)의친구 맨유는 토트넘에게 아쉽게 0대1로 져서 유로파리그 우승을 놓쳤지만 잘 졌잘싸!!!(졌지만 잘 싸웠다.)손홍민이 토트넘은 우승을 해서 축하해.그리고 맨유의친구 FC SEOUL(서울)이 내년에 AFC챔피언스리그 우승을 할께!!!!맨유 고생했어.ㅠㅡㅠ,0,Tottenham Hotspur
Tottenham Hotspur 1-1 Eintracht Frankfurt | Europa League Highlights,3271,194224,98,@gabrielabarros2036,I'm really scared for the next leg. But we deserve so much to win cause we have played so well at home.,0,Tottenham Hotspur
N17 SCENES 🤩,30958,766310,351,@이현민-s3s4u,"내  살면서  영국  퍼레이드를 볼게 될줄이야 
I love sonny",0,Tottenham Hotspur
EUROPA LEAGUE CHAMPIONS! 🏆 | Tottenham Hotspur 1-0 Man United | Highlights,20359,1053840,801,@NGStoic14,"It’s bitter sweet

2 years After kane and spurs parted ways, they won their first silverware respectively.

Contrats hotspurs",167,Tottenham Hotspur
ABSOLUTE SCENES IN NORTH LONDON!,12279,373028,314,@spesest1531,축구가 뭐라고.. 참 대단들하다,0,Tottenham Hotspur
OLE OLEEEEEE 🤪,6052,206948,68,@คอยพี่ที่ห้วยดีกลับเธอหลายๆเท่,อยากให้พวกน้องๆ ขายเสื้อ เอาไปบำรุงประเทศครับ ขายเถอะ เซ็นชื่อด้วย ให้เด็กที่น่ารักของโลก 😂😂😂 เชียร์เพราะเราอ่อน ถึงเวลาผม ขอนะครับ❤❤❤,0,Tottenham Hotspur
다시 만난 동료 🤍,7668,477163,210,@지유르-u7i,우승가자~~~~~!!,1,Tottenham Hotspur
EUROPA LEAGUE CHAMPIONS! 🏆 | Tottenham Hotspur 1-0 Man United | Highlights,20359,1053840,801,@AliMaulana09,iye le lu menang 😂,0,Tottenham Hotspur
OLE OLEEEEEE 🤪,6052,206948,68,@georgethigpeniii8755,I predict Tottenham will be religated next season 2025 to 2026,0,Tottenham Hotspur
(유로파리그 결승전) 토트넘 홋스퍼 1 : 0 맨체스터 유나이티드 // 2분 하이라이트 // 현지 해설,1918,218956,174,@stonecold8882,이거 보고 변비 나았다,9,Tottenham Hotspur
The Pape-razzi and friends strike again 📸,4649,157098,39,@boxmunkey9856,Pape mata sauce 🎉,2,Tottenham Hotspur
the vibes are vibing 🔥,21918,416512,382,@samkeene2660,Tottenham are horrible,0,Tottenham Hotspur
ABSOLUTE SCENES IN NORTH LONDON!,12279,373028,314,@BarisanTukangSpam,Epic scene,0,Tottenham Hotspur
A special delivery for Micky 📦✨,5257,106630,77,@Longeezy,I simply cannot wait until 2027 when (hopefully) we will never see Red on our white shirt again,1,Tottenham Hotspur
A true legend 🤍,6078,110652,113,@5th-AV,The picture Iv been waiting years to see 👏🏼 well deserved Son,22,Tottenham Hotspur
"Tottenham Hotspur 3-1 Bodø/Glimt | UEL Semi-Final Highlights  | Johnson, Maddison, Solanke goals",5963,350174,213,@1morerep-k6m,흥민아 가자,1,Tottenham Hotspur
THIS MAN 😍,4172,133203,78,@Unknown-xb1iv,영국남자인줄 ㅋㅋㅋ,0,Tottenham Hotspur
The greatest Champions League semi-final ever? | Ajax 2-3 Tottenham Hotspur | Classic Highlights,7005,425693,544,@adrianooliveira7028,MELHOR COM A NARRAÇÃO DO JORGE IGGOR. (BRASIL),1,Tottenham Hotspur
TOTTENHAM HOTSPUR WIN THE EUROPA LEAGUE! | Post match scenes and trophy lift uncut,55747,1550747,2925,@sada6244,Congratulations❤💐 to Spurs and Son. I am very happy to win the Europa League.🏆🤍😃😀,1,Tottenham Hotspur
A goal-line clearance that will be remembered forever.,15254,692709,294,@namboraghini,super save,0,Tottenham Hotspur
Ready for business 🧳,1397,41528,40,@Diddys_Desciples,COYS!,2,Tottenham Hotspur
ABSOLUTE SCENES IN NORTH LONDON!,12279,373028,314,@kk6354,"진짜 멋지다
일본에서같이합니다",1,Tottenham Hotspur
“IT'S ALWAYS ABOUT WINNING” | Thomas Frank’s first interview as Tottenham Hotspur Head Coach,10265,233292,989,@milehighhotspur1882,Let’s gooooo. This is the right place for you 🙌🏽👊🏽💙😊,9,Tottenham Hotspur
Danny Aarons' AMIGOS test! | MADDERS v PEDRO PORRO,1508,31068,61,@Real_Edits_FC,This is a true friendship gamble,22,Tottenham Hotspur
“We did something special!” | All the reaction to Spurs' Europa League win!,5355,157326,333,@Jiyeon-s4p,Sonny is LOVE💙🤍🏆🤍💙,120,Tottenham Hotspur
Checked in for the second leg ☑️,1134,25278,33,@paulspencer3444,Come on the spurs we got this,1,Tottenham Hotspur
Travel behind the scenes with Tottenham Hotspur to Eintracht Frankfurt!,986,32203,87,@The.Sun.God.,지면 바다 헤엄쳐서 건너와라,1,Tottenham Hotspur
"유로파리그 챔피언, 주장 손흥민 선수가 한국 팬분들에게 보내는 감사인사!",6172,156477,441,@송희수-y7m,추카 추카 합니다~~~~♡♡♡♡,29,Tottenham Hotspur
the vibes are vibing 🔥,21918,416512,382,@아빠-h3x,리그 16위의 위엄,0,Tottenham Hotspur
TOTTENHAM HOTSPUR WIN THE EUROPA LEAGUE! | Post match scenes and trophy lift uncut,55747,1550747,2925,@임베스트프랜드,"우승을 위해 떠나지 않고 우승을 위해 남은 소니,  정말 영광스런 순간",0,Tottenham Hotspur
TOTTENHAM HOTSPUR WIN THE EUROPA LEAGUE! | Post match scenes and trophy lift uncut,55747,1550747,2925,@Thankful.,So happy for SON❤🎉,0,Tottenham Hotspur
(유로파리그) 행복한 라커룸,15553,1171422,414,@thejzproduc,리그성적 개차반이 이유가 있었네 ㅋㅋㅋㅋ,0,Tottenham Hotspur
“IT'S ALWAYS ABOUT WINNING” | Thomas Frank’s first interview as Tottenham Hotspur Head Coach,10265,233292,989,@DommDomi,Idiot Levy😂😂😂,0,Tottenham Hotspur
THE ROAD TO THE FINAL! | Every game of Spurs' Europa League campaign,5715,414914,218,@chrislj2005,Amazing footage!,0,Tottenham Hotspur
Porro 🔗 Maddison 😱,1649,32523,14,@rook1e965,"Ive always loved porro’s crossing, crazy vision",32,Tottenham Hotspur
TOTTENHAM HOTSPUR WIN THE EUROPA LEAGUE! | Post match scenes and trophy lift uncut,55747,1550747,2925,@Moken_89,"Congratulations, well deserved",0,Tottenham Hotspur
Spurs everywhere 😍,3998,89224,83,@domthemod6380,ANGE INN COYS🤍🤍🤍,2,Tottenham Hotspur
Ryan Mason from distance 🤯,3477,93494,57,@cjetrain,Fantastic knuckle,1,Tottenham Hotspur
Aston Villa 2-0 Tottenham Hotspur | Premier League Highlights,3225,331459,207,@puholahm4444,Third class,0,Tottenham Hotspur
"(유로파리그) 챔피언스리그, 우리가 간다!",13165,1032570,536,@joondj,"축구가 이래서 재밌군요
우승을 밥먹듯 하던 팀은 하위권으로,
강등걱정을 하던 무관의 팀은
우승으로..
이러니 축구를 사랑하지 🤣",0,Tottenham Hotspur
Tottenham Hotspur 1-1 Eintracht Frankfurt | Europa League Highlights,3271,194224,98,@TanvirTuhin-u1d,Bring this Frankfurt GK to tottenham....he is a gem🔥,4,Tottenham Hotspur
SEMI-FINALS HERE WE GOOOO!!!!!,8063,180625,189,@마시맬로우-b7w,"토트넘 선수들 웃는 거 보니깐 나도 기쁘에😊
우승까지 가보자!!❤",5,Tottenham Hotspur
파파파파파파 파페라찌 📸,612,34828,9,@헬레나-p3b,한동훈 커져!,0,Tottenham Hotspur
The Pape-razzi and friends strike again 📸,4649,157098,39,@MouhamedMbaye-d2t,Sénégal 🇸🇳 rkkk ❤❤❤,4,Tottenham Hotspur
"Ryley's Dream - Magical reunion with Sonny, Ben Davies and his other Spurs heroes 🤍",4446,121396,259,@FredfloEntwistle,Be strong man well done to the Tottenham team for surprising him he deserves it❤❤❤❤❤❤❤😊,20,Tottenham Hotspur
TOTTENHAM HOTSPUR EUROPA LEAGUE WINNERS TROPHY PARADE,3734,85845,197,@이흐엉,"He made many of us stop and ask ourselves 
— what was my dream again?",3,Tottenham Hotspur
Sonny lifts the trophy in N17! 🏆,28018,686932,479,@koreanGuy-w4i,고생했어 흥민🎉🎉🎉,2,Tottenham Hotspur
Found this gem in the camera roll 😂,9395,358618,126,@norahdenovan8658,Brilliant 😂😂😂,2,Tottenham Hotspur
For those Spurs fans who are no longer with us 🤍,6613,110576,157,@WILLIAMC-nw6rg,😭,1,Tottenham Hotspur
Sonny lifts the trophy in N17! 🏆,28018,686932,479,@박순호-l5n,저런 클럽에서 우승했는데 대한민국 선수가 주장이라니 정말 대단한 손,0,Tottenham Hotspur
Spurs in Bilbao 🇪🇸,4189,84229,191,@AgentLynch616,No lasagne!,0,Tottenham Hotspur
이번 시즌 보내주신 팬 분들의 놀라운 성원에 감사드립니다,1012,16750,28,@keviny3515,진짜 영원히 기억될 영상이네요.,23,Tottenham Hotspur
The greatest Champions League semi-final ever? | Ajax 2-3 Tottenham Hotspur | Classic Highlights,7005,425693,544,@Kreelin,What do we think of Tottenham,0,Tottenham Hotspur
A season like no other. Told by those who lived it. Coming soon.,6155,90308,137,@ryanaugustine3534,Ange in mate,0,Tottenham Hotspur
TOTTENHAM HOTSPUR WIN THE EUROPA LEAGUE! | Post match scenes and trophy lift uncut,55747,1550747,2925,@KS-CHOIIII,congratulations,0,Tottenham Hotspur
특별한 순간 😍,1154,47654,51,@bond77777,"감독님   수고 하셨습니다  .,.,축하 드립니다!❤",31,Tottenham Hotspur
Interview | Daniel Levy and Vinai Venkatesham,2630,97167,580,@bencattley3581,"This is really, really good. This will be good for Levy to demonstrate some of this and it’s obviously genuine. Positive times ahead - we have a chairman who’s not perfect but is a Spurs fan, a wily operator but obviously puts so much time and effort and energy into the club and has it’s best interests at heart.",5,Tottenham Hotspur
THE ROAD TO THE FINAL! | Every game of Spurs' Europa League campaign,5715,414914,218,@m9ortia,Spurs were ruthless in this competition. So impressive. We are winning this final.,7,Tottenham Hotspur
올 시즌 최고의 득점 - 손흥민,723,13624,52,@yourbada,정말 완벽한 퍼즐은 여기에 있죠. 그냥 골이죠. 골이 답이죠. 손흥민의 골은 갓벽이죠💙🤍,1,Tottenham Hotspur
🪫➡️🔋Warming up in Frankfurt!,1427,35813,58,@kimboston1609,"Warming up, to not turn up",1,Tottenham Hotspur
Spurs Just Dropped Their 2025/26 Home Kit!,1846,57157,194,@Re4lect,This trailer gives me that Tottenham vibes 🔥,17,Tottenham Hotspur
유로파리그 2차전을 앞둔 팀 트레이닝 💪,389,11259,66,@crazyshopping412,포스텍이 잇는한 우승은 어림없지 ㅋㅋㅋㅋㅋㅋㅋㅋ,1,Tottenham Hotspur
Spurs in Bilbao 🇪🇸,4189,84229,191,@KiênNguyễn-k8q,COYS COYS COYS 🔥🔥🔥🥇🏆💙🤍🐔,4,Tottenham Hotspur
The time is now.,2761,52858,85,@Gabespective,LET’S FCKING GO!!! 🤍,2,Tottenham Hotspur
N17 SCENES 🤩,30958,766310,351,@peonyflower-healim,"손흥민 애착트로피 
품에서 안놓네요
너무 기쁘고 행복해보여서 보면 웃음이 절로나와요",125,Tottenham Hotspur
Let’s gooooo,5750,149802,83,@Park_mo_219,😂,1,Tottenham Hotspur
THE ROAD TO THE FINAL! | Every game of Spurs' Europa League campaign,5715,414914,218,@DevinPrastyia,Now or nothing else! We are the UEL Champions 2025 🔥,1,Tottenham Hotspur
Travel behind the scenes with Tottenham Hotspur to Eintracht Frankfurt!,986,32203,87,@marcossousa2035-s7y,"Gostei da iniciativa de postar vídeos em português, o Tottenham tem muitos torcedores Brasileiros 🇧🇷.",0,Tottenham Hotspur
Good morning to everyone who loves Tottenham Hotspur Football Club,6746,83361,228,@LenWIlliams-lf8mz,Let's go Tottenham,0,Tottenham Hotspur
Brothers 🥹,4723,66689,100,@hungryo,스퍼스의 7번에게 가장 잘어울리는건 역시 10번이야,0,Tottenham Hotspur
Throwing it back for the Masters 🏌,1467,34680,48,@PhilPrior-z8q,Pedro’s first shot 🤐,0,Tottenham Hotspur
Final preparations for Frankfurt! | Inside Tottenham Hotspur training,1850,59496,253,@nos7863,"손흥민 언제나 응원합니다 
건강하게 시즌 마무리 하도록 응원 할께요",68,Tottenham Hotspur
(유로파리그) 다 같이 부르는 승리의 노래,1139,54348,22,@은자이-u7f,"비카리오 !
🎉🎉🎉",4,Tottenham Hotspur
"(유로파리그) 챔피언스리그, 우리가 간다!",13165,1032570,536,@jamespark4628,잘생겼다 선수들이🎉,18,Tottenham Hotspur
Quickfire fan questions with Thomas Frank 🌟,4743,144878,143,@almorgan68,"The movie Thomas frank mentions in English is called ""flickering lights"" its our version of a typical gangster movie",20,Tottenham Hotspur
Europa League Final preparations | Behind the scenes of Tottenham Hotspur training in Bilbao,2912,92743,250,@aceorcusham2870,BRING IT HOME BOYS,1,Tottenham Hotspur
TOTTENHAM HOTSPUR WIN THE EUROPA LEAGUE! | Post match scenes and trophy lift uncut,55747,1550747,2925,@anfieldgank6263,Glory glory Tottenham Hotspur,0,Tottenham Hotspur
TOTTENHAM HOTSPUR WIN THE EUROPA LEAGUE! | Post match scenes and trophy lift uncut,55747,1550747,2925,@wit-nu2218,congratulation!!!!,1,Tottenham Hotspur
The Europa League Champions are heading back to London ✈️,21921,787604,309,@Kevin-mm5ix4dc7y,They made the flight then!,30,Tottenham Hotspur
N17에서 우승 트로피를 들어올리는 손흥민!,6386,201025,190,@5yNT4XProcyon,"아무리 리그 에서 체면을 구길대로 구겼다지만, 컵을 하나 들고왔다는게 어디리, 고생했고, 리그 마무리 잘 하고, 내년 챔스 열심히 하길",0,Tottenham Hotspur
유로파리그 경기를 앞둔 훈련 🔥,122,6003,12,@토트넘홋스퍼,화이팅 토트넘!,4,Tottenham Hotspur
토마스 감독의 즉문즉답 🔥,654,32199,46,@소소라이프,흥민이 잘부탁한다 이거야,0,Tottenham Hotspur
THE ROAD TO THE FINAL! | Every game of Spurs' Europa League campaign,5715,414914,218,@AYOTAKES,Pedro porro's over the defence pass is always on the money😂,0,Tottenham Hotspur
SEMI-FINALS HERE WE GOOOO!!!!!,8063,180625,189,@Coizy-25-1-22,COYS🤍🤍🤍🤍,1,Tottenham Hotspur
TOTTENHAM HOTSPUR WIN THE EUROPA LEAGUE! | Post match scenes and trophy lift uncut,55747,1550747,2925,@pjkr123,Officially deserved to be considered in the Big 6 team again. Thanks to Big Ange.,0,Tottenham Hotspur
"경기 막판, 비카리오의 활약",469,20637,5,@ckseoul77,이때 그냥 비명소리가 🏆🙏,1,Tottenham Hotspur
We may never stop,2878,53746,74,@MrSmartbrands,Continue abeg we won,0,Tottenham Hotspur
The Europa League Champions are heading back to London ✈️,21921,787604,309,@myozaw6986,😂😂😂😂😂,0,Tottenham Hotspur
Every Tottenham Hotspur goal that won the Europa League!,1672,56567,99,@LincolnPlayz-by9xe,This is the best Match I’ve seen you play. Your my favourite team🤍🤍🤍,0,Tottenham Hotspur
N17 SCENES 🤩,30958,766310,351,@edmondsun4097,shame,0,Tottenham Hotspur
A special delivery for Micky 📦✨,5257,106630,77,@JCRule69,Correct answer.,1,Tottenham Hotspur
Make way for the CHAMPIONS🥳,31611,1069004,486,@lichumonguly1553,"SON the legend of Asia ❤
Thank you for bringing us laurels as a pro baller 🔥",28,Tottenham Hotspur
Full-time scenes across the globe 🔥 Europa League win went worldwide 🤩,6539,115823,231,@amataznin7413,malaysian spurs came.. . my tears drop when it happen that night🤲🙏👏🔥,2,Tottenham Hotspur
HEUNG.MIN.SON.,12624,212847,238,@ajj927,The SON of Spurs,0,Tottenham Hotspur
There’s unreal vibes… then there’s Yves Bissouma vibes 🔊😁,26445,923195,487,@호잇-n1d8w,비둘기vs까마귀 😅,0,Tottenham Hotspur
HEUNG.MIN.SON.,12624,212847,238,@danielpark4970,토트넘 = 손흥민,2,Tottenham Hotspur
비수마에겐 무언가 특별한 바이브가 있다.,774,23369,12,@환이-t7v,이게 뭐라고 계속보냨ㅋㅋㅋㅋㅋㅋㅋ,22,Tottenham Hotspur
“We did something special!” | All the reaction to Spurs' Europa League win!,5355,157326,333,@conorfogarty4436,Archie Gray is only 18 years of age and his maturity is unbelievable,105,Tottenham Hotspur
유로파리그 8강전을 위한 경기장 정비,162,16544,8,@Chookpangangnim,경기장은 EPL 빅6에 들어가노 ㅋㅋ,1,Tottenham Hotspur
There’s unreal vibes… then there’s Yves Bissouma vibes 🔊😁,26445,923195,487,@norahdenovan8658,Lovely to see fans happy& enjoying themselves 👍👏👏👏👏❤,3,Tottenham Hotspur
There’s unreal vibes… then there’s Yves Bissouma vibes 🔊😁,26445,923195,487,@Azspurs,Wasn't a great game to watch but i dont care. Champions❤,0,Tottenham Hotspur
Full-time scenes across the globe 🔥 Europa League win went worldwide 🤩,6539,115823,231,@AlmightyChaos,My God! I was lucky enough to be working in Minneapolis about 8 years ago and watched a game with the Minneapolis Spurs. I met The Rev who gave me my Minneapolis Spurs scarf. I'm on their FB group to thus day and my scarf is worn at every home game. COYS,0,Tottenham Hotspur
🤣🤣🤣,6091,292165,83,@Noobdevteam372,Dominic uchiha,29,Tottenham Hotspur
Make way for the CHAMPIONS🥳,31611,1069004,486,@user-ce4lz4jj1d,이 형 아드레날린에 졀여젔는데ㅋㅋㅈㅋ,12,Tottenham Hotspur
A true legend 🤍,6078,110652,113,@mustsrob1989,"Congrats to Son.❤
Es war lustig Harry wir haben den Pokal gewonnen 😂 auch ohne dich 😂",1,Tottenham Hotspur
TOTTENHAM HOTSPUR WIN THE EUROPA LEAGUE! | Post match scenes and trophy lift uncut,55747,1550747,2925,@acommentguy,"This is like dream, we finally made it",1,Tottenham Hotspur
Moments that will live forever 🏆,79089,1239813,890,@greatkorean1660,얼마나 학수고대 했는지~~대단함,2,Tottenham Hotspur
다시 만난 동료 🤍,7668,477163,210,@이장훈-h4d,오 사자왕!,7,Tottenham Hotspur
The Europa League Champions are heading back to London ✈️,21921,787604,309,@서초반포,"잠깐만!! 우리 흥민이 투미 광고모델 아님? 근데 리모아 케리어를 들구 타네 ㅋㅋㅋ
우리 히샬은 국내브랜드 MCM 백팩 메고 있네",4,Tottenham Hotspur
TOTTENHAM HOTSPUR WIN THE EUROPA LEAGUE! | Post match scenes and trophy lift uncut,55747,1550747,2925,@francisco2245,CONGRATULATIONS 🎉,0,Tottenham Hotspur
가족이란 🤍🤍🤍,3658,97715,78,@redfox_-fh1td,흐뭇한 미소로 축하를 함께하는 가족분들 너무 보기좋으시네요,23,Tottenham Hotspur
(유로파리그) LET'S GOOOOOOOO,2355,95683,47,@오진옥-c7d,"애쓰셨습니다  
촉하하합니다
좋은 일만 가득하길 바랍니다🎉",9,Tottenham Hotspur
Team walk in Bilbao ✊,6277,187662,150,@augustleiva8,Ban30 💪,0,Tottenham Hotspur
TOTTENHAM HOTSPUR WIN THE EUROPA LEAGUE! | Post match scenes and trophy lift uncut,55747,1550747,2925,@djkokz3279,Son ❤️,0,Tottenham Hotspur
TOTTENHAM HOTSPUR WIN THE EUROPA LEAGUE! | Post match scenes and trophy lift uncut,55747,1550747,2925,@사용시제거해주세요,Now Son Heung-min has no reason to stay on this team.😅,0,Tottenham Hotspur
TOTTENHAM HOTSPUR WIN THE EUROPA LEAGUE! | Post match scenes and trophy lift uncut,55747,1550747,2925,@TheSihoonLee,아 눈물나네,0,Tottenham Hotspur
Behind the scenes at Thomas Frank's first day as Tottenham Hotspur Head Coach,6613,281974,539,@1981MSC,Is that harry kane working in the kitchen?,1,Tottenham Hotspur
Wolves 4-2 Tottenham Hotspur | Premier League Highlights,2718,251187,319,@mheung910,"Ange ""Raygun"" PosteNoClue",2,Tottenham Hotspur
Bangers against Burnley 🔥,1597,40378,30,@osk4rx7,When is Frank video dropping?,1,Tottenham Hotspur
Sonny lifts the trophy in N17! 🏆,28018,686932,479,@iidtxbc,내가 손흥민을 엄청 까고 그랬지만 솤흥민읔 또 저 만큼 도망가 버리네. 그애 흥민아 흥해라!,0,Tottenham Hotspur
The greatest Champions League semi-final ever? | Ajax 2-3 Tottenham Hotspur | Classic Highlights,7005,425693,544,@sumantimsina5872,And the lamest champions league final ever,0,Tottenham Hotspur
the vibes are vibing 🔥,21918,416512,382,@phuntsoknamgyal9596,what are they celebrating?  relegation battle is still not over yet kids.,0,Tottenham Hotspur
TOTTENHAM HOTSPUR WIN THE EUROPA LEAGUE! | Post match scenes and trophy lift uncut,55747,1550747,2925,@heyannawp,온우주가 집중,0,Tottenham Hotspur
(PL 37R) 아스톤 빌라 2 : 0 토트넘 홋스퍼 // 2분 하이라이트 // 현지 해설,40,2753,4,@minwoochang1188,😢,3,Tottenham Hotspur
Watch this.,4315,122004,52,@NexxensYT,3 quality player involve in this masterclsss goal,1,Tottenham Hotspur
the vibes are vibing 🔥,21918,416512,382,@Yonoow-z5c,I like how cuti is enjoying this moment 🤍,10,Tottenham Hotspur
Let me Tel you something. Mathys is here to stay 🙌,2376,48585,71,@Addsmc92,Underwhelming,5,Tottenham Hotspur
TOTTENHAM HOTSPUR WIN THE EUROPA LEAGUE! | Post match scenes and trophy lift uncut,55747,1550747,2925,@sandisuandi2683,REAL BATIS Next konference liga eropa doakan bro🙏,0,Tottenham Hotspur
The Europa League Champions are heading back to London ✈️,21921,787604,309,@xxmixxxx122,매디슨 귀여워😂❤,0,Tottenham Hotspur
For those Spurs fans who are no longer with us 🤍,6613,110576,157,@Ju-ei6zf,크으으....,0,Tottenham Hotspur
Bilbao bound 🫡,6379,125436,221,@longvuhoang1751,Victory winner,0,Tottenham Hotspur
Vibes 🆙,6333,190875,103,@conoroneill1207,Come on u spurrrsssss🎉🎉🎉❤❤❤❤,0,Tottenham Hotspur
"(유로파리그 결승전) 토트넘의 벽, 미키 판 더 펜",1058,57555,42,@yes-d7d,"골키퍼 빛카리오가 앞에가서 쳐내니 골키퍼 자리가 빈 것을 보고 미키반더벤이 들어가
헤딩을 그대로 쳐냈는데
이장면을 수없이 보네😂
감동이야",0,Tottenham Hotspur
Coin Fork Challenge: 2025/26 Edition 🤣,3988,76453,88,@kaigray2771,Get some signings done what is going on,0,Tottenham Hotspur
We may never stop,2878,53746,74,@Squaresat,We need signings,1,Tottenham Hotspur
TOTTENHAM HOTSPUR WIN THE EUROPA LEAGUE! | Post match scenes and trophy lift uncut,55747,1550747,2925,@susilowiratama7811,congrats dude,0,Tottenham Hotspur
TOTTENHAM HOTSPUR WIN THE EUROPA LEAGUE! | Post match scenes and trophy lift uncut,55747,1550747,2925,@ЯрославХулапов,OH WHEN THE SPURS GO MARCHING IIIIIIIINNNNN🎉🎉🎉,0,Tottenham Hotspur
TOTTENHAM HOTSPUR WIN THE EUROPA LEAGUE! | Post match scenes and trophy lift uncut,55747,1550747,2925,@Community_AntiTikTok,Good job guys,1,Tottenham Hotspur
Porro 🔗 Maddison 😱,1649,32523,14,@mrmillz,Madders! He's done that sort of thing before can't remember who against 🤔 we need him healthy!!,6,Tottenham Hotspur
TOTTENHAM HOTSPUR WIN THE EUROPA LEAGUE! | Post match scenes and trophy lift uncut,55747,1550747,2925,@kangsukhan2012,한편의 영화.,1,Tottenham Hotspur
TAKE A VOW 🤍,3605,57652,163,@caldz4392,Where is Ange ?,0,Tottenham Hotspur
Brothers 🥹,4723,66689,100,@angelatanurdzic7508,"Son, what a player ❤",18,Tottenham Hotspur
Full-time scenes across the globe 🔥 Europa League win went worldwide 🤩,6539,115823,231,@OdikaDavid,❤,0,Tottenham Hotspur
(유로파리그) 행복한 라커룸,15553,1171422,414,@fro9286,비수마는 보는 영상마다 트로피 들고 있네ㅋㅋㅋ,34,Tottenham Hotspur
다시 만난 동료 🤍,7668,477163,210,@Chan-sg2io,"행복해보여서 좋다❤❤❤
행복하자❤❤❤
축하해 손흥민🎉🎉🎉❤",65,Tottenham Hotspur
"유로파리그 챔피언, 주장 손흥민 선수가 한국 팬분들에게 보내는 감사인사!",6172,156477,441,@Qwertt3312,💞💞💞💞손흥민 선수 축하합니다. 그동안 열심히 하고 고생한 보람이 있습니다💞💞💞💞,0,Tottenham Hotspur
💙,5661,141330,66,@Minzz_fn,First THE BEST CLUB,19,Tottenham Hotspur
TOTTENHAM HOTSPUR WIN THE EUROPA LEAGUE! | Post match scenes and trophy lift uncut,55747,1550747,2925,@GodspowerMonday-w7r,Spurs for life u guys deserves it🎉🎉🎉🎉 congratulations,0,Tottenham Hotspur
히샬리송이 직접 댓글을 달아드립니다. ADMIN 히샬리송,158,4172,34,@AAAAAAAAAAA-u5k,히샬리송 잘해주고 지금부터라도 잘하면돼!,7,Tottenham Hotspur
Final preparations for Frankfurt! | Inside Tottenham Hotspur training,1850,59496,253,@zekk5450,We need to win the European Cup Cup,0,Tottenham Hotspur
TOTTENHAM HOTSPUR WIN THE EUROPA LEAGUE! | Post match scenes and trophy lift uncut,55747,1550747,2925,@maroufbaig3099,"Son ... perseverance personified.. 👏 👏 👏 

From a Chelsea fan .. Happy for Son and the Spurs 🎉🎉",3,Tottenham Hotspur
올 시즌 최고의 득점 - 손흥민,723,13624,52,@이러구나,완벽!,2,Tottenham Hotspur
Through to the semi-finals! | Eintracht Frankfurt 0-1 Tottenham Hotspur | Europa League Highlights,4448,264270,168,@osk4rx7,Prayers for maddison🙌🙏🕊️,38,Tottenham Hotspur
"(유로파리그) 챔피언스리그, 우리가 간다!",13165,1032570,536,@sleepingcat-y7d,"챔피언스리그 진출
왠지 쏘니 이적 안하고
또 챔스 욕심 부릴거 같은
불길함이",1,Tottenham Hotspur
Moments like this 🤍,7788,121936,109,@36yi6,우승했나요😅😅😅,0,Tottenham Hotspur
FREED FROM DESIRE 🏆,36225,924720,169,@봉숭아-r7p,"옥에티 우승컵없다고하든말
쏘니이젠맘껏즐기셔요
❤🎉❤🎉❤🎉❤😂",52,Tottenham Hotspur
One final time this season 🏆,42529,230042,38,@PTSuperSte,Well done everyone this is spectacular! Oh when the Spurs,2,Tottenham Hotspur
Interview | Daniel Levy and Vinai Venkatesham,2630,97167,580,@heyheyhe0011,We welcome Vinai to the club and we hope he leads well in the future of Tottenham.,14,Tottenham Hotspur
Together to Glory.,2890,46587,71,@lukebush399,COYS ❤ LOVE YOU ALL WIN OR LOSE,0,Tottenham Hotspur
Sonny lifts the trophy in N17! 🏆,28018,686932,479,@nothingtodofree4740,Glad it went to Tottenham cos they have more money and budget to bring the cup back home to celebrate like a winner compared to man utd with only bbq. Beggars will be beggars forever…,0,Tottenham Hotspur
"(유로파리그) 챔피언스리그, 우리가 간다!",13165,1032570,536,@Raman-r3r5g,금쪽이들 ㅋㅋㅋㅋㅋㅋ,18,Tottenham Hotspur
🥶,2881,74905,34,@BanjoKazooieFan2012,Dom ... The only guy that puts on a mask after losing... But still congrats on the europa ... You and us the fans deserved it,48,Tottenham Hotspur
다시 만난 동료 🤍,7668,477163,210,@슛돌이-87,한국인 채널 인가.,0,Tottenham Hotspur
Interview | Daniel Levy and Vinai Venkatesham,2630,97167,580,@sportsanalyst2024,Buy Eze and Adam Wharton,2,Tottenham Hotspur
TOTTENHAM HOTSPUR WIN THE EUROPA LEAGUE! | Post match scenes and trophy lift uncut,55747,1550747,2925,@Kkhfh-o4j,Romero was absolutely the real pillar of Tottenham. Simply sensational performance by Argentinain ❤❤❤,5,Tottenham Hotspur
The Europa League Champions are heading back to London ✈️,21921,787604,309,@JoLaw-g5j,Madders. 😂 COYS! 🙃,2,Tottenham Hotspur
So… has anyone checked in on Shakira lately?,3628,92997,51,@annakim4255,폭주하는 단소~~ㅋㅋ 멋지구만~~👍👍😎😎,0,Tottenham Hotspur
The greatest Champions League semi-final ever? | Ajax 2-3 Tottenham Hotspur | Classic Highlights,7005,425693,544,@somethingIDK7092,Who’s watching this while nervously waiting for the UEFA Europa league final?,3,Tottenham Hotspur
N17에서 우승 트로피를 들어올리는 손흥민!,6386,201025,190,@장미-o2h,손흥민 쏘니님 우승을 축하축하드립니다 우리에   영웅화이팅💖🎉🎉🎉🎉🎉🎉🎉⚽️💖,43,Tottenham Hotspur
스퍼스 선수단의 팬 감사 인사 비하인드 더 씬 🏆📸,1073,20505,45,@yoseobshin,손흥민만 여친없는거같은거...씁쓸하네요 ㅋㅋㅋ 드디어 우승컵 드네요 축하해요~!,0,Tottenham Hotspur
비수마에겐 무언가 특별한 바이브가 있다.,774,23369,12,@Jiyeon-s4p,🤣🤣🤣🤣🤣🤣🤣,9,Tottenham Hotspur
"(유로파리그 결승전) 미키의 결정적인 세이브, 직캠으로 만나보세요",11983,1566247,387,@백주인-z2q,너무 컷다 이 세이브~,2,Tottenham Hotspur
There’s unreal vibes… then there’s Yves Bissouma vibes 🔊😁,26445,923195,487,@guyeong-x7y,존슨 귀엽다❤,1,Tottenham Hotspur
“IT'S ALWAYS ABOUT WINNING” | Thomas Frank’s first interview as Tottenham Hotspur Head Coach,10265,233292,989,@scfled,Welcome Thomas,2,Tottenham Hotspur
Danny Aarons' AMIGOS test! | MADDERS v PEDRO PORRO,1508,31068,61,@alonso02arm,It'd be actually Peter Blunt 😂,0,Tottenham Hotspur
EUROPA LEAGUE CHAMPIONS! 🏆 | Tottenham Hotspur 1-0 Man United | Highlights,20359,1053840,801,@MeitJ,🏆🤍,0,Tottenham Hotspur
Travel behind the scenes with Tottenham Hotspur to Eintracht Frankfurt!,986,32203,87,@atis23,No chance.,1,Tottenham Hotspur
히샬리송 🤍,1724,74454,52,@해꿈-y2v,고생했네~~👍🇰🇷🇰🇷🇰🇷,4,Tottenham Hotspur
TOTTENHAM HOTSPUR WIN THE EUROPA LEAGUE! | Post match scenes and trophy lift uncut,55747,1550747,2925,@이소연-d4p,토트넘 우승 축하드립니다🎉  무관 탈출한 쏘니 장하다!👏👏👏👏👏,0,Tottenham Hotspur
Behind the scenes as Spurs prepare for Aston Villa | Inside Training,744,22577,49,@제제-f3v,쏘니 항상 응원해!❤,1,Tottenham Hotspur
Unboxing our 2025/26 home shirt 😮‍💨,3035,84743,69,@thebois2872,Ange in,5,Tottenham Hotspur
FREED FROM DESIRE 🏆,36225,924720,169,@mattdrayton2668,Son is officially a Tottenham Hotspur LEGEND! COYS! ❤,465,Tottenham Hotspur
FREED FROM DESIRE 🏆,36225,924720,169,@jefflee3355,나이스원 쏘니~~~~❤,0,Tottenham Hotspur
"Ryley's Dream - Magical reunion with Sonny, Ben Davies and his other Spurs heroes 🤍",4446,121396,259,@Brianakk,"love the cameos from romero, bentancur, and tel 🤍🤍",0,Tottenham Hotspur
Behind the scenes as Tottenham Hotspur WIN the Europa League! | MATCHDAY UNCUT,5484,161798,205,@markfrancis2370,Australia here ... I love this club,5,Tottenham Hotspur
Special delivery 🫡,7549,217316,122,@CJH-Only1,캡틴 손흥민  자랑스럽다,7,Tottenham Hotspur
These are the days ✨,5623,76193,74,@테스트아아아,❤❤❤❤❤❤🎉🎉🎉🎉🎉🎉 뻐킹러뷰~ 쏘니 😊😊😊,3,Tottenham Hotspur
가족 🤍🥹🥹🥹,1959,88173,40,@nos7son7-f3y,팀이자 가족❤,35,Tottenham Hotspur
미키 미키 💙,889,38781,25,@난누난누-p5g,"최고의 영입, 최고의 센터백",55,Tottenham Hotspur
"(유로파리그) 챔피언스리그, 우리가 간다!",13165,1032570,536,@capi-p3h,Grey is Ronaldinho Gaucho hahaha,9,Tottenham Hotspur
TOTTENHAM HOTSPUR WIN THE EUROPA LEAGUE! | Post match scenes and trophy lift uncut,55747,1550747,2925,@sokvanpanha6300,❤🎉🎉🎉❤❤❤❤,1,Tottenham Hotspur
THE ROAD TO THE FINAL! | Every game of Spurs' Europa League campaign,5715,414914,218,@okeyicheke1614,johnson scored first goal and last goal ❤kudos to him what a history,2,Tottenham Hotspur
Big love for the boss 🤍,3324,79168,38,@ianyi329,"Big Ange, Big love",51,Tottenham Hotspur
EUROPA LEAGUE CHAMPIONS! 🏆 | Tottenham Hotspur 1-0 Man United | Highlights,20359,1053840,801,@mastemplate231,harry kane : whats just happen,0,Tottenham Hotspur
Sonny lifts the trophy in N17! 🏆,28018,686932,479,@martin7955,Winners,1,Tottenham Hotspur
There’s unreal vibes… then there’s Yves Bissouma vibes 🔊😁,26445,923195,487,@꽃비-b7r,동생들이 봐도 부끄러운 동네형들❤,0,Tottenham Hotspur
Let’s gooooo,5750,149802,83,@KikiTottenham0,New manager in the house,1,Tottenham Hotspur
Sonny lifts the trophy in N17! 🏆,28018,686932,479,@씨아이즈-s7s,❤너무좋아,0,Tottenham Hotspur
24 hours to go 🤍,4256,96223,99,@George-i5r5r,we deserve it far more than united COME ON YOU SPURS,0,Tottenham Hotspur
TOTTENHAM HOTSPUR WIN THE EUROPA LEAGUE! | Post match scenes and trophy lift uncut,55747,1550747,2925,@irshad7996,❤🎉,0,Tottenham Hotspur
Interview | Daniel Levy and Vinai Venkatesham,2630,97167,580,@Faz4-1Spurs,"Is this a real video or AI?!!! Levy used words he had never used before “winning the league and CL” !!!! Vinai speaks really well, hope he will match with action too",12,Tottenham Hotspur
ABSOLUTE SCENES IN NORTH LONDON!,12279,373028,314,@Mt63232,They must be visiting London,0,Tottenham Hotspur
(유로파리그) 행복한 라커룸,15553,1171422,414,@대일김-g9o,저런 흥이 넘치는 짐승들 사이에 주장을 하고 있는 흥민이~ㅋㅋ,1,Tottenham Hotspur
Moments that will live forever 🏆,79089,1239813,890,@chengcp5002,When Liverpool beat spurs to win the UCL...utd fans says its only spurs.....did utd fans know how good spurs is under pochetino???...this is the worst spurs team but still beat utd all year long...😂😂😂😂,0,Tottenham Hotspur
Tottenham Hotspur 1-1 Eintracht Frankfurt | Europa League Highlights,3271,194224,98,@syedabuhuraira9022,"Beautiful From Spurs , They Deserve To Win The Second Leg ❤❤❤",23,Tottenham Hotspur
We got here together 🤍,5997,91222,149,@amineb88,We gonna be torn apart by PSG in the super cup!,0,Tottenham Hotspur
Full-time scenes across the globe 🔥 Europa League win went worldwide 🤩,6539,115823,231,@KWyan-ej1te,Myanmar spurs,0,Tottenham Hotspur
Team walk in Bilbao ✊,6277,187662,150,@RyanDPerry,"Guys, you can do this!!!!  We know it, you know it.",3,Tottenham Hotspur
“IT'S ALWAYS ABOUT WINNING” | Thomas Frank’s first interview as Tottenham Hotspur Head Coach,10265,233292,989,@BushlifeLimp,Welcome Thomas! Onwards and upwards 💪 COYS 🤍,4,Tottenham Hotspur
"Ryley's Dream - Magical reunion with Sonny, Ben Davies and his other Spurs heroes 🤍",4446,121396,259,@멍멍냠,"작년 여름 라일리 생일에 손흥민 선수의 축하 카드와 사인 티셔츠를 받고 좋아하던 라일리 본 이후로 
오랜만에 보는 것 같아요. 그 사이 더 건강하고 멋진 모습의 라일리를 보니 기쁘네요.
앞으로 라일리의 인생에 즐거움이 더 가득하길 바랍니다.",30,Tottenham Hotspur
West Ham 1-1 Tottenham Hotspur | Premier League Highlights,2648,152108,57,@tobilobaolayemi3173,I’m shocked the highlights lasted 2 minutes with how boring the game was😂💔,47,Tottenham Hotspur
EUROPA LEAGUE CHAMPIONS! 🏆 | Tottenham Hotspur 1-0 Man United | Highlights,20359,1053840,801,@SurajRawat-fm7zp,Congratulations Tottenham you deserve it ❤,0,Tottenham Hotspur
Team walk in Bilbao ✊,6277,187662,150,@paulspencer3444,Come on the spurs we got this,0,Tottenham Hotspur
"Take it away, Vic!",10836,418545,147,@s14tripless,빛이다 빛,17,Tottenham Hotspur
The Europa League Champions are heading back to London ✈️,21921,787604,309,@미경이-w8e,축하합니다🎉🎉🎉🎉🎉🎉🎉,0,Tottenham Hotspur
Nothing but legends everywhere we look 🤩,6970,241828,99,@Fil-n6s,"Thank you guys! I have supported tottenham when I was 4 years old and now I have 14 years .
I'am italian .
Thank you coys!",116,Tottenham Hotspur
벤 데이비스 COYS 🤍,865,18377,54,@정의하늘,"벤데이비스  영원한 한국 친구여
행복 하시고  쏘니 와 소중한 우정
평생 이어가기를 바래요 
데이비스  화이팅❤",1,Tottenham Hotspur
“We did something special!” | All the reaction to Spurs' Europa League win!,5355,157326,333,@Nathanielxkim,Son Is Legend,321,Tottenham Hotspur
챔피언스리그로!,3087,181892,169,@이정민-g4i2k,흥민이도 미래를 위해서 토트넘을 떠나야지,0,Tottenham Hotspur
Arrived back home as Champions 🥳,50672,626580,394,@angelocignarella3923,As a neutral these guys are a blast 😂👌👍 & who doesn’t love Son❤️,2,Tottenham Hotspur
Moments like this 🤍,7788,121936,109,@Charlie-w9o,All ways spurs ⚪️🤍,0,Tottenham Hotspur
Best Spurs chant of the season? 🎶,2443,64835,36,@Joe-n4g6z,TOTTENHAM ARE ON THEIR WAY TO BILBAO TOTTENHAMS GONNA DO IT AGAIN THEY CANT STOP EM THE BOYS FROM TOTTENHAM THE BOYS FROM WHITE HART LANE,0,Tottenham Hotspur
FREED FROM DESIRE 🏆,36225,924720,169,@soethetaung3442,❤❤❤❤❤❤❤❤❤❤❤👏👏👏👏👏,1,Tottenham Hotspur
Inside Tottenham Hotspur training ahead of the Europa League semi-final!,690,19864,69,@skim7221,Only way forward is having paratici back.,0,Tottenham Hotspur
"(유로파리그 결승전) 미키의 결정적인 세이브, 직캠으로 만나보세요",11983,1566247,387,@tlawotjr67,이 막음이 없었다면 연장전까지 같을 것이다~,1,Tottenham Hotspur
TOTTENHAM HOTSPUR WIN THE EUROPA LEAGUE! | Post match scenes and trophy lift uncut,55747,1550747,2925,@cristina1559,손흥민 축하해요🎉🎉🎉🎉🎉🎉,0,Tottenham Hotspur
SEMI-FINALS HERE WE GOOOO!!!!!,8063,180625,189,@니코내코-s7n,Nice,0,Tottenham Hotspur
“We did something special!” | All the reaction to Spurs' Europa League win!,5355,157326,333,@MDCB1,Greatitude,1,Tottenham Hotspur
"(유로파리그) 챔피언스리그, 우리가 간다!",13165,1032570,536,@하늘색블루,내신포기하고 등교만하고 맨날 쳐자다가 수시도 안돼 정시도 안돼 특례로 간거아님?,0,Tottenham Hotspur
TOTTENHAM HOTSPUR WIN THE EUROPA LEAGUE! | Post match scenes and trophy lift uncut,55747,1550747,2925,@rjbasarte6933,They did it… they broke the curse!,0,Tottenham Hotspur
미키 미키 💙,889,38781,25,@해꿈-y2v,멋지다!👍🇰🇷🇰🇷🇰🇷,3,Tottenham Hotspur
Behind the scenes at Thomas Frank's first day as Tottenham Hotspur Head Coach,6613,281974,539,@ealryadopter,이 시설로 17위를 했다니😅,0,Tottenham Hotspur
Good morning to everyone who loves Tottenham Hotspur Football Club,6746,83361,228,@goodwinjohnners,up the spurs,0,Tottenham Hotspur
유로파리그 결승전 매치데이 언컷!,503,9999,30,@토트넘캡틴쏘니,"우리 흥민이 동상 세워 주세요.
 레비 회장님 그리고 토트넘 관계자분들!",18,Tottenham Hotspur
Kit launch day in 67 seconds ⏱️,1039,28042,28,@Ebonie_Weeks,57 secs ago?!? COYS ❤,5,Tottenham Hotspur
A special delivery for Micky 📦✨,5257,106630,77,@marcoj6895,축구나 잘 하라고,0,Tottenham Hotspur
"결전의 땅, 빌바오 도착 📍",898,30085,81,@라임제제-u4k,포스터 되게 잘생겼다,17,Tottenham Hotspur
"최후의 결승전, Together To Glory 🤍",235,8083,37,@ssss-ou4bn,우승했다면서  빨리 올려줘요!! 사랑해요 쏘니..사랑해요 토트넘!!! 영국도..,1,Tottenham Hotspur
Behind the scenes as Tottenham Hotspur WIN the Europa League! | MATCHDAY UNCUT,5484,161798,205,@워니-o4j,축하합니다 레전드쏘니❤❤❤,6,Tottenham Hotspur
These are the days ✨,5623,76193,74,@quetzalcruz941,"The sweat, the tears and now the Glory! God bless the mighty Spurs 💙",99,Tottenham Hotspur
"""It's always about winning"" Hear from our new head coach Thomas Frank",1972,37245,61,@tommygunn8355,He seems much less full of himself than Ange!🤔🇭🇲,1,Tottenham Hotspur
Waka Waka getting some serious streams,39443,781994,178,@옥이-j2i,베리발 너 ~~~존잘인거 알지?❤❤❤,18,Tottenham Hotspur
We got here together 🤍,5997,91222,149,@sonheungminfan77,"We can do it! 
Tottenham we are together! ❤️‍🔥👏",19,Tottenham Hotspur
THE ROAD TO THE FINAL! | Every game of Spurs' Europa League campaign,5715,414914,218,@TYPICAL_GAMER_P7,Coys !!,1,Tottenham Hotspur
Interview | Daniel Levy and Vinai Venkatesham,2630,97167,580,@prova5468,"Tottenham is all i wanted arsenal to be , Thomas is a great manager, with his tactical and strategic abilities he can compete with the very best",0,Tottenham Hotspur
For those Spurs fans who are no longer with us 🤍,6613,110576,157,@mcadevibe,"YNWA! Thank you for beating United, beautiful to see.",14,Tottenham Hotspur
“IT'S ALWAYS ABOUT WINNING” | Thomas Frank’s first interview as Tottenham Hotspur Head Coach,10265,233292,989,@jonboon8720,Welcome Thomas COYS,0,Tottenham Hotspur
HEUNG.MIN.SON.,12624,212847,238,@thecrowr5953,Son tak pernah give up hasil nya puas hati legend doh😊,0,Tottenham Hotspur
Through to the semi-finals! | Eintracht Frankfurt 0-1 Tottenham Hotspur | Europa League Highlights,4448,264270,168,@claudiacocco5586,Coys ora testa al bodo 💙,0,Tottenham Hotspur
the vibes are vibing 🔥,21918,416512,382,@Wearespurstv,Vic in his underwear 😂,0,Tottenham Hotspur
So… has anyone checked in on Shakira lately?,3628,92997,51,@shire_reeve321,I love how passionate Kevin is even though he has only been here for a few months,148,Tottenham Hotspur
Time to get to work.,1252,39081,11,@Spursandstuff,3-1 coyss,1,Tottenham Hotspur
TOTTENHAM HOTSPUR WIN THE EUROPA LEAGUE! | Post match scenes and trophy lift uncut,55747,1550747,2925,@nizarali2631,"Son, loyality pay a victory",0,Tottenham Hotspur
Every Heung-Min Son goal and assist of the season,4216,140042,259,@sunhaham2864,소니❤️❤️❤️❤️❤️,48,Tottenham Hotspur
Iconic from Vertonghen 🤩,2473,56677,49,@csb7376,Some fans creaming about how good Romero is when at his best.  I would take Vertonghen and Alderweireld over him any day.,3,Tottenham Hotspur
SEMI-FINALS HERE WE GOOOO!!!!!,8063,180625,189,@richarddavies-8483,Now they feel like playing? 😂 COYS ❤,13,Tottenham Hotspur
런던으로 돌아가는 유로파리그 챔피언들!,1841,71162,59,@kangheepark996,우리 흥민이 마지막 순간까지 태극기 두르고 있구나. 넘 멋져,0,Tottenham Hotspur
"Take it away, gaffer 📣",6490,113101,152,@DavidSleeuwaert,"Deserved coach !!! 1 year playing with soooooo many injured players,and now this ,this is AMAZING !!!!!!",0,Tottenham Hotspur
흥부자 미키 🕺,1810,70927,66,@tidaddy,참 다른 문화다 담 날 경기가 있는데 일단 즐기고 보는구나… 한국 같으면 경기 끝내 놓고 행사 할것 같은데… 얘네들은 일단 즐기고 보네요 ㅎㅎ,12,Tottenham Hotspur
TAKE A VOW 🤍,3605,57652,163,@Fastphil-l2k,Ido.....and I have❤,0,Tottenham Hotspur
Final preparations for Frankfurt! | Inside Tottenham Hotspur training,1850,59496,253,@마이쮸-k9n,쏘니 파이팅,5,Tottenham Hotspur
유로파리그 결승전을 앞둔 팀 트레이닝,172,4322,22,@uns4424,멋쟁이 신사들 우승하자~~!!,13,Tottenham Hotspur
Final preparations for Frankfurt! | Inside Tottenham Hotspur training,1850,59496,253,@michaelbrennan8451,Hammered,3,Tottenham Hotspur
🫶,3459,113824,64,@qwer-i5b,❤❤❤❤❤❤❤❤❤❤,1,Tottenham Hotspur
Spurs everywhere 😍,3998,89224,83,@isaacignaciogavian2968,Here spur fan from Peru 🇵🇪,26,Tottenham Hotspur
가족이란 🤍🤍🤍,3658,97715,78,@nos7son7-f3y,"가족,선수들,팬,구단 모두 하나가 되길바랍니다",35,Tottenham Hotspur
TOTTENHAM HOTSPUR EUROPA LEAGUE WINNERS END OF SEASON LAP OF APPRECIATION | LIVE,4250,231908,143,@zidaneakbar7209,Small club mentality. Treating Europa league like world cup final,2,Tottenham Hotspur
Finishing touches. 🤌,1198,43742,21,@SaifMagrawi,Perfect always ❤,2,Tottenham Hotspur
ABSOLUTE SCENES IN NORTH LONDON!,12279,373028,314,@topbattles,무섭다,2,Tottenham Hotspur
THE ROAD TO THE FINAL! | Every game of Spurs' Europa League campaign,5715,414914,218,@yee-lee,COYS FOR THE WIN!!!💙🤍,14,Tottenham Hotspur
It's Quarter Final time! | Tottenham Hotspur v Eintracht Frankfurt | Europa League Match Preview,388,18709,31,@bloodsiblings-i8n,"Please win My club...COYS🤍
From Bangladesh🇧🇩",5,Tottenham Hotspur
“IT'S ALWAYS ABOUT WINNING” | Thomas Frank’s first interview as Tottenham Hotspur Head Coach,10265,233292,989,@bdhbbkuhjffkjgjugfdgkhf,So glad weve got this geezer,0,Tottenham Hotspur
유로파리그 2차전을 앞둔 팀 트레이닝 💪,389,11259,66,@pobi-36,손흥민 단소 뒤에 왜 숨어서 카메라 안나오게 도망치는거임???????,1,Tottenham Hotspur
The greatest Champions League semi-final ever? | Ajax 2-3 Tottenham Hotspur | Classic Highlights,7005,425693,544,@zepkleiker,"In hindsight, the Spurs really shouldn't have gone to the final that season. I believe Ajax would have been a much better opponent for Liverpool. It was just sheer lack of experience that made them give it away in the end.",0,Tottenham Hotspur
The greatest Champions League semi-final ever? | Ajax 2-3 Tottenham Hotspur | Classic Highlights,7005,425693,544,@pinkgoose989,for this one night alone Lucas Moura will always be a Spurs legend,0,Tottenham Hotspur
유로파리그 결승전을 앞둔 쏘니 캠+ (손흥민과 선수들 직캠),597,17896,87,@김태완857,제발 !!!!!!!!!!!!!!!!!!!!!!!!!!,8,Tottenham Hotspur
Why did Lucas Bergvall sign a new contract at Spurs? | He's here to stay 😍,1094,25503,93,@djrampantuk,"Best buy since Dele Alli,the future Dembele 👌",6,Tottenham Hotspur
런던으로 돌아가는 유로파리그 챔피언들!,1841,71162,59,@핫투-k5y,ㅋㅋㅋㅋㅋㅋ애착베개 미치겠다 그대로 모두 한국에서 보자,0,Tottenham Hotspur
"유로파리그 챔피언, 주장 손흥민 선수가 한국 팬분들에게 보내는 감사인사!",6172,156477,441,@tree2069,손!!!!!!!!!!!!!!,0,Tottenham Hotspur
"담대하게 도전하고, 꿈을 꾸고....마침내, 우승!",918,36173,53,@햄찌마르2.5,흥민이형 축하해🎉🎉🎉,0,Tottenham Hotspur
유로파리그 우승컵 트로피 세레모니,1584,40192,67,@zebra7zebra7,이 영상 떡상해라 보기좋네 ㅋ,33,Tottenham Hotspur
A true legend 🤍,6078,110652,113,@Yamakohur,"장하다   멋있다❤
고생하셨어요 
수고하셨습니다 ❤🎉🎉",28,Tottenham Hotspur
"유로파리그 챔피언, 주장 손흥민 선수가 한국 팬분들에게 보내는 감사인사!",6172,156477,441,@지니지니-p1e2c,"🎉🎉🎉🎉🎉🎉🎉🎉🎉 
쏘니❤행축만 하장",0,Tottenham Hotspur
(유로파리그) 손흥민의 이마에 생긴 영광의(?) 상처,7292,213386,214,@huno_huno,축하합니다. 영광의 상처 내 바램은 이뤄졌고 이제 조금더 오래 그라운드에서 볼수 있었으면좋겠네요,0,Tottenham Hotspur
The Pape-razzi and friends strike again 📸,4649,157098,39,@zoey6088,SUCHA CUTIE!!!!!,0,Tottenham Hotspur
TOTTENHAM HOTSPUR WIN THE EUROPA LEAGUE! | Post match scenes and trophy lift uncut,55747,1550747,2925,@moxnox2455,Super Sonny!!! ma captain~ COYS!,16,Tottenham Hotspur
Wolves 4-2 Tottenham Hotspur | Premier League Highlights,2718,251187,319,@DediGi-s3e,👍,1,Tottenham Hotspur
N17 SCENES 🤩,30958,766310,351,@onigirijo,쏘니!!!!! 찢어똬!!!!🏆🏅🍾,2,Tottenham Hotspur
WE SURE DID,10316,387232,100,@The-Big-Farm,We sure did do it. COYS,0,Tottenham Hotspur
(유로파리그) 🏆🎉,3424,136701,85,@전기자격증따자아자,오버좀 하지마요,0,Tottenham Hotspur
A goal-line clearance that will be remembered forever.,15254,692709,294,@Ih8uchewb,Itll be forgot yesterday,0,Tottenham Hotspur
"Morning, lads 👋",1640,33474,37,@colde5532,쏘니 이 남자 왜 더 어려진 건데;; 피부 피부 미쳤다❤,0,Tottenham Hotspur
West Ham 1-1 Tottenham Hotspur | Premier League Highlights,2648,152108,57,@fayvahlevins025,I would like to see Danso and Van de Ven partnership in central defense next season if Romero departs,2,Tottenham Hotspur
Behind the scenes as Tottenham Hotspur WIN the Europa League! | MATCHDAY UNCUT,5484,161798,205,@sänger-w9o,2025 This team All boys is legend!! Golden Worriors❤❤❤❤❤❤❤,1,Tottenham Hotspur
TOTTENHAM HOTSPUR WIN THE EUROPA LEAGUE! | Post match scenes and trophy lift uncut,55747,1550747,2925,@lalmka2481,Congratulations 👏👏👏🏆,0,Tottenham Hotspur
💙,5661,141330,66,@arkobanerjee7989,Congratulations to all spurs fan,0,Tottenham Hotspur
🤍🤍🤍,3229,65227,66,@Spurs_man24,COYS!,9,Tottenham Hotspur
N17에서 우승 트로피를 들어올리는 손흥민!,6386,201025,190,@watchback-z3d,흥민이 주장으로 있을때 이걸 볼수있다니.. 흥민아 고생많았다....,0,Tottenham Hotspur
TOTTENHAM HOTSPUR EUROPA LEAGUE WINNERS TROPHY PARADE,3734,85845,197,@tatyavinchu69,COYS 💙 🤍,10,Tottenham Hotspur
Moments that will live forever 🏆,79089,1239813,890,@cgman3435,"Football won today
Son❤❤",2,Tottenham Hotspur
Commentary Cam for THAT Micky van de Ven moment 🎙️,3588,98118,40,@conroysmith2581,The miracle clearance 😂😂😂😂,0,Tottenham Hotspur
Moments that will live forever 🏆,79089,1239813,890,@서장원-p2v,케인 어쩌냐.,0,Tottenham Hotspur
“We did something special!” | All the reaction to Spurs' Europa League win!,5355,157326,333,@Ajedsshi,Vicario! So well spoken 🎉,6,Tottenham Hotspur
Interview | Daniel Levy and Vinai Venkatesham,2630,97167,580,@latacards4287,"Who is this, is this the new set piece coach?",0,Tottenham Hotspur
Bodo/Glimt v Tottenham Hotspur | Europa League Semi Final Match Preview,462,25948,34,@tirtoananda4348,"Prediction : Bodo/Glimt 0-3 Tottenham Hotspur
(Aggregat 1-6).",10,Tottenham Hotspur
Brothers 🥹,4723,66689,100,@Ernestinewilsons,Son dream later come truth 🥰,9,Tottenham Hotspur
A goal-line clearance that will be remembered forever.,15254,692709,294,@daehwakim3076,다시봐도 짜릿하다 미끼 짱❤ 잘생겨가지고 도대체 못하는게 뭐니?ㅎ,104,Tottenham Hotspur
SEMI-FINALS HERE WE GOOOO!!!!!,8063,180625,189,@신미화-b2p,👍 👍 👍 👍 👍 👍 👍,1,Tottenham Hotspur
Through to the semi-finals! | Eintracht Frankfurt 0-1 Tottenham Hotspur | Europa League Highlights,4448,264270,168,@samuellartey481,First??,2,Tottenham Hotspur
Tottenham Hotspur v Liverpool | Premier League Match Preview,516,70005,61,@linzayjoy3656,It would be so so sweet if we can win liverpool,2,Tottenham Hotspur
Team walk in Bilbao ✊,6277,187662,150,@PhoechitPhoechit-x8u1z,Sorry son,0,Tottenham Hotspur
흥부자 미키 🕺,1810,70927,66,@MINKOR-m3e,반더벤은 1골 그이상을 막았지... 그거 먹혔음 어캐 될지 모름,1,Tottenham Hotspur
"""가장 중요한 것은 승리"" 토마스 프랑크 감독의 첫 인터뷰",148,5658,50,@TV-gq6sb,소니는 진짜 이적 하는건가 감독이 아예 언급을 안하네^^ 굿뜨,3,Tottenham Hotspur
Behind the scenes as Tottenham Hotspur WIN the Europa League! | MATCHDAY UNCUT,5484,161798,205,@uray8161,축구장 팬응원 진짜 부럽다.,3,Tottenham Hotspur
FREED FROM DESIRE 🏆,36225,924720,169,@장미-m2u,잘키워주신 부모님감사합니다,0,Tottenham Hotspur
Make way for the CHAMPIONS🥳,31611,1069004,486,@tbj-uh5ko,버스아저씨가누른게아니었어ㅋㅋ,1,Tottenham Hotspur
Not stopping now.,2206,29642,76,@thechannelwithnoname1931,Fire 🔥,2,Tottenham Hotspur
OLE OLEEEEEE 🤪,6052,206948,68,@wonofsoccerdiary,유로파리그 우승 축하합니다 토트넘🎉,58,Tottenham Hotspur
Not stopping now.,2206,29642,76,@FUT_FUN,Dahm were getting trailers for matches now Sheesh COYS,20,Tottenham Hotspur
TOTTENHAM HOTSPUR WIN THE EUROPA LEAGUE! | Post match scenes and trophy lift uncut,55747,1550747,2925,@blackmanstudios1,I have never been happy for any team like i am right now for Tottenham they have struggled at least london is getting on the map welcome to European top football 😅,0,Tottenham Hotspur
"유로파리그 챔피언, 주장 손흥민 선수가 한국 팬분들에게 보내는 감사인사!",6172,156477,441,@워니-o4j,축하합니다 자랑스러워요❤❤❤,2,Tottenham Hotspur
Johnson AGAIN. On the biggest stage!,7640,382873,149,@진식김-g9b,멋져 멋져 ㅋㅋㅋ,3,Tottenham Hotspur
(유로파리그 결승전) 토트넘 홋스퍼 1 : 0 맨체스터 유나이티드 // 2분 하이라이트 // 현지 해설,1918,218956,174,@흰록이,"대한민국 레전드🎉🎉
토트넘핫스퍼 레전드🎉🎉
캡틴 쏘니!! 최곱니다🎉🎉",2,Tottenham Hotspur
TOTTENHAM HOTSPUR WIN THE EUROPA LEAGUE! | Post match scenes and trophy lift uncut,55747,1550747,2925,@NilamnurilMaula,❤🎉,1,Tottenham Hotspur
Ready for the second leg 🔥,911,18579,44,@jedstone9396,Come on boys I believe in you.,1,Tottenham Hotspur
TOTTENHAM HOTSPUR WIN THE EUROPA LEAGUE! | Post match scenes and trophy lift uncut,55747,1550747,2925,@DeanMurebwa,Tottenham are bigger than Arsenal no doubt 🎉🎉🎉🎉,1,Tottenham Hotspur
Full-time scenes across the globe 🔥 Europa League win went worldwide 🤩,6539,115823,231,@andryjanuar1383,Indonesia spurs coys,0,Tottenham Hotspur
A season like no other. Told by those who lived it. Coming soon.,6155,90308,137,@noblerichosseiberkoh9196,"Spurs greatest season for 41 years
COYS 🏆",0,Tottenham Hotspur
N17 SCENES 🤩,30958,766310,351,@timwitham4199,COYS 💪💪💪👏👏👏,1,Tottenham Hotspur
Interview | Daniel Levy and Vinai Venkatesham,2630,97167,580,@thembadube9206,First time I’ve heard Chairman say he wants to win the League!!! Vinai work wonders already…,0,Tottenham Hotspur
“IT'S ALWAYS ABOUT WINNING” | Thomas Frank’s first interview as Tottenham Hotspur Head Coach,10265,233292,989,@LThomas-g3e,Welcome Thomas Frank.  The quintuple is on.  Believe. COYS.,10,Tottenham Hotspur
FREED FROM DESIRE 🏆,36225,924720,169,@user-ce4lz4jj1d,드뎌 해냈다!!!ㅜㅜ,50,Tottenham Hotspur
다시 만난 동료 🤍,7668,477163,210,@gmn302233,우승하자,7,Tottenham Hotspur
(유로파리그) 행복한 라커룸,15553,1171422,414,@goddali,히샬도 수고했다,0,Tottenham Hotspur
HEUNG.MIN.SON.,12624,212847,238,@wiliantoliong4047,Son makes me proud as an Asian...😊😅😂😢,0,Tottenham Hotspur
the vibes are vibing 🔥,21918,416512,382,@mr.korean33,또 설레발이네 ㅅㅃ 우승했냐고 제발 좀.. 아직 안끝났어 정신차리고 집중해야지… 어휴 무관티내는것도 아니고.. 로메로 표정봐라 에휴.. 맘속으로 얘들은 우승한것도 아닌데 왜 지랄이지? 이 표정이다 새끼들아,1,Tottenham Hotspur
HEUNG.MIN.SON.,12624,212847,238,@txdrpojkl,멋지다  흥민!!,34,Tottenham Hotspur
Special moments 🥰,7362,222410,141,@aulakbar1371,Post malone!,2,Tottenham Hotspur
Tottenham Hotspur 1-2 Nottingham Forest | Premier League Highlights,7176,703086,352,@ekoprasetyo9172,Forest sang penakluk tim papan atas 👍,0,Tottenham Hotspur
Micky with the FASTEST sprint in the 2024/25 Premier League season ⚡️,1891,85240,49,@Alexandr-JuarezStz,"De las mejores cualidades de Micky, pero cuando lo hace me pone nervioso... no quiero que se lesione.",0,Tottenham Hotspur
Tottenham Hotspur 1-4 Brighton | Premier League Highlights,5322,480627,531,@andhinuranugriawan5059,How come you guys even won the Europa? Mind blowing,3,Tottenham Hotspur
"(유로파리그) SpursTV,  손흥민 인터뷰",2332,38065,178,@HJ0363,우승컵의 이마흔적까지 이쁩니다  ❤🎉,2,Tottenham Hotspur
Good morning to everyone who loves Tottenham Hotspur Football Club,6746,83361,228,@sidmg388,IT IS TIME TO END THE DROUGHT BOYYSS,0,Tottenham Hotspur
A true legend 🤍,6078,110652,113,@김가은-l3t,너무 보기좋다❤,10,Tottenham Hotspur
영원히 기억될 이 날,3464,197080,47,@thegymlabMMA,베리발 그냥 아무것도 안하는데 잘생겼네...,37,Tottenham Hotspur
🤣🤣🤣,6091,292165,83,@anipacify1163,Bro went Akatsuki mode 😂,1,Tottenham Hotspur
Aston Villa 2-0 Tottenham Hotspur | Premier League Highlights,3225,331459,207,@nmdk-design,Looking forward to seeing Ryan Mason on the bench as head coach against Brighton,2,Tottenham Hotspur
